選舉年度,選舉類別,層級,縣市,選區,號次,姓名,性別,政黨,得票數,得票率,當選
1994,議員,區域,00,00,1,楊泰順,1,新黨,123448,8.09,Y
1994,議員,區域,00,00,2,苗素芳,2,中國國民黨,44038,2.88,N
1994,議員,區域,00,00,3,邵松雄,1,無,12333,0.81,N
1994,議員,區域,00,00,4,董尚中,1,無,2795,0.18,N
1994,議員,區域,00,00,5,陳照郎,1,中國國民黨,91420,5.99,Y
1994,議員,區域,00,00,6,周鍚瑋,1,中國國民黨,78529,5.14,Y
1994,議員,區域,00,00,7,陳丁茂,1,無,4040,0.26,N
1994,議員,區域,00,00,8,劉炳偉,1,中國國民黨,104669,6.86,Y
1994,議員,區域,00,00,9,周慧瑛,2,民主進步黨,139741,9.15,Y
1994,議員,區域,00,00,10,石瓊文,1,無,7956,0.52,N
1994,議員,區域,00,00,11,簡盛義,1,中國國民黨,76991,5.04,Y
1994,議員,區域,00,00,12,游麗珠,2,新黨,23875,1.56,N
1994,議員,區域,00,00,13,林鍚耀,1,民主進步黨,90018,5.90,Y
1994,議員,區域,00,00,14,王兆釧,1,民主進步黨,131712,8.63,Y
1994,議員,區域,00,00,15,張金策,1,民主進步黨,51261,3.36,N
1994,議員,區域,00,00,16,宋艾克,1,新黨,115359,7.56,Y
1994,議員,區域,00,00,17,羅明旭,1,中國國民黨,124792,8.17,Y
1994,議員,區域,00,00,18,林建榮,1,中國國民黨,48674,3.19,N
1994,議員,區域,00,00,19,劉一德,1,民主進步黨,58019,3.80,N
1994,議員,區域,00,00,20,張清芳,1,民主進步黨,97369,6.38,Y
1994,議員,區域,00,00,21,蕭正用,1,無,11789,0.77,N
1994,議員,區域,00,00,22,江上清,1,中國國民黨,87816,5.75,Y
1994,議員,區域,00,00,1,陳國賢,1,中國國民黨,20707,8.91,N
1994,議員,區域,00,00,2,劉守成,1,民主進步黨,116511,50.14,Y
1994,議員,區域,00,00,3,盧逸峰,1,中國國民黨,90120,38.79,Y
1994,議員,區域,00,00,4,廖繼斌,1,無,5012,2.16,N
1994,議員,區域,00,00,1,呂學琳,1,無,9054,1.29,N
1994,議員,區域,00,00,2,彭添富,1,民主進步黨,70640,10.05,Y
1994,議員,區域,00,00,3,林熺模,1,民主進步黨,46246,6.58,N
1994,議員,區域,00,00,4,藍照慶,1,無,55965,7.97,N
1994,議員,區域,00,00,5,鄭金鈴,2,中國國民黨,71961,10.24,Y
1994,議員,區域,00,00,6,黃木添,1,無,70769,10.07,Y
1994,議員,區域,00,00,7,吳振寰,1,中國國民黨,55559,7.91,N
1994,議員,區域,00,00,8,許林翠粉,2,民主進步黨,48112,6.85,N
1994,議員,區域,00,00,9,呂進芳,1,中國國民黨,75711,10.78,Y
1994,議員,區域,00,00,10,邱創良,1,中國國民黨,70231,10.00,Y
1994,議員,區域,00,00,11,陳進祥,1,中國國民黨,64803,9.22,Y
1994,議員,區域,00,00,12,郭義輝,1,無,1452,0.21,N
1994,議員,區域,00,00,13,許應舉,1,民主進步黨,58618,8.34,N
1994,議員,區域,00,00,14,姜水浪,1,無,3436,0.49,N
1994,議員,區域,00,00,1,李庭堦,1,無,1409,0.72,N
1994,議員,區域,00,00,2,萬榮河,1,無,2344,1.19,N
1994,議員,區域,00,00,3,張學舜,1,民主進步黨,57239,29.16,Y
1994,議員,區域,00,00,4,吳俊岸,1,中國國民黨,45042,22.95,N
1994,議員,區域,00,00,5,邱鏡淳,1,中國國民黨,90230,45.97,Y
1994,議員,區域,00,00,1,傅文政,1,民主進步黨,33544,11.77,N
1994,議員,區域,00,00,2,李森永,1,無,21433,7.52,N
1994,議員,區域,00,00,3,顏培元,1,無,3630,1.27,N
1994,議員,區域,00,00,4,陳秀龍,1,無,17786,6.24,N
1994,議員,區域,00,00,5,傅學鵬,1,中國國民黨,59423,20.85,Y
1994,議員,區域,00,00,6,林久翔,1,中國國民黨,43599,15.30,Y
1994,議員,區域,00,00,7,羅幸春,1,無,13312,4.67,N
1994,議員,區域,00,00,8,葉武生,1,無,1785,0.63,N
1994,議員,區域,00,00,9,杜文卿,1,民主進步黨,20530,7.20,N
1994,議員,區域,00,00,10,陳超明,1,中國國民黨,69992,24.56,Y
1994,議員,區域,00,00,1,楊文欣,1,中國國民黨,111747,16.69,Y
1994,議員,區域,00,00,2,楊瓊瓔,2,中國國民黨,64735,9.67,Y
1994,議員,區域,00,00,3,劉銓忠,1,中國國民黨,104465,15.60,Y
1994,議員,區域,00,00,4,顏清標,1,無,72150,10.78,Y
1994,議員,區域,00,00,5,林淑滿,2,無,5887,0.88,N
1994,議員,區域,00,00,6,郭榮振,1,中國國民黨,93564,13.98,Y
1994,議員,區域,00,00,7,陳鴻榮,1,民主進步黨,58169,8.69,N
1994,議員,區域,00,00,8,林炳耀,1,無,15429,2.30,N
1994,議員,區域,00,00,9,廖美珍,2,中國國民黨,44751,6.68,N
1994,議員,區域,00,00,10,郭俊銘,1,民主進步黨,98578,14.72,Y
1994,議員,區域,00,00,1,游月霞,2,中國國民黨,88003,13.53,Y
1994,議員,區域,00,00,2,黃俊雄,1,無,6583,1.01,N
1994,議員,區域,00,00,3,謝章捷,1,中國國民黨,101321,15.58,Y
1994,議員,區域,00,00,4,周清玉,1,民主進步黨,90973,13.99,Y
1994,議員,區域,00,00,5,曾嘉香,2,無,8661,1.33,N
1994,議員,區域,00,00,6,謝言信,1,中國國民黨,86426,13.29,Y
1994,議員,區域,00,00,7,林進春,1,中國國民黨,82565,12.70,Y
1994,議員,區域,00,00,8,余勝津,1,無,5408,0.83,N
1994,議員,區域,00,00,9,陳忠孝,1,民主進步黨,54000,8.31,N
1994,議員,區域,00,00,10,陳振雄,1,中國國民黨,77562,11.93,Y
1994,議員,區域,00,00,11,洪木村,1,無,48693,7.49,N
1994,議員,區域,00,00,1,余武龍,1,中國國民黨,55242,20.84,N
1994,議員,區域,00,00,2,張明雄,1,中國國民黨,63525,23.96,Y
1994,議員,區域,00,00,3,陳啟吉,1,無,58303,21.99,Y
1994,議員,區域,00,00,4,林宗男,1,民主進步黨,74835,28.22,Y
1994,議員,區域,00,00,5,鄭光東,1,無,13235,4.99,N
1994,議員,區域,00,00,1,王德顯,1,無,1226,0.34,N
1994,議員,區域,00,00,2,侯惠仙,2,中國國民黨,77826,21.78,Y
1994,議員,區域,00,00,3,許龍俊,1,民主進步黨,37849,10.59,N
1994,議員,區域,00,00,4,蘇治洋,2,民主進步黨,56366,15.78,Y
1994,議員,區域,00,00,5,曾蔡美佐,2,中國國民黨,75018,21.00,Y
1994,議員,區域,00,00,6,蘇文雄,1,中國國民黨,95328,26.68,Y
1994,議員,區域,00,00,7,鄭東來,1,無,13671,3.83,N
1994,議員,區域,00,00,1,許能通,1,無,11596,3.97,N
1994,議員,區域,00,00,2,侯海熊,1,無,49566,16.98,N
1994,議員,區域,00,00,3,陳明文,1,中國國民黨,83434,28.59,Y
1994,議員,區域,00,00,4,許登宮,1,無,73487,25.18,Y
1994,議員,區域,00,00,5,黃永聰,1,民主進步黨,51819,17.76,Y
1994,議員,區域,00,00,6,黃朝揚,1,中國國民黨,21923,7.51,N
1994,議員,區域,00,00,1,胡雅棠,1,無,4299,0.80,N
1994,議員,區域,00,00,2,方醫良,1,中國國民黨,76330,14.29,Y
1994,議員,區域,00,00,3,楊來勇,1,中國國民黨,47329,8.86,N
1994,議員,區域,00,00,4,莊志政,1,中國國民黨,48219,9.03,N
1994,議員,區域,00,00,5,鄭國忠,1,民主進步黨,73076,13.68,Y
1994,議員,區域,00,00,6,陳忠凱,1,無,3516,0.66,N
1994,議員,區域,00,00,7,顏胡秀英,2,中國國民黨,42070,7.88,N
1994,議員,區域,00,00,8,葉宜津,2,民主進步黨,104359,19.54,Y
1994,議員,區域,00,00,9,謝鈞惠,1,中國國民黨,59016,11.05,Y
1994,議員,區域,00,00,10,謝三升,1,民主進步黨,75846,14.20,Y
1994,議員,區域,00,00,1,黃豐生,1,無,1188,0.20,N
1994,議員,區域,00,00,2,許福森,1,無,56578,9.45,N
1994,議員,區域,00,00,3,蕭漢俊,1,中國國民黨,50442,8.42,N
1994,議員,區域,00,00,4,吳陳惠珍,2,民主進步黨,31628,5.28,N
1994,議員,區域,00,00,5,鍾德珍,1,無,58429,9.76,N
1994,議員,區域,00,00,6,林仙保,1,中國國民黨,66444,11.09,Y
1994,議員,區域,00,00,7,李天水,1,無,2918,0.49,N
1994,議員,區域,00,00,8,楊秋興,1,民主進步黨,88696,14.81,Y
1994,議員,區域,00,00,9,鍾紹和,1,中國國民黨,64974,10.85,Y
1994,議員,區域,00,00,10,吳陳瓊秋,2,中國國民黨,46176,7.71,N
1994,議員,區域,00,00,11,趙良燕,2,無,47041,7.85,Y
1994,議員,區域,00,00,12,余政道,1,民主進步黨,84418,14.09,Y
1994,議員,區域,00,00,1,林淵熙,1,中國國民黨,85841,20.20,Y
1994,議員,區域,00,00,2,邱茂男,1,民主進步黨,87928,20.69,Y
1994,議員,區域,00,00,3,林素蓮,2,無,3732,0.88,N
1994,議員,區域,00,00,4,黃昌源,1,中國國民黨,79220,18.64,N
1994,議員,區域,00,00,5,容滋浩,1,無,33585,7.90,N
1994,議員,區域,00,00,6,余慎,2,中國國民黨,32021,7.54,Y
1994,議員,區域,00,00,7,鄭錦絨,1,民主進步黨,10606,2.50,N
1994,議員,區域,00,00,8,曹啟鴻,1,民主進步黨,80445,18.93,Y
1994,議員,區域,00,00,9,李景雯,1,無,11526,2.71,N
1994,議員,區域,00,00,1,徐慶元,1,中國國民黨,36078,46.88,Y
1994,議員,區域,00,00,2,陳清泉,1,民主進步黨,14069,18.28,N
1994,議員,區域,00,00,3,張義雄,1,無,1920,2.49,N
1994,議員,區域,00,00,4,劉櫂漳,1,中國國民黨,24887,32.34,N
1994,議員,區域,00,00,1,張福興,1,中國國民黨,71404,61.45,Y
1994,議員,區域,00,00,2,陳瑞麟,1,民主進步黨,44798,38.55,N
1994,議員,區域,00,00,1,許麗音,2,民主進步黨,16896,43.59,N
1994,議員,區域,00,00,2,許素葉,2,中國國民黨,21864,56.41,Y
1994,議員,區域,00,00,1,程惠卿,2,民主進步黨,36757,20.69,Y
1994,議員,區域,00,00,2,李信志,1,民主進步黨,16567,9.33,N
1994,議員,區域,00,00,3,何忠輝,1,無,2295,1.29,N
1994,議員,區域,00,00,4,李堃南,1,無,10896,6.13,N
1994,議員,區域,00,00,5,王翔鐘,1,中國國民黨,33185,18.68,N
1994,議員,區域,00,00,6,黃禮恭,1,新黨,18505,10.42,N
1994,議員,區域,00,00,7,劉文雄,1,中國國民黨,35903,20.21,Y
1994,議員,區域,00,00,8,吳寬曉,1,無,965,0.54,N
1994,議員,區域,00,00,9,杜却,1,中國國民黨,21371,12.03,N
1994,議員,區域,00,00,10,楊超敏,1,無,1215,0.68,N
1994,議員,區域,00,00,1,張蔡美,2,中國國民黨,91276,59.50,Y
1994,議員,區域,00,00,2,黃清霖,1,民主進步黨,62131,40.50,N
1994,議員,區域,00,00,1,曾坤炳,1,民主進步黨,10943,2.82,N
1994,議員,區域,00,00,2,藍素鈴,2,新黨,28461,7.35,N
1994,議員,區域,00,00,3,盧秀燕,2,中國國民黨,76222,19.67,Y
1994,議員,區域,00,00,4,賴誠吉,1,中國國民黨,44507,11.49,Y
1994,議員,區域,00,00,5,王世勛,1,民主進步黨,51221,13.22,Y
1994,議員,區域,00,00,6,張國輝,1,中國國民黨,37162,9.59,N
1994,議員,區域,00,00,7,張溫鷹,2,民主進步黨,72040,18.59,Y
1994,議員,區域,00,00,8,陳武雄,1,無,35303,9.11,N
1994,議員,區域,00,00,9,洪獻卿,1,無,659,0.17,N
1994,議員,區域,00,00,10,陳淑方,2,中國國民黨,30921,7.98,N
1994,議員,區域,00,00,1,黃永欽,1,中國國民黨,49361,40.57,Y
1994,議員,區域,00,00,2,吳上明,1,無,17856,14.68,N
1994,議員,區域,00,00,3,蔡鴻章,1,民主進步黨,49346,40.56,N
1994,議員,區域,00,00,4,羅錦義,1,無,5107,4.20,N
1994,議員,區域,00,00,1,蔡介雄,1,民主進步黨,68812,19.82,Y
1994,議員,區域,00,00,2,陳香蘭,2,民主進步黨,2351,0.68,N
1994,議員,區域,00,00,3,陳復輝,1,無,11108,3.20,N
1994,議員,區域,00,00,4,吳仲基,1,中國國民黨,44509,12.82,N
1994,議員,區域,00,00,5,黃昭凱,1,民主進步黨,54960,15.83,N
1994,議員,區域,00,00,6,林南生,1,無,95818,27.60,Y
1994,議員,區域,00,00,7,陳榮盛,1,中國國民黨,69661,20.06,Y
1994,議員,山地原住民,臺灣省,臺灣省,1,林福喜,1,無,1122,1.58,N
1994,議員,山地原住民,臺灣省,臺灣省,2,黃金英,1,無,3197,4.50,N
1994,議員,山地原住民,臺灣省,臺灣省,3,古春玉,2,民主進步黨,7180,10.11,N
1994,議員,山地原住民,臺灣省,臺灣省,4,林春德,1,中國國民黨,31648,44.56,Y
1994,議員,山地原住民,臺灣省,臺灣省,5,曾華德,1,中國國民黨,27871,39.24,Y
1994,議員,平地原住民,臺灣省,臺灣省,1,黃金文,1,民主進步黨,6131,19.90,N
1994,議員,平地原住民,臺灣省,臺灣省,2,楊仁福,1,中國國民黨,24680,80.10,Y
1994,議員,平地原住民,臺灣省,02,1,林昌榮,1,無,8806,39.98,N
1994,議員,平地原住民,臺灣省,02,2,胡德夫,1,無,1561,7.09,N
1994,議員,平地原住民,臺灣省,02,3,林正二,1,中國國民黨,11661,52.94,Y
1994,議員,區域,臺北市,臺北市第01選區,1,陳進祺,1,無,15891,5.45,Y
1994,議員,區域,臺北市,臺北市第01選區,2,趙叔鍵,1,中國國民黨,4151,1.42,N
1994,議員,區域,臺北市,臺北市第01選區,3,孫潤本,1,中國國民黨,9056,3.10,N
1994,議員,區域,臺北市,臺北市第01選區,4,陳政忠,1,中國國民黨,22438,7.69,Y
1994,議員,區域,臺北市,臺北市第01選區,5,蔡茂林,1,中國國民黨,3900,1.34,N
1994,議員,區域,臺北市,臺北市第01選區,6,鄭貴夏,1,中國國民黨,7209,2.47,N
1994,議員,區域,臺北市,臺北市第01選區,7,何春盛,1,無,1962,0.67,N
1994,議員,區域,臺北市,臺北市第01選區,8,陳勝宏,1,民主進步黨,13942,4.78,Y
1994,議員,區域,臺北市,臺北市第01選區,9,張秋雄,1,中國國民黨,8640,2.96,N
1994,議員,區域,臺北市,臺北市第01選區,10,江碩平,1,中國國民黨,9424,3.23,N
1994,議員,區域,臺北市,臺北市第01選區,11,莊瑞雲,1,無,1266,0.43,N
1994,議員,區域,臺北市,臺北市第01選區,12,彭芝園,1,新黨,12234,4.19,N
1994,議員,區域,臺北市,臺北市第01選區,13,趙志祿,1,無,182,0.06,N
1994,議員,區域,臺北市,臺北市第01選區,14,葉有正,1,無,3397,1.16,N
1994,議員,區域,臺北市,臺北市第01選區,15,陳耀煌,1,無,3456,1.18,N
1994,議員,區域,臺北市,臺北市第01選區,16,黃宗文,1,民主進步黨,7541,2.58,N
1994,議員,區域,臺北市,臺北市第01選區,17,羅斌,1,無,124,0.04,N
1994,議員,區域,臺北市,臺北市第01選區,18,陳雪芬,2,中國國民黨,25330,8.68,Y
1994,議員,區域,臺北市,臺北市第01選區,19,林瑞圖,1,民主進步黨,43865,15.03,Y
1994,議員,區域,臺北市,臺北市第01選區,20,吳碧珠,2,中國國民黨,15708,5.38,Y
1994,議員,區域,臺北市,臺北市第01選區,21,包崇敏,1,無,1160,0.40,N
1994,議員,區域,臺北市,臺北市第01選區,22,魏億龍,1,新黨,25198,8.64,Y
1994,議員,區域,臺北市,臺北市第01選區,23,賁馨儀,2,民主進步黨,14322,4.91,Y
1994,議員,區域,臺北市,臺北市第01選區,24,陳正德,1,民主進步黨,21306,7.30,Y
1994,議員,區域,臺北市,臺北市第01選區,25,郭石吉,1,中國國民黨,17263,5.92,Y
1994,議員,區域,臺北市,臺北市第01選區,26,孫士堅,1,無,2842,0.97,N
1994,議員,區域,臺北市,臺北市第02選區,1,陳尤雪,2,無,6468,3.75,N
1994,議員,區域,臺北市,臺北市第02選區,2,賈毅然,1,新黨,27811,16.11,Y
1994,議員,區域,臺北市,臺北市第02選區,3,蔡正元,1,中國國民黨,8578,4.97,N
1994,議員,區域,臺北市,臺北市第02選區,4,李建昌,1,民主進步黨,14315,8.29,Y
1994,議員,區域,臺北市,臺北市第02選區,5,陳秀惠,2,民主進步黨,11996,6.95,N
1994,議員,區域,臺北市,臺北市第02選區,6,張慶源,1,無,454,0.26,N
1994,議員,區域,臺北市,臺北市第02選區,7,林奮典,1,中國國民黨,4863,2.82,N
1994,議員,區域,臺北市,臺北市第02選區,8,葉洪源,1,無,540,0.31,N
1994,議員,區域,臺北市,臺北市第02選區,9,陳建治,1,中國國民黨,23791,13.78,Y
1994,議員,區域,臺北市,臺北市第02選區,10,謝榮振,1,無,1834,1.06,N
1994,議員,區域,臺北市,臺北市第02選區,11,李金璋,1,中國國民黨,15924,9.22,Y
1994,議員,區域,臺北市,臺北市第02選區,12,李美葵,2,新黨,11480,6.65,N
1994,議員,區域,臺北市,臺北市第02選區,13,王柏傑,1,無,4097,2.37,N
1994,議員,區域,臺北市,臺北市第02選區,14,闕河禧,1,無,8320,4.82,N
1994,議員,區域,臺北市,臺北市第02選區,15,廖彬良,1,民主進步黨,16046,9.29,Y
1994,議員,區域,臺北市,臺北市第02選區,16,謝英美,2,中國國民黨,14736,8.53,Y
1994,議員,區域,臺北市,臺北市第02選區,17,陳清田,1,無,475,0.28,N
1994,議員,區域,臺北市,臺北市第02選區,18,呂耀毓,1,無,942,0.55,N
1994,議員,區域,臺北市,臺北市第03選區,1,秦茂松,1,中國國民黨,14162,5.84,Y
1994,議員,區域,臺北市,臺北市第03選區,2,陳淑華,2,民主進步黨,9873,4.07,N
1994,議員,區域,臺北市,臺北市第03選區,3,陳玉蘭,2,中國國民黨,2474,1.02,N
1994,議員,區域,臺北市,臺北市第03選區,4,林天來,1,無,790,0.33,N
1994,議員,區域,臺北市,臺北市第03選區,5,苗為國,1,無,402,0.17,N
1994,議員,區域,臺北市,臺北市第03選區,6,王昆和,1,民主進步黨,14781,6.10,Y
1994,議員,區域,臺北市,臺北市第03選區,7,葉海瑞,1,中國國民黨,6221,2.57,N
1994,議員,區域,臺北市,臺北市第03選區,8,崔鼎昌,1,中國國民黨,2160,0.89,N
1994,議員,區域,臺北市,臺北市第03選區,9,楊實秋,1,中國國民黨,11106,4.58,N
1994,議員,區域,臺北市,臺北市第03選區,10,陳永德,1,中國國民黨,16225,6.69,Y
1994,議員,區域,臺北市,臺北市第03選區,11,李逸洋,1,民主進步黨,20550,8.48,Y
1994,議員,區域,臺北市,臺北市第03選區,12,璩美鳳,2,新黨,26016,10.73,Y
1994,議員,區域,臺北市,臺北市第03選區,13,費鴻泰,1,新黨,19334,7.97,Y
1994,議員,區域,臺北市,臺北市第03選區,14,許淵國,1,新黨,25410,10.48,Y
1994,議員,區域,臺北市,臺北市第03選區,15,卓榮泰,1,民主進步黨,14420,5.95,Y
1994,議員,區域,臺北市,臺北市第03選區,16,顏武勝,1,無,793,0.33,N
1994,議員,區域,臺北市,臺北市第03選區,17,焦威聯,1,中國國民黨,7425,3.06,N
1994,議員,區域,臺北市,臺北市第03選區,18,王正德,1,中國國民黨,7097,2.93,N
1994,議員,區域,臺北市,臺北市第03選區,19,林重謨,1,民主進步黨,13958,5.76,N
1994,議員,區域,臺北市,臺北市第03選區,20,秦慧珠,2,中國國民黨,23087,9.52,Y
1994,議員,區域,臺北市,臺北市第03選區,21,陳燦鴻,1,無,4529,1.87,N
1994,議員,區域,臺北市,臺北市第03選區,22,王志堅,1,無,1663,0.69,N
1994,議員,區域,臺北市,臺北市第04選區,1,詹雙發,1,無,686,0.37,N
1994,議員,區域,臺北市,臺北市第04選區,2,楊鎮雄,1,新黨,19913,10.60,Y
1994,議員,區域,臺北市,臺北市第04選區,3,黃金如,1,中國國民黨,12244,6.52,Y
1994,議員,區域,臺北市,臺北市第04選區,4,藍美津,2,民主進步黨,28075,14.94,Y
1994,議員,區域,臺北市,臺北市第04選區,5,周正志,1,無,929,0.49,N
1994,議員,區域,臺北市,臺北市第04選區,6,許界元,1,無,281,0.15,N
1994,議員,區域,臺北市,臺北市第04選區,7,蕭肇陽,1,無,178,0.09,N
1994,議員,區域,臺北市,臺北市第04選區,8,楊炯明,1,中國國民黨,8244,4.39,N
1994,議員,區域,臺北市,臺北市第04選區,9,洪璽曜,1,中國國民黨,8365,4.45,N
1994,議員,區域,臺北市,臺北市第04選區,10,林晉章,1,中國國民黨,12997,6.92,Y
1994,議員,區域,臺北市,臺北市第04選區,11,陳慧梅,2,中國國民黨,5777,3.07,N
1994,議員,區域,臺北市,臺北市第04選區,12,吳崑山,1,無,2593,1.38,N
1994,議員,區域,臺北市,臺北市第04選區,13,許木元,1,民主進步黨,22229,11.83,Y
1994,議員,區域,臺北市,臺北市第04選區,14,陳振芳,1,中國國民黨,8064,4.29,N
1994,議員,區域,臺北市,臺北市第04選區,15,陳玉梅,2,無,12593,6.70,Y
1994,議員,區域,臺北市,臺北市第04選區,16,王為修,1,無,2787,1.48,N
1994,議員,區域,臺北市,臺北市第04選區,17,呂月娥,2,民主進步黨,4225,2.25,N
1994,議員,區域,臺北市,臺北市第04選區,18,謝明達,1,民主進步黨,24021,12.78,Y
1994,議員,區域,臺北市,臺北市第04選區,19,陳朝南,1,中國國民黨,5960,3.17,N
1994,議員,區域,臺北市,臺北市第04選區,20,鄭龍水,1,新黨,7755,4.13,N
1994,議員,區域,臺北市,臺北市第05選區,1,李仁人,2,中國國民黨,16886,8.15,Y
1994,議員,區域,臺北市,臺北市第05選區,2,劉美華,1,無,172,0.08,Y
1994,議員,區域,臺北市,臺北市第05選區,3,林榮剛,1,中國國民黨,8651,4.17,N
1994,議員,區域,臺北市,臺北市第05選區,4,陳學聖,1,中國國民黨,17806,8.59,Y
1994,議員,區域,臺北市,臺北市第05選區,5,段宜康,1,民主進步黨,14830,7.16,Y
1994,議員,區域,臺北市,臺北市第05選區,6,羅世昌,1,無,4287,2.07,N
1994,議員,區域,臺北市,臺北市第05選區,7,康水木,1,民主進步黨,11216,5.41,Y
1994,議員,區域,臺北市,臺北市第05選區,8,林宏熙,1,中國國民黨,11990,5.79,Y
1994,議員,區域,臺北市,臺北市第05選區,9,林秀卿,2,無,6446,3.11,N
1994,議員,區域,臺北市,臺北市第05選區,10,龐建國,1,新黨,23790,11.48,Y
1994,議員,區域,臺北市,臺北市第05選區,11,許榮祺,1,無,1215,0.59,N
1994,議員,區域,臺北市,臺北市第05選區,12,洪茂坤,1,民主進步黨,10435,5.04,N
1994,議員,區域,臺北市,臺北市第05選區,13,林招凰,1,中國國民黨,6989,3.37,N
1994,議員,區域,臺北市,臺北市第05選區,14,鄭繼良,1,無,505,0.24,N
1994,議員,區域,臺北市,臺北市第05選區,15,楊殿甲,1,無,135,0.07,N
1994,議員,區域,臺北市,臺北市第05選區,16,林美倫,2,新黨,21673,10.46,Y
1994,議員,區域,臺北市,臺北市第05選區,17,許文龍,1,中國國民黨,9043,4.36,N
1994,議員,區域,臺北市,臺北市第05選區,18,陳嘉銘,1,民主進步黨,16476,7.95,Y
1994,議員,區域,臺北市,臺北市第05選區,19,吳清桂,2,民主進步黨,4680,2.26,N
1994,議員,區域,臺北市,臺北市第05選區,20,嚴可英,1,無,216,0.10,N
1994,議員,區域,臺北市,臺北市第05選區,21,陳培豪,1,中國國民黨,4765,2.30,N
1994,議員,區域,臺北市,臺北市第05選區,22,陶士興,1,無,98,0.05,N
1994,議員,區域,臺北市,臺北市第05選區,23,廖大賢,1,民主進步黨,4034,1.95,N
1994,議員,區域,臺北市,臺北市第05選區,24,邱錦添,1,中國國民黨,10902,5.26,N
1994,議員,區域,臺北市,臺北市第06選區,1,黃義清,1,中國國民黨,14506,5.00,Y
1994,議員,區域,臺北市,臺北市第06選區,2,柯景昇,1,民主進步黨,16978,5.85,Y
1994,議員,區域,臺北市,臺北市第06選區,3,秦儷舫,2,新黨,36345,12.52,Y
1994,議員,區域,臺北市,臺北市第06選區,4,陳惠琪,2,無,2632,0.91,N
1994,議員,區域,臺北市,臺北市第06選區,5,周陳阿春,2,無,3360,1.16,N
1994,議員,區域,臺北市,臺北市第06選區,6,林慶隆,1,中國國民黨,14523,5.00,N
1994,議員,區域,臺北市,臺北市第06選區,7,張玲,2,中國國民黨,10585,3.65,N
1994,議員,區域,臺北市,臺北市第06選區,8,蔣乃辛,1,中國國民黨,23790,8.19,Y
1994,議員,區域,臺北市,臺北市第06選區,9,黃玉炎,1,民主進步黨,4482,1.54,N
1994,議員,區域,臺北市,臺北市第06選區,10,楊祖哗,2,無,7857,2.71,N
1994,議員,區域,臺北市,臺北市第06選區,11,吳育昇,1,中國國民黨,6412,2.21,N
1994,議員,區域,臺北市,臺北市第06選區,12,李承龍,1,新黨,17225,5.93,Y
1994,議員,區域,臺北市,臺北市第06選區,13,周柏雅,1,民主進步黨,19192,6.61,Y
1994,議員,區域,臺北市,臺北市第06選區,14,陳錦祥,1,無,11211,3.86,Y
1994,議員,區域,臺北市,臺北市第06選區,15,李慶安,2,中國國民黨,26209,9.03,Y
1994,議員,區域,臺北市,臺北市第06選區,16,黃書強,1,無,1076,0.37,N
1994,議員,區域,臺北市,臺北市第06選區,17,鄭宗玄,1,中國國民黨,2229,0.77,N
1994,議員,區域,臺北市,臺北市第06選區,18,郭承啟,1,無,2619,0.90,N
1994,議員,區域,臺北市,臺北市第06選區,19,謝建平,1,民主進步黨,5087,1.75,N
1994,議員,區域,臺北市,臺北市第06選區,20,戴鴻元,1,中國國民黨,3362,1.16,N
1994,議員,區域,臺北市,臺北市第06選區,21,鄧家基,1,新黨,28225,9.72,Y
1994,議員,區域,臺北市,臺北市第06選區,22,王麗嘉,2,無,372,0.13,N
1994,議員,區域,臺北市,臺北市第06選區,23,馮定亞,2,中國國民黨,4404,1.52,N
1994,議員,區域,臺北市,臺北市第06選區,24,張智雄,1,無,464,0.16,N
1994,議員,區域,臺北市,臺北市第06選區,25,高進來,1,無,2417,0.83,N
1994,議員,區域,臺北市,臺北市第06選區,26,張裕泰,1,中國國民黨,8153,2.81,N
1994,議員,區域,臺北市,臺北市第06選區,27,樂可銘,1,中國忠義黨,66,0.02,N
1994,議員,區域,臺北市,臺北市第06選區,28,江蓋世,1,民主進步黨,16552,5.70,Y
1994,議員,區域,高雄市,高雄市第01選區,1,楊林宏,1,新黨,6174,6.49,N
1994,議員,區域,高雄市,高雄市第01選區,2,陳漢昇,1,中國國民黨,14369,15.11,Y
1994,議員,區域,高雄市,高雄市第01選區,3,李喬如,2,民主進步黨,9999,10.51,Y
1994,議員,區域,高雄市,高雄市第01選區,4,倪國年,1,無,4077,4.29,N
1994,議員,區域,高雄市,高雄市第01選區,5,蔡松雄,1,無,11238,11.82,Y
1994,議員,區域,高雄市,高雄市第01選區,6,蕭裕正,1,民主進步黨,8678,9.12,Y
1994,議員,區域,高雄市,高雄市第01選區,7,馮國華,2,中國國民黨,5101,5.36,N
1994,議員,區域,高雄市,高雄市第01選區,8,張省吾,1,無,8311,8.74,Y
1994,議員,區域,高雄市,高雄市第01選區,9,戴榮聖,1,民主進步黨,7180,7.55,N
1994,議員,區域,高雄市,高雄市第01選區,10,林美玉,2,中國國民黨,5137,5.40,N
1994,議員,區域,高雄市,高雄市第01選區,11,李致毅,1,中國國民黨,6764,7.11,N
1994,議員,區域,高雄市,高雄市第01選區,12,涂奇祥,1,無,119,0.13,N
1994,議員,區域,高雄市,高雄市第01選區,13,陳明吉,1,中國國民黨,7965,8.37,Y
1994,議員,區域,高雄市,高雄市第02選區,1,陳萬達,1,中國國民黨,8778,6.63,Y
1994,議員,區域,高雄市,高雄市第02選區,2,陳建國,1,無,568,0.43,N
1994,議員,區域,高雄市,高雄市第02選區,3,藍星木,1,中國國民黨,10251,7.74,Y
1994,議員,區域,高雄市,高雄市第02選區,4,楊色玉,2,中國國民黨,10353,7.82,Y
1994,議員,區域,高雄市,高雄市第02選區,5,蘇平祥,1,無,856,0.65,N
1994,議員,區域,高雄市,高雄市第02選區,6,陳雲龍,1,中國國民黨,9374,7.08,Y
1994,議員,區域,高雄市,高雄市第02選區,7,吳昱輝,1,民主進步黨,11098,8.38,Y
1994,議員,區域,高雄市,高雄市第02選區,8,沈英章,1,民主進步黨,6679,5.04,N
1994,議員,區域,高雄市,高雄市第02選區,9,謝志勝,1,無,2263,1.71,N
1994,議員,區域,高雄市,高雄市第02選區,10,吳正東,1,無,565,0.43,N
1994,議員,區域,高雄市,高雄市第02選區,11,黃賜鵬,1,無,453,0.34,N
1994,議員,區域,高雄市,高雄市第02選區,12,陳道實,1,新黨,9701,7.33,Y
1994,議員,區域,高雄市,高雄市第02選區,13,謝鴻彰,1,民主進步黨,3329,2.51,N
1994,議員,區域,高雄市,高雄市第02選區,14,謝天助,1,無,180,0.14,N
1994,議員,區域,高雄市,高雄市第02選區,15,王得,1,無,565,0.43,N
1994,議員,區域,高雄市,高雄市第02選區,16,金渝昌,1,無,525,0.40,N
1994,議員,區域,高雄市,高雄市第02選區,17,藍振源,1,中國國民黨,7622,5.76,N
1994,議員,區域,高雄市,高雄市第02選區,18,金顯瑞,1,無,4251,3.21,N
1994,議員,區域,高雄市,高雄市第02選區,19,張家麟,1,無,370,0.28,N
1994,議員,區域,高雄市,高雄市第02選區,20,黃靜雪,2,無,6155,4.65,N
1994,議員,區域,高雄市,高雄市第02選區,21,何棲鴻,1,無,557,0.42,N
1994,議員,區域,高雄市,高雄市第02選區,22,賈先德,1,中國國民黨,7301,5.51,N
1994,議員,區域,高雄市,高雄市第02選區,23,陳登貴,1,無,797,0.60,N
1994,議員,區域,高雄市,高雄市第02選區,24,周鍾,1,中國國民黨,10266,7.75,Y
1994,議員,區域,高雄市,高雄市第02選區,25,陳合發,1,無,6824,5.15,N
1994,議員,區域,高雄市,高雄市第02選區,26,陳淵章,1,無,4517,3.41,N
1994,議員,區域,高雄市,高雄市第02選區,27,曾惠瑾,2,無,313,0.24,N
1994,議員,區域,高雄市,高雄市第02選區,28,黃石龍,1,無,7888,5.96,N
1994,議員,區域,高雄市,高雄市第03選區,1,郭國志,1,中國國民黨,6735,4.13,N
1994,議員,區域,高雄市,高雄市第03選區,2,張榮顯,1,無,8250,5.06,N
1994,議員,區域,高雄市,高雄市第03選區,3,蔡見興,1,中國國民黨,9671,5.93,Y
1994,議員,區域,高雄市,高雄市第03選區,4,吳林淑敏,2,中國國民黨,4741,2.91,Y
1994,議員,區域,高雄市,高雄市第03選區,5,曾長發,1,中國國民黨,11529,7.07,Y
1994,議員,區域,高雄市,高雄市第03選區,6,張家興,1,無,632,0.39,N
1994,議員,區域,高雄市,高雄市第03選區,7,林永堅,1,民主進步黨,14124,8.66,Y
1994,議員,區域,高雄市,高雄市第03選區,8,陳富榮,1,無,761,0.47,N
1994,議員,區域,高雄市,高雄市第03選區,9,許俊杰,1,無,770,0.47,N
1994,議員,區域,高雄市,高雄市第03選區,10,余聲欽,1,中國國民黨,6813,4.18,N
1994,議員,區域,高雄市,高雄市第03選區,11,劉少春,1,中國國民黨,10560,6.48,Y
1994,議員,區域,高雄市,高雄市第03選區,12,吳重新,1,無,9192,5.64,Y
1994,議員,區域,高雄市,高雄市第03選區,13,黃添財,1,中國國民黨,13165,8.07,Y
1994,議員,區域,高雄市,高雄市第03選區,14,許子智,1,無,407,0.25,N
1994,議員,區域,高雄市,高雄市第03選區,15,蘇嘉富,1,民主進步黨,6635,4.07,N
1994,議員,區域,高雄市,高雄市第03選區,16,黃昭星,1,民主進步黨,9031,5.54,Y
1994,議員,區域,高雄市,高雄市第03選區,17,楊宏吉,1,中國國民黨,1937,1.19,N
1994,議員,區域,高雄市,高雄市第03選區,18,張再,1,無,108,0.07,N
1994,議員,區域,高雄市,高雄市第03選區,19,許英俊,1,無,1596,0.98,N
1994,議員,區域,高雄市,高雄市第03選區,20,林宏明,1,無,2903,1.78,N
1994,議員,區域,高雄市,高雄市第03選區,21,蔡萬福,1,無,474,0.29,N
1994,議員,區域,高雄市,高雄市第03選區,22,劉明松,1,無,313,0.19,N
1994,議員,區域,高雄市,高雄市第03選區,23,陳武勳,1,無,5071,3.11,N
1994,議員,區域,高雄市,高雄市第03選區,24,顏陳秀鑾,2,民主進步黨,3450,2.12,N
1994,議員,區域,高雄市,高雄市第03選區,25,洪泮林,1,無,4615,2.83,N
1994,議員,區域,高雄市,高雄市第03選區,26,林梅瑛,2,無,3909,2.40,N
1994,議員,區域,高雄市,高雄市第03選區,27,梅再興,1,新黨,8371,5.13,Y
1994,議員,區域,高雄市,高雄市第03選區,28,黃啟川,1,無,9321,5.72,Y
1994,議員,區域,高雄市,高雄市第03選區,29,洪平朗,1,民主進步黨,7957,4.88,N
1994,議員,區域,高雄市,高雄市第04選區,1,徐木宗,1,中國國民黨,7602,13.00,N
1994,議員,區域,高雄市,高雄市第04選區,2,湯金全,1,民主進步黨,14262,24.39,Y
1994,議員,區域,高雄市,高雄市第04選區,3,林景元,1,無,794,1.36,N
1994,議員,區域,高雄市,高雄市第04選區,4,龔瑞泰,1,中國國民黨,14451,24.71,Y
1994,議員,區域,高雄市,高雄市第04選區,5,吳登樹,1,無,1643,2.81,N
1994,議員,區域,高雄市,高雄市第04選區,6,許崑源,1,無,11078,18.95,Y
1994,議員,區域,高雄市,高雄市第04選區,7,陳村雄,1,中國國民黨,8641,14.78,N
1994,議員,區域,高雄市,高雄市第05選區,1,楊美容,2,中國國民黨,5003,4.50,N
1994,議員,區域,高雄市,高雄市第05選區,2,蔡龍居,1,民主進步黨,8789,7.90,Y
1994,議員,區域,高雄市,高雄市第05選區,3,葉信誠,1,新黨,5467,4.91,N
1994,議員,區域,高雄市,高雄市第05選區,4,張瑞德,1,中國國民黨,8656,7.78,Y
1994,議員,區域,高雄市,高雄市第05選區,5,吳照鉠,1,民主進步黨,3737,3.36,N
1994,議員,區域,高雄市,高雄市第05選區,6,陳田錨,1,中國國民黨,18128,16.29,Y
1994,議員,區域,高雄市,高雄市第05選區,7,林黎琤,2,無,1760,1.58,N
1994,議員,區域,高雄市,高雄市第05選區,8,翁萬基,1,中國國民黨,8301,7.46,N
1994,議員,區域,高雄市,高雄市第05選區,9,羅志明,1,中國國民黨,8882,7.98,Y
1994,議員,區域,高雄市,高雄市第05選區,10,洪金進,1,無,204,0.18,N
1994,議員,區域,高雄市,高雄市第05選區,11,洪茂俊,1,中國國民黨,9936,8.93,Y
1994,議員,區域,高雄市,高雄市第05選區,12,陳春生,1,無,2815,2.53,N
1994,議員,區域,高雄市,高雄市第05選區,13,陳明清,1,無,1487,1.34,N
1994,議員,區域,高雄市,高雄市第05選區,14,楊錦昌,1,無,534,0.48,N
1994,議員,區域,高雄市,高雄市第05選區,15,林滴娟,2,民主進步黨,10615,9.54,Y
1994,議員,區域,高雄市,高雄市第05選區,16,賴啟元,1,無,645,0.58,N
1994,議員,區域,高雄市,高雄市第05選區,17,詹永龍,1,民主進步黨,5877,5.28,N
1994,議員,區域,高雄市,高雄市第05選區,18,黃芳仁,1,無,10430,9.37,Y
1994,議員,區域,高雄市,高雄市第06選區,1,王翼風,1,中國國民黨,8074,4.82,N
1994,議員,區域,高雄市,高雄市第06選區,2,施永林,1,中國國民黨,4251,2.54,N
1994,議員,區域,高雄市,高雄市第06選區,3,顏寶琴,2,中國國民黨,13364,7.97,Y
1994,議員,區域,高雄市,高雄市第06選區,4,郭玟成,1,民主進步黨,24076,14.36,Y
1994,議員,區域,高雄市,高雄市第06選區,5,宋石福,1,無,5732,3.42,N
1994,議員,區域,高雄市,高雄市第06選區,6,王青,1,民主進步黨,8463,5.05,Y
1994,議員,區域,高雄市,高雄市第06選區,7,蔡媽福,1,中國國民黨,8353,4.98,Y
1994,議員,區域,高雄市,高雄市第06選區,8,顏坤泉,1,勞動黨,1563,0.93,N
1994,議員,區域,高雄市,高雄市第06選區,9,蘇守成,1,無,119,0.07,N
1994,議員,區域,高雄市,高雄市第06選區,10,楊振添,1,中國國民黨,8718,5.20,Y
1994,議員,區域,高雄市,高雄市第06選區,11,林崎,1,中國國民黨,4373,2.61,N
1994,議員,區域,高雄市,高雄市第06選區,12,何超英,1,新黨,5425,3.24,N
1994,議員,區域,高雄市,高雄市第06選區,13,蘇玉柱,1,無,4806,2.87,N
1994,議員,區域,高雄市,高雄市第06選區,14,石玉明,1,無,705,0.42,N
1994,議員,區域,高雄市,高雄市第06選區,15,邱順慶,1,無,2569,1.53,N
1994,議員,區域,高雄市,高雄市第06選區,16,王俊傑,1,無,1188,0.71,N
1994,議員,區域,高雄市,高雄市第06選區,17,張麗華,2,民主進步黨,3132,1.87,N
1994,議員,區域,高雄市,高雄市第06選區,18,王秋茂,1,無,4444,2.65,N
1994,議員,區域,高雄市,高雄市第06選區,19,陳清安,1,無,489,0.29,N
1994,議員,區域,高雄市,高雄市第06選區,20,高宗英,1,民主進步黨,5377,3.21,N
1994,議員,區域,高雄市,高雄市第06選區,21,蔡慶源,1,中國國民黨,8990,5.36,Y
1994,議員,區域,高雄市,高雄市第06選區,22,朱安雄,1,中國國民黨,12055,7.19,Y
1994,議員,區域,高雄市,高雄市第06選區,23,林錦城,1,無,295,0.18,N
1994,議員,區域,高雄市,高雄市第06選區,24,林杰正,1,無,989,0.59,N
1994,議員,區域,高雄市,高雄市第06選區,25,陳文人,1,無,2483,1.48,N
1994,議員,區域,高雄市,高雄市第06選區,26,江振陸,1,民主進步黨,8842,5.27,Y
1994,議員,區域,高雄市,高雄市第06選區,27,朱文慶,1,無,8556,5.10,Y
1994,議員,區域,高雄市,高雄市第06選區,28,李復興,1,中國國民黨,10243,6.11,Y
1994,議員,原住民,臺北市,臺北市,1,林文治,1,無,,,N
1994,議員,原住民,臺北市,臺北市,2,周明國,1,無,,,N
1994,議員,原住民,臺北市,臺北市,3,田春枝,2,無,,,N
1994,議員,原住民,臺北市,臺北市,4,李銀來,1,中國國民黨,,,Y
1994,議員,原住民,臺北市,臺北市,5,黃鈴華,2,無,,,N
1994,議員,原住民,臺北市,臺北市,6,宋千德,1,無,,,N
1994,議員,原住民,臺北市,臺北市,7,曾英明,1,民主進步黨,,,N
1994,議員,原住民,高雄市,高雄市,1,高玉生,1,無,,,N
1994,議員,原住民,高雄市,高雄市,2,吳明生,1,無,,,N
1994,議員,原住民,高雄市,高雄市,3,潘阿木,1,無,,,N
1994,議員,原住民,高雄市,高雄市,4,張金水,1,無,,,N
1994,議員,原住民,高雄市,高雄市,5,吳福祥,1,中國國民黨,,,Y
1994,議員,原住民,高雄市,高雄市,6,張美惠,2,無,,,N
1998,議員,區域,臺北市,臺北市第01選區,1,翁儀賰,1,民主進步黨,14148,4.62,N
1998,議員,區域,臺北市,臺北市第01選區,2,張盛玄,1,無,1180,0.38,N
1998,議員,區域,臺北市,臺北市第01選區,3,陳正德,1,民主進步黨,19726,6.44,Y
1998,議員,區域,臺北市,臺北市第01選區,4,林朝鑫,1,無,2273,0.74,N
1998,議員,區域,臺北市,臺北市第01選區,5,孫潤本,1,無,6564,2.14,N
1998,議員,區域,臺北市,臺北市第01選區,6,鄭政彥,1,無,397,0.13,N
1998,議員,區域,臺北市,臺北市第01選區,7,魏憶龍,1,新黨,19930,6.5,Y
1998,議員,區域,臺北市,臺北市第01選區,8,呂月娥,2,建國黨,3588,1.17,N
1998,議員,區域,臺北市,臺北市第01選區,9,林政毓,1,中國國民黨,13508,4.41,N
1998,議員,區域,臺北市,臺北市第01選區,10,張振宇,1,綠色本土清新黨,3322,1.08,N
1998,議員,區域,臺北市,臺北市第01選區,11,陳進棋,1,中國國民黨,16902,5.51,Y
1998,議員,區域,臺北市,臺北市第01選區,12,蔡秋凰,2,民主進步黨,25319,8.26,Y
1998,議員,區域,臺北市,臺北市第01選區,13,陳政忠,1,中國國民黨,23490,7.66,Y
1998,議員,區域,臺北市,臺北市第01選區,14,吳碧珠,2,中國國民黨,27844,9.08,Y
1998,議員,區域,臺北市,臺北市第01選區,15,張金溪,1,無,1695,0.55,N
1998,議員,區域,臺北市,臺北市第01選區,16,陳雪芬,2,中國國民黨,34728,11.33,Y
1998,議員,區域,臺北市,臺北市第01選區,17,陳茂德,1,無,300,0.1,N
1998,議員,區域,臺北市,臺北市第01選區,18,高建智,1,民主進步黨,18244,5.95,Y
1998,議員,區域,臺北市,臺北市第01選區,19,賴素如,2,中國國民黨,20088,6.55,Y
1998,議員,區域,臺北市,臺北市第01選區,20,李康雷,1,新黨,5376,1.75,N
1998,議員,區域,臺北市,臺北市第01選區,21,潘懷宗,1,新黨,12082,3.94,N
1998,議員,區域,臺北市,臺北市第01選區,22,潘行一,1,中國國民黨,14758,4.81,N
1998,議員,區域,臺北市,臺北市第01選區,23,陳碧峰,1,民主進步黨,16552,5.4,Y
1998,議員,區域,臺北市,臺北市第01選區,24,張昭仁,1,新國家連線,4499,1.47,N
1998,議員,區域,臺北市,臺北市第02選區,1,賈毅然,1,無,12416,6.45,N
1998,議員,區域,臺北市,臺北市第02選區,2,官君達,1,新國家連線,2716,1.41,N
1998,議員,區域,臺北市,臺北市第02選區,3,廖彬良,1,無,12868,6.68,N
1998,議員,區域,臺北市,臺北市第02選區,4,陳秀惠,2,民主進步黨,20037,10.4,Y
1998,議員,區域,臺北市,臺北市第02選區,5,黃珊珊,2,新黨,26246,13.63,Y
1998,議員,區域,臺北市,臺北市第02選區,6,吳世正,1,中國國民黨,20236,10.51,Y
1998,議員,區域,臺北市,臺北市第02選區,7,葉春榮,1,民主進步黨,8895,4.62,N
1998,議員,區域,臺北市,臺北市第02選區,8,李彥秀,2,中國國民黨,25915,13.46,Y
1998,議員,區域,臺北市,臺北市第02選區,9,陳義洲,1,中國國民黨,13741,7.13,Y
1998,議員,區域,臺北市,臺北市第02選區,10,胡國樑,1,無,488,0.25,N
1998,議員,區域,臺北市,臺北市第02選區,11,陳尤雪,2,新黨,11423,5.93,N
1998,議員,區域,臺北市,臺北市第02選區,12,謝英美,2,中國國民黨,19873,10.32,Y
1998,議員,區域,臺北市,臺北市第02選區,13,李建昌,1,民主進步黨,17732,9.21,Y
1998,議員,區域,臺北市,臺北市第03選區,1,賴志威,1,無,1419,0.57,N
1998,議員,區域,臺北市,臺北市第03選區,2,王俊元,1,無,7629,3.04,N
1998,議員,區域,臺北市,臺北市第03選區,3,柯盛雄,1,建國黨,1588,0.63,N
1998,議員,區域,臺北市,臺北市第03選區,4,許淵國,1,新黨,19219,7.65,Y
1998,議員,區域,臺北市,臺北市第03選區,5,陳長榮,1,民主進步黨,11429,4.55,N
1998,議員,區域,臺北市,臺北市第03選區,6,費鴻泰,1,新黨,32985,13.14,Y
1998,議員,區域,臺北市,臺北市第03選區,7,陳孋輝,2,中國國民黨,25393,10.11,Y
1998,議員,區域,臺北市,臺北市第03選區,8,陳燦鴻,1,中國國民黨,10217,4.07,N
1998,議員,區域,臺北市,臺北市第03選區,9,王正德,1,中國國民黨,14809,5.9,Y
1998,議員,區域,臺北市,臺北市第03選區,10,陳淑華,2,民主進步黨,17387,6.92,Y
1998,議員,區域,臺北市,臺北市第03選區,11,李成嶽,1,無,690,0.27,N
1998,議員,區域,臺北市,臺北市第03選區,12,許富男,1,民主進步黨,21873,8.71,Y
1998,議員,區域,臺北市,臺北市第03選區,13,魏錦源,1,民主進步黨,8688,3.46,N
1998,議員,區域,臺北市,臺北市第03選區,14,朱孟庠,2,新國家連線,7946,3.16,N
1998,議員,區域,臺北市,臺北市第03選區,15,黃國隆,1,中國國民黨,6874,2.74,N
1998,議員,區域,臺北市,臺北市第03選區,16,王博昱,1,民主進步黨,11479,4.57,Y
1998,議員,區域,臺北市,臺北市第03選區,17,陳永德,1,中國國民黨,22914,9.13,Y
1998,議員,區域,臺北市,臺北市第03選區,18,楊實秋,1,中國國民黨,14142,5.63,Y
1998,議員,區域,臺北市,臺北市第03選區,19,張琦凰,2,綠色本土清新黨,4198,1.67,N
1998,議員,區域,臺北市,臺北市第03選區,20,王高成,1,新黨,10209,4.07,N
1998,議員,區域,臺北市,臺北市第04選區,1,詹昭全,1,新黨,7098,3.61,N
1998,議員,區域,臺北市,臺北市第04選區,2,羅宗勝,1,民主進步黨,18030,9.18,Y
1998,議員,區域,臺北市,臺北市第04選區,3,陳玉梅,2,中國國民黨,28083,14.3,Y
1998,議員,區域,臺北市,臺北市第04選區,4,李承龍,1,無,1926,0.98,N
1998,議員,區域,臺北市,臺北市第04選區,5,葉信義,1,民主進步黨,15747,8.02,Y
1998,議員,區域,臺北市,臺北市第04選區,6,吳貞儀,2,中國婦女黨,923,0.47,N
1998,議員,區域,臺北市,臺北市第04選區,7,張福美,1,無,632,0.32,N
1998,議員,區域,臺北市,臺北市第04選區,8,林晉章,1,中國國民黨,18142,9.24,Y
1998,議員,區域,臺北市,臺北市第04選區,9,楊鎮雄,1,新黨,10135,5.16,N
1998,議員,區域,臺北市,臺北市第04選區,10,藍美津,2,民主進步黨,24900,12.68,Y
1998,議員,區域,臺北市,臺北市第04選區,11,方瑞生,1,中國國民黨,9781,4.98,N
1998,議員,區域,臺北市,臺北市第04選區,12,王世堅,1,民主進步黨,21917,11.16,Y
1998,議員,區域,臺北市,臺北市第04選區,13,王浩,1,中國國民黨,24234,12.34,Y
1998,議員,區域,臺北市,臺北市第04選區,14,張豐藤,1,新國家連線,4257,2.17,N
1998,議員,區域,臺北市,臺北市第04選區,15,陳志銘,1,建國黨,2470,1.26,N
1998,議員,區域,臺北市,臺北市第04選區,16,葛高凌風,1,無,8104,4.13,N
1998,議員,區域,臺北市,臺北市第05選區,1,陳光宇,2,綠色本土清新黨,4253,2.01,N
1998,議員,區域,臺北市,臺北市第05選區,2,段宜康,1,民主進步黨,30201,14.27,Y
1998,議員,區域,臺北市,臺北市第05選區,3,林宏熙,1,中國國民黨,13996,6.61,N
1998,議員,區域,臺北市,臺北市第05選區,4,龐建國,1,無,19487,9.21,Y
1998,議員,區域,臺北市,臺北市第05選區,5,康耀忠,1,民主進步黨,7747,3.66,N
1998,議員,區域,臺北市,臺北市第05選區,6,鍾小平,1,新黨,15930,7.53,Y
1998,議員,區域,臺北市,臺北市第05選區,7,陳惠敏,1,中國國民黨,15875,7.5,Y
1998,議員,區域,臺北市,臺北市第05選區,8,林如心,2,無,3090,1.46,N
1998,議員,區域,臺北市,臺北市第05選區,9,謝麗珠,2,無,1252,0.59,N
1998,議員,區域,臺北市,臺北市第05選區,10,邱智淵,1,新黨,9909,4.68,N
1998,議員,區域,臺北市,臺北市第05選區,11,陳嘉銘,1,民主進步黨,19765,9.34,Y
1998,議員,區域,臺北市,臺北市第05選區,12,邱錦添,1,中國國民黨,13998,6.61,N
1998,議員,區域,臺北市,臺北市第05選區,13,李仁人,2,中國國民黨,25524,12.06,Y
1998,議員,區域,臺北市,臺北市第05選區,14,陳英燦,1,新國家連線,7864,3.72,N
1998,議員,區域,臺北市,臺北市第05選區,15,劉金富,1,無,510,0.24,N
1998,議員,區域,臺北市,臺北市第05選區,16,顏聖冠,2,民主進步黨,22276,10.52,Y
1998,議員,區域,臺北市,臺北市第06選區,1,鄧家基,1,新黨,19243,6.2,Y
1998,議員,區域,臺北市,臺北市第06選區,2,李新,1,新黨,16500,5.32,Y
1998,議員,區域,臺北市,臺北市第06選區,3,江蓋世,1,民主進步黨,22906,7.38,Y
1998,議員,區域,臺北市,臺北市第06選區,4,陳錦祥,1,中國國民黨,19910,6.41,Y
1998,議員,區域,臺北市,臺北市第06選區,5,厲耿桂芳,2,中國國民黨,19418,6.26,Y
1998,議員,區域,臺北市,臺北市第06選區,6,郭儒釗,1,無,731,0.24,N
1998,議員,區域,臺北市,臺北市第06選區,7,柯景昇,1,民主進步黨,17210,5.54,Y
1998,議員,區域,臺北市,臺北市第06選區,8,彭渰雯,2,綠色本土清新黨,10501,3.38,N
1998,議員,區域,臺北市,臺北市第06選區,9,曾文華,1,建國黨,1987,0.64,N
1998,議員,區域,臺北市,臺北市第06選區,10,王長春,1,中國國民黨,8441,2.72,N
1998,議員,區域,臺北市,臺北市第06選區,11,張裕泰,1,無,9315,3,N
1998,議員,區域,臺北市,臺北市第06選區,12,周柏雅,1,民主進步黨,19496,6.28,Y
1998,議員,區域,臺北市,臺北市第06選區,13,李慶元,1,新黨,17821,5.74,Y
1998,議員,區域,臺北市,臺北市第06選區,14,秦儷舫,2,新黨,39089,12.59,Y
1998,議員,區域,臺北市,臺北市第06選區,15,林美娜,2,民主進步黨,11897,3.83,N
1998,議員,區域,臺北市,臺北市第06選區,16,蔣乃辛,1,中國國民黨,32921,10.61,Y
1998,議員,區域,臺北市,臺北市第06選區,17,林奕華,2,中國國民黨,16399,5.28,Y
1998,議員,區域,臺北市,臺北市第06選區,18,劉昌崙,1,中國國民黨,15657,5.04,N
1998,議員,區域,臺北市,臺北市第06選區,19,李慶鋒,1,民主進步黨,10950,3.53,N
1998,議員,區域,高雄市,高雄市第01選區,1,陳漢昇,1,中國國民黨,13924,14.17,Y
1998,議員,區域,高雄市,高雄市第01選區,2,蕭裕正,1,民主進步黨,14275,14.53,Y
1998,議員,區域,高雄市,高雄市第01選區,3,陳明吉,1,中國國民黨,7965,8.1,N
1998,議員,區域,高雄市,高雄市第01選區,4,張省吾,1,無,14175,14.42,Y
1998,議員,區域,高雄市,高雄市第01選區,5,趙幸男,1,中國國民黨,8373,8.52,N
1998,議員,區域,高雄市,高雄市第01選區,6,蔡松雄,1,無,12388,12.61,Y
1998,議員,區域,高雄市,高雄市第01選區,7,李喬如,2,民主進步黨,17328,17.63,Y
1998,議員,區域,高雄市,高雄市第01選區,8,鄭瑞平,2,中國國民黨,5510,5.61,N
1998,議員,區域,高雄市,高雄市第01選區,9,池學文,1,新黨,3193,3.25,N
1998,議員,區域,高雄市,高雄市第01選區,10,陳建達,1,無,1145,1.17,N
1998,議員,區域,高雄市,高雄市第02選區,1,林安亨,1,建國黨,670,0.43,N
1998,議員,區域,高雄市,高雄市第02選區,2,謝天助,1,無,2537,1.62,N
1998,議員,區域,高雄市,高雄市第02選區,3,張春粗,1,無,7518,4.81,N
1998,議員,區域,高雄市,高雄市第02選區,4,陳萬達,1,中國國民黨,11584,7.41,Y
1998,議員,區域,高雄市,高雄市第02選區,5,蔡朝鵬,1,民主進步黨,6583,4.21,N
1998,議員,區域,高雄市,高雄市第02選區,6,周秋敏,2,民主進步黨,6027,3.85,N
1998,議員,區域,高雄市,高雄市第02選區,7,張清泉,1,民主進步黨,9816,6.28,Y
1998,議員,區域,高雄市,高雄市第02選區,8,藍星木,1,中國國民黨,12384,7.92,Y
1998,議員,區域,高雄市,高雄市第02選區,9,蔡長根,1,民主進步黨,8557,5.47,N
1998,議員,區域,高雄市,高雄市第02選區,10,師興中,1,新黨,4269,2.73,N
1998,議員,區域,高雄市,高雄市第02選區,11,藍健菖,1,中國國民黨,10653,6.81,Y
1998,議員,區域,高雄市,高雄市第02選區,12,楊色玉,2,中國國民黨,15918,10.18,Y
1998,議員,區域,高雄市,高雄市第02選區,13,葉信誠,1,新黨,5636,3.6,N
1998,議員,區域,高雄市,高雄市第02選區,14,陳雲龍,1,中國國民黨,14406,9.21,Y
1998,議員,區域,高雄市,高雄市第02選區,15,周鍾溢,1,中國國民黨,11388,7.28,Y
1998,議員,區域,高雄市,高雄市第02選區,16,黃石龍,1,無,11546,7.38,Y
1998,議員,區域,高雄市,高雄市第02選區,17,劉麗娟,2,無,3499,2.24,N
1998,議員,區域,高雄市,高雄市第02選區,18,戴德銘,1,中國國民黨,13408,8.57,Y
1998,議員,區域,高雄市,高雄市第03選區,1,黃添財,1,中國國民黨,13441,7.33,Y
1998,議員,區域,高雄市,高雄市第03選區,2,吳重新,1,無,10581,5.77,Y
1998,議員,區域,高雄市,高雄市第03選區,3,鄭震源,1,無,1602,0.87,N
1998,議員,區域,高雄市,高雄市第03選區,4,黃昭星,1,民主進步黨,9832,5.36,N
1998,議員,區域,高雄市,高雄市第03選區,5,羅智強,1,無,3234,1.76,N
1998,議員,區域,高雄市,高雄市第03選區,6,張榮顯,1,中國國民黨,11289,6.16,Y
1998,議員,區域,高雄市,高雄市第03選區,7,陳麗伶,2,無,2792,1.52,N
1998,議員,區域,高雄市,高雄市第03選區,8,顏陳秀鑾,2,民主進步黨,6798,3.71,N
1998,議員,區域,高雄市,高雄市第03選區,9,徐傑堂,1,民主進步黨,8374,4.57,N
1998,議員,區域,高雄市,高雄市第03選區,10,林永堅,1,民主進步黨,18866,10.29,Y
1998,議員,區域,高雄市,高雄市第03選區,11,康月蓮,2,無,415,0.23,N
1998,議員,區域,高雄市,高雄市第03選區,12,梅再興,1,新黨,10018,5.47,Y
1998,議員,區域,高雄市,高雄市第03選區,13,黃啟川,1,無,19097,10.42,Y
1998,議員,區域,高雄市,高雄市第03選區,14,林武忠,1,民主進步黨,6719,3.67,N
1998,議員,區域,高雄市,高雄市第03選區,15,吳林淑敏,2,中國國民黨,8132,4.44,Y
1998,議員,區域,高雄市,高雄市第03選區,16,陳富榮,1,無,812,0.44,N
1998,議員,區域,高雄市,高雄市第03選區,17,蔡順安,1,中國國民黨,4835,2.64,N
1998,議員,區域,高雄市,高雄市第03選區,18,劉少春,1,中國國民黨,15016,8.19,Y
1998,議員,區域,高雄市,高雄市第03選區,19,吳長洪,1,無,760,0.41,N
1998,議員,區域,高雄市,高雄市第03選區,20,曾長發,1,中國國民黨,10277,5.61,Y
1998,議員,區域,高雄市,高雄市第03選區,21,楊文禮,1,無,668,0.36,N
1998,議員,區域,高雄市,高雄市第03選區,22,蔡見興,1,中國國民黨,13367,7.29,Y
1998,議員,區域,高雄市,高雄市第03選區,23,劉明松,1,建國黨,954,0.52,N
1998,議員,區域,高雄市,高雄市第03選區,24,陳武勳,1,建國黨,3520,1.92,N
1998,議員,區域,高雄市,高雄市第03選區,25,蔡財源,1,無,1874,1.02,N
1998,議員,區域,高雄市,高雄市第04選區,1,劉文經,1,無,532,0.32,N
1998,議員,區域,高雄市,高雄市第04選區,2,王志雄,1,中國國民黨,19286,11.66,Y
1998,議員,區域,高雄市,高雄市第04選區,3,莊啟旺,1,中國國民黨,12046,7.28,Y
1998,議員,區域,高雄市,高雄市第04選區,4,蔡龍居,1,建國黨,6584,3.98,N
1998,議員,區域,高雄市,高雄市第04選區,5,林崑山,1,民主進步黨,11005,6.65,N
1998,議員,區域,高雄市,高雄市第04選區,6,陳春生,1,民主進步黨,14391,8.7,Y
1998,議員,區域,高雄市,高雄市第04選區,7,陳惠凰,2,中國國民黨,4766,2.88,N
1998,議員,區域,高雄市,高雄市第04選區,8,龔睿宏,1,中國國民黨,4094,2.48,N
1998,議員,區域,高雄市,高雄市第04選區,9,梁奕權,1,無,217,0.13,N
1998,議員,區域,高雄市,高雄市第04選區,10,張瑞德,1,中國國民黨,13424,8.12,Y
1998,議員,區域,高雄市,高雄市第04選區,11,陳村雄,1,中國國民黨,14652,8.86,Y
1998,議員,區域,高雄市,高雄市第04選區,12,許榮貴,1,無,292,0.18,N
1998,議員,區域,高雄市,高雄市第04選區,13,許崑源,1,無,15653,9.46,Y
1998,議員,區域,高雄市,高雄市第04選區,14,黃芳仁,1,無,12762,7.72,Y
1998,議員,區域,高雄市,高雄市第04選區,15,詹永龍,1,民主進步黨,7507,4.54,N
1998,議員,區域,高雄市,高雄市第04選區,16,洪茂俊,1,中國國民黨,14248,8.61,Y
1998,議員,區域,高雄市,高雄市第04選區,17,陳玲俐,2,民主進步黨,10063,6.08,Y
1998,議員,區域,高雄市,高雄市第04選區,18,高洪達,1,新黨,3872,2.34,N
1998,議員,區域,高雄市,高雄市第05選區,1,朱安雄,1,中國國民黨,13862,7.51,Y
1998,議員,區域,高雄市,高雄市第05選區,2,卜明殿,1,無,6185,3.35,N
1998,議員,區域,高雄市,高雄市第05選區,3,鄭明進,1,無,2367,1.28,N
1998,議員,區域,高雄市,高雄市第05選區,4,林杰正,1,無,1695,0.92,N
1998,議員,區域,高雄市,高雄市第05選區,5,江振陸,1,民主進步黨,7232,3.92,N
1998,議員,區域,高雄市,高雄市第05選區,6,林崎,1,無,1748,0.95,N
1998,議員,區域,高雄市,高雄市第05選區,7,洪清安,1,無,3222,1.75,N
1998,議員,區域,高雄市,高雄市第05選區,8,宋石福,1,建國黨,2979,1.61,N
1998,議員,區域,高雄市,高雄市第05選區,9,安家元,1,中國國民黨,6947,3.77,N
1998,議員,區域,高雄市,高雄市第05選區,10,王青,2,民主進步黨,8708,4.72,Y
1998,議員,區域,高雄市,高雄市第05選區,11,蔡媽福,1,中國國民黨,11887,6.44,Y
1998,議員,區域,高雄市,高雄市第05選區,12,簡金城,1,無,10144,5.5,Y
1998,議員,區域,高雄市,高雄市第05選區,13,楊敏郎,1,中國國民黨,13207,7.16,Y
1998,議員,區域,高雄市,高雄市第05選區,14,蘇玉柱,1,無,7201,3.9,N
1998,議員,區域,高雄市,高雄市第05選區,15,陳政吉,1,中國國民黨,1026,0.56,N
1998,議員,區域,高雄市,高雄市第05選區,16,蔡文榮,1,無,3642,1.97,N
1998,議員,區域,高雄市,高雄市第05選區,17,楊林宏,1,新黨,3375,1.83,N
1998,議員,區域,高雄市,高雄市第05選區,18,朱文慶,1,無,12120,6.57,Y
1998,議員,區域,高雄市,高雄市第05選區,19,蔡慶源,1,中國國民黨,11445,6.2,Y
1998,議員,區域,高雄市,高雄市第05選區,20,曾阿緞,2,民主進步黨,4925,2.67,N
1998,議員,區域,高雄市,高雄市第05選區,21,郭玟成,1,民主進步黨,26194,14.2,Y
1998,議員,區域,高雄市,高雄市第05選區,22,洪居財,1,無,286,0.16,N
1998,議員,區域,高雄市,高雄市第05選區,23,高宗英,1,民主進步黨,8754,4.75,Y
1998,議員,區域,高雄市,高雄市第05選區,24,李復興,1,中國國民黨,11227,6.09,Y
1998,議員,區域,高雄市,高雄市第05選區,25,曾茂城,1,無,1630,0.88,N
1998,議員,區域,高雄市,高雄市第05選區,26,周寶枝,2,中國國民黨,2451,1.33,N
1998,議員,原住民,臺北市,臺北市,1,陳秀惠,2,民主進步黨,,,N
1998,議員,原住民,臺北市,臺北市,2,李銀來,1,中國國民黨,,,Y
1998,議員,原住民,高雄市,高雄市,1,撒卡伊,1,無,,,N
1998,議員,原住民,高雄市,高雄市,2,高玉生,1,無,,,N
1998,議員,原住民,高雄市,高雄市,3,曾夏娃,2,無,,,N
1998,議員,原住民,高雄市,高雄市,4,李建二,1,無,,,N
1998,議員,原住民,高雄市,高雄市,5,曾福三,1,中國國民黨,,,Y
1998,議員,原住民,高雄市,高雄市,6,張金水,1,無,,,N
1998,議員,原住民,高雄市,高雄市,7,潘秀利,1,無,,,N
1998,議員,原住民,高雄市,高雄市,8,高宇明,1,無,,,N
1998,議員,區域,臺北縣,臺北縣第1選區,1,黃忠信,1,無,10908,6.63,Y
1998,議員,區域,臺北縣,臺北縣第1選區,2,黃瑞燦,1,無,9794,5.95,Y
1998,議員,區域,臺北縣,臺北縣第1選區,3,潘金宗,1,無,942,0.57,N
1998,議員,區域,臺北縣,臺北縣第1選區,4,王淑慧,2,民主進步黨,10943,6.65,Y
1998,議員,區域,臺北縣,臺北縣第1選區,5,黃梓榮,1,中國國民黨,3352,2.04,N
1998,議員,區域,臺北縣,臺北縣第1選區,6,湯明達,1,新黨,7124,4.33,N
1998,議員,區域,臺北縣,臺北縣第1選區,7,趙燕昭,1,中國國民黨,6603,4.01,N
1998,議員,區域,臺北縣,臺北縣第1選區,8,賴金波,1,中國國民黨,9565,5.81,Y
1998,議員,區域,臺北縣,臺北縣第1選區,9,黃炳煌,1,民主進步黨,5664,3.44,N
1998,議員,區域,臺北縣,臺北縣第1選區,10,王景源,1,中國國民黨,8525,5.18,Y
1998,議員,區域,臺北縣,臺北縣第1選區,11,廖裕德,1,無,5988,3.64,N
1998,議員,區域,臺北縣,臺北縣第1選區,12,謝清海,1,無,208,0.13,N
1998,議員,區域,臺北縣,臺北縣第1選區,13,周勝考,1,中國國民黨,7502,4.56,Y
1998,議員,區域,臺北縣,臺北縣第1選區,14,林媽開,1,民主進步黨,5640,3.43,N
1998,議員,區域,臺北縣,臺北縣第1選區,15,何培才,1,中國國民黨,5348,3.25,N
1998,議員,區域,臺北縣,臺北縣第1選區,16,張宏銘,1,中國國民黨,3202,1.95,N
1998,議員,區域,臺北縣,臺北縣第1選區,17,劉姿鴻,2,無,8811,5.35,Y
1998,議員,區域,臺北縣,臺北縣第1選區,18,李淑華,2,新黨,6130,3.73,N
1998,議員,區域,臺北縣,臺北縣第1選區,19,王溪鬪,1,民主進步黨,5505,3.35,N
1998,議員,區域,臺北縣,臺北縣第1選區,20,曾文振,1,無,12538,7.62,Y
1998,議員,區域,臺北縣,臺北縣第1選區,21,周朝陽,1,建國黨,1689,1.03,N
1998,議員,區域,臺北縣,臺北縣第1選區,22,張慶堂,1,無,131,0.08,N
1998,議員,區域,臺北縣,臺北縣第1選區,23,林璽美,2,綠色本土清新黨,752,0.46,N
1998,議員,區域,臺北縣,臺北縣第1選區,24,徐秀廷,1,無,12826,7.79,Y
1998,議員,區域,臺北縣,臺北縣第1選區,25,李偉群,1,無,4791,2.91,N
1998,議員,區域,臺北縣,臺北縣第1選區,26,王淑惠,2,中國國民黨,10068,6.12,Y
1998,議員,區域,臺北縣,臺北縣第2選區,1,李睦勤,2,無,4049,3.38,N
1998,議員,區域,臺北縣,臺北縣第2選區,2,王順發,1,中國國民黨,6869,5.73,N
1998,議員,區域,臺北縣,臺北縣第2選區,3,朱佩瑛,2,中國國民黨,11400,9.50,Y
1998,議員,區域,臺北縣,臺北縣第2選區,4,林秀惠,2,民主進步黨,8359,6.97,N
1998,議員,區域,臺北縣,臺北縣第2選區,5,游文煌,1,新黨,9030,7.53,Y
1998,議員,區域,臺北縣,臺北縣第2選區,6,游輝廷,1,中國國民黨,10438,8.70,Y
1998,議員,區域,臺北縣,臺北縣第2選區,7,邱垂益,1,中國國民黨,14662,12.22,Y
1998,議員,區域,臺北縣,臺北縣第2選區,8,徐秉賢,1,民主進步黨,7627,6.36,N
1998,議員,區域,臺北縣,臺北縣第2選區,9,張瑞山,1,民主進步黨,7186,5.99,N
1998,議員,區域,臺北縣,臺北縣第2選區,10,簡文劉,1,中國國民黨,10485,8.74,Y
1998,議員,區域,臺北縣,臺北縣第2選區,11,游詩源,1,中國國民黨,8643,7.21,Y
1998,議員,區域,臺北縣,臺北縣第2選區,12,陳錦錠,2,中國國民黨,15429,12.86,Y
1998,議員,區域,臺北縣,臺北縣第2選區,13,陳光宇,2,綠色本土清新黨,1198,1.00,N
1998,議員,區域,臺北縣,臺北縣第2選區,14,侯國華,1,新黨,4580,3.82,N
1998,議員,區域,臺北縣,臺北縣第3選區,1,林雪琴,2,民主進步黨,10728,15.94,Y
1998,議員,區域,臺北縣,臺北縣第3選區,2,劉君驥,1,新黨,8032,11.93,N
1998,議員,區域,臺北縣,臺北縣第3選區,3,陳鴻源,1,中國國民黨,14425,21.43,Y
1998,議員,區域,臺北縣,臺北縣第3選區,4,石筑翎,2,中國國民黨,2610,3.88,N
1998,議員,區域,臺北縣,臺北縣第3選區,5,孫和連,1,無,4074,6.05,N
1998,議員,區域,臺北縣,臺北縣第3選區,6,劉枝發,1,無,2454,3.65,N
1998,議員,區域,臺北縣,臺北縣第3選區,7,金介壽,1,新黨,9179,13.64,Y
1998,議員,區域,臺北縣,臺北縣第3選區,8,萬世忠,1,無,580,0.86,N
1998,議員,區域,臺北縣,臺北縣第3選區,9,果春暉,1,無,642,0.95,N
1998,議員,區域,臺北縣,臺北縣第3選區,10,蘇貴碧,2,中國國民黨,14578,21.66,Y
1998,議員,區域,臺北縣,臺北縣第4選區,1,呂進福,1,中國國民黨,11625,7.99,Y
1998,議員,區域,臺北縣,臺北縣第4選區,2,蔡黃隆,1,新黨,5515,3.79,N
1998,議員,區域,臺北縣,臺北縣第4選區,3,林宗賢,1,無,441,0.30,N
1998,議員,區域,臺北縣,臺北縣第4選區,4,蘇有仁,1,中國國民黨,14642,10.07,Y
1998,議員,區域,臺北縣,臺北縣第4選區,5,李震東,1,無,117,0.08,N
1998,議員,區域,臺北縣,臺北縣第4選區,6,高敏慧,2,民主進步黨,9026,6.21,Y
1998,議員,區域,臺北縣,臺北縣第4選區,7,朱子孟,1,中國國民黨,8880,6.11,Y
1998,議員,區域,臺北縣,臺北縣第4選區,8,林阿坤,1,民主進步黨,12270,8.44,Y
1998,議員,區域,臺北縣,臺北縣第4選區,9,王明麗,2,中國國民黨,12914,8.88,Y
1998,議員,區域,臺北縣,臺北縣第4選區,10,簡長文,1,民主進步黨,3791,2.61,N
1998,議員,區域,臺北縣,臺北縣第4選區,11,陳金蓮,2,無,76,0.05,N
1998,議員,區域,臺北縣,臺北縣第4選區,12,林子文,1,無,1391,0.96,N
1998,議員,區域,臺北縣,臺北縣第4選區,13,連明智,1,無,7123,4.90,N
1998,議員,區域,臺北縣,臺北縣第4選區,14,任尚崇,1,建國黨,1022,0.70,N
1998,議員,區域,臺北縣,臺北縣第4選區,15,王競,2,無,2843,1.95,N
1998,議員,區域,臺北縣,臺北縣第4選區,16,何玉枝,2,中國國民黨,10258,7.05,Y
1998,議員,區域,臺北縣,臺北縣第4選區,17,于正宗,1,無,2608,1.79,N
1998,議員,區域,臺北縣,臺北縣第4選區,18,林景山,1,民主進步黨,5746,3.95,N
1998,議員,區域,臺北縣,臺北縣第4選區,19,石焜墉,1,新黨,2119,1.46,N
1998,議員,區域,臺北縣,臺北縣第4選區,20,盧嘉辰,1,無,8768,6.03,Y
1998,議員,區域,臺北縣,臺北縣第4選區,21,陳世榮,1,民主進步黨,11585,7.97,Y
1998,議員,區域,臺北縣,臺北縣第4選區,22,江澤龍,1,中國國民黨,7757,5.33,N
1998,議員,區域,臺北縣,臺北縣第4選區,23,黃永昌,1,無,4915,3.38,N
1998,議員,區域,臺北縣,臺北縣第5選區,1,周慶陽,1,無,8708,5.26,Y
1998,議員,區域,臺北縣,臺北縣第5選區,2,胡淑蓉,2,無,2700,1.63,N
1998,議員,區域,臺北縣,臺北縣第5選區,3,陳幸宜,2,無,2628,1.59,N
1998,議員,區域,臺北縣,臺北縣第5選區,4,蔡憲輝,1,無,3861,2.33,N
1998,議員,區域,臺北縣,臺北縣第5選區,5,賈鴻秋,2,中國國民黨,1381,0.83,N
1998,議員,區域,臺北縣,臺北縣第5選區,6,余彥傑,1,中國國民黨,1705,1.03,N
1998,議員,區域,臺北縣,臺北縣第5選區,7,王祥義,1,無,1804,1.09,N
1998,議員,區域,臺北縣,臺北縣第5選區,8,李國清,1,無,1010,0.61,N
1998,議員,區域,臺北縣,臺北縣第5選區,9,陳信義,1,中國國民黨,12536,7.57,Y
1998,議員,區域,臺北縣,臺北縣第5選區,10,陳炳煌,1,中國國民黨,4668,2.82,N
1998,議員,區域,臺北縣,臺北縣第5選區,11,林國雄,1,民主進步黨,6448,3.90,N
1998,議員,區域,臺北縣,臺北縣第5選區,12,吳金魚,1,無,563,0.34,N
1998,議員,區域,臺北縣,臺北縣第5選區,13,連文智,1,無,260,0.16,N
1998,議員,區域,臺北縣,臺北縣第5選區,14,陳幸進,1,中國國民黨,15962,9.64,Y
1998,議員,區域,臺北縣,臺北縣第5選區,15,蔡明堂,1,中國國民黨,10666,6.44,Y
1998,議員,區域,臺北縣,臺北縣第5選區,16,張素真,2,無,3612,2.18,N
1998,議員,區域,臺北縣,臺北縣第5選區,17,鄭金隆,1,民主進步黨,11964,7.23,Y
1998,議員,區域,臺北縣,臺北縣第5選區,18,林調和,1,無,1709,1.03,N
1998,議員,區域,臺北縣,臺北縣第5選區,19,李余典,1,無,10493,6.34,Y
1998,議員,區域,臺北縣,臺北縣第5選區,20,王興國,1,無,2260,1.37,N
1998,議員,區域,臺北縣,臺北縣第5選區,21,何仰山,1,無,10534,6.36,Y
1998,議員,區域,臺北縣,臺北縣第5選區,22,高月嬌,2,民主進步黨,4328,2.61,N
1998,議員,區域,臺北縣,臺北縣第5選區,23,林孝光,1,中國國民黨,8622,5.21,Y
1998,議員,區域,臺北縣,臺北縣第5選區,24,李學益,1,中國國民黨,17622,10.65,Y
1998,議員,區域,臺北縣,臺北縣第5選區,25,朱永惠,1,民主進步黨,3392,2.05,N
1998,議員,區域,臺北縣,臺北縣第5選區,26,林淑芬,2,民主進步黨,9531,5.76,Y
1998,議員,區域,臺北縣,臺北縣第5選區,27,陶塨,1,新黨,4382,2.65,N
1998,議員,區域,臺北縣,臺北縣第5選區,28,陳定源,1,建國黨,2174,1.31,N
1998,議員,區域,臺北縣,臺北縣第6選區,1,陳文治,1,民主進步黨,9379,6.42,Y
1998,議員,區域,臺北縣,臺北縣第6選區,2,黃國祥,1,中國國民黨,5370,3.68,N
1998,議員,區域,臺北縣,臺北縣第6選區,3,林重信,1,中國國民黨,6563,4.49,Y
1998,議員,區域,臺北縣,臺北縣第6選區,4,陳長榮,1,無,6166,4.22,N
1998,議員,區域,臺北縣,臺北縣第6選區,5,黃茂松,1,中國國民黨,4852,3.32,N
1998,議員,區域,臺北縣,臺北縣第6選區,6,周茂春,1,建國黨,952,0.65,N
1998,議員,區域,臺北縣,臺北縣第6選區,7,曹來旺,1,民主進步黨,7410,5.07,Y
1998,議員,區域,臺北縣,臺北縣第6選區,8,陳俊秀,1,無,2103,1.44,N
1998,議員,區域,臺北縣,臺北縣第6選區,9,楊世興,1,無,11096,7.60,Y
1998,議員,區域,臺北縣,臺北縣第6選區,10,徐陳麗華,2,中國國民黨,6052,4.14,Y
1998,議員,區域,臺北縣,臺北縣第6選區,11,丁小川,1,新黨,4179,2.86,N
1998,議員,區域,臺北縣,臺北縣第6選區,12,鄭杏種,2,民主進步黨,4430,3.03,N
1998,議員,區域,臺北縣,臺北縣第6選區,13,蔡郁男,1,中國國民黨,7101,4.86,Y
1998,議員,區域,臺北縣,臺北縣第6選區,14,張彥博,1,新黨,2451,1.68,N
1998,議員,區域,臺北縣,臺北縣第6選區,15,蔡來成,1,無,2514,1.72,N
1998,議員,區域,臺北縣,臺北縣第6選區,16,蔡健棠,1,中國國民黨,5071,3.47,N
1998,議員,區域,臺北縣,臺北縣第6選區,17,黃中興,1,中國國民黨,12544,8.59,Y
1998,議員,區域,臺北縣,臺北縣第6選區,18,張當木,1,中國國民黨,5925,4.06,N
1998,議員,區域,臺北縣,臺北縣第6選區,19,許炳崑,1,中國國民黨,14201,9.72,Y
1998,議員,區域,臺北縣,臺北縣第6選區,20,林義一,1,無,7330,5.02,Y
1998,議員,區域,臺北縣,臺北縣第6選區,21,張孟育,1,民主進步黨,5410,3.70,N
1998,議員,區域,臺北縣,臺北縣第6選區,22,吳天麟,1,民主進步黨,4399,3.01,N
1998,議員,區域,臺北縣,臺北縣第6選區,23,蔡正森,1,中國國民黨,7280,4.98,Y
1998,議員,區域,臺北縣,臺北縣第6選區,24,張益廣,1,無,3284,2.25,N
1998,議員,區域,臺北縣,臺北縣第7選區,1,林光燿,1,無,2118,3.95,N
1998,議員,區域,臺北縣,臺北縣第7選區,2,郭拱照,1,中國國民黨,13754,25.67,Y
1998,議員,區域,臺北縣,臺北縣第7選區,3,王文賓,1,建國黨,618,1.15,N
1998,議員,區域,臺北縣,臺北縣第7選區,4,鄭振豐,1,民主進步黨,7286,13.60,N
1998,議員,區域,臺北縣,臺北縣第7選區,5,張旭昇,1,無,3771,7.04,N
1998,議員,區域,臺北縣,臺北縣第7選區,6,李文德,1,中國國民黨,11103,20.73,Y
1998,議員,區域,臺北縣,臺北縣第7選區,7,呂子昌,1,無,13330,24.88,Y
1998,議員,區域,臺北縣,臺北縣第7選區,8,樓震威,1,新黨,1591,2.97,N
1998,議員,區域,臺北縣,臺北縣第8選區,1,王雲紀,1,無,589,1.02,N
1998,議員,區域,臺北縣,臺北縣第8選區,2,沈發惠,1,民主進步黨,12657,21.81,Y
1998,議員,區域,臺北縣,臺北縣第8選區,3,胡克勤,1,新黨,5123,8.83,N
1998,議員,區域,臺北縣,臺北縣第8選區,4,李國芳,1,中國國民黨,10471,18.05,Y
1998,議員,區域,臺北縣,臺北縣第8選區,5,唐瓔庭,1,無,8492,14.63,N
1998,議員,區域,臺北縣,臺北縣第8選區,6,黃建清,1,中國國民黨,17902,30.85,Y
1998,議員,區域,臺北縣,臺北縣第8選區,7,江麗玉,2,無,2793,4.81,N
1998,議員,區域,臺北縣,臺北縣第9選區,1,吳滄富,1,中國國民黨,15073,36.66,Y
1998,議員,區域,臺北縣,臺北縣第9選區,2,顏世雄,1,民主進步黨,14405,35.04,Y
1998,議員,區域,臺北縣,臺北縣第9選區,3,王瑞琦,1,無,11635,28.30,N
1998,議員,區域,臺北縣,臺北縣第10選區,1,金中玉,1,中國國民黨,13832,15.57,Y
1998,議員,區域,臺北縣,臺北縣第10選區,2,陳永福,1,民主進步黨,20832,23.45,Y
1998,議員,區域,臺北縣,臺北縣第10選區,3,林重誠,1,新黨,11113,12.51,Y
1998,議員,區域,臺北縣,臺北縣第10選區,4,許再恩,1,中國國民黨,16722,18.83,Y
1998,議員,區域,臺北縣,臺北縣第10選區,5,黃頌之,1,中國國民黨,6693,7.54,N
1998,議員,區域,臺北縣,臺北縣第10選區,6,郭秋萍,2,綠色本土清新黨,2921,3.29,N
1998,議員,區域,臺北縣,臺北縣第10選區,7,陳梅嬌,2,中國國民黨,6605,7.44,Y
1998,議員,區域,臺北縣,臺北縣第10選區,8,戴幼虎,1,新黨,10105,11.38,N
1998,議員,區域,宜蘭縣,宜蘭縣第1選區,1,林錫明,1,無,3734,9.46,Y
1998,議員,區域,宜蘭縣,宜蘭縣第1選區,2,林文欽,1,無,1234,3.13,N
1998,議員,區域,宜蘭縣,宜蘭縣第1選區,3,林梧桐,1,中國國民黨,1235,3.13,N
1998,議員,區域,宜蘭縣,宜蘭縣第1選區,4,張建榮,1,中國國民黨,7372,18.68,Y
1998,議員,區域,宜蘭縣,宜蘭縣第1選區,5,高雙印,1,中國國民黨,1245,3.15,N
1998,議員,區域,宜蘭縣,宜蘭縣第1選區,6,林榮星,1,中國國民黨,3265,8.27,Y
1998,議員,區域,宜蘭縣,宜蘭縣第1選區,7,吳福田,1,民主進步黨,3720,9.43,Y
1998,議員,區域,宜蘭縣,宜蘭縣第1選區,8,李孟潔,2,無,2070,5.25,N
1998,議員,區域,宜蘭縣,宜蘭縣第1選區,9,江碧華,2,中國國民黨,2571,6.52,Y
1998,議員,區域,宜蘭縣,宜蘭縣第1選區,10,尤正國,1,中國國民黨,2206,5.59,N
1998,議員,區域,宜蘭縣,宜蘭縣第1選區,11,謝阿溪,1,中國國民黨,3582,9.08,Y
1998,議員,區域,宜蘭縣,宜蘭縣第1選區,12,林振三,1,新黨,681,1.73,N
1998,議員,區域,宜蘭縣,宜蘭縣第1選區,13,李鑫城,1,民主進步黨,2110,5.35,N
1998,議員,區域,宜蘭縣,宜蘭縣第1選區,14,林海進,1,中國國民黨,3094,7.84,N
1998,議員,區域,宜蘭縣,宜蘭縣第1選區,15,莊阿養,1,民主進步黨,1343,3.40,N
1998,議員,區域,宜蘭縣,宜蘭縣第2選區,1,關得基,1,無,5145,31.89,Y
1998,議員,區域,宜蘭縣,宜蘭縣第2選區,2,陳秀暖,2,無,5930,36.75,Y
1998,議員,區域,宜蘭縣,宜蘭縣第2選區,3,林樂善,1,中國國民黨,5060,31.36,N
1998,議員,區域,宜蘭縣,宜蘭縣第3選區,1,林政盛,1,中國國民黨,4063,21.51,Y
1998,議員,區域,宜蘭縣,宜蘭縣第3選區,2,李清林,1,中國國民黨,3453,18.28,Y
1998,議員,區域,宜蘭縣,宜蘭縣第3選區,3,林世民,1,民主進步黨,2470,13.08,N
1998,議員,區域,宜蘭縣,宜蘭縣第3選區,4,林懋倉,1,無,3108,16.45,N
1998,議員,區域,宜蘭縣,宜蘭縣第3選區,5,魏仁吉,1,無,2626,13.90,N
1998,議員,區域,宜蘭縣,宜蘭縣第3選區,6,游旺欉,1,中國國民黨,3170,16.78,Y
1998,議員,區域,宜蘭縣,宜蘭縣第4選區,1,林錦坤,1,無,788,5.18,N
1998,議員,區域,宜蘭縣,宜蘭縣第4選區,2,簡連發,1,民主進步黨,4879,32.04,Y
1998,議員,區域,宜蘭縣,宜蘭縣第4選區,3,黃浴沂,1,中國國民黨,5019,32.96,Y
1998,議員,區域,宜蘭縣,宜蘭縣第4選區,4,黃重邱,1,無,3250,21.35,N
1998,議員,區域,宜蘭縣,宜蘭縣第4選區,5,林萬春,1,新黨,1290,8.47,N
1998,議員,區域,宜蘭縣,宜蘭縣第5選區,1,陳福山,1,民主進步黨,3376,23.51,Y
1998,議員,區域,宜蘭縣,宜蘭縣第5選區,2,陳榮宗,1,無,2066,14.39,N
1998,議員,區域,宜蘭縣,宜蘭縣第5選區,3,歐耀北,1,中國國民黨,3370,23.47,Y
1998,議員,區域,宜蘭縣,宜蘭縣第5選區,4,張樟琳,1,中國國民黨,2503,17.43,N
1998,議員,區域,宜蘭縣,宜蘭縣第5選區,5,林水金,1,民主進步黨,3046,21.21,N
1998,議員,區域,宜蘭縣,宜蘭縣第6選區,1,林姿妙,2,中國國民黨,3617,14.39,Y
1998,議員,區域,宜蘭縣,宜蘭縣第6選區,2,謝志得,1,民主進步黨,2978,11.85,N
1998,議員,區域,宜蘭縣,宜蘭縣第6選區,3,張哲瑋,2,民主進步黨,1062,4.22,N
1998,議員,區域,宜蘭縣,宜蘭縣第6選區,4,魏炎輝,1,中國國民黨,3930,15.63,Y
1998,議員,區域,宜蘭縣,宜蘭縣第6選區,5,謝榮洲,1,民主進步黨,2803,11.15,N
1998,議員,區域,宜蘭縣,宜蘭縣第6選區,6,林傳泉,1,中國國民黨,3309,13.16,Y
1998,議員,區域,宜蘭縣,宜蘭縣第6選區,7,黃呈浦,1,無,507,2.02,N
1998,議員,區域,宜蘭縣,宜蘭縣第6選區,8,劉添梧,1,民主進步黨,3772,15.01,Y
1998,議員,區域,宜蘭縣,宜蘭縣第6選區,9,賴翰霆,1,中國國民黨,3159,12.57,Y
1998,議員,區域,宜蘭縣,宜蘭縣第7選區,1,羅素貞,2,中國國民黨,2704,16.50,Y
1998,議員,區域,宜蘭縣,宜蘭縣第7選區,2,黃適超,1,民主進步黨,3761,22.95,Y
1998,議員,區域,宜蘭縣,宜蘭縣第7選區,3,林進財,1,民主進步黨,3261,19.90,Y
1998,議員,區域,宜蘭縣,宜蘭縣第7選區,4,黃武助,1,無,2015,12.29,N
1998,議員,區域,宜蘭縣,宜蘭縣第7選區,5,林朝旺,1,中國國民黨,2494,15.22,N
1998,議員,區域,宜蘭縣,宜蘭縣第7選區,6,簡漢文,1,無,2156,13.15,N
1998,議員,區域,宜蘭縣,宜蘭縣第8選區,1,張春煌,1,中國國民黨,5249,23.29,Y
1998,議員,區域,宜蘭縣,宜蘭縣第8選區,2,官樹林,1,無,874,3.88,N
1998,議員,區域,宜蘭縣,宜蘭縣第8選區,3,劉石純,1,中國國民黨,4799,21.29,Y
1998,議員,區域,宜蘭縣,宜蘭縣第8選區,4,楊政誠,1,中國國民黨,4347,19.29,Y
1998,議員,區域,宜蘭縣,宜蘭縣第8選區,5,游祥德,1,民主進步黨,4255,18.88,Y
1998,議員,區域,宜蘭縣,宜蘭縣第8選區,6,游振亮,1,民主進步黨,3016,13.38,N
1998,議員,區域,宜蘭縣,宜蘭縣第9選區,1,林永爍,1,中國國民黨,215,1.82,N
1998,議員,區域,宜蘭縣,宜蘭縣第9選區,2,劉燉亮,1,民主進步黨,3284,27.86,N
1998,議員,區域,宜蘭縣,宜蘭縣第9選區,3,江明勝,1,無,3758,31.88,Y
1998,議員,區域,宜蘭縣,宜蘭縣第9選區,4,陳文昌,1,民主進步黨,4531,38.44,Y
1998,議員,區域,宜蘭縣,宜蘭縣第10選區,1,林棋山,1,中國國民黨,4275,18.40,Y
1998,議員,區域,宜蘭縣,宜蘭縣第10選區,2,李德發,1,民主進步黨,2999,12.90,N
1998,議員,區域,宜蘭縣,宜蘭縣第10選區,3,王明輝,1,無,2510,10.80,N
1998,議員,區域,宜蘭縣,宜蘭縣第10選區,4,陳金麟,1,中國國民黨,4937,21.24,Y
1998,議員,區域,宜蘭縣,宜蘭縣第10選區,5,林正標,1,中國國民黨,4269,18.37,N
1998,議員,區域,宜蘭縣,宜蘭縣第10選區,6,陳正男,1,中國國民黨,4250,18.29,Y
1998,議員,區域,桃園縣,桃園縣第1選區,1,陳炎坤,1,中國國民黨,4029,4.48,Y
1998,議員,區域,桃園縣,桃園縣第1選區,2,簡長江,1,無,3737,4.15,N
1998,議員,區域,桃園縣,桃園縣第1選區,3,江衍灝,1,中國國民黨,1454,1.62,N
1998,議員,區域,桃園縣,桃園縣第1選區,4,林哲藝,1,無,4415,4.91,Y
1998,議員,區域,桃園縣,桃園縣第1選區,5,吳寶玉,2,民主進步黨,3362,3.74,N
1998,議員,區域,桃園縣,桃園縣第1選區,6,劉大福,1,民主進步黨,3340,3.71,N
1998,議員,區域,桃園縣,桃園縣第1選區,7,林長茂,1,建國黨,502,0.56,N
1998,議員,區域,桃園縣,桃園縣第1選區,8,陳一光,1,無,636,0.71,N
1998,議員,區域,桃園縣,桃園縣第1選區,9,范綱祥,1,民主進步黨,3521,3.91,N
1998,議員,區域,桃園縣,桃園縣第1選區,10,呂秀紋,2,無,981,1.09,N
1998,議員,區域,桃園縣,桃園縣第1選區,11,黃清海,1,無,871,0.97,N
1998,議員,區域,桃園縣,桃園縣第1選區,12,楊麗環,2,中國國民黨,4037,4.49,Y
1998,議員,區域,桃園縣,桃園縣第1選區,13,陳鵬仁,1,無,1100,1.22,N
1998,議員,區域,桃園縣,桃園縣第1選區,14,李東成,1,無,318,0.35,N
1998,議員,區域,桃園縣,桃園縣第1選區,15,黃哲鐘,1,中國國民黨,4169,4.63,Y
1998,議員,區域,桃園縣,桃園縣第1選區,16,楊添丁,1,民主進步黨,4618,5.13,Y
1998,議員,區域,桃園縣,桃園縣第1選區,17,楊淵源,1,無,496,0.55,N
1998,議員,區域,桃園縣,桃園縣第1選區,18,廖輝星,1,民主進步黨,2703,3.00,N
1998,議員,區域,桃園縣,桃園縣第1選區,19,黃享欽,1,無,3711,4.12,N
1998,議員,區域,桃園縣,桃園縣第1選區,20,陳義誠,1,中國國民黨,2461,2.74,N
1998,議員,區域,桃園縣,桃園縣第1選區,21,李曉鐘,1,無,3849,4.28,Y
1998,議員,區域,桃園縣,桃園縣第1選區,22,游進來,1,民主進步黨,2020,2.25,N
1998,議員,區域,桃園縣,桃園縣第1選區,23,邱德順,1,無,5217,5.80,Y
1998,議員,區域,桃園縣,桃園縣第1選區,24,卓德樹,1,無,4176,4.64,Y
1998,議員,區域,桃園縣,桃園縣第1選區,25,黃婉如,2,無,6107,6.79,Y
1998,議員,區域,桃園縣,桃園縣第1選區,26,張貴美,2,無,102,0.11,N
1998,議員,區域,桃園縣,桃園縣第1選區,27,林良益,1,無,5415,6.02,Y
1998,議員,區域,桃園縣,桃園縣第1選區,28,李仁傑,1,新黨,867,0.96,N
1998,議員,區域,桃園縣,桃園縣第1選區,29,王景成,1,無,1564,1.74,N
1998,議員,區域,桃園縣,桃園縣第1選區,30,蔡心苑,2,新黨,2678,2.98,N
1998,議員,區域,桃園縣,桃園縣第1選區,31,蕭豐湧,1,中國國民黨,2599,2.89,N
1998,議員,區域,桃園縣,桃園縣第1選區,32,王黃秀雲,2,無,860,0.96,N
1998,議員,區域,桃園縣,桃園縣第1選區,33,楊瑞裕,1,無,209,0.23,N
1998,議員,區域,桃園縣,桃園縣第1選區,34,林山峰,1,無,3843,4.27,N
1998,議員,區域,桃園縣,桃園縣第2選區,1,牛廉,1,無,1049,3.15,N
1998,議員,區域,桃園縣,桃園縣第2選區,2,許誠,1,新黨,1451,4.35,N
1998,議員,區域,桃園縣,桃園縣第2選區,3,呂學記,1,中國國民黨,4576,13.72,Y
1998,議員,區域,桃園縣,桃園縣第2選區,4,陳志謀,1,民主進步黨,5355,16.06,Y
1998,議員,區域,桃園縣,桃園縣第2選區,5,黃萬吉,1,無,620,1.86,N
1998,議員,區域,桃園縣,桃園縣第2選區,6,李雲強,1,無,694,2.08,N
1998,議員,區域,桃園縣,桃園縣第2選區,7,黃雅琴,2,中國國民黨,3447,10.34,N
1998,議員,區域,桃園縣,桃園縣第2選區,8,黃世鎮,1,無,4158,12.47,N
1998,議員,區域,桃園縣,桃園縣第2選區,9,李鎮楠,1,民主進步黨,5405,16.21,Y
1998,議員,區域,桃園縣,桃園縣第2選區,10,曾忠義,1,中國國民黨,6594,19.77,Y
1998,議員,區域,桃園縣,桃園縣第3選區,1,劉彥宏,1,無,1601,3.03,N
1998,議員,區域,桃園縣,桃園縣第3選區,2,鄭銀福,1,新黨,4826,9.15,Y
1998,議員,區域,桃園縣,桃園縣第3選區,3,何政雄,1,中國國民黨,4615,8.75,N
1998,議員,區域,桃園縣,桃園縣第3選區,4,呂邱葉,2,民主進步黨,7033,13.33,Y
1998,議員,區域,桃園縣,桃園縣第3選區,5,吳盛助,1,中國國民黨,2973,5.63,N
1998,議員,區域,桃園縣,桃園縣第3選區,6,鄭文燦,1,民主進步黨,9163,17.37,Y
1998,議員,區域,桃園縣,桃園縣第3選區,7,黃光月,1,中國國民黨,5528,10.48,Y
1998,議員,區域,桃園縣,桃園縣第3選區,8,邱顯寶,1,無,3159,5.99,N
1998,議員,區域,桃園縣,桃園縣第3選區,9,劉茂群,2,中國國民黨,9082,17.21,Y
1998,議員,區域,桃園縣,桃園縣第3選區,10,陳文慧,2,新黨,4781,9.06,N
1998,議員,區域,桃園縣,桃園縣第4選區,1,吳健煌,1,無,1552,5.82,N
1998,議員,區域,桃園縣,桃園縣第4選區,2,劉宏漢,1,無,2659,9.97,N
1998,議員,區域,桃園縣,桃園縣第4選區,3,黃政得,1,中國國民黨,4585,17.19,Y
1998,議員,區域,桃園縣,桃園縣第4選區,4,李訓求,1,無,5157,19.33,Y
1998,議員,區域,桃園縣,桃園縣第4選區,5,陳金闊,1,新黨,834,3.13,N
1998,議員,區域,桃園縣,桃園縣第4選區,6,林晉祿,1,民主進步黨,7491,28.08,Y
1998,議員,區域,桃園縣,桃園縣第4選區,7,褚水源,1,中國國民黨,4399,16.49,N
1998,議員,區域,桃園縣,桃園縣第5選區,1,林清松,1,中國國民黨,5401,18.41,Y
1998,議員,區域,桃園縣,桃園縣第5選區,2,黃秀勤,2,民主進步黨,4888,16.66,N
1998,議員,區域,桃園縣,桃園縣第5選區,3,呂水田,1,中國國民黨,7910,26.96,Y
1998,議員,區域,桃園縣,桃園縣第5選區,4,張水陳,1,中國國民黨,5004,17.06,N
1998,議員,區域,桃園縣,桃園縣第5選區,5,游象經,1,中國國民黨,4518,15.40,N
1998,議員,區域,桃園縣,桃園縣第5選區,6,簡金墩,1,中國國民黨,1616,5.51,N
1998,議員,區域,桃園縣,桃園縣第6選區,1,劉安村,1,民主進步黨,3258,10.44,N
1998,議員,區域,桃園縣,桃園縣第6選區,2,邱創良,1,中國國民黨,5575,17.86,Y
1998,議員,區域,桃園縣,桃園縣第6選區,3,楊朝偉,1,中國國民黨,5272,16.89,Y
1998,議員,區域,桃園縣,桃園縣第6選區,4,林東霖,1,無,3484,11.16,N
1998,議員,區域,桃園縣,桃園縣第6選區,5,郭進德,1,無,1754,5.62,N
1998,議員,區域,桃園縣,桃園縣第6選區,6,黃慶章,1,中國國民黨,3478,11.14,N
1998,議員,區域,桃園縣,桃園縣第6選區,7,呂芳鎮,1,中國國民黨,8393,26.89,Y
1998,議員,區域,桃園縣,桃園縣第7選區,1,張運炳,1,無,4281,3.97,N
1998,議員,區域,桃園縣,桃園縣第7選區,2,呂明美,2,中國國民黨,3912,3.63,Y
1998,議員,區域,桃園縣,桃園縣第7選區,3,魯明哲,1,新黨,3399,3.15,N
1998,議員,區域,桃園縣,桃園縣第7選區,4,黃金土,1,無,3530,3.27,N
1998,議員,區域,桃園縣,桃園縣第7選區,5,呂誠誼,1,民主進步黨,4284,3.97,Y
1998,議員,區域,桃園縣,桃園縣第7選區,6,吳振橐,1,無,210,0.19,N
1998,議員,區域,桃園縣,桃園縣第7選區,7,詹勳能,1,無,3108,2.88,N
1998,議員,區域,桃園縣,桃園縣第7選區,8,邱奕勝,1,中國國民黨,6119,5.68,Y
1998,議員,區域,桃園縣,桃園縣第7選區,9,劉奕財,1,無,1825,1.69,N
1998,議員,區域,桃園縣,桃園縣第7選區,10,王菁華,1,無,444,0.41,N
1998,議員,區域,桃園縣,桃園縣第7選區,11,劉邦土,1,無,3946,3.66,N
1998,議員,區域,桃園縣,桃園縣第7選區,12,鍾火貴,1,中國國民黨,3353,3.11,N
1998,議員,區域,桃園縣,桃園縣第7選區,13,程建新,1,無,742,0.69,N
1998,議員,區域,桃園縣,桃園縣第7選區,14,張馮金蓮,2,無,1728,1.60,N
1998,議員,區域,桃園縣,桃園縣第7選區,15,黃金龍,1,中國國民黨,3377,3.13,N
1998,議員,區域,桃園縣,桃園縣第7選區,16,陳振國,1,無,170,0.16,N
1998,議員,區域,桃園縣,桃園縣第7選區,17,吳餘東,1,中國國民黨,7669,7.11,Y
1998,議員,區域,桃園縣,桃園縣第7選區,18,陳瑞謀,1,無,2387,2.21,N
1998,議員,區域,桃園縣,桃園縣第7選區,19,林傳國,1,中國國民黨,5821,5.40,Y
1998,議員,區域,桃園縣,桃園縣第7選區,20,陳玉牒,1,民主進步黨,3354,3.11,N
1998,議員,區域,桃園縣,桃園縣第7選區,21,吳挺生,1,社會改革黨,325,0.30,N
1998,議員,區域,桃園縣,桃園縣第7選區,22,陳志弘,1,無,3176,2.95,N
1998,議員,區域,桃園縣,桃園縣第7選區,23,蔡文輝,1,中國國民黨,1686,1.56,N
1998,議員,區域,桃園縣,桃園縣第7選區,24,葉步樑,1,中國國民黨,6370,5.91,Y
1998,議員,區域,桃園縣,桃園縣第7選區,25,葉連燈,1,無,2787,2.59,N
1998,議員,區域,桃園縣,桃園縣第7選區,26,張洋文,1,新黨,1869,1.73,N
1998,議員,區域,桃園縣,桃園縣第7選區,27,蔣中千,1,中國國民黨,5063,4.70,Y
1998,議員,區域,桃園縣,桃園縣第7選區,28,鍾珮珍,2,無,2142,1.99,N
1998,議員,區域,桃園縣,桃園縣第7選區,29,梁新武,1,民主進步黨,4451,4.13,Y
1998,議員,區域,桃園縣,桃園縣第7選區,30,陳運禎,1,無,950,0.88,N
1998,議員,區域,桃園縣,桃園縣第7選區,31,張朝江,1,無,1398,1.30,N
1998,議員,區域,桃園縣,桃園縣第7選區,32,吳益萬,1,無,5527,5.13,Y
1998,議員,區域,桃園縣,桃園縣第7選區,33,洪奕巔,1,中國國民黨,6946,6.44,Y
1998,議員,區域,桃園縣,桃園縣第7選區,34,劉守禮,1,無,1439,1.34,N
1998,議員,區域,桃園縣,桃園縣第8選區,1,黃松修,1,無,2732,4.87,N
1998,議員,區域,桃園縣,桃園縣第8選區,2,舒翠玲,2,新黨,3743,6.67,Y
1998,議員,區域,桃園縣,桃園縣第8選區,3,沈文生,1,中國國民黨,3308,5.89,N
1998,議員,區域,桃園縣,桃園縣第8選區,4,謝松佑,1,無,3420,6.09,Y
1998,議員,區域,桃園縣,桃園縣第8選區,5,陳盛勳,1,無,4208,7.49,Y
1998,議員,區域,桃園縣,桃園縣第8選區,6,周克琦,1,無,509,0.91,N
1998,議員,區域,桃園縣,桃園縣第8選區,7,劉興秀,1,無,92,0.16,N
1998,議員,區域,桃園縣,桃園縣第8選區,8,劉振榮,1,無,832,1.48,N
1998,議員,區域,桃園縣,桃園縣第8選區,9,林長松,1,民主進步黨,3411,6.07,N
1998,議員,區域,桃園縣,桃園縣第8選區,10,李月琴,2,民主進步黨,3915,6.97,Y
1998,議員,區域,桃園縣,桃園縣第8選區,11,莊訓浴,1,民主進步黨,1990,3.54,N
1998,議員,區域,桃園縣,桃園縣第8選區,12,宋政炎,1,無,2121,3.78,N
1998,議員,區域,桃園縣,桃園縣第8選區,13,吳金木,1,無,3034,5.40,N
1998,議員,區域,桃園縣,桃園縣第8選區,14,莊金連,1,無,2821,5.02,N
1998,議員,區域,桃園縣,桃園縣第8選區,15,劉興全,1,中國國民黨,2263,4.03,N
1998,議員,區域,桃園縣,桃園縣第8選區,16,徐列舜,1,無,2954,5.26,N
1998,議員,區域,桃園縣,桃園縣第8選區,17,鄧享敦,1,無,2595,4.62,N
1998,議員,區域,桃園縣,桃園縣第8選區,18,王寶玉,2,中國國民黨,4717,8.40,Y
1998,議員,區域,桃園縣,桃園縣第8選區,19,謝彰文,2,中國國民黨,7484,13.33,Y
1998,議員,區域,桃園縣,桃園縣第9選區,1,傅燈箕,1,民主進步黨,2973,7.44,N
1998,議員,區域,桃園縣,桃園縣第9選區,2,彭聖富,1,民主進步黨,5616,14.05,Y
1998,議員,區域,桃園縣,桃園縣第9選區,3,張文政,1,無,2828,7.08,N
1998,議員,區域,桃園縣,桃園縣第9選區,4,林羅春,1,中國國民黨,3750,9.38,N
1998,議員,區域,桃園縣,桃園縣第9選區,5,陳添昌,1,無,556,1.39,N
1998,議員,區域,桃園縣,桃園縣第9選區,6,楊嘉炎,1,新黨,1870,4.68,N
1998,議員,區域,桃園縣,桃園縣第9選區,7,彭盛山,1,無,2100,5.25,N
1998,議員,區域,桃園縣,桃園縣第9選區,8,鍾南賜,1,無,2643,6.61,N
1998,議員,區域,桃園縣,桃園縣第9選區,9,李家興,1,無,5022,12.57,Y
1998,議員,區域,桃園縣,桃園縣第9選區,10,張火爐,1,中國國民黨,4066,10.17,Y
1998,議員,區域,桃園縣,桃園縣第9選區,11,陳淇山,1,中國國民黨,4154,10.39,Y
1998,議員,區域,桃園縣,桃園縣第9選區,12,侯瑞元,1,中國國民黨,2559,6.40,N
1998,議員,區域,桃園縣,桃園縣第9選區,13,羅文盛,1,無,1604,4.01,N
1998,議員,區域,桃園縣,桃園縣第9選區,14,黃盛陽,1,無,227,0.57,N
1998,議員,區域,桃園縣,桃園縣第10選區,1,張肇良,1,民主進步黨,4648,13.62,N
1998,議員,區域,桃園縣,桃園縣第10選區,2,管聖洲,1,中國國民黨,2806,8.22,N
1998,議員,區域,桃園縣,桃園縣第10選區,3,黃俊賢,1,新黨,2644,7.75,N
1998,議員,區域,桃園縣,桃園縣第10選區,4,閻中傑,1,中國國民黨,7126,20.88,Y
1998,議員,區域,桃園縣,桃園縣第10選區,5,徐文兵,1,無,722,2.12,N
1998,議員,區域,桃園縣,桃園縣第10選區,6,蕭家亮,1,無,3538,10.37,N
1998,議員,區域,桃園縣,桃園縣第10選區,7,葉發海,1,中國國民黨,5956,17.46,Y
1998,議員,區域,桃園縣,桃園縣第10選區,8,林忠正,1,中國國民黨,2010,5.89,N
1998,議員,區域,桃園縣,桃園縣第10選區,9,魏雪卿,2,中國國民黨,4671,13.69,Y
1998,議員,區域,桃園縣,桃園縣第11選區,1,黃金德,1,無,5295,23.28,Y
1998,議員,區域,桃園縣,桃園縣第11選區,2,徐念永,1,無,4441,19.52,N
1998,議員,區域,桃園縣,桃園縣第11選區,3,呂范姜好妹,2,無,4119,18.11,N
1998,議員,區域,桃園縣,桃園縣第11選區,4,鄒永華,1,無,5559,24.44,Y
1998,議員,區域,桃園縣,桃園縣第11選區,5,彭勝茂,1,民主進步黨,3334,14.66,N
1998,議員,區域,桃園縣,桃園縣第12選區,1,張永輝,1,中國國民黨,7670,35.93,Y
1998,議員,區域,桃園縣,桃園縣第12選區,2,羅添寶,1,民主進步黨,5878,27.54,N
1998,議員,區域,桃園縣,桃園縣第12選區,3,黃希聖,1,中國國民黨,7798,36.53,Y
1998,議員,區域,新竹縣,新竹縣第1選區,1,劉文珍,1,中國國民黨,603,1.90,N
1998,議員,區域,新竹縣,新竹縣第1選區,2,曾勝堂,1,中國國民黨,1790,5.63,N
1998,議員,區域,新竹縣,新竹縣第1選區,3,劉家照,1,中國國民黨,2789,8.77,N
1998,議員,區域,新竹縣,新竹縣第1選區,4,張木海,1,無,2130,6.69,N
1998,議員,區域,新竹縣,新竹縣第1選區,5,郭憲堂,1,新黨,1917,6.03,N
1998,議員,區域,新竹縣,新竹縣第1選區,6,林礽松,1,民主進步黨,3879,12.19,Y
1998,議員,區域,新竹縣,新竹縣第1選區,7,鄭美琴,2,無,2797,8.79,Y
1998,議員,區域,新竹縣,新竹縣第1選區,8,林為洲,1,無,3996,12.56,Y
1998,議員,區域,新竹縣,新竹縣第1選區,9,陳德福,1,中國國民黨,3267,10.27,Y
1998,議員,區域,新竹縣,新竹縣第1選區,10,陳峻松,1,中國國民黨,1679,5.28,N
1998,議員,區域,新竹縣,新竹縣第1選區,11,黃永和,1,無,2820,8.86,N
1998,議員,區域,新竹縣,新竹縣第1選區,12,黃齡慧,2,中國國民黨,4148,13.04,Y
1998,議員,區域,新竹縣,新竹縣第2選區,1,徐文彬,1,民主進步黨,3141,10.82,Y
1998,議員,區域,新竹縣,新竹縣第2選區,2,徐木通,1,無,3092,10.65,N
1998,議員,區域,新竹縣,新竹縣第2選區,3,張炫滿,1,無,3795,13.07,Y
1998,議員,區域,新竹縣,新竹縣第2選區,4,馮森江,2,無,3884,13.38,Y
1998,議員,區域,新竹縣,新竹縣第2選區,5,盧廷宏,1,中國國民黨,2872,9.89,N
1998,議員,區域,新竹縣,新竹縣第2選區,6,何玉蓮,2,新黨,1134,3.91,N
1998,議員,區域,新竹縣,新竹縣第2選區,7,張春鳳,2,中國國民黨,3604,12.42,Y
1998,議員,區域,新竹縣,新竹縣第2選區,8,陳壂全,1,中國國民黨,3875,13.35,Y
1998,議員,區域,新竹縣,新竹縣第2選區,9,戴鴻儒,1,無,430,1.48,N
1998,議員,區域,新竹縣,新竹縣第2選區,10,黃秀輝,1,無,3200,11.02,Y
1998,議員,區域,新竹縣,新竹縣第3選區,1,孫金清,1,民主進步黨,3535,20.29,Y
1998,議員,區域,新竹縣,新竹縣第3選區,2,官德伸,1,無,929,5.33,N
1998,議員,區域,新竹縣,新竹縣第3選區,3,史金象,1,民主進步黨,3458,19.85,N
1998,議員,區域,新竹縣,新竹縣第3選區,4,許槍榮,1,無,4432,25.44,Y
1998,議員,區域,新竹縣,新竹縣第3選區,5,謝彩威,1,中國國民黨,583,3.35,N
1998,議員,區域,新竹縣,新竹縣第3選區,6,徐里杰,1,中國國民黨,4487,25.75,Y
1998,議員,區域,新竹縣,新竹縣第4選區,1,羅吉坤,1,無,2044,12.35,N
1998,議員,區域,新竹縣,新竹縣第4選區,2,嚴盛雲,1,民主進步黨,3307,19.98,Y
1998,議員,區域,新竹縣,新竹縣第4選區,3,陳德田,1,中國國民黨,4467,26.99,Y
1998,議員,區域,新竹縣,新竹縣第4選區,4,黃源慶,1,無,2121,12.81,N
1998,議員,區域,新竹縣,新竹縣第4選區,5,劉文禎,1,中國國民黨,4241,25.62,Y
1998,議員,區域,新竹縣,新竹縣第4選區,6,彭耀威,1,無,372,2.25,N
1998,議員,區域,新竹縣,新竹縣第5選區,1,賴江海,1,中國國民黨,2174,12.80,N
1998,議員,區域,新竹縣,新竹縣第5選區,2,蔡文正,1,中國國民黨,2058,12.12,N
1998,議員,區域,新竹縣,新竹縣第5選區,3,陳英樓,1,中國國民黨,3445,20.28,Y
1998,議員,區域,新竹縣,新竹縣第5選區,4,張幸源,1,中國國民黨,4002,23.56,Y
1998,議員,區域,新竹縣,新竹縣第5選區,5,林章傑,1,民主進步黨,2851,16.79,Y
1998,議員,區域,新竹縣,新竹縣第5選區,6,劉漢苗,1,無,1821,10.72,N
1998,議員,區域,新竹縣,新竹縣第5選區,7,劉復榮,1,無,632,3.72,N
1998,議員,區域,新竹縣,新竹縣第6選區,1,張志弘,1,中國國民黨,5255,59.87,Y
1998,議員,區域,新竹縣,新竹縣第6選區,2,鐘文正,1,中國國民黨,3522,40.13,N
1998,議員,區域,新竹縣,新竹縣第7選區,1,范揚桂,1,無,1536,16.27,N
1998,議員,區域,新竹縣,新竹縣第7選區,2,黃正潮,1,民主進步黨,1483,15.71,N
1998,議員,區域,新竹縣,新竹縣第7選區,3,林礽俊,1,中國國民黨,2964,31.39,Y
1998,議員,區域,新竹縣,新竹縣第7選區,4,彭然貴,1,無,3459,36.63,Y
1998,議員,區域,新竹縣,新竹縣第8選區,1,黃煥吉,1,中國國民黨,5376,12.76,Y
1998,議員,區域,新竹縣,新竹縣第8選區,2,蔡貴林,1,中國國民黨,1010,2.40,N
1998,議員,區域,新竹縣,新竹縣第8選區,3,郭遠彰,1,無,2602,6.18,Y
1998,議員,區域,新竹縣,新竹縣第8選區,4,古興榮,1,新黨,1437,3.41,N
1998,議員,區域,新竹縣,新竹縣第8選區,5,萬榮河,1,無,2305,5.47,N
1998,議員,區域,新竹縣,新竹縣第8選區,6,羅吉祥,1,中國國民黨,2286,5.43,N
1998,議員,區域,新竹縣,新竹縣第8選區,7,林朝政,1,無,1773,4.21,N
1998,議員,區域,新竹縣,新竹縣第8選區,8,黎許傳,1,無,926,2.20,N
1998,議員,區域,新竹縣,新竹縣第8選區,9,溫瑞鵬,1,中國國民黨,1650,3.92,N
1998,議員,區域,新竹縣,新竹縣第8選區,10,楊春麟,1,民主進步黨,550,1.31,N
1998,議員,區域,新竹縣,新竹縣第8選區,11,彭俊宏,1,無,3011,7.15,Y
1998,議員,區域,新竹縣,新竹縣第8選區,12,彭鈺雯,2,無,531,1.26,N
1998,議員,區域,新竹縣,新竹縣第8選區,13,彭鐵鏡,1,無,1759,4.17,N
1998,議員,區域,新竹縣,新竹縣第8選區,14,范玉燕,2,中國國民黨,4106,9.74,Y
1998,議員,區域,新竹縣,新竹縣第8選區,15,林統生,1,中國國民黨,584,1.39,N
1998,議員,區域,新竹縣,新竹縣第8選區,16,鐘德才,1,民主進步黨,1599,3.79,N
1998,議員,區域,新竹縣,新竹縣第8選區,17,余添棟,1,中國國民黨,3146,7.47,Y
1998,議員,區域,新竹縣,新竹縣第8選區,18,彭余美玲,2,中國國民黨,3352,7.96,Y
1998,議員,區域,新竹縣,新竹縣第8選區,19,葉國全,1,建國黨,287,0.68,N
1998,議員,區域,新竹縣,新竹縣第8選區,20,吳勝松,1,無,3846,9.13,Y
1998,議員,區域,新竹縣,新竹縣第9選區,1,何松旺,1,中國國民黨,5315,52.10,Y
1998,議員,區域,新竹縣,新竹縣第9選區,2,劉國貞,1,民主進步黨,4887,47.90,N
1998,議員,區域,苗栗縣,苗栗縣第1選區,1,禹耀東,1,新黨,4282,7.10,Y
1998,議員,區域,苗栗縣,苗栗縣第1選區,2,林玉和,1,無,397,0.66,N
1998,議員,區域,苗栗縣,苗栗縣第1選區,3,杜文卿,1,民主進步黨,5480,9.09,Y
1998,議員,區域,苗栗縣,苗栗縣第1選區,4,朱騰龍,1,無,2393,3.97,N
1998,議員,區域,苗栗縣,苗栗縣第1選區,5,胡忠勇,1,無,4268,7.08,Y
1998,議員,區域,苗栗縣,苗栗縣第1選區,6,傅學煥,1,無,3911,6.48,Y
1998,議員,區域,苗栗縣,苗栗縣第1選區,7,葛文彪,1,中國國民黨,1221,2.02,N
1998,議員,區域,苗栗縣,苗栗縣第1選區,8,陳和鄰,1,中國國民黨,2594,4.30,N
1998,議員,區域,苗栗縣,苗栗縣第1選區,9,傅清溪,1,社會改革黨,330,0.55,N
1998,議員,區域,苗栗縣,苗栗縣第1選區,10,何智光,1,無,90,0.15,N
1998,議員,區域,苗栗縣,苗栗縣第1選區,11,陳仁杰,1,無,344,0.57,N
1998,議員,區域,苗栗縣,苗栗縣第1選區,12,徐輝景,1,建國黨,1363,2.26,N
1998,議員,區域,苗栗縣,苗栗縣第1選區,13,田永峰,1,中國國民黨,1847,3.06,N
1998,議員,區域,苗栗縣,苗栗縣第1選區,14,彭金蘭,2,新黨,748,1.24,N
1998,議員,區域,苗栗縣,苗栗縣第1選區,15,徐廷琮,1,無,1110,1.84,N
1998,議員,區域,苗栗縣,苗栗縣第1選區,16,湯劉秀美,2,中國國民黨,3931,6.52,Y
1998,議員,區域,苗栗縣,苗栗縣第1選區,17,呂明亮,1,中國國民黨,4624,7.67,Y
1998,議員,區域,苗栗縣,苗栗縣第1選區,18,鄒玉梅,2,中國國民黨,3884,6.44,Y
1998,議員,區域,苗栗縣,苗栗縣第1選區,19,王士毅,1,無,3180,5.27,N
1998,議員,區域,苗栗縣,苗栗縣第1選區,20,楊燕梅,2,中國國民黨,2416,4.01,N
1998,議員,區域,苗栗縣,苗栗縣第1選區,21,張森鴻,1,無,5900,9.78,Y
1998,議員,區域,苗栗縣,苗栗縣第1選區,22,孫大林,1,中國國民黨,645,1.07,N
1998,議員,區域,苗栗縣,苗栗縣第1選區,23,賴源順,1,中國國民黨,5355,8.88,Y
1998,議員,區域,苗栗縣,苗栗縣第2選區,1,薛永衡,1,中國國民黨,5081,20.80,Y
1998,議員,區域,苗栗縣,苗栗縣第2選區,2,劉鉦峰,1,無,1801,7.37,N
1998,議員,區域,苗栗縣,苗栗縣第2選區,3,林禎祥,1,中國國民黨,3367,13.79,N
1998,議員,區域,苗栗縣,苗栗縣第2選區,4,湯文雄,1,中國國民黨,6007,24.59,Y
1998,議員,區域,苗栗縣,苗栗縣第2選區,5,劉醇祿,1,中國國民黨,2034,8.33,N
1998,議員,區域,苗栗縣,苗栗縣第2選區,6,謝文俊,1,中國國民黨,6134,25.11,Y
1998,議員,區域,苗栗縣,苗栗縣第3選區,1,葉明達,1,無,1634,3.78,N
1998,議員,區域,苗栗縣,苗栗縣第3選區,2,賴逢章,1,無,3357,7.76,N
1998,議員,區域,苗栗縣,苗栗縣第3選區,3,李良哲,1,無,4368,10.10,Y
1998,議員,區域,苗栗縣,苗栗縣第3選區,4,周玉滿,2,民主進步黨,3238,7.49,Y
1998,議員,區域,苗栗縣,苗栗縣第3選區,5,高芳華,2,無,766,1.77,N
1998,議員,區域,苗栗縣,苗栗縣第3選區,6,陳明章,1,新黨,392,0.91,N
1998,議員,區域,苗栗縣,苗栗縣第3選區,7,鄭文炳,1,中國國民黨,4367,10.10,Y
1998,議員,區域,苗栗縣,苗栗縣第3選區,8,李隆欽,1,中國國民黨,3597,8.32,N
1998,議員,區域,苗栗縣,苗栗縣第3選區,9,徐阿發,1,中國國民黨,3750,8.67,Y
1998,議員,區域,苗栗縣,苗栗縣第3選區,10,洪木貴,1,中國國民黨,3951,9.14,Y
1998,議員,區域,苗栗縣,苗栗縣第3選區,11,黃木桂,1,中國國民黨,1581,3.66,N
1998,議員,區域,苗栗縣,苗栗縣第3選區,12,張太陽,1,無,4422,10.22,Y
1998,議員,區域,苗栗縣,苗栗縣第3選區,13,王川,1,無,2300,5.32,N
1998,議員,區域,苗栗縣,苗栗縣第3選區,14,謝復德,1,無,2693,6.23,N
1998,議員,區域,苗栗縣,苗栗縣第3選區,15,謝宛倩,2,中國國民黨,2833,6.55,N
1998,議員,區域,苗栗縣,苗栗縣第4選區,1,鄭津梁,1,中國國民黨,2516,4.78,N
1998,議員,區域,苗栗縣,苗栗縣第4選區,2,葉進南,1,中國國民黨,3595,6.83,Y
1998,議員,區域,苗栗縣,苗栗縣第4選區,3,鄭秋風,1,無,4113,7.81,Y
1998,議員,區域,苗栗縣,苗栗縣第4選區,4,鄭家定,1,中國國民黨,4668,8.87,Y
1998,議員,區域,苗栗縣,苗栗縣第4選區,5,鄭輝煌,1,中國國民黨,5522,10.49,Y
1998,議員,區域,苗栗縣,苗栗縣第4選區,6,李賜福,1,無,1355,2.57,N
1998,議員,區域,苗栗縣,苗栗縣第4選區,7,廖英利,2,中國國民黨,4998,9.49,Y
1998,議員,區域,苗栗縣,苗栗縣第4選區,8,羅幸春,1,中國國民黨,2766,5.25,N
1998,議員,區域,苗栗縣,苗栗縣第4選區,9,黃秀珍,2,中國國民黨,4181,7.94,Y
1998,議員,區域,苗栗縣,苗栗縣第4選區,10,謝清泉,1,無,5114,9.71,Y
1998,議員,區域,苗栗縣,苗栗縣第4選區,11,陳蔭庭,1,無,3091,5.87,N
1998,議員,區域,苗栗縣,苗栗縣第4選區,12,陳志平,1,民主進步黨,3268,6.21,N
1998,議員,區域,苗栗縣,苗栗縣第4選區,13,許吉慶,1,建國黨,365,0.69,N
1998,議員,區域,苗栗縣,苗栗縣第4選區,14,康世儒,1,中國國民黨,3732,7.09,Y
1998,議員,區域,苗栗縣,苗栗縣第4選區,15,陳明朝,1,無,3364,6.39,N
1998,議員,區域,苗栗縣,苗栗縣第5選區,1,林青松,1,民主進步黨,1432,3.27,N
1998,議員,區域,苗栗縣,苗栗縣第5選區,2,彭運德,1,無,2624,5.99,N
1998,議員,區域,苗栗縣,苗栗縣第5選區,3,呂雲富,1,無,1988,4.54,N
1998,議員,區域,苗栗縣,苗栗縣第5選區,4,李阿己,1,中國國民黨,2014,4.60,N
1998,議員,區域,苗栗縣,苗栗縣第5選區,5,梁彭菊娘,2,中國國民黨,3625,8.27,Y
1998,議員,區域,苗栗縣,苗栗縣第5選區,6,何文松,1,無,2215,5.06,N
1998,議員,區域,苗栗縣,苗栗縣第5選區,7,蘇文禎,1,無,5128,11.71,Y
1998,議員,區域,苗栗縣,苗栗縣第5選區,8,呂淑鈴,2,中國國民黨,1572,3.59,N
1998,議員,區域,苗栗縣,苗栗縣第5選區,9,陳永賢,1,中國國民黨,3177,7.25,Y
1998,議員,區域,苗栗縣,苗栗縣第5選區,10,陳添松,1,中國國民黨,3644,8.32,Y
1998,議員,區域,苗栗縣,苗栗縣第5選區,11,胡振春,1,中國國民黨,3886,8.87,Y
1998,議員,區域,苗栗縣,苗栗縣第5選區,12,陳英河,1,中國國民黨,4993,11.40,Y
1998,議員,區域,苗栗縣,苗栗縣第5選區,13,林鋒鑑,1,中國國民黨,1602,3.66,N
1998,議員,區域,苗栗縣,苗栗縣第5選區,14,張茂玄,1,中國國民黨,2678,6.11,Y
1998,議員,區域,苗栗縣,苗栗縣第5選區,15,李永興,1,中國國民黨,1715,3.91,N
1998,議員,區域,苗栗縣,苗栗縣第5選區,16,黃宣乾,1,無,1514,3.46,N
1998,議員,區域,苗栗縣,苗栗縣第6選區,1,徐如莉,2,無,513,2.31,N
1998,議員,區域,苗栗縣,苗栗縣第6選區,2,張明輝,1,中國國民黨,1305,5.87,N
1998,議員,區域,苗栗縣,苗栗縣第6選區,3,徐欽鴻,1,無,3254,14.63,N
1998,議員,區域,苗栗縣,苗栗縣第6選區,4,詹明光,1,無,4155,18.68,Y
1998,議員,區域,苗栗縣,苗栗縣第6選區,5,黃碧先,1,無,2310,10.38,N
1998,議員,區域,苗栗縣,苗栗縣第6選區,6,楊榮勝,1,中國國民黨,4073,18.31,Y
1998,議員,區域,苗栗縣,苗栗縣第6選區,7,賴錦煥,1,新黨,174,0.78,N
1998,議員,區域,苗栗縣,苗栗縣第6選區,8,胡明星,1,無,6460,29.04,Y
1998,議員,區域,臺中縣,臺中縣第1選區,1,朱麗珠,2,無,7431,8.78,Y
1998,議員,區域,臺中縣,臺中縣第1選區,2,張玉柱,1,無,1776,2.10,N
1998,議員,區域,臺中縣,臺中縣第1選區,3,方昇茂,1,民主進步黨,5945,7.03,Y
1998,議員,區域,臺中縣,臺中縣第1選區,4,蔡錦雄,1,中國國民黨,10532,12.45,Y
1998,議員,區域,臺中縣,臺中縣第1選區,5,賴茂雄,1,中國國民黨,2109,2.49,N
1998,議員,區域,臺中縣,臺中縣第1選區,6,張哲原,1,無,742,0.88,N
1998,議員,區域,臺中縣,臺中縣第1選區,7,謝冠志,1,無,255,0.30,N
1998,議員,區域,臺中縣,臺中縣第1選區,8,吳富亭,1,民主進步黨,4890,5.78,N
1998,議員,區域,臺中縣,臺中縣第1選區,9,闕美寬,1,新黨,2568,3.03,N
1998,議員,區域,臺中縣,臺中縣第1選區,10,鍾冬奇,1,中國國民黨,2530,2.99,N
1998,議員,區域,臺中縣,臺中縣第1選區,11,張靜分,2,中國國民黨,7318,8.65,Y
1998,議員,區域,臺中縣,臺中縣第1選區,12,王建靜,1,中國國民黨,6993,8.26,Y
1998,議員,區域,臺中縣,臺中縣第1選區,13,劉松梧,1,中國國民黨,8561,10.12,Y
1998,議員,區域,臺中縣,臺中縣第1選區,14,陳益昌,1,中國國民黨,4101,4.85,N
1998,議員,區域,臺中縣,臺中縣第1選區,15,林耀輝,1,無,8580,10.14,Y
1998,議員,區域,臺中縣,臺中縣第1選區,16,張金標,1,無,130,0.15,N
1998,議員,區域,臺中縣,臺中縣第1選區,17,劉坤鱧,1,民主進步黨,5987,7.07,Y
1998,議員,區域,臺中縣,臺中縣第1選區,18,余春治,2,無,3147,3.72,N
1998,議員,區域,臺中縣,臺中縣第1選區,19,鍾耀通,1,建國黨,1029,1.22,N
1998,議員,區域,臺中縣,臺中縣第2選區,1,羅永珍,2,無,6079,7.21,N
1998,議員,區域,臺中縣,臺中縣第2選區,2,張愛卻,2,無,6307,7.48,Y
1998,議員,區域,臺中縣,臺中縣第2選區,3,蕭隆澤,1,中國國民黨,8152,9.66,Y
1998,議員,區域,臺中縣,臺中縣第2選區,4,張立傑,1,中國國民黨,11577,13.72,Y
1998,議員,區域,臺中縣,臺中縣第2選區,5,林竹旺,1,民主進步黨,7496,8.89,Y
1998,議員,區域,臺中縣,臺中縣第2選區,6,張猷能,1,中國國民黨,6982,8.28,Y
1998,議員,區域,臺中縣,臺中縣第2選區,7,吳顯森,1,新黨,5862,6.95,N
1998,議員,區域,臺中縣,臺中縣第2選區,8,李素貞,2,中國國民黨,7305,8.66,Y
1998,議員,區域,臺中縣,臺中縣第2選區,9,廖述鎮,1,民主進步黨,7981,9.46,Y
1998,議員,區域,臺中縣,臺中縣第2選區,10,吳志仁,1,中國國民黨,3524,4.18,N
1998,議員,區域,臺中縣,臺中縣第2選區,11,江永平,1,無,591,0.70,N
1998,議員,區域,臺中縣,臺中縣第2選區,12,游家章,1,中國國民黨,6885,8.16,Y
1998,議員,區域,臺中縣,臺中縣第2選區,13,林清標,1,無,5614,6.66,N
1998,議員,區域,臺中縣,臺中縣第3選區,1,葉玉錦,2,無,6727,12.20,Y
1998,議員,區域,臺中縣,臺中縣第3選區,2,楊明諭,1,中國國民黨,5265,9.55,N
1998,議員,區域,臺中縣,臺中縣第3選區,3,李月梅,2,中國國民黨,5811,10.54,N
1998,議員,區域,臺中縣,臺中縣第3選區,4,徐盛宗,1,無,770,1.40,N
1998,議員,區域,臺中縣,臺中縣第3選區,5,王昌敏,1,民主進步黨,4495,8.15,N
1998,議員,區域,臺中縣,臺中縣第3選區,6,蘇瑞雲,1,民主進步黨,4590,8.33,N
1998,議員,區域,臺中縣,臺中縣第3選區,7,陳萬通,1,中國國民黨,10138,18.39,Y
1998,議員,區域,臺中縣,臺中縣第3選區,8,蘇慶雲,1,中國國民黨,7429,13.47,Y
1998,議員,區域,臺中縣,臺中縣第3選區,9,陳啟瑩,1,無,7545,13.69,Y
1998,議員,區域,臺中縣,臺中縣第3選區,10,王建平,1,新黨,2363,4.29,N
1998,議員,區域,臺中縣,臺中縣第4選區,1,陳琦方,1,無,820,1.41,N
1998,議員,區域,臺中縣,臺中縣第4選區,2,陳源智,1,無,509,0.87,N
1998,議員,區域,臺中縣,臺中縣第4選區,3,黃高月桂,2,民主進步黨,3695,6.33,N
1998,議員,區域,臺中縣,臺中縣第4選區,4,林素真,2,中國國民黨,8075,13.84,Y
1998,議員,區域,臺中縣,臺中縣第4選區,5,楊永昌,1,中國國民黨,13243,22.70,Y
1998,議員,區域,臺中縣,臺中縣第4選區,6,陳美英,2,無,2739,4.69,N
1998,議員,區域,臺中縣,臺中縣第4選區,7,黃丙煌,1,民主進步黨,7016,12.02,Y
1998,議員,區域,臺中縣,臺中縣第4選區,8,吳敏濟,1,中國國民黨,5042,8.64,N
1998,議員,區域,臺中縣,臺中縣第4選區,9,曾政雄,1,新黨,589,1.01,N
1998,議員,區域,臺中縣,臺中縣第4選區,10,紀昭印,1,無,7628,13.07,Y
1998,議員,區域,臺中縣,臺中縣第4選區,11,姚應龍,1,中國國民黨,8992,15.41,Y
1998,議員,區域,臺中縣,臺中縣第5選區,1,陳敏政,1,中國國民黨,4266,4.34,N
1998,議員,區域,臺中縣,臺中縣第5選區,2,王心智,2,新黨,2522,2.57,N
1998,議員,區域,臺中縣,臺中縣第5選區,3,吳金生,1,中國國民黨,7271,7.40,Y
1998,議員,區域,臺中縣,臺中縣第5選區,4,張清堂,1,中國國民黨,10556,10.74,Y
1998,議員,區域,臺中縣,臺中縣第5選區,5,劉福榮,1,無,599,0.61,N
1998,議員,區域,臺中縣,臺中縣第5選區,6,蘇麗華,2,無,11597,11.80,Y
1998,議員,區域,臺中縣,臺中縣第5選區,7,楊界華,1,中國國民黨,9047,9.21,Y
1998,議員,區域,臺中縣,臺中縣第5選區,8,蔡順源,1,中國國民黨,10331,10.52,Y
1998,議員,區域,臺中縣,臺中縣第5選區,9,蔡嘉藤,1,民主進步黨,8498,8.65,Y
1998,議員,區域,臺中縣,臺中縣第5選區,10,何明富,1,民主進步黨,4006,4.08,N
1998,議員,區域,臺中縣,臺中縣第5選區,11,楊秋雲,2,中國國民黨,12773,13.00,Y
1998,議員,區域,臺中縣,臺中縣第5選區,12,陳詩哲,1,中國國民黨,16784,17.08,Y
1998,議員,區域,臺中縣,臺中縣第6選區,1,廖來蔭,2,中國國民黨,1644,1.96,N
1998,議員,區域,臺中縣,臺中縣第6選區,2,趙志雄,1,無,5606,6.68,N
1998,議員,區域,臺中縣,臺中縣第6選區,3,侯 直,1,新黨,2429,2.90,N
1998,議員,區域,臺中縣,臺中縣第6選區,4,陳宗彥,1,民主進步黨,5284,6.30,N
1998,議員,區域,臺中縣,臺中縣第6選區,5,陳芳隆,1,中國國民黨,8061,9.61,Y
1998,議員,區域,臺中縣,臺中縣第6選區,6,黃錫嘉,1,無,8194,9.77,Y
1998,議員,區域,臺中縣,臺中縣第6選區,7,何秀英,2,無,5781,6.89,Y
1998,議員,區域,臺中縣,臺中縣第6選區,8,劉進旺,1,無,8570,10.22,Y
1998,議員,區域,臺中縣,臺中縣第6選區,9,林水籐,1,無,2810,3.35,N
1998,議員,區域,臺中縣,臺中縣第6選區,10,顏清標,1,中國國民黨,8249,9.84,Y
1998,議員,區域,臺中縣,臺中縣第6選區,11,陳健楷,1,中國國民黨,10841,12.93,Y
1998,議員,區域,臺中縣,臺中縣第6選區,12,許慶堂,1,民主進步黨,2342,2.79,N
1998,議員,區域,臺中縣,臺中縣第6選區,13,楊林錦雲,2,中國國民黨,5057,6.03,N
1998,議員,區域,臺中縣,臺中縣第6選區,14,林汝洲,1,中國國民黨,9000,10.73,Y
1998,議員,區域,臺中縣,臺中縣第7選區,1,賴瑞珠,2,中國國民黨,6110,4.20,Y
1998,議員,區域,臺中縣,臺中縣第7選區,2,吳明亮,1,無,669,0.46,N
1998,議員,區域,臺中縣,臺中縣第7選區,3,張滄沂,1,無,7051,4.85,Y
1998,議員,區域,臺中縣,臺中縣第7選區,4,李昌基,1,無,723,0.50,N
1998,議員,區域,臺中縣,臺中縣第7選區,5,任美潤,2,新黨,2861,1.97,N
1998,議員,區域,臺中縣,臺中縣第7選區,6,羅述佳,2,無,162,0.11,N
1998,議員,區域,臺中縣,臺中縣第7選區,7,藍翊文,1,無,2406,1.65,N
1998,議員,區域,臺中縣,臺中縣第7選區,8,謝祖恩,1,中國國民黨,3819,2.63,N
1998,議員,區域,臺中縣,臺中縣第7選區,9,林碧秀,2,中國國民黨,7139,4.91,Y
1998,議員,區域,臺中縣,臺中縣第7選區,10,蔡黃金雀,2,中國國民黨,5589,3.84,Y
1998,議員,區域,臺中縣,臺中縣第7選區,11,林明比,1,無,10125,6.96,Y
1998,議員,區域,臺中縣,臺中縣第7選區,12,劉錦和,1,民主進步黨,8248,5.67,Y
1998,議員,區域,臺中縣,臺中縣第7選區,13,江勝雄,1,中國國民黨,8550,5.88,Y
1998,議員,區域,臺中縣,臺中縣第7選區,14,余文欽,1,無,9221,6.34,Y
1998,議員,區域,臺中縣,臺中縣第7選區,15,薛寶國,1,無,1333,0.92,N
1998,議員,區域,臺中縣,臺中縣第7選區,16,曾正光,1,無,4069,2.80,N
1998,議員,區域,臺中縣,臺中縣第7選區,17,林進賢,1,無,1768,1.22,N
1998,議員,區域,臺中縣,臺中縣第7選區,18,游松根,1,民主進步黨,4354,2.99,N
1998,議員,區域,臺中縣,臺中縣第7選區,19,許莊錦珠,2,民主進步黨,4035,2.77,N
1998,議員,區域,臺中縣,臺中縣第7選區,20,叢樹林,1,中國國民黨,6614,4.55,Y
1998,議員,區域,臺中縣,臺中縣第7選區,21,蘇 春,1,建國黨,1319,0.91,N
1998,議員,區域,臺中縣,臺中縣第7選區,22,江吉星,1,無,256,0.18,N
1998,議員,區域,臺中縣,臺中縣第7選區,23,林茂裕,1,無,4581,3.15,Y
1998,議員,區域,臺中縣,臺中縣第7選區,24,李明淦,1,無,984,0.68,N
1998,議員,區域,臺中縣,臺中縣第7選區,25,詹敏豐,1,中國國民黨,6073,4.17,Y
1998,議員,區域,臺中縣,臺中縣第7選區,26,程凱力,1,新黨,4383,3.01,N
1998,議員,區域,臺中縣,臺中縣第7選區,27,張文懷,1,民主進步黨,6584,4.53,Y
1998,議員,區域,臺中縣,臺中縣第7選區,28,戴萬福,1,中國國民黨,6314,4.34,Y
1998,議員,區域,臺中縣,臺中縣第7選區,29,何欣純,2,無,1959,1.35,N
1998,議員,區域,臺中縣,臺中縣第7選區,30,游繼岳,1,無,10256,7.05,Y
1998,議員,區域,臺中縣,臺中縣第7選區,31,林仲毅,1,中國國民黨,7928,5.45,Y
1998,議員,區域,彰化縣,彰化縣第1選區,1,白鴻森,1,中國國民黨,14080,10.25,Y
1998,議員,區域,彰化縣,彰化縣第1選區,2,沈祿樵,1,無,7855,5.72,Y
1998,議員,區域,彰化縣,彰化縣第1選區,3,曾文勳,1,中國國民黨,9709,7.07,Y
1998,議員,區域,彰化縣,彰化縣第1選區,4,邱崑龍,1,無,476,0.35,N
1998,議員,區域,彰化縣,彰化縣第1選區,5,陳文騰,1,民主進步黨,4934,3.59,Y
1998,議員,區域,彰化縣,彰化縣第1選區,6,魏榮春,1,無,761,0.55,N
1998,議員,區域,彰化縣,彰化縣第1選區,7,伍黃文貞,2,中國國民黨,5833,4.25,Y
1998,議員,區域,彰化縣,彰化縣第1選區,8,陳永忠,1,中國國民黨,10795,7.86,Y
1998,議員,區域,彰化縣,彰化縣第1選區,9,施義華,1,無,2205,1.60,N
1998,議員,區域,彰化縣,彰化縣第1選區,10,劉榮東,1,中國國民黨,1579,1.15,N
1998,議員,區域,彰化縣,彰化縣第1選區,11,黃俊雄,1,中國國民黨,6140,4.47,Y
1998,議員,區域,彰化縣,彰化縣第1選區,12,張錫欽,1,民主進步黨,4881,3.55,N
1998,議員,區域,彰化縣,彰化縣第1選區,13,施淑珍,2,民主進步黨,4861,3.54,N
1998,議員,區域,彰化縣,彰化縣第1選區,14,盧盈宏,1,無,11046,8.04,Y
1998,議員,區域,彰化縣,彰化縣第1選區,15,洪崇雄,1,無,11045,8.04,Y
1998,議員,區域,彰化縣,彰化縣第1選區,16,施華芬,2,無,7940,5.78,Y
1998,議員,區域,彰化縣,彰化縣第1選區,17,曾世勇,1,中國國民黨,6882,5.01,Y
1998,議員,區域,彰化縣,彰化縣第1選區,18,蔣敏全,1,新黨,2696,1.96,N
1998,議員,區域,彰化縣,彰化縣第1選區,19,林燕美,2,中國國民黨,4042,2.94,N
1998,議員,區域,彰化縣,彰化縣第1選區,20,孫正毅,1,民主進步黨,4609,3.35,N
1998,議員,區域,彰化縣,彰化縣第1選區,21,林滄敏,1,無,15033,10.94,Y
1998,議員,區域,彰化縣,彰化縣第2選區,1,黃錫仁,1,民主進步黨,2159,2.63,N
1998,議員,區域,彰化縣,彰化縣第2選區,2,黃世州,1,無,1054,1.28,N
1998,議員,區域,彰化縣,彰化縣第2選區,3,葉寧鋒,1,中國國民黨,8792,10.70,Y
1998,議員,區域,彰化縣,彰化縣第2選區,4,陳益昌,1,無,6916,8.42,N
1998,議員,區域,彰化縣,彰化縣第2選區,5,黃正隆,1,無,10210,12.43,Y
1998,議員,區域,彰化縣,彰化縣第2選區,6,施祥方,1,無,2199,2.68,N
1998,議員,區域,彰化縣,彰化縣第2選區,7,涂淑媚,2,中國國民黨,8389,10.21,Y
1998,議員,區域,彰化縣,彰化縣第2選區,8,王惠美,2,中國國民黨,10848,13.21,Y
1998,議員,區域,彰化縣,彰化縣第2選區,9,韓幼慧,2,無,11984,14.59,Y
1998,議員,區域,彰化縣,彰化縣第2選區,10,粘禮淞,1,無,11069,13.48,Y
1998,議員,區域,彰化縣,彰化縣第2選區,11,梁禎祥,1,民主進步黨,7715,9.39,Y
1998,議員,區域,彰化縣,彰化縣第2選區,12,董明火棠,1,中國國民黨,801,0.98,N
1998,議員,區域,彰化縣,彰化縣第3選區,1,張宗興,1,中國國民黨,8979,13.53,Y
1998,議員,區域,彰化縣,彰化縣第3選區,2,柯金德,1,民主進步黨,8079,12.18,Y
1998,議員,區域,彰化縣,彰化縣第3選區,3,柯獻堂,1,無,2532,3.82,N
1998,議員,區域,彰化縣,彰化縣第3選區,4,施坤定,1,中國國民黨,1799,2.71,N
1998,議員,區域,彰化縣,彰化縣第3選區,5,黃漢鉛,1,中國國民黨,11138,16.79,Y
1998,議員,區域,彰化縣,彰化縣第3選區,6,陳錦玉,2,中國國民黨,7105,10.71,Y
1998,議員,區域,彰化縣,彰化縣第3選區,7,蔡志隆,1,中國國民黨,10531,15.87,Y
1998,議員,區域,彰化縣,彰化縣第3選區,8,曾煥彰,1,中國國民黨,9479,14.29,Y
1998,議員,區域,彰化縣,彰化縣第3選區,9,蘇進忠,1,中國國民黨,950,1.43,N
1998,議員,區域,彰化縣,彰化縣第3選區,10,賴清美,2,民主進步黨,5757,8.68,N
1998,議員,區域,彰化縣,彰化縣第4選區,1,王坤盛,1,無,664,0.70,N
1998,議員,區域,彰化縣,彰化縣第4選區,2,涂徐貴枝,2,無,6703,7.04,Y
1998,議員,區域,彰化縣,彰化縣第4選區,3,吳宗憲,1,中國國民黨,8451,8.87,Y
1998,議員,區域,彰化縣,彰化縣第4選區,4,張良煙,1,中國國民黨,8536,8.96,Y
1998,議員,區域,彰化縣,彰化縣第4選區,5,陳素姜,2,無,899,0.94,N
1998,議員,區域,彰化縣,彰化縣第4選區,6,陳忠孝,1,民主進步黨,6485,6.81,N
1998,議員,區域,彰化縣,彰化縣第4選區,7,黃家明,1,無,2666,2.80,N
1998,議員,區域,彰化縣,彰化縣第4選區,8,賴文永,1,無,6621,6.95,N
1998,議員,區域,彰化縣,彰化縣第4選區,9,劉清水,1,無,908,0.95,N
1998,議員,區域,彰化縣,彰化縣第4選區,10,魏明谷,1,民主進步黨,9406,9.88,Y
1998,議員,區域,彰化縣,彰化縣第4選區,11,游振雄,1,無,7308,7.67,Y
1998,議員,區域,彰化縣,彰化縣第4選區,12,江錦龍,1,無,6599,6.93,N
1998,議員,區域,彰化縣,彰化縣第4選區,13,蔡湘傑,1,無,4925,5.17,N
1998,議員,區域,彰化縣,彰化縣第4選區,14,葉麗娟,2,中國國民黨,7813,8.20,Y
1998,議員,區域,彰化縣,彰化縣第4選區,15,曹明正,1,中國國民黨,9826,10.32,Y
1998,議員,區域,彰化縣,彰化縣第4選區,16,李詩焱,1,中國國民黨,7421,7.79,Y
1998,議員,區域,彰化縣,彰化縣第5選區,1,黃瑞珠,2,中國國民黨,13210,20.09,Y
1998,議員,區域,彰化縣,彰化縣第5選區,2,徐平圳,1,中國國民黨,12191,18.54,Y
1998,議員,區域,彰化縣,彰化縣第5選區,3,楊福地,1,中國國民黨,10042,15.27,Y
1998,議員,區域,彰化縣,彰化縣第5選區,4,江啟林,1,中國國民黨,1788,2.72,N
1998,議員,區域,彰化縣,彰化縣第5選區,5,鄭孟貞,1,民主進步黨,3080,4.68,N
1998,議員,區域,彰化縣,彰化縣第5選區,6,陳仲志,1,民主進步黨,5343,8.12,N
1998,議員,區域,彰化縣,彰化縣第5選區,7,林秀珍,2,中國國民黨,10723,16.30,Y
1998,議員,區域,彰化縣,彰化縣第5選區,8,曾清為,1,無,9389,14.28,Y
1998,議員,區域,彰化縣,彰化縣第6選區,1,許文耀,1,中國國民黨,11402,19.73,Y
1998,議員,區域,彰化縣,彰化縣第6選區,2,游月娥,2,中國國民黨,3595,6.22,Y
1998,議員,區域,彰化縣,彰化縣第6選區,3,蕭博修,1,無,9596,16.61,Y
1998,議員,區域,彰化縣,彰化縣第6選區,4,陳聰結,1,民主進步黨,6612,11.44,N
1998,議員,區域,彰化縣,彰化縣第6選區,5,張秀月,2,中國國民黨,1800,3.11,N
1998,議員,區域,彰化縣,彰化縣第6選區,6,卓伯源,1,中國國民黨,11784,20.39,Y
1998,議員,區域,彰化縣,彰化縣第6選區,7,蕭景田,1,中國國民黨,12593,21.79,Y
1998,議員,區域,彰化縣,彰化縣第6選區,8,陳永助,1,無,301,0.52,N
1998,議員,區域,彰化縣,彰化縣第6選區,9,沈順敏,1,無,103,0.18,N
1998,議員,區域,彰化縣,彰化縣第7選區,1,李照實,1,中國國民黨,13269,21.17,Y
1998,議員,區域,彰化縣,彰化縣第7選區,2,林進村,1,無,2364,3.77,N
1998,議員,區域,彰化縣,彰化縣第7選區,3,蘇文章,1,中國國民黨,11819,18.86,Y
1998,議員,區域,彰化縣,彰化縣第7選區,4,蔡志聰,1,無,3794,6.05,N
1998,議員,區域,彰化縣,彰化縣第7選區,5,王福元,1,中國國民黨,13252,21.15,Y
1998,議員,區域,彰化縣,彰化縣第7選區,6,李俊諭,1,民主進步黨,7206,11.50,Y
1998,議員,區域,彰化縣,彰化縣第7選區,7,林雪屏,2,無,4861,7.76,Y
1998,議員,區域,彰化縣,彰化縣第7選區,8,詹孟士,1,無,6102,9.74,N
1998,議員,區域,彰化縣,彰化縣第8選區,1,陳諸讚,1,無,10530,14.54,Y
1998,議員,區域,彰化縣,彰化縣第8選區,2,洪文哲,1,中國國民黨,9283,12.82,Y
1998,議員,區域,彰化縣,彰化縣第8選區,3,洪鴻民,1,民主進步黨,3104,4.29,N
1998,議員,區域,彰化縣,彰化縣第8選區,4,洪福村,1,中國國民黨,10763,14.86,Y
1998,議員,區域,彰化縣,彰化縣第8選區,5,陳鳳珠,2,中國國民黨,8244,11.38,N
1998,議員,區域,彰化縣,彰化縣第8選區,6,洪秋郎,1,無,129,0.18,N
1998,議員,區域,彰化縣,彰化縣第8選區,7,邱士平,1,中國國民黨,9746,13.46,Y
1998,議員,區域,彰化縣,彰化縣第8選區,8,許偉林,1,無,10041,13.86,Y
1998,議員,區域,彰化縣,彰化縣第8選區,9,吳淑娟,2,中國國民黨,10591,14.62,Y
1998,議員,區域,南投縣,南投縣第1選區,1,鄒哲如,1,無,2296,3.25,N
1998,議員,區域,南投縣,南投縣第1選區,2,蔡明源,1,中國國民黨,5673,8.02,Y
1998,議員,區域,南投縣,南投縣第1選區,3,莊文斌,1,中國國民黨,4187,5.92,Y
1998,議員,區域,南投縣,南投縣第1選區,4,洪滄渠,1,新黨,2044,2.89,N
1998,議員,區域,南投縣,南投縣第1選區,5,蕭鈴珍,2,無,2123,3.00,N
1998,議員,區域,南投縣,南投縣第1選區,6,陳聰鑑,1,無,3547,5.02,N
1998,議員,區域,南投縣,南投縣第1選區,7,林建營,1,無,5194,7.34,Y
1998,議員,區域,南投縣,南投縣第1選區,8,李添興,1,無,5666,8.01,Y
1998,議員,區域,南投縣,南投縣第1選區,9,徐毓蓮,2,民主進步黨,2013,2.85,N
1998,議員,區域,南投縣,南投縣第1選區,10,吳正行,1,無,3868,5.47,N
1998,議員,區域,南投縣,南投縣第1選區,11,魏清彬,1,中國國民黨,3887,5.50,Y
1998,議員,區域,南投縣,南投縣第1選區,12,謝朝輝,1,無,5727,8.10,Y
1998,議員,區域,南投縣,南投縣第1選區,13,鄧永禧,2,無,2347,3.32,N
1998,議員,區域,南投縣,南投縣第1選區,14,宋懷琳,2,中國國民黨,3587,5.07,Y
1998,議員,區域,南投縣,南投縣第1選區,15,陳炳奇,1,中國國民黨,4375,6.19,Y
1998,議員,區域,南投縣,南投縣第1選區,16,何基德,1,無,6650,9.40,Y
1998,議員,區域,南投縣,南投縣第1選區,17,曾芳春,1,無,6044,8.55,Y
1998,議員,區域,南投縣,南投縣第1選區,18,許玉林,1,民主進步黨,1488,2.10,N
1998,議員,區域,南投縣,南投縣第2選區,1,陳月英,2,中國國民黨,6220,11.62,Y
1998,議員,區域,南投縣,南投縣第2選區,2,李合元,1,民主進步黨,5816,10.87,Y
1998,議員,區域,南投縣,南投縣第2選區,3,邱昭煌,1,建國黨,4346,8.12,Y
1998,議員,區域,南投縣,南投縣第2選區,4,陳晴美,2,無,1627,3.04,N
1998,議員,區域,南投縣,南投縣第2選區,5,廖宜綠,1,新黨,635,1.19,N
1998,議員,區域,南投縣,南投縣第2選區,6,簡榮梁,1,無,5673,10.60,Y
1998,議員,區域,南投縣,南投縣第2選區,7,林福彰,1,中國國民黨,4619,8.63,Y
1998,議員,區域,南投縣,南投縣第2選區,8,林永鴻,1,民主進步黨,6123,11.44,Y
1998,議員,區域,南投縣,南投縣第2選區,9,林裕山,1,中國國民黨,3002,5.61,N
1998,議員,區域,南投縣,南投縣第2選區,10,李洲忠,1,中國國民黨,3318,6.20,N
1998,議員,區域,南投縣,南投縣第2選區,11,裘竹元,1,無,607,1.13,N
1998,議員,區域,南投縣,南投縣第2選區,12,楊維吉,1,無,174,0.33,N
1998,議員,區域,南投縣,南投縣第2選區,13,李宏文,1,中國國民黨,4870,9.10,Y
1998,議員,區域,南投縣,南投縣第2選區,14,李連明,1,無,4474,8.36,Y
1998,議員,區域,南投縣,南投縣第2選區,15,洪文忠,1,無,2020,3.77,N
1998,議員,區域,南投縣,南投縣第3選區,1,邱豊舜,1,中國國民黨,3330,11.08,N
1998,議員,區域,南投縣,南投縣第3選區,2,方文志,1,無,3649,12.14,N
1998,議員,區域,南投縣,南投縣第3選區,3,楊碧雲,2,無,2483,8.26,N
1998,議員,區域,南投縣,南投縣第3選區,4,林順情,1,中國國民黨,893,2.97,N
1998,議員,區域,南投縣,南投縣第3選區,5,張王青,2,無,5183,17.25,Y
1998,議員,區域,南投縣,南投縣第3選區,6,王秀夫,1,無,1201,4.00,N
1998,議員,區域,南投縣,南投縣第3選區,7,陳錦倫,1,民主進步黨,3966,13.20,Y
1998,議員,區域,南投縣,南投縣第3選區,8,楊明山,1,中國國民黨,4010,13.34,Y
1998,議員,區域,南投縣,南投縣第3選區,9,熊俊平,1,中國國民黨,5337,17.76,Y
1998,議員,區域,南投縣,南投縣第4選區,1,李秋榜,1,民主進步黨,2128,5.50,N
1998,議員,區域,南投縣,南投縣第4選區,2,陳亮宏,1,中國國民黨,7730,19.97,Y
1998,議員,區域,南投縣,南投縣第4選區,3,楊靜華,2,無,3860,9.97,N
1998,議員,區域,南投縣,南投縣第4選區,4,陳採鳳,2,中國國民黨,7098,18.34,Y
1998,議員,區域,南投縣,南投縣第4選區,5,何勝豐,1,無,6401,16.54,Y
1998,議員,區域,南投縣,南投縣第4選區,6,林民政,1,中國國民黨,5949,15.37,Y
1998,議員,區域,南投縣,南投縣第4選區,7,許民衡,1,中國國民黨,5543,14.32,Y
1998,議員,區域,南投縣,南投縣第5選區,1,許阿甘,2,民主進步黨,4189,8.47,Y
1998,議員,區域,南投縣,南投縣第5選區,2,陳貴參,1,中國國民黨,4328,8.75,Y
1998,議員,區域,南投縣,南投縣第5選區,3,陳泓銘,1,無,1277,2.58,N
1998,議員,區域,南投縣,南投縣第5選區,4,賴麗如,2,中國國民黨,2723,5.51,Y
1998,議員,區域,南投縣,南投縣第5選區,5,潘一全,1,無,4423,8.94,Y
1998,議員,區域,南投縣,南投縣第5選區,6,賴錦忠,1,無,2371,4.79,N
1998,議員,區域,南投縣,南投縣第5選區,7,鄭文銅,1,中國國民黨,6633,13.41,Y
1998,議員,區域,南投縣,南投縣第5選區,8,陳義正,1,無,2446,4.95,N
1998,議員,區域,南投縣,南投縣第5選區,9,陳朝琴,1,民主進步黨,1220,2.47,N
1998,議員,區域,南投縣,南投縣第5選區,10,潘萬權,1,無,371,0.75,N
1998,議員,區域,南投縣,南投縣第5選區,11,莫健明,1,無,4438,8.97,Y
1998,議員,區域,南投縣,南投縣第5選區,12,黃大瑋,1,中國國民黨,2122,4.29,N
1998,議員,區域,南投縣,南投縣第5選區,13,王文生,1,中國國民黨,1054,2.13,N
1998,議員,區域,南投縣,南投縣第5選區,14,胡國龍,1,中國國民黨,4545,9.19,Y
1998,議員,區域,南投縣,南投縣第5選區,15,黃順停,1,無,643,1.30,N
1998,議員,區域,南投縣,南投縣第5選區,16,周義雄,1,新黨,1829,3.70,N
1998,議員,區域,南投縣,南投縣第5選區,17,黃志學,1,中國國民黨,4023,8.13,Y
1998,議員,區域,南投縣,南投縣第5選區,18,張志梅,1,建國黨,826,1.67,N
1998,議員,區域,雲林縣,雲林縣第1選區,1,黃聰文,1,中國國民黨,661,0.88,N
1998,議員,區域,雲林縣,雲林縣第1選區,2,陳秀月,2,無,1079,1.43,N
1998,議員,區域,雲林縣,雲林縣第1選區,3,曾誌文,1,無,4593,6.09,N
1998,議員,區域,雲林縣,雲林縣第1選區,4,蔡玉霜,2,無,5286,7.01,Y
1998,議員,區域,雲林縣,雲林縣第1選區,5,林振義,1,民主進步黨,4578,6.07,N
1998,議員,區域,雲林縣,雲林縣第1選區,6,黃素艷,2,中國國民黨,1208,1.60,N
1998,議員,區域,雲林縣,雲林縣第1選區,7,陳慶興,1,中國國民黨,5871,7.78,Y
1998,議員,區域,雲林縣,雲林縣第1選區,8,李寶蓮,2,中國國民黨,3714,4.92,N
1998,議員,區域,雲林縣,雲林縣第1選區,9,李建昇,1,無,6101,8.09,Y
1998,議員,區域,雲林縣,雲林縣第1選區,10,毛禮興,1,新黨,2571,3.41,N
1998,議員,區域,雲林縣,雲林縣第1選區,11,廖信凱,1,中國國民黨,7151,9.48,Y
1998,議員,區域,雲林縣,雲林縣第1選區,12,簡明欽,1,中國國民黨,5626,7.46,Y
1998,議員,區域,雲林縣,雲林縣第1選區,13,吳啟成,1,無,889,1.18,N
1998,議員,區域,雲林縣,雲林縣第1選區,14,林健雄,1,無,4982,6.60,Y
1998,議員,區域,雲林縣,雲林縣第1選區,15,林正立,1,中國國民黨,3079,4.08,N
1998,議員,區域,雲林縣,雲林縣第1選區,16,林清致,1,無,288,0.38,N
1998,議員,區域,雲林縣,雲林縣第1選區,17,林勝雄,1,無,7012,9.29,Y
1998,議員,區域,雲林縣,雲林縣第1選區,18,李俊昌,1,無,5147,6.82,Y
1998,議員,區域,雲林縣,雲林縣第1選區,19,林錫華,1,無,5611,7.44,Y
1998,議員,區域,雲林縣,雲林縣第2選區,1,楊國明,1,無,2354,4.20,N
1998,議員,區域,雲林縣,雲林縣第2選區,2,林再添,1,中國國民黨,10057,17.93,Y
1998,議員,區域,雲林縣,雲林縣第2選區,3,張金坤,1,無,5316,9.48,N
1998,議員,區域,雲林縣,雲林縣第2選區,4,邱芳楠,1,無,713,1.27,N
1998,議員,區域,雲林縣,雲林縣第2選區,5,鐘俊興,1,中國國民黨,6669,11.89,Y
1998,議員,區域,雲林縣,雲林縣第2選區,6,李長發,1,中國國民黨,8583,15.31,Y
1998,議員,區域,雲林縣,雲林縣第2選區,7,李永章,1,中國國民黨,8032,14.32,Y
1998,議員,區域,雲林縣,雲林縣第2選區,8,張嘉元,1,中國國民黨,5718,10.20,Y
1998,議員,區域,雲林縣,雲林縣第2選區,9,林順正,1,民主進步黨,3560,6.35,N
1998,議員,區域,雲林縣,雲林縣第2選區,10,林慧如,2,無,5075,9.05,Y
1998,議員,區域,雲林縣,雲林縣第3選區,1,陳國松,1,中國國民黨,7996,10.68,Y
1998,議員,區域,雲林縣,雲林縣第3選區,2,陳清秀,1,中國國民黨,6186,8.26,Y
1998,議員,區域,雲林縣,雲林縣第3選區,3,沈宗隆,1,中國國民黨,7354,9.83,Y
1998,議員,區域,雲林縣,雲林縣第3選區,4,謝翠蓮,2,中國國民黨,7634,10.20,Y
1998,議員,區域,雲林縣,雲林縣第3選區,5,張世和,1,中國國民黨,4939,6.60,N
1998,議員,區域,雲林縣,雲林縣第3選區,6,張榮味,1,無,10799,14.43,Y
1998,議員,區域,雲林縣,雲林縣第3選區,7,陳振輝,1,無,6773,9.05,Y
1998,議員,區域,雲林縣,雲林縣第3選區,8,吳明選,1,中國國民黨,4114,5.50,N
1998,議員,區域,雲林縣,雲林縣第3選區,9,林明添,1,無,4404,5.88,N
1998,議員,區域,雲林縣,雲林縣第3選區,10,李志成,1,無,7643,10.21,Y
1998,議員,區域,雲林縣,雲林縣第3選區,11,蔡秋敏,2,民主進步黨,7007,9.36,Y
1998,議員,區域,雲林縣,雲林縣第4選區,1,蔡德福,1,中國國民黨,5175,8.72,N
1998,議員,區域,雲林縣,雲林縣第4選區,2,廖錦懋,1,中國國民黨,2876,4.85,N
1998,議員,區域,雲林縣,雲林縣第4選區,3,吳順豐,1,民主進步黨,4353,7.34,N
1998,議員,區域,雲林縣,雲林縣第4選區,4,鍾淑娟,2,無,4541,7.66,N
1998,議員,區域,雲林縣,雲林縣第4選區,5,廖偉博,1,中國國民黨,5308,8.95,Y
1998,議員,區域,雲林縣,雲林縣第4選區,6,廖朝魁,1,中國國民黨,7205,12.15,Y
1998,議員,區域,雲林縣,雲林縣第4選區,7,李慶隆,1,中國國民黨,7482,12.61,Y
1998,議員,區域,雲林縣,雲林縣第4選區,8,梁銘忠,1,無,5691,9.59,Y
1998,議員,區域,雲林縣,雲林縣第4選區,9,李佳芬,2,中國國民黨,8821,14.87,Y
1998,議員,區域,雲林縣,雲林縣第4選區,10,黃乃徽,1,民主進步黨,833,1.40,N
1998,議員,區域,雲林縣,雲林縣第4選區,11,李辰昕,1,無,389,0.66,N
1998,議員,區域,雲林縣,雲林縣第4選區,12,廖世芳,1,無,1390,2.34,N
1998,議員,區域,雲林縣,雲林縣第4選區,13,鍾任泉,1,中國國民黨,5256,8.86,Y
1998,議員,區域,雲林縣,雲林縣第5選區,1,劉淑卿,2,無,5307,8.40,N
1998,議員,區域,雲林縣,雲林縣第5選區,2,許清鎌,1,無,6340,10.03,Y
1998,議員,區域,雲林縣,雲林縣第5選區,3,陳定壹,1,中國國民黨,6598,10.44,Y
1998,議員,區域,雲林縣,雲林縣第5選區,4,許慧裕,1,民主進步黨,2323,3.68,N
1998,議員,區域,雲林縣,雲林縣第5選區,5,蘇金煌,1,無,8772,13.88,Y
1998,議員,區域,雲林縣,雲林縣第5選區,6,張素蘭,2,中國國民黨,5442,8.61,Y
1998,議員,區域,雲林縣,雲林縣第5選區,7,許留賓,1,無,612,0.97,N
1998,議員,區域,雲林縣,雲林縣第5選區,8,林良寶,1,無,411,0.65,N
1998,議員,區域,雲林縣,雲林縣第5選區,9,林源泉,1,民主進步黨,5658,8.95,Y
1998,議員,區域,雲林縣,雲林縣第5選區,10,王清貴,1,中國國民黨,7032,11.13,Y
1998,議員,區域,雲林縣,雲林縣第5選區,11,林澄華,1,無,2284,3.61,N
1998,議員,區域,雲林縣,雲林縣第5選區,12,林素媛,2,無,71,0.11,N
1998,議員,區域,雲林縣,雲林縣第5選區,13,吳進丁,1,無,4812,7.61,N
1998,議員,區域,雲林縣,雲林縣第5選區,14,丁深河,1,中國國民黨,7543,11.93,Y
1998,議員,區域,雲林縣,雲林縣第6選區,1,呂昭男,1,民主進步黨,1220,1.91,N
1998,議員,區域,雲林縣,雲林縣第6選區,2,洪崑龍,1,中國國民黨,5849,9.16,Y
1998,議員,區域,雲林縣,雲林縣第6選區,3,陳美玲,2,中國國民黨,3397,5.32,N
1998,議員,區域,雲林縣,雲林縣第6選區,4,徐忠徹,1,中國國民黨,6460,10.12,Y
1998,議員,區域,雲林縣,雲林縣第6選區,5,蘇志灝,1,無,707,1.11,N
1998,議員,區域,雲林縣,雲林縣第6選區,6,蔡宗翰,1,建國黨,647,1.01,N
1998,議員,區域,雲林縣,雲林縣第6選區,7,陳國益,1,無,6916,10.83,Y
1998,議員,區域,雲林縣,雲林縣第6選區,8,王老榮,1,中國國民黨,5884,9.22,Y
1998,議員,區域,雲林縣,雲林縣第6選區,9,曾銘華,1,無,5555,8.70,N
1998,議員,區域,雲林縣,雲林縣第6選區,10,吳義道,1,中國國民黨,5304,8.31,N
1998,議員,區域,雲林縣,雲林縣第6選區,11,陳憲中,1,無,4716,7.39,N
1998,議員,區域,雲林縣,雲林縣第6選區,12,王聰明,1,無,6626,10.38,Y
1998,議員,區域,雲林縣,雲林縣第6選區,13,林逢錦,1,無,7139,11.18,Y
1998,議員,區域,雲林縣,雲林縣第6選區,14,王春環,2,中國國民黨,3426,5.37,Y
1998,議員,區域,嘉義縣,嘉義縣第1選區,1,吳謝暖如,2,中國國民黨,4666,8.57,N
1998,議員,區域,嘉義縣,嘉義縣第1選區,2,蕭登標,1,無,8015,14.72,Y
1998,議員,區域,嘉義縣,嘉義縣第1選區,3,林國慶,1,民主進步黨,5611,10.31,Y
1998,議員,區域,嘉義縣,嘉義縣第1選區,4,陳素季,2,中國國民黨,6646,12.21,Y
1998,議員,區域,嘉義縣,嘉義縣第1選區,5,董象,1,中國國民黨,7273,13.36,Y
1998,議員,區域,嘉義縣,嘉義縣第1選區,6,賴榮興,1,無,905,1.66,N
1998,議員,區域,嘉義縣,嘉義縣第1選區,7,呂潮淞,1,中國國民黨,3721,6.83,N
1998,議員,區域,嘉義縣,嘉義縣第1選區,8,官文樹,1,無,6368,11.70,Y
1998,議員,區域,嘉義縣,嘉義縣第1選區,9,林寶瓶,1,中國國民黨,6337,11.64,Y
1998,議員,區域,嘉義縣,嘉義縣第1選區,10,鄭陳秋霞,2,中國國民黨,4904,9.01,N
1998,議員,區域,嘉義縣,嘉義縣第2選區,1,陳福成,1,無,7096,13.42,Y
1998,議員,區域,嘉義縣,嘉義縣第2選區,2,何金松,1,民主進步黨,5175,9.79,Y
1998,議員,區域,嘉義縣,嘉義縣第2選區,3,張嘉瀧,1,中國國民黨,5205,9.85,Y
1998,議員,區域,嘉義縣,嘉義縣第2選區,4,林順益,1,中國國民黨,6674,12.63,Y
1998,議員,區域,嘉義縣,嘉義縣第2選區,5,賴朝崙,1,中國國民黨,4156,7.86,N
1998,議員,區域,嘉義縣,嘉義縣第2選區,6,何月珠,2,中國國民黨,5436,10.28,Y
1998,議員,區域,嘉義縣,嘉義縣第2選區,7,何榮福,1,無,281,0.53,N
1998,議員,區域,嘉義縣,嘉義縣第2選區,8,王幸悅,2,無,5215,9.87,Y
1998,議員,區域,嘉義縣,嘉義縣第2選區,9,林榮福,1,無,87,0.16,N
1998,議員,區域,嘉義縣,嘉義縣第2選區,10,林秀琴,2,中國國民黨,4355,8.24,N
1998,議員,區域,嘉義縣,嘉義縣第2選區,11,柯仁傑,1,新黨,334,0.63,N
1998,議員,區域,嘉義縣,嘉義縣第2選區,12,林登乾,1,中國國民黨,4260,8.06,N
1998,議員,區域,嘉義縣,嘉義縣第2選區,13,黃嘉寬,1,無,4589,8.68,Y
1998,議員,區域,嘉義縣,嘉義縣第3選區,1,劉宏文,1,無,6997,16.73,Y
1998,議員,區域,嘉義縣,嘉義縣第3選區,2,陳日通,1,中國國民黨,4733,11.32,N
1998,議員,區域,嘉義縣,嘉義縣第3選區,3,簡泰河,1,中國國民黨,6267,14.98,Y
1998,議員,區域,嘉義縣,嘉義縣第3選區,4,吳思蓉,2,中國國民黨,4901,11.72,Y
1998,議員,區域,嘉義縣,嘉義縣第3選區,5,陳保元,1,無,8257,19.74,Y
1998,議員,區域,嘉義縣,嘉義縣第3選區,6,劉邦詩,1,中國國民黨,6991,16.71,Y
1998,議員,區域,嘉義縣,嘉義縣第3選區,7,劉香利,2,民主進步黨,3679,8.80,N
1998,議員,區域,嘉義縣,嘉義縣第4選區,1,姜梅紅,2,中國國民黨,5917,11.20,Y
1998,議員,區域,嘉義縣,嘉義縣第4選區,2,嚴勝福,1,民主進步黨,3952,7.48,N
1998,議員,區域,嘉義縣,嘉義縣第4選區,3,吳景峰,1,無,4138,7.83,Y
1998,議員,區域,嘉義縣,嘉義縣第4選區,4,余政達,1,中國國民黨,7824,14.81,Y
1998,議員,區域,嘉義縣,嘉義縣第4選區,5,謝敏政,1,無,1549,2.93,N
1998,議員,區域,嘉義縣,嘉義縣第4選區,6,楊再興,1,中國國民黨,6709,12.70,Y
1998,議員,區域,嘉義縣,嘉義縣第4選區,7,黃麗貞,2,無,9155,17.32,Y
1998,議員,區域,嘉義縣,嘉義縣第4選區,8,陳茂卿,1,中國國民黨,6987,13.22,Y
1998,議員,區域,嘉義縣,嘉義縣第4選區,9,蔡奇璋,1,無,6613,12.51,Y
1998,議員,區域,嘉義縣,嘉義縣第5選區,1,顏連復,1,中國國民黨,8215,23.88,Y
1998,議員,區域,嘉義縣,嘉義縣第5選區,2,曾德忠,1,民主進步黨,5019,14.59,N
1998,議員,區域,嘉義縣,嘉義縣第5選區,3,陳俊宏,1,中國國民黨,8361,24.31,Y
1998,議員,區域,嘉義縣,嘉義縣第5選區,4,張山籐,1,無,68,0.20,N
1998,議員,區域,嘉義縣,嘉義縣第5選區,5,邱再留,1,無,5147,14.96,Y
1998,議員,區域,嘉義縣,嘉義縣第5選區,6,陳翁蘭英,2,中國國民黨,7584,22.05,Y
1998,議員,區域,嘉義縣,嘉義縣第6選區,1,林嘉泰,1,中國國民黨,6991,13.19,Y
1998,議員,區域,嘉義縣,嘉義縣第6選區,2,詹黃素蓮,2,中國國民黨,4713,8.89,Y
1998,議員,區域,嘉義縣,嘉義縣第6選區,3,游淑貞,2,中國國民黨,4104,7.74,N
1998,議員,區域,嘉義縣,嘉義縣第6選區,4,羅瑞民,1,無,6580,12.42,Y
1998,議員,區域,嘉義縣,嘉義縣第6選區,5,侯清河,1,中國國民黨,8917,16.83,Y
1998,議員,區域,嘉義縣,嘉義縣第6選區,6,張意華,1,無,184,0.35,N
1998,議員,區域,嘉義縣,嘉義縣第6選區,7,吳金輝,1,中國國民黨,1989,3.75,N
1998,議員,區域,嘉義縣,嘉義縣第6選區,8,王焜弘,1,中國國民黨,7013,13.23,Y
1998,議員,區域,嘉義縣,嘉義縣第6選區,9,李文來,1,中國國民黨,4986,9.41,Y
1998,議員,區域,嘉義縣,嘉義縣第6選區,10,莊竣傑,1,無,2681,5.06,N
1998,議員,區域,嘉義縣,嘉義縣第6選區,11,簡長卿,1,中國國民黨,233,0.44,N
1998,議員,區域,嘉義縣,嘉義縣第6選區,12,蔡文基,1,民主進步黨,4600,8.68,Y
1998,議員,區域,臺南縣,臺南縣第1選區,1,顏恒通,1,民主進步黨,6461,10.66,Y
1998,議員,區域,臺南縣,臺南縣第1選區,2,胡峻榕,1,中國國民黨,4012,6.62,N
1998,議員,區域,臺南縣,臺南縣第1選區,3,蕭國明,1,無,221,0.36,N
1998,議員,區域,臺南縣,臺南縣第1選區,4,吳金松,1,無,6438,10.62,Y
1998,議員,區域,臺南縣,臺南縣第1選區,5,蔡登瀛,1,中國國民黨,8369,13.81,Y
1998,議員,區域,臺南縣,臺南縣第1選區,6,潘輝全,1,無,2498,4.12,N
1998,議員,區域,臺南縣,臺南縣第1選區,7,陳李翠香,2,民主進步黨,7931,13.09,Y
1998,議員,區域,臺南縣,臺南縣第1選區,8,劉桂妙,2,中國國民黨,9000,14.85,Y
1998,議員,區域,臺南縣,臺南縣第1選區,9,林春榮,1,無,5746,9.48,N
1998,議員,區域,臺南縣,臺南縣第1選區,10,李銘哲,1,中國國民黨,4016,6.63,N
1998,議員,區域,臺南縣,臺南縣第1選區,11,陳進雄,1,無,5908,9.75,Y
1998,議員,區域,臺南縣,臺南縣第2選區,1,賴美惠,2,中國國民黨,9396,19.58,Y
1998,議員,區域,臺南縣,臺南縣第2選區,2,鄭鴻權,1,中國國民黨,6980,14.55,N
1998,議員,區域,臺南縣,臺南縣第2選區,3,黃月娟,2,無,9274,19.33,Y
1998,議員,區域,臺南縣,臺南縣第2選區,4,壟吉本,1,無,9513,19.82,Y
1998,議員,區域,臺南縣,臺南縣第2選區,5,石美璨,1,民主進步黨,2801,5.84,N
1998,議員,區域,臺南縣,臺南縣第2選區,6,陳明志,1,無,10022,20.89,Y
1998,議員,區域,臺南縣,臺南縣第3選區,1,何慶忠,1,無,8768,13.39,Y
1998,議員,區域,臺南縣,臺南縣第3選區,2,黃其福,1,中國國民黨,6799,10.38,Y
1998,議員,區域,臺南縣,臺南縣第3選區,3,陳文賢,1,民主進步黨,6764,10.33,N
1998,議員,區域,臺南縣,臺南縣第3選區,4,陳德昌,1,無,825,1.26,N
1998,議員,區域,臺南縣,臺南縣第3選區,5,王萬法,1,無,6822,10.42,Y
1998,議員,區域,臺南縣,臺南縣第3選區,6,陳沛然,1,無,6617,10.11,N
1998,議員,區域,臺南縣,臺南縣第3選區,7,胡貴鳳,2,中國國民黨,3090,4.72,Y
1998,議員,區域,臺南縣,臺南縣第3選區,8,姜金堂,1,無,9473,14.47,Y
1998,議員,區域,臺南縣,臺南縣第3選區,9,洪櫻芬,2,無,2651,4.05,N
1998,議員,區域,臺南縣,臺南縣第3選區,10,沈進忠,1,無,6944,10.60,Y
1998,議員,區域,臺南縣,臺南縣第3選區,11,吳秀娥,2,無,153,0.23,N
1998,議員,區域,臺南縣,臺南縣第3選區,12,岩順天,1,無,6576,10.04,N
1998,議員,區域,臺南縣,臺南縣第4選區,1,王李金城,1,無,1349,2.40,N
1998,議員,區域,臺南縣,臺南縣第4選區,2,蔡秋蘭,2,無,4715,8.38,Y
1998,議員,區域,臺南縣,臺南縣第4選區,3,方隆盛,1,無,7286,12.96,Y
1998,議員,區域,臺南縣,臺南縣第4選區,4,黃張阿利,2,中國國民黨,2775,4.93,N
1998,議員,區域,臺南縣,臺南縣第4選區,5,黃振隆,1,中國國民黨,7839,13.94,Y
1998,議員,區域,臺南縣,臺南縣第4選區,6,周賜海,1,中國國民黨,6986,12.42,Y
1998,議員,區域,臺南縣,臺南縣第4選區,7,余榮和,1,無,5267,9.37,N
1998,議員,區域,臺南縣,臺南縣第4選區,8,卓華民,1,中國國民黨,3985,7.09,N
1998,議員,區域,臺南縣,臺南縣第4選區,9,陳寶珍,1,中國國民黨,7203,12.81,Y
1998,議員,區域,臺南縣,臺南縣第4選區,10,陳朝來,1,民主進步黨,6284,11.17,N
1998,議員,區域,臺南縣,臺南縣第4選區,11,許陳白盆,2,民主進步黨,2550,4.53,N
1998,議員,區域,臺南縣,臺南縣第5選區,1,陳宗興,1,中國國民黨,9705,25.18,Y
1998,議員,區域,臺南縣,臺南縣第5選區,2,楊清田,1,中國國民黨,5736,14.88,Y
1998,議員,區域,臺南縣,臺南縣第5選區,3,李河順,1,無,12073,31.33,Y
1998,議員,區域,臺南縣,臺南縣第5選區,4,吳耀進,1,無,2471,6.41,N
1998,議員,區域,臺南縣,臺南縣第5選區,5,陳金華,1,民主進步黨,3200,8.30,N
1998,議員,區域,臺南縣,臺南縣第5選區,6,侯澄財,1,無,5352,13.89,N
1998,議員,區域,臺南縣,臺南縣第6選區,1,姚溪梅,1,中國國民黨,6371,18.69,Y
1998,議員,區域,臺南縣,臺南縣第6選區,2,林全忠,1,無,5478,16.07,N
1998,議員,區域,臺南縣,臺南縣第6選區,3,楊崑明,1,無,6671,19.57,Y
1998,議員,區域,臺南縣,臺南縣第6選區,4,陳敏杰,1,無,900,2.64,N
1998,議員,區域,臺南縣,臺南縣第6選區,5,蔡聰錚,1,中國國民黨,5464,16.03,N
1998,議員,區域,臺南縣,臺南縣第6選區,6,楊登山,1,無,5699,16.72,Y
1998,議員,區域,臺南縣,臺南縣第6選區,7,楊世名,1,民主進步黨,3509,10.29,N
1998,議員,區域,臺南縣,臺南縣第7選區,1,李全富,1,中國國民黨,8614,23.59,Y
1998,議員,區域,臺南縣,臺南縣第7選區,2,林丁燦,1,無,7518,20.59,Y
1998,議員,區域,臺南縣,臺南縣第7選區,3,陳宗藤,1,民主進步黨,6062,16.60,N
1998,議員,區域,臺南縣,臺南縣第7選區,4,林碧華,2,無,3987,10.92,N
1998,議員,區域,臺南縣,臺南縣第7選區,5,梁順發,1,無,10335,28.30,Y
1998,議員,區域,臺南縣,臺南縣第8選區,1,周五六,1,中國國民黨,8787,31.56,Y
1998,議員,區域,臺南縣,臺南縣第8選區,2,王峻潭,1,民主進步黨,7902,28.38,Y
1998,議員,區域,臺南縣,臺南縣第8選區,3,吳勝武,1,無,4097,14.72,N
1998,議員,區域,臺南縣,臺南縣第8選區,4,曾永長,1,中國國民黨,7056,25.34,N
1998,議員,區域,臺南縣,臺南縣第9選區,1,洪雪珠,2,中國國民黨,7119,8.51,Y
1998,議員,區域,臺南縣,臺南縣第9選區,2,郭壬癸,1,民主進步黨,3928,4.70,N
1998,議員,區域,臺南縣,臺南縣第9選區,3,杜素吟,2,無,7221,8.63,Y
1998,議員,區域,臺南縣,臺南縣第9選區,4,黃清沛,1,中國國民黨,3702,4.43,N
1998,議員,區域,臺南縣,臺南縣第9選區,5,吳吉雄,1,中國國民黨,5472,6.54,Y
1998,議員,區域,臺南縣,臺南縣第9選區,6,陳進財,1,無,4391,5.25,N
1998,議員,區域,臺南縣,臺南縣第9選區,7,林青德,1,無,1092,1.31,N
1998,議員,區域,臺南縣,臺南縣第9選區,8,洪德昆,1,無,7964,9.52,Y
1998,議員,區域,臺南縣,臺南縣第9選區,9,黃明進,1,中國國民黨,5099,6.10,N
1998,議員,區域,臺南縣,臺南縣第9選區,10,李來基,1,無,5883,7.03,Y
1998,議員,區域,臺南縣,臺南縣第9選區,11,吳健保,1,中國國民黨,8474,10.13,Y
1998,議員,區域,臺南縣,臺南縣第9選區,12,葉文南,1,新黨,653,0.78,N
1998,議員,區域,臺南縣,臺南縣第9選區,13,程安鎮,1,民主進步黨,4039,4.83,N
1998,議員,區域,臺南縣,臺南縣第9選區,14,黃明珍,2,民主進步黨,4508,5.39,N
1998,議員,區域,臺南縣,臺南縣第9選區,15,周國龍,1,無,1043,1.25,N
1998,議員,區域,臺南縣,臺南縣第9選區,16,徐萬仲,1,中國國民黨,5700,6.82,Y
1998,議員,區域,臺南縣,臺南縣第9選區,17,陳特清,1,無,7342,8.78,Y
1998,議員,區域,臺南縣,臺南縣第10選區,1,簡國增,1,無,350,0.48,N
1998,議員,區域,臺南縣,臺南縣第10選區,2,林宜瑾,2,民主進步黨,4652,6.37,Y
1998,議員,區域,臺南縣,臺南縣第10選區,3,張郁文,1,民主進步黨,1508,2.07,N
1998,議員,區域,臺南縣,臺南縣第10選區,4,李坤煌,1,中國國民黨,5104,6.99,Y
1998,議員,區域,臺南縣,臺南縣第10選區,5,蔡百祿,1,無,3605,4.94,Y
1998,議員,區域,臺南縣,臺南縣第10選區,6,孫乃華,2,新黨,2268,3.11,N
1998,議員,區域,臺南縣,臺南縣第10選區,7,黃國龍,1,無,364,0.50,N
1998,議員,區域,臺南縣,臺南縣第10選區,8,施重男,1,無,5766,7.90,Y
1998,議員,區域,臺南縣,臺南縣第10選區,9,王敏星,1,中國國民黨,5392,7.39,Y
1998,議員,區域,臺南縣,臺南縣第10選區,10,黃平常,1,中國國民黨,1348,1.85,N
1998,議員,區域,臺南縣,臺南縣第10選區,11,吳春成,1,無,8365,11.46,Y
1998,議員,區域,臺南縣,臺南縣第10選區,12,林進旺,1,中國國民黨,5968,8.18,Y
1998,議員,區域,臺南縣,臺南縣第10選區,13,郭瑞南,1,中國國民黨,6862,9.40,Y
1998,議員,區域,臺南縣,臺南縣第10選區,14,李德昌,1,無,2964,4.06,N
1998,議員,區域,臺南縣,臺南縣第10選區,15,蔡曜丞,1,無,2589,3.55,N
1998,議員,區域,臺南縣,臺南縣第10選區,16,林水木,1,無,1404,1.92,N
1998,議員,區域,臺南縣,臺南縣第10選區,17,汪永順,1,無,2160,2.96,N
1998,議員,區域,臺南縣,臺南縣第10選區,18,陳秋萍,2,無,6628,9.08,Y
1998,議員,區域,臺南縣,臺南縣第10選區,19,謝欣霓,2,民主進步黨,5680,7.78,Y
1998,議員,區域,高雄縣,高雄縣第1選區,1,林景元,1,無,1091,0.88,N
1998,議員,區域,高雄縣,高雄縣第1選區,2,廖秋松,1,新黨,2227,1.80,N
1998,議員,區域,高雄縣,高雄縣第1選區,3,鄭良男,1,無,4357,3.53,N
1998,議員,區域,高雄縣,高雄縣第1選區,4,蘇炎城,1,無,6187,5.01,Y
1998,議員,區域,高雄縣,高雄縣第1選區,5,錢俊皞,1,無,5433,4.40,Y
1998,議員,區域,高雄縣,高雄縣第1選區,6,王榮仁,1,無,7604,6.16,Y
1998,議員,區域,高雄縣,高雄縣第1選區,7,李正男,1,中國國民黨,1947,1.58,N
1998,議員,區域,高雄縣,高雄縣第1選區,8,吳南洋,1,無,4081,3.31,N
1998,議員,區域,高雄縣,高雄縣第1選區,9,蕭永達,1,民主進步黨,4178,3.39,N
1998,議員,區域,高雄縣,高雄縣第1選區,10,方雪玉,2,民主進步黨,2574,2.09,N
1998,議員,區域,高雄縣,高雄縣第1選區,11,鄭復華,2,無,959,0.78,N
1998,議員,區域,高雄縣,高雄縣第1選區,12,余正助,1,無,6557,5.31,Y
1998,議員,區域,高雄縣,高雄縣第1選區,13,顏文章,1,民主進步黨,3903,3.16,N
1998,議員,區域,高雄縣,高雄縣第1選區,14,王見光,1,無,2685,2.18,N
1998,議員,區域,高雄縣,高雄縣第1選區,15,陳粹鑾,2,無,5135,4.16,Y
1998,議員,區域,高雄縣,高雄縣第1選區,16,陳木隆,1,無,2605,2.11,N
1998,議員,區域,高雄縣,高雄縣第1選區,17,陳啟昱,1,民主進步黨,4971,4.03,Y
1998,議員,區域,高雄縣,高雄縣第1選區,18,黃璽文,1,無,7766,6.29,Y
1998,議員,區域,高雄縣,高雄縣第1選區,19,楊文雄,1,無,5275,4.27,Y
1998,議員,區域,高雄縣,高雄縣第1選區,20,楊蘇和英,2,民主進步黨,1428,1.16,N
1998,議員,區域,高雄縣,高雄縣第1選區,21,陳國雄,1,無,299,0.24,N
1998,議員,區域,高雄縣,高雄縣第1選區,22,郭昭添,1,無,4578,3.71,N
1998,議員,區域,高雄縣,高雄縣第1選區,23,黃福昌,1,中國國民黨,4987,4.04,Y
1998,議員,區域,高雄縣,高雄縣第1選區,24,劉德林,1,中國國民黨,10900,8.83,Y
1998,議員,區域,高雄縣,高雄縣第1選區,25,姚繼芹,2,新黨,1454,1.18,N
1998,議員,區域,高雄縣,高雄縣第1選區,26,徐榮延,1,中國國民黨,4962,4.02,Y
1998,議員,區域,高雄縣,高雄縣第1選區,27,袁主民,1,建國黨,2172,1.76,N
1998,議員,區域,高雄縣,高雄縣第1選區,28,陳正毅,1,無,260,0.21,N
1998,議員,區域,高雄縣,高雄縣第1選區,29,簡海源,1,無,5924,4.80,Y
1998,議員,區域,高雄縣,高雄縣第1選區,30,張坤裕,1,無,6921,5.61,Y
1998,議員,區域,高雄縣,高雄縣第2選區,1,康裕成,2,民主進步黨,5126,6.08,Y
1998,議員,區域,高雄縣,高雄縣第2選區,2,羅淑芬,2,無,332,0.39,N
1998,議員,區域,高雄縣,高雄縣第2選區,3,吳福增,1,無,1484,1.76,N
1998,議員,區域,高雄縣,高雄縣第2選區,4,吳成利,1,中國國民黨,9602,11.39,Y
1998,議員,區域,高雄縣,高雄縣第2選區,5,許正雄,1,中國國民黨,10895,12.92,Y
1998,議員,區域,高雄縣,高雄縣第2選區,6,張美瑤,2,無,4197,4.98,N
1998,議員,區域,高雄縣,高雄縣第2選區,7,吳光誠,1,中國國民黨,8777,10.41,Y
1998,議員,區域,高雄縣,高雄縣第2選區,8,李存強,1,無,3446,4.09,N
1998,議員,區域,高雄縣,高雄縣第2選區,9,葉進國,1,中國國民黨,7609,9.02,Y
1998,議員,區域,高雄縣,高雄縣第2選區,10,莊敏次,1,民主進步黨,5163,6.12,N
1998,議員,區域,高雄縣,高雄縣第2選區,11,吳文耀,1,無,7340,8.70,Y
1998,議員,區域,高雄縣,高雄縣第2選區,12,林崑漢,1,民主進步黨,6674,7.91,N
1998,議員,區域,高雄縣,高雄縣第2選區,13,陳建國,1,建國黨,1318,1.56,N
1998,議員,區域,高雄縣,高雄縣第2選區,14,黃明河,1,民主進步黨,3936,4.67,N
1998,議員,區域,高雄縣,高雄縣第2選區,15,何勝雄,1,無,8423,9.99,Y
1998,議員,區域,高雄縣,高雄縣第3選區,1,張金聰,1,無,2836,3.04,N
1998,議員,區域,高雄縣,高雄縣第3選區,2,蔡寬興,1,無,1451,1.55,N
1998,議員,區域,高雄縣,高雄縣第3選區,3,黃梁鳳美,2,民主進步黨,746,0.80,N
1998,議員,區域,高雄縣,高雄縣第3選區,4,黃兆呈,1,中國國民黨,8026,8.59,Y
1998,議員,區域,高雄縣,高雄縣第3選區,5,孫祈政,1,無,6901,7.39,N
1998,議員,區域,高雄縣,高雄縣第3選區,6,陸文瑜,1,新黨,4644,4.97,N
1998,議員,區域,高雄縣,高雄縣第3選區,7,董貞治,1,中國國民黨,3165,3.39,N
1998,議員,區域,高雄縣,高雄縣第3選區,8,林祺福,1,中國國民黨,7053,7.55,Y
1998,議員,區域,高雄縣,高雄縣第3選區,9,洪添丁,1,民主進步黨,7712,8.25,Y
1998,議員,區域,高雄縣,高雄縣第3選區,10,吳鴻鳴,1,中國國民黨,7074,7.57,Y
1998,議員,區域,高雄縣,高雄縣第3選區,11,黃啟東,1,無,3977,4.26,N
1998,議員,區域,高雄縣,高雄縣第3選區,12,黃河澄,1,中國國民黨,6862,7.34,N
1998,議員,區域,高雄縣,高雄縣第3選區,13,侯三德,1,建國黨,564,0.60,N
1998,議員,區域,高雄縣,高雄縣第3選區,14,李芳諭,1,無,1269,1.36,N
1998,議員,區域,高雄縣,高雄縣第3選區,15,黃天煌,1,無,7704,8.25,Y
1998,議員,區域,高雄縣,高雄縣第3選區,16,蔡簡美雪,2,無,4483,4.80,Y
1998,議員,區域,高雄縣,高雄縣第3選區,17,吳菲粵,2,中國國民黨,3868,4.14,N
1998,議員,區域,高雄縣,高雄縣第3選區,18,曾榮仁,1,無,6911,7.40,N
1998,議員,區域,高雄縣,高雄縣第3選區,19,陳明礎,1,民主進步黨,8189,8.76,Y
1998,議員,區域,高雄縣,高雄縣第4選區,1,李金萬,1,新黨,2367,3.06,N
1998,議員,區域,高雄縣,高雄縣第4選區,2,戴進吉,1,無,5746,7.44,N
1998,議員,區域,高雄縣,高雄縣第4選區,3,楊章明,1,無,7094,9.18,Y
1998,議員,區域,高雄縣,高雄縣第4選區,4,許褔森,1,中國國民黨,12636,16.35,Y
1998,議員,區域,高雄縣,高雄縣第4選區,5,黃金光,1,中國國民黨,6091,7.88,N
1998,議員,區域,高雄縣,高雄縣第4選區,6,陸淑美,2,中國國民黨,4831,6.25,Y
1998,議員,區域,高雄縣,高雄縣第4選區,7,林連森,1,民主進步黨,10133,13.11,Y
1998,議員,區域,高雄縣,高雄縣第4選區,8,謝志富,1,民主進步黨,3938,5.10,N
1998,議員,區域,高雄縣,高雄縣第4選區,9,陳清玉,1,無,9023,11.68,Y
1998,議員,區域,高雄縣,高雄縣第4選區,10,黃萬全,1,無,6311,8.17,Y
1998,議員,區域,高雄縣,高雄縣第4選區,11,高文琳,1,無,398,0.52,N
1998,議員,區域,高雄縣,高雄縣第4選區,12,鄭復臨,1,中國國民黨,7433,9.62,Y
1998,議員,區域,高雄縣,高雄縣第4選區,13,陳妙怡,2,建國黨,1270,1.64,N
1998,議員,區域,高雄縣,高雄縣第5選區,1,李長生,1,中國國民黨,10789,52.34,Y
1998,議員,區域,高雄縣,高雄縣第5選區,2,陳東海,1,民主進步黨,9825,47.66,Y
1998,議員,區域,高雄縣,高雄縣第6選區,1,王金雄,1,民主進步黨,8342,7.82,Y
1998,議員,區域,高雄縣,高雄縣第6選區,2,葉香,2,民主進步黨,7230,6.78,Y
1998,議員,區域,高雄縣,高雄縣第6選區,3,李文彬,1,建國黨,2343,2.20,N
1998,議員,區域,高雄縣,高雄縣第6選區,4,宋盧秀治,2,無,5784,5.42,N
1998,議員,區域,高雄縣,高雄縣第6選區,5,李柏融,1,中國國民黨,624,0.58,N
1998,議員,區域,高雄縣,高雄縣第6選區,6,鄧武二,1,無,8236,7.72,Y
1998,議員,區域,高雄縣,高雄縣第6選區,7,邱國平,1,無,108,0.10,N
1998,議員,區域,高雄縣,高雄縣第6選區,8,林昭國,1,中國國民黨,7379,6.92,N
1998,議員,區域,高雄縣,高雄縣第6選區,9,陳義明,1,中國國民黨,10526,9.87,Y
1998,議員,區域,高雄縣,高雄縣第6選區,10,吳承璋,1,中國國民黨,9424,8.83,Y
1998,議員,區域,高雄縣,高雄縣第6選區,11,莊吳月嬌,2,民主進步黨,3300,3.09,N
1998,議員,區域,高雄縣,高雄縣第6選區,12,鄭明岳,1,民主進步黨,7706,7.22,N
1998,議員,區域,高雄縣,高雄縣第6選區,13,葉發欉,1,無,7713,7.23,Y
1998,議員,區域,高雄縣,高雄縣第6選區,14,蔡清國,1,無,11879,11.13,Y
1998,議員,區域,高雄縣,高雄縣第6選區,15,李往,1,中國國民黨,7092,6.65,N
1998,議員,區域,高雄縣,高雄縣第6選區,16,程進添,1,中國國民黨,9006,8.44,Y
1998,議員,區域,高雄縣,高雄縣第7選區,1,盧中義,1,中國國民黨,9954,19.99,Y
1998,議員,區域,高雄縣,高雄縣第7選區,2,蕭王平,1,民主進步黨,7247,14.55,N
1998,議員,區域,高雄縣,高雄縣第7選區,3,方振貴,1,無,5244,10.53,N
1998,議員,區域,高雄縣,高雄縣第7選區,4,吳生田,1,無,96,0.19,N
1998,議員,區域,高雄縣,高雄縣第7選區,5,陳鋕成,1,中國國民黨,8745,17.56,Y
1998,議員,區域,高雄縣,高雄縣第7選區,6,林季容,1,無,7108,14.28,N
1998,議員,區域,高雄縣,高雄縣第7選區,7,李嘉俊,1,中國國民黨,10737,21.56,Y
1998,議員,區域,高雄縣,高雄縣第7選區,8,林冠良,1,無,660,1.33,N
1998,議員,區域,高雄縣,高雄縣第8選區,1,黃輝芳,1,無,5872,16.35,N
1998,議員,區域,高雄縣,高雄縣第8選區,2,張乾德,1,無,7547,21.01,Y
1998,議員,區域,高雄縣,高雄縣第8選區,3,黃國銘,1,中國國民黨,7075,19.69,Y
1998,議員,區域,高雄縣,高雄縣第8選區,4,李雲廷,1,無,7480,20.82,Y
1998,議員,區域,高雄縣,高雄縣第8選區,5,何錦昌,1,無,5526,15.38,N
1998,議員,區域,高雄縣,高雄縣第8選區,6,邱志尚,1,民主進步黨,2425,6.75,N
1998,議員,區域,屏東縣,屏東縣第1選區,1,王孔明,1,中國國民黨,535,0.58,N
1998,議員,區域,屏東縣,屏東縣第1選區,2,林健壽,1,中國國民黨,1668,1.79,N
1998,議員,區域,屏東縣,屏東縣第1選區,3,施崑益,1,無,431,0.46,N
1998,議員,區域,屏東縣,屏東縣第1選區,4,陳玉璽,1,民主進步黨,935,1.01,N
1998,議員,區域,屏東縣,屏東縣第1選區,5,黃鼎倫,1,無,2321,2.50,N
1998,議員,區域,屏東縣,屏東縣第1選區,6,韓瑞屏,1,無,191,0.21,N
1998,議員,區域,屏東縣,屏東縣第1選區,7,李志聰,1,建國黨,1116,1.20,N
1998,議員,區域,屏東縣,屏東縣第1選區,8,王基元,1,無,689,0.74,N
1998,議員,區域,屏東縣,屏東縣第1選區,9,許玉山,1,無,1445,1.55,N
1998,議員,區域,屏東縣,屏東縣第1選區,10,簡美麗,2,無,2310,2.48,N
1998,議員,區域,屏東縣,屏東縣第1選區,11,蔡幸爵,1,中國國民黨,4888,5.26,Y
1998,議員,區域,屏東縣,屏東縣第1選區,12,楊子鵬,1,中國國民黨,4384,4.71,Y
1998,議員,區域,屏東縣,屏東縣第1選區,13,劉素禎,2,新黨,1645,1.77,N
1998,議員,區域,屏東縣,屏東縣第1選區,14,曾義雄,1,中國國民黨,3735,4.02,Y
1998,議員,區域,屏東縣,屏東縣第1選區,15,黃清漢,1,中國國民黨,2109,2.27,N
1998,議員,區域,屏東縣,屏東縣第1選區,16,吳燦坤,1,中國國民黨,5907,6.35,Y
1998,議員,區域,屏東縣,屏東縣第1選區,17,施蘇貴美,2,中國國民黨,3765,4.05,Y
1998,議員,區域,屏東縣,屏東縣第1選區,18,邱定金,1,無,882,0.95,N
1998,議員,區域,屏東縣,屏東縣第1選區,19,蘇福山,1,中國國民黨,1632,1.75,N
1998,議員,區域,屏東縣,屏東縣第1選區,20,林榮德,1,無,4042,4.35,Y
1998,議員,區域,屏東縣,屏東縣第1選區,21,鐘明輝,1,民主進步黨,2093,2.25,N
1998,議員,區域,屏東縣,屏東縣第1選區,22,蘇義峰,1,無,3548,3.82,Y
1998,議員,區域,屏東縣,屏東縣第1選區,23,黃國安,1,無,3740,4.02,Y
1998,議員,區域,屏東縣,屏東縣第1選區,24,苗蕙敏,2,無,1058,1.14,N
1998,議員,區域,屏東縣,屏東縣第1選區,25,董啟智,1,中國國民黨,2556,2.75,N
1998,議員,區域,屏東縣,屏東縣第1選區,26,林玉井,1,無,1660,1.79,N
1998,議員,區域,屏東縣,屏東縣第1選區,27,黃永松,1,無,2611,2.81,N
1998,議員,區域,屏東縣,屏東縣第1選區,28,李世忠,1,民主進步黨,2678,2.88,N
1998,議員,區域,屏東縣,屏東縣第1選區,29,李世斌,1,民主進步黨,2736,2.94,N
1998,議員,區域,屏東縣,屏東縣第1選區,30,明勝利,1,無,325,0.35,N
1998,議員,區域,屏東縣,屏東縣第1選區,31,李清聖,1,無,1795,1.93,N
1998,議員,區域,屏東縣,屏東縣第1選區,32,鍾坤明,1,民主進步黨,1867,2.01,N
1998,議員,區域,屏東縣,屏東縣第1選區,33,蔡炳煌,1,中國國民黨,4635,4.98,Y
1998,議員,區域,屏東縣,屏東縣第1選區,34,林明順,1,無,4684,5.04,Y
1998,議員,區域,屏東縣,屏東縣第1選區,35,黃昌源,1,中國國民黨,2618,2.82,N
1998,議員,區域,屏東縣,屏東縣第1選區,36,丁朝章,1,民主進步黨,1608,1.73,N
1998,議員,區域,屏東縣,屏東縣第1選區,37,程清水,1,中國國民黨,6075,6.53,Y
1998,議員,區域,屏東縣,屏東縣第1選區,38,唐玉琴,2,中國國民黨,1047,1.13,N
1998,議員,區域,屏東縣,屏東縣第1選區,39,柯長恩,1,新黨,1032,1.11,N
1998,議員,區域,屏東縣,屏東縣第2選區,1,黃金友,1,無,4462,5.54,N
1998,議員,區域,屏東縣,屏東縣第2選區,2,張惠怡,2,中國國民黨,5851,7.27,Y
1998,議員,區域,屏東縣,屏東縣第2選區,3,黃基興,1,無,3298,4.10,N
1998,議員,區域,屏東縣,屏東縣第2選區,4,林耀堂,1,新黨,317,0.39,N
1998,議員,區域,屏東縣,屏東縣第2選區,5,林豐精,1,中國國民黨,6313,7.84,Y
1998,議員,區域,屏東縣,屏東縣第2選區,6,蔡河泉,1,民主進步黨,1974,2.45,N
1998,議員,區域,屏東縣,屏東縣第2選區,7,陳華玉,1,無,3025,3.76,N
1998,議員,區域,屏東縣,屏東縣第2選區,8,陳進興,1,中國國民黨,5435,6.75,Y
1998,議員,區域,屏東縣,屏東縣第2選區,9,尤慶賀,1,無,7843,9.74,Y
1998,議員,區域,屏東縣,屏東縣第2選區,10,何春美,2,中國國民黨,5626,6.99,Y
1998,議員,區域,屏東縣,屏東縣第2選區,11,黃啟亮,1,民主進步黨,2128,2.64,N
1998,議員,區域,屏東縣,屏東縣第2選區,12,邱炬峰,1,中國國民黨,3074,3.82,N
1998,議員,區域,屏東縣,屏東縣第2選區,13,梁清旺,1,無,5175,6.43,Y
1998,議員,區域,屏東縣,屏東縣第2選區,14,吳亮慶,1,無,4686,5.82,N
1998,議員,區域,屏東縣,屏東縣第2選區,15,賴元光,1,無,3972,4.93,N
1998,議員,區域,屏東縣,屏東縣第2選區,16,陳鴻榮,1,中國國民黨,4996,6.21,Y
1998,議員,區域,屏東縣,屏東縣第2選區,17,王新坤,1,無,3165,3.93,N
1998,議員,區域,屏東縣,屏東縣第2選區,18,杜文博,1,無,3795,4.71,N
1998,議員,區域,屏東縣,屏東縣第2選區,19,鄭景濃,1,中國國民黨,5362,6.66,Y
1998,議員,區域,屏東縣,屏東縣第3選區,1,涂耀順,1,民主進步黨,7144,7.18,Y
1998,議員,區域,屏東縣,屏東縣第3選區,2,吳尊智,1,中國國民黨,4662,4.68,N
1998,議員,區域,屏東縣,屏東縣第3選區,3,林喜富,1,民主進步黨,1544,1.55,N
1998,議員,區域,屏東縣,屏東縣第3選區,4,黃竹男,1,無,2460,2.47,N
1998,議員,區域,屏東縣,屏東縣第3選區,5,馮黃素幼,2,無,1933,1.94,N
1998,議員,區域,屏東縣,屏東縣第3選區,6,潘長成,1,中國國民黨,5398,5.42,Y
1998,議員,區域,屏東縣,屏東縣第3選區,7,林郁虹,2,中國國民黨,4794,4.82,Y
1998,議員,區域,屏東縣,屏東縣第3選區,8,徐榮耀,1,中國國民黨,5614,5.64,Y
1998,議員,區域,屏東縣,屏東縣第3選區,9,劉輝亮,1,民主進步黨,4459,4.48,N
1998,議員,區域,屏東縣,屏東縣第3選區,10,鄭進興,1,無,2939,2.95,N
1998,議員,區域,屏東縣,屏東縣第3選區,11,曾勳任,1,無,5103,5.13,Y
1998,議員,區域,屏東縣,屏東縣第3選區,12,林宗俉,1,無,4814,4.84,Y
1998,議員,區域,屏東縣,屏東縣第3選區,13,吳漢章,1,無,3612,3.63,N
1998,議員,區域,屏東縣,屏東縣第3選區,14,劉盛明,1,無,1428,1.43,N
1998,議員,區域,屏東縣,屏東縣第3選區,15,簡金鎮,1,無,5750,5.78,Y
1998,議員,區域,屏東縣,屏東縣第3選區,16,徐進德,1,民主進步黨,4914,4.94,Y
1998,議員,區域,屏東縣,屏東縣第3選區,17,林孝先,1,中國國民黨,4738,4.76,Y
1998,議員,區域,屏東縣,屏東縣第3選區,18,劉煜基,1,建國黨,1963,1.97,N
1998,議員,區域,屏東縣,屏東縣第3選區,19,張雲鎮,1,民主進步黨,2368,2.38,N
1998,議員,區域,屏東縣,屏東縣第3選區,20,曾秋良,1,無,6284,6.31,Y
1998,議員,區域,屏東縣,屏東縣第3選區,21,潘淑真,2,中國國民黨,4449,4.47,N
1998,議員,區域,屏東縣,屏東縣第3選區,22,賴鍾達,1,中國國民黨,1739,1.75,N
1998,議員,區域,屏東縣,屏東縣第3選區,23,李朝明,1,中國國民黨,4104,4.12,N
1998,議員,區域,屏東縣,屏東縣第3選區,24,林陳素雲,2,中國國民黨,1589,1.60,N
1998,議員,區域,屏東縣,屏東縣第3選區,25,盧秀宗,1,無,5723,5.75,Y
1998,議員,區域,屏東縣,屏東縣第4選區,1,翁銘村,1,民主進步黨,2987,4.10,N
1998,議員,區域,屏東縣,屏東縣第4選區,2,周典論,1,無,7602,10.43,Y
1998,議員,區域,屏東縣,屏東縣第4選區,3,鄭寶川,1,無,6093,8.36,Y
1998,議員,區域,屏東縣,屏東縣第4選區,4,黃平澤,1,無,4863,6.67,N
1998,議員,區域,屏東縣,屏東縣第4選區,5,劉水復,1,無,9288,12.75,Y
1998,議員,區域,屏東縣,屏東縣第4選區,6,李真和,1,中國國民黨,7840,10.76,Y
1998,議員,區域,屏東縣,屏東縣第4選區,7,郭廷周,1,中國國民黨,5641,7.74,N
1998,議員,區域,屏東縣,屏東縣第4選區,8,林清都,1,無,7353,10.09,Y
1998,議員,區域,屏東縣,屏東縣第4選區,9,劉新乎,1,民主進步黨,6702,9.20,Y
1998,議員,區域,屏東縣,屏東縣第4選區,10,黃道榮,1,無,5943,8.16,Y
1998,議員,區域,屏東縣,屏東縣第4選區,11,李麗卿,2,無,2026,2.78,N
1998,議員,區域,屏東縣,屏東縣第4選區,12,江忠信,1,無,56,0.08,N
1998,議員,區域,屏東縣,屏東縣第4選區,13,郭美玉,2,中國國民黨,6481,8.89,Y
1998,議員,區域,屏東縣,屏東縣第5選區,1,林麗英,2,無,742,1.93,N
1998,議員,區域,屏東縣,屏東縣第5選區,2,張賢珍,1,民主進步黨,5812,15.13,Y
1998,議員,區域,屏東縣,屏東縣第5選區,3,王啟敏,1,中國國民黨,7319,19.06,Y
1998,議員,區域,屏東縣,屏東縣第5選區,4,蔡侑展,1,中國國民黨,8958,23.32,Y
1998,議員,區域,屏東縣,屏東縣第5選區,5,柯清水,1,中國國民黨,6158,16.03,Y
1998,議員,區域,屏東縣,屏東縣第5選區,6,莊明財,1,無,4368,11.37,N
1998,議員,區域,屏東縣,屏東縣第5選區,7,林澤民,1,無,5050,13.15,N
1998,議員,區域,屏東縣,屏東縣第6選區,1,葉明順,1,無,5144,17.50,Y
1998,議員,區域,屏東縣,屏東縣第6選區,2,徐啟智,1,無,5504,18.73,Y
1998,議員,區域,屏東縣,屏東縣第6選區,3,洪乾聰,1,中國國民黨,4502,15.32,N
1998,議員,區域,屏東縣,屏東縣第6選區,4,張恆發,1,中國國民黨,4405,14.99,N
1998,議員,區域,屏東縣,屏東縣第6選區,5,潘孟安,1,民主進步黨,5997,20.40,Y
1998,議員,區域,屏東縣,屏東縣第6選區,6,張憲銘,1,中國國民黨,3841,13.07,N
1998,議員,區域,屏東縣,屏東縣第7選區,1,王新展,1,中國國民黨,4084,56.08,Y
1998,議員,區域,屏東縣,屏東縣第7選區,2,蔡文武,1,中國國民黨,483,6.63,N
1998,議員,區域,屏東縣,屏東縣第7選區,3,曾明睿,1,無,2715,37.28,N
1998,議員,區域,臺東縣,臺東縣第1選區,1,林文隆,1,中國國民黨,344,0.77,N
1998,議員,區域,臺東縣,臺東縣第1選區,2,陳正熆,1,無,1600,3.57,N
1998,議員,區域,臺東縣,臺東縣第1選區,3,李建智,1,中國國民黨,1891,4.22,N
1998,議員,區域,臺東縣,臺東縣第1選區,4,黃秋,2,無,3001,6.69,Y
1998,議員,區域,臺東縣,臺東縣第1選區,5,邱英山,1,無,931,2.08,N
1998,議員,區域,臺東縣,臺東縣第1選區,6,謝明珠,2,無,2913,6.50,Y
1998,議員,區域,臺東縣,臺東縣第1選區,7,林世明,1,無,1734,3.87,N
1998,議員,區域,臺東縣,臺東縣第1選區,8,鄭安定,1,中國國民黨,2645,5.90,Y
1998,議員,區域,臺東縣,臺東縣第1選區,9,吳俊立,1,無,4142,9.24,Y
1998,議員,區域,臺東縣,臺東縣第1選區,10,林義松,1,中國國民黨,1598,3.56,N
1998,議員,區域,臺東縣,臺東縣第1選區,11,謝茂松,1,無,354,0.79,N
1998,議員,區域,臺東縣,臺東縣第1選區,12,毛司龍,1,中國國民黨,529,1.18,N
1998,議員,區域,臺東縣,臺東縣第1選區,13,許志雄,1,中國國民黨,3342,7.46,Y
1998,議員,區域,臺東縣,臺東縣第1選區,14,晉志宏,1,新黨,1113,2.48,N
1998,議員,區域,臺東縣,臺東縣第1選區,15,賈孝寶,1,中國國民黨,1720,3.84,N
1998,議員,區域,臺東縣,臺東縣第1選區,16,陳元豐,1,無,872,1.95,N
1998,議員,區域,臺東縣,臺東縣第1選區,17,陳忠進,1,無,463,1.03,N
1998,議員,區域,臺東縣,臺東縣第1選區,18,李榮福,1,中國國民黨,1402,3.13,N
1998,議員,區域,臺東縣,臺東縣第1選區,19,陳國民,1,中國國民黨,1625,3.62,N
1998,議員,區域,臺東縣,臺東縣第1選區,20,涂成財,1,中國國民黨,2091,4.66,Y
1998,議員,區域,臺東縣,臺東縣第1選區,21,鄭輝煌,1,無,2051,4.58,Y
1998,議員,區域,臺東縣,臺東縣第1選區,22,張逸民,1,無,337,0.75,N
1998,議員,區域,臺東縣,臺東縣第1選區,23,林菁菁,2,無,1386,3.09,N
1998,議員,區域,臺東縣,臺東縣第1選區,24,施向青,1,中國國民黨,1893,4.22,Y
1998,議員,區域,臺東縣,臺東縣第1選區,25,陳瀅瑄,2,無,2612,5.83,Y
1998,議員,區域,臺東縣,臺東縣第1選區,26,黃麗香,2,民主進步黨,2239,4.99,Y
1998,議員,區域,臺東縣,臺東縣第2選區,1,邱慶華,1,中國國民黨,4014,54.44,Y
1998,議員,區域,臺東縣,臺東縣第2選區,2,張清忠,1,無,3359,45.56,N
1998,議員,區域,臺東縣,臺東縣第3選區,1,楊瑞華,1,民主進步黨,934,10.60,N
1998,議員,區域,臺東縣,臺東縣第3選區,2,林東滿,1,中國國民黨,2906,32.98,Y
1998,議員,區域,臺東縣,臺東縣第3選區,3,張順貴,1,中國國民黨,2921,33.15,Y
1998,議員,區域,臺東縣,臺東縣第3選區,4,李伯銅,1,中國國民黨,2051,23.28,N
1998,議員,區域,臺東縣,臺東縣第4選區,1,蔡連壽,1,中國國民黨,3018,23.74,Y
1998,議員,區域,臺東縣,臺東縣第4選區,2,林惠就,2,中國國民黨,3837,30.18,Y
1998,議員,區域,臺東縣,臺東縣第4選區,3,李振源,1,無,3312,26.05,Y
1998,議員,區域,臺東縣,臺東縣第4選區,4,張茂益,1,中國國民黨,2546,20.03,N
1998,議員,區域,臺東縣,臺東縣第5選區,1,李錦慧,1,中國國民黨,3234,55.52,Y
1998,議員,區域,臺東縣,臺東縣第5選區,2,劉德來,1,無,2591,44.48,N
1998,議員,區域,花蓮縣,花蓮縣第1選區,1,黃憲東,1,民主進步黨,1517,3.68,N
1998,議員,區域,花蓮縣,花蓮縣第1選區,2,楊文值,1,中國國民黨,3409,8.28,Y
1998,議員,區域,花蓮縣,花蓮縣第1選區,3,黃照平,1,中國國民黨,1307,3.17,N
1998,議員,區域,花蓮縣,花蓮縣第1選區,4,曹志龍,1,無,139,0.34,N
1998,議員,區域,花蓮縣,花蓮縣第1選區,5,廖定城,1,無,71,0.17,N
1998,議員,區域,花蓮縣,花蓮縣第1選區,6,莊枝財,1,民主進步黨,1214,2.95,N
1998,議員,區域,花蓮縣,花蓮縣第1選區,7,魏東河,1,無,3172,7.70,Y
1998,議員,區域,花蓮縣,花蓮縣第1選區,8,施金樹,1,民主進步黨,3056,7.42,Y
1998,議員,區域,花蓮縣,花蓮縣第1選區,9,鍾逸文,1,中國國民黨,2572,6.25,Y
1998,議員,區域,花蓮縣,花蓮縣第1選區,10,蔣順榮,1,無,902,2.19,N
1998,議員,區域,花蓮縣,花蓮縣第1選區,11,曾劍琪,1,新黨,1671,4.06,N
1998,議員,區域,花蓮縣,花蓮縣第1選區,12,盧博基,1,民主進步黨,2571,6.24,Y
1998,議員,區域,花蓮縣,花蓮縣第1選區,13,賴維新,1,無,923,2.24,N
1998,議員,區域,花蓮縣,花蓮縣第1選區,14,黃坤玉,1,中國國民黨,332,0.81,N
1998,議員,區域,花蓮縣,花蓮縣第1選區,15,李秋旺,1,中國國民黨,2027,4.92,N
1998,議員,區域,花蓮縣,花蓮縣第1選區,16,游賢達,1,民主進步黨,1629,3.96,N
1998,議員,區域,花蓮縣,花蓮縣第1選區,17,高惠珍,2,民主進步黨,170,0.41,N
1998,議員,區域,花蓮縣,花蓮縣第1選區,18,蔡文景,1,中國國民黨,4580,11.12,Y
1998,議員,區域,花蓮縣,花蓮縣第1選區,19,劉秀香,2,中國國民黨,900,2.19,N
1998,議員,區域,花蓮縣,花蓮縣第1選區,20,林連明,1,中國國民黨,2326,5.65,Y
1998,議員,區域,花蓮縣,花蓮縣第1選區,21,林鳳旋,2,中國國民黨,2267,5.51,Y
1998,議員,區域,花蓮縣,花蓮縣第1選區,22,賴信傑,1,中國國民黨,838,2.03,N
1998,議員,區域,花蓮縣,花蓮縣第1選區,23,謝國榮,1,中國國民黨,2737,6.65,Y
1998,議員,區域,花蓮縣,花蓮縣第1選區,24,鍾寶珠,2,綠色本土清新黨,850,2.06,N
1998,議員,區域,花蓮縣,花蓮縣第2選區,1,廖芳卿,2,民主進步黨,579,6.96,N
1998,議員,區域,花蓮縣,花蓮縣第2選區,2,林榮亮,1,無,1767,21.23,N
1998,議員,區域,花蓮縣,花蓮縣第2選區,3,曹鳳珠,2,中國國民黨,1838,22.08,N
1998,議員,區域,花蓮縣,花蓮縣第2選區,4,傅朝明,1,無,1990,23.91,Y
1998,議員,區域,花蓮縣,花蓮縣第2選區,5,郭順雄,1,中國國民黨,2149,25.82,Y
1998,議員,區域,花蓮縣,花蓮縣第3選區,1,丁文生,1,無,817,1.95,N
1998,議員,區域,花蓮縣,花蓮縣第3選區,2,林登山,1,無,1220,2.92,N
1998,議員,區域,花蓮縣,花蓮縣第3選區,3,徐光榮,1,中國國民黨,3158,7.55,Y
1998,議員,區域,花蓮縣,花蓮縣第3選區,4,陳昭德,1,中國國民黨,2042,4.88,N
1998,議員,區域,花蓮縣,花蓮縣第3選區,5,鄭金利,1,無,2001,4.78,N
1998,議員,區域,花蓮縣,花蓮縣第3選區,6,陳朝松,1,中國國民黨,2355,5.63,Y
1998,議員,區域,花蓮縣,花蓮縣第3選區,7,傅素嬌,2,中國國民黨,3718,8.89,Y
1998,議員,區域,花蓮縣,花蓮縣第3選區,8,陳文光,1,中國國民黨,2481,5.93,Y
1998,議員,區域,花蓮縣,花蓮縣第3選區,9,彭武松,1,無,448,1.07,N
1998,議員,區域,花蓮縣,花蓮縣第3選區,10,張德騫,1,無,2650,6.33,Y
1998,議員,區域,花蓮縣,花蓮縣第3選區,11,高德村,1,無,235,0.56,N
1998,議員,區域,花蓮縣,花蓮縣第3選區,12,田智宣,1,民主進步黨,3438,8.22,Y
1998,議員,區域,花蓮縣,花蓮縣第3選區,13,饒瑞銅,1,無,1819,4.35,N
1998,議員,區域,花蓮縣,花蓮縣第3選區,14,邵金鳳,2,中國國民黨,2432,5.81,Y
1998,議員,區域,花蓮縣,花蓮縣第3選區,15,莊茂榮,1,無,2326,5.56,N
1998,議員,區域,花蓮縣,花蓮縣第3選區,16,葉琨璟,1,中國國民黨,2324,5.55,N
1998,議員,區域,花蓮縣,花蓮縣第3選區,17,徐永滿,1,中國國民黨,3493,8.35,Y
1998,議員,區域,花蓮縣,花蓮縣第3選區,18,葉通昌,1,民主進步黨,1375,3.29,N
1998,議員,區域,花蓮縣,花蓮縣第3選區,19,王淑貞,2,無,2254,5.39,N
1998,議員,區域,花蓮縣,花蓮縣第3選區,20,徐正邦,1,新黨,1258,3.01,N
1998,議員,區域,花蓮縣,花蓮縣第4選區,1,陳榮財,1,民主進步黨,2439,11.78,Y
1998,議員,區域,花蓮縣,花蓮縣第4選區,2,林信成,1,中國國民黨,1627,7.86,N
1998,議員,區域,花蓮縣,花蓮縣第4選區,3,陳錦樹,1,無,1616,7.81,N
1998,議員,區域,花蓮縣,花蓮縣第4選區,4,鄧國祥,1,中國國民黨,2260,10.92,N
1998,議員,區域,花蓮縣,花蓮縣第4選區,5,邱建民,1,無,979,4.73,N
1998,議員,區域,花蓮縣,花蓮縣第4選區,6,閻廷相,1,中國國民黨,2806,13.55,Y
1998,議員,區域,花蓮縣,花蓮縣第4選區,7,邱創瑞,1,中國國民黨,2196,10.61,N
1998,議員,區域,花蓮縣,花蓮縣第4選區,8,許榮盛,1,中國國民黨,1156,5.58,N
1998,議員,區域,花蓮縣,花蓮縣第4選區,9,王燕美,2,無,2327,11.24,Y
1998,議員,區域,花蓮縣,花蓮縣第4選區,10,陳榮聰,1,中國國民黨,3295,15.92,Y
1998,議員,區域,澎湖縣,澎湖縣第1選區,1,陳永固,1,新黨,249,0.97,N
1998,議員,區域,澎湖縣,澎湖縣第1選區,2,胡俊傑,1,中國國民黨,1320,5.16,Y
1998,議員,區域,澎湖縣,澎湖縣第1選區,3,黃素自,2,中國國民黨,901,3.53,N
1998,議員,區域,澎湖縣,澎湖縣第1選區,4,洪榮郎,1,無,653,2.55,N
1998,議員,區域,澎湖縣,澎湖縣第1選區,5,呂永泰,1,無,1819,7.12,Y
1998,議員,區域,澎湖縣,澎湖縣第1選區,6,陳域旗,1,無,263,1.03,N
1998,議員,區域,澎湖縣,澎湖縣第1選區,7,張再扶,1,無,2156,8.44,Y
1998,議員,區域,澎湖縣,澎湖縣第1選區,8,陳雙全,1,中國國民黨,1579,6.18,Y
1998,議員,區域,澎湖縣,澎湖縣第1選區,9,黃政雄,1,中國國民黨,577,2.26,N
1998,議員,區域,澎湖縣,澎湖縣第1選區,10,周永昌,1,無,40,0.16,N
1998,議員,區域,澎湖縣,澎湖縣第1選區,11,林素妹,2,中國國民黨,1085,4.24,Y
1998,議員,區域,澎湖縣,澎湖縣第1選區,12,陳永和,1,無,1222,4.78,Y
1998,議員,區域,澎湖縣,澎湖縣第1選區,13,陳百川,1,中國國民黨,1364,5.34,Y
1998,議員,區域,澎湖縣,澎湖縣第1選區,14,葉冠男,1,中國國民黨,810,3.17,N
1998,議員,區域,澎湖縣,澎湖縣第1選區,15,葉竹林,1,無,840,3.29,N
1998,議員,區域,澎湖縣,澎湖縣第1選區,16,陰玉玲,2,中國國民黨,846,3.31,N
1998,議員,區域,澎湖縣,澎湖縣第1選區,17,蘇崑雄,1,無,1492,5.84,Y
1998,議員,區域,澎湖縣,澎湖縣第1選區,18,蔡丁志,1,無,115,0.45,N
1998,議員,區域,澎湖縣,澎湖縣第1選區,19,陳清接,1,民主進步黨,685,2.68,N
1998,議員,區域,澎湖縣,澎湖縣第1選區,20,陳海山,1,無,1530,5.99,Y
1998,議員,區域,澎湖縣,澎湖縣第1選區,21,顏重慶,1,中國國民黨,1848,7.23,Y
1998,議員,區域,澎湖縣,澎湖縣第1選區,22,高孔交,1,無,349,1.37,N
1998,議員,區域,澎湖縣,澎湖縣第1選區,23,郁國麟,1,無,589,2.30,N
1998,議員,區域,澎湖縣,澎湖縣第1選區,24,翁世墊,1,中國國民黨,1686,6.60,Y
1998,議員,區域,澎湖縣,澎湖縣第1選區,25,柯日新,1,無,742,2.90,N
1998,議員,區域,澎湖縣,澎湖縣第1選區,26,陳宏俊,1,民主進步黨,800,3.13,N
1998,議員,區域,澎湖縣,澎湖縣第2選區,1,吳明浩,1,中國國民黨,2391,33.70,Y
1998,議員,區域,澎湖縣,澎湖縣第2選區,2,李毓璋,1,無,1796,25.31,N
1998,議員,區域,澎湖縣,澎湖縣第2選區,3,蕭文瑞,1,民主進步黨,709,9.99,N
1998,議員,區域,澎湖縣,澎湖縣第2選區,4,蔡清續,1,無,2199,30.99,Y
1998,議員,區域,澎湖縣,澎湖縣第3選區,1,陳富厚,1,中國國民黨,1572,29.36,N
1998,議員,區域,澎湖縣,澎湖縣第3選區,2,方榮一,1,中國國民黨,1708,31.90,Y
1998,議員,區域,澎湖縣,澎湖縣第3選區,3,宋國進,1,中國國民黨,2075,38.75,Y
1998,議員,區域,澎湖縣,澎湖縣第4選區,1,薛有生,1,民主進步黨,868,19.28,N
1998,議員,區域,澎湖縣,澎湖縣第4選區,2,歐中慨,1,中國國民黨,1594,35.41,Y
1998,議員,區域,澎湖縣,澎湖縣第4選區,3,許啟川,1,無,1414,31.41,Y
1998,議員,區域,澎湖縣,澎湖縣第4選區,4,莊雙喜,1,無,626,13.90,N
1998,議員,區域,澎湖縣,澎湖縣第5選區,1,許長福,1,中國國民黨,1440,49.83,N
1998,議員,區域,澎湖縣,澎湖縣第5選區,2,葉明縣,1,中國國民黨,1450,50.17,Y
1998,議員,區域,澎湖縣,澎湖縣第6選區,1,張啟明,1,中國國民黨,922,51.05,Y
1998,議員,區域,澎湖縣,澎湖縣第6選區,2,呂啟宗,1,無,884,48.95,N
1998,議員,區域,基隆市,基隆市第1選區,1,丁玉玲,2,中國國民黨,733,3.43,N
1998,議員,區域,基隆市,基隆市第1選區,2,謝建政,1,中國國民黨,2712,12.68,Y
1998,議員,區域,基隆市,基隆市第1選區,3,張通榮,1,中國國民黨,2974,13.91,Y
1998,議員,區域,基隆市,基隆市第1選區,4,謝守男,1,中國國民黨,2631,12.30,Y
1998,議員,區域,基隆市,基隆市第1選區,5,馮鐵城,1,無,88,0.41,N
1998,議員,區域,基隆市,基隆市第1選區,6,林雪貞,2,無,313,1.46,N
1998,議員,區域,基隆市,基隆市第1選區,7,陳儀稼,1,中國國民黨,1435,6.71,N
1998,議員,區域,基隆市,基隆市第1選區,8,郭民通,1,中國國民黨,2412,11.28,Y
1998,議員,區域,基隆市,基隆市第1選區,9,謝月霞,2,民主進步黨,1227,5.74,Y
1998,議員,區域,基隆市,基隆市第1選區,10,林耀基,1,中國國民黨,1520,7.11,N
1998,議員,區域,基隆市,基隆市第1選區,11,溫玉華,2,新黨,1035,4.84,N
1998,議員,區域,基隆市,基隆市第1選區,12,詹春陽,1,民主進步黨,2172,10.16,N
1998,議員,區域,基隆市,基隆市第1選區,13,林於城,1,無,212,0.99,N
1998,議員,區域,基隆市,基隆市第1選區,14,羅富友,1,中國國民黨,1655,7.74,N
1998,議員,區域,基隆市,基隆市第1選區,15,周明賢,1,無,266,1.24,N
1998,議員,區域,基隆市,基隆市第2選區,1,王昌烜,1,新黨,1384,8.31,N
1998,議員,區域,基隆市,基隆市第2選區,2,張漢土,1,中國國民黨,3675,22.07,Y
1998,議員,區域,基隆市,基隆市第2選區,3,莊榮清,1,無,1556,9.35,N
1998,議員,區域,基隆市,基隆市第2選區,4,江鑒育,1,無,3269,19.63,Y
1998,議員,區域,基隆市,基隆市第2選區,5,陳東財,1,民主進步黨,2684,16.12,Y
1998,議員,區域,基隆市,基隆市第2選區,6,仇恒文,1,無,96,0.58,N
1998,議員,區域,基隆市,基隆市第2選區,7,韓良圻,1,中國國民黨,2186,13.13,Y
1998,議員,區域,基隆市,基隆市第2選區,8,張阿梅,2,中國國民黨,1799,10.81,N
1998,議員,區域,基隆市,基隆市第3選區,1,莊榮欽,1,中國國民黨,3138,16.19,Y
1998,議員,區域,基隆市,基隆市第3選區,2,曾水源,1,無,3204,16.53,Y
1998,議員,區域,基隆市,基隆市第3選區,3,柯耀焜,1,新黨,1080,5.57,N
1998,議員,區域,基隆市,基隆市第3選區,4,林文祺,1,中國國民黨,2387,12.31,N
1998,議員,區域,基隆市,基隆市第3選區,5,游祥耀,1,民主進步黨,2568,13.25,Y
1998,議員,區域,基隆市,基隆市第3選區,6,邱旭川,1,民主進步黨,1795,9.26,N
1998,議員,區域,基隆市,基隆市第3選區,7,藍正宗,1,中國國民黨,1917,9.89,N
1998,議員,區域,基隆市,基隆市第3選區,8,張芳麗,2,中國國民黨,3297,17.01,Y
1998,議員,區域,基隆市,基隆市第4選區,1,李陳美月,2,民主進步黨,850,4.41,N
1998,議員,區域,基隆市,基隆市第4選區,2,張錦煌,1,民主進步黨,2469,12.80,N
1998,議員,區域,基隆市,基隆市第4選區,3,林家輝,1,中國國民黨,2615,13.55,Y
1998,議員,區域,基隆市,基隆市第4選區,4,施世明,1,民主進步黨,2808,14.55,Y
1998,議員,區域,基隆市,基隆市第4選區,5,許箸宏,1,中國國民黨,1452,7.53,N
1998,議員,區域,基隆市,基隆市第4選區,6,黃坤鴻,1,無,447,2.32,N
1998,議員,區域,基隆市,基隆市第4選區,7,馬重五,1,中國國民黨,3223,16.70,Y
1998,議員,區域,基隆市,基隆市第4選區,8,楊耀菖,1,無,452,2.34,N
1998,議員,區域,基隆市,基隆市第4選區,9,游秋臨,1,中國國民黨,2552,13.23,Y
1998,議員,區域,基隆市,基隆市第4選區,10,陳爾來,1,新黨,2084,10.80,N
1998,議員,區域,基隆市,基隆市第4選區,11,劉銘勳,1,無,225,1.17,N
1998,議員,區域,基隆市,基隆市第4選區,12,呂勝發,1,無,117,0.61,N
1998,議員,區域,基隆市,基隆市第5選區,1,沈義傳,1,中國國民黨,2188,8.83,Y
1998,議員,區域,基隆市,基隆市第5選區,2,卓清華,1,民主進步黨,1089,4.40,N
1998,議員,區域,基隆市,基隆市第5選區,3,吳敬章,1,中國國民黨,1018,4.11,N
1998,議員,區域,基隆市,基隆市第5選區,4,陳建雄,1,民主進步黨,1633,6.59,Y
1998,議員,區域,基隆市,基隆市第5選區,5,黃經總,1,中國國民黨,1460,5.89,N
1998,議員,區域,基隆市,基隆市第5選區,6,張建華,1,中國國民黨,1450,5.85,N
1998,議員,區域,基隆市,基隆市第5選區,7,杜張秀鳳,2,中國國民黨,2171,8.76,Y
1998,議員,區域,基隆市,基隆市第5選區,8,張銘傑,1,中國國民黨,1282,5.18,N
1998,議員,區域,基隆市,基隆市第5選區,9,秦鉦,1,中國國民黨,1402,5.66,N
1998,議員,區域,基隆市,基隆市第5選區,10,蔡信雄,1,中國國民黨,538,2.17,N
1998,議員,區域,基隆市,基隆市第5選區,11,陳志成,1,民主進步黨,1813,7.32,Y
1998,議員,區域,基隆市,基隆市第5選區,12,李昆南,1,中國國民黨,2353,9.50,Y
1998,議員,區域,基隆市,基隆市第5選區,13,牛莉菁,2,新黨,880,3.55,N
1998,議員,區域,基隆市,基隆市第5選區,14,沈錦豐,1,新黨,940,3.80,N
1998,議員,區域,基隆市,基隆市第5選區,15,鄭林清良,2,中國國民黨,4449,17.96,Y
1998,議員,區域,基隆市,基隆市第5選區,16,陳隆嶺,1,無,103,0.42,N
1998,議員,區域,基隆市,基隆市第6選區,1,黃景泰,1,中國國民黨,3128,23.07,Y
1998,議員,區域,基隆市,基隆市第6選區,2,陳建興,1,中國國民黨,1908,14.07,N
1998,議員,區域,基隆市,基隆市第6選區,3,鄭怡信,1,中國國民黨,3050,22.49,Y
1998,議員,區域,基隆市,基隆市第6選區,4,盛延吉,1,新黨,782,5.77,N
1998,議員,區域,基隆市,基隆市第6選區,5,鄭可熙,1,中國國民黨,2461,18.15,Y
1998,議員,區域,基隆市,基隆市第6選區,6,林金水,1,無,2230,16.45,N
1998,議員,區域,基隆市,基隆市第7選區,1,蘇仁和,1,民主進步黨,2848,14.36,Y
1998,議員,區域,基隆市,基隆市第7選區,2,戴學禮,1,新黨,906,4.57,N
1998,議員,區域,基隆市,基隆市第7選區,3,蔡逸群,1,無,297,1.50,N
1998,議員,區域,基隆市,基隆市第7選區,4,王翔鐘,1,中國國民黨,3427,17.29,Y
1998,議員,區域,基隆市,基隆市第7選區,5,張阿月,2,中國國民黨,3207,16.18,Y
1998,議員,區域,基隆市,基隆市第7選區,6,高肯規,1,無,323,1.63,N
1998,議員,區域,基隆市,基隆市第7選區,7,楊月棻,2,無,1491,7.52,N
1998,議員,區域,基隆市,基隆市第7選區,8,許財利,1,無,4714,23.78,Y
1998,議員,區域,基隆市,基隆市第7選區,9,蔡世鈴,1,中國國民黨,2613,13.18,N
1998,議員,區域,新竹市,新竹市第1選區,1,鄭貴元,1,民主進步黨,2408,6.43,Y
1998,議員,區域,新竹市,新竹市第1選區,2,羅文熾,1,中國國民黨,2988,7.98,Y
1998,議員,區域,新竹市,新竹市第1選區,3,楊建功,1,中國國民黨,1167,3.12,N
1998,議員,區域,新竹市,新竹市第1選區,4,曾仁宗,1,中國國民黨,1198,3.20,N
1998,議員,區域,新竹市,新竹市第1選區,5,鄭劉淑妹,2,中國國民黨,3811,10.18,Y
1998,議員,區域,新竹市,新竹市第1選區,6,謝希誠,1,中國國民黨,1576,4.21,N
1998,議員,區域,新竹市,新竹市第1選區,7,吳慶杰,1,無,794,2.12,N
1998,議員,區域,新竹市,新竹市第1選區,8,謝治,1,新黨,1120,2.99,N
1998,議員,區域,新竹市,新竹市第1選區,9,呂學樟,1,無,3431,9.17,Y
1998,議員,區域,新竹市,新竹市第1選區,10,王兩旺,1,無,2434,6.50,Y
1998,議員,區域,新竹市,新竹市第1選區,11,陳權欣,1,無,280,0.75,N
1998,議員,區域,新竹市,新竹市第1選區,12,張祖琰,2,新黨,2393,6.39,Y
1998,議員,區域,新竹市,新竹市第1選區,13,王少泉,1,無,69,0.18,N
1998,議員,區域,新竹市,新竹市第1選區,14,余泉霖,1,無,3111,8.31,Y
1998,議員,區域,新竹市,新竹市第1選區,15,郭霖炭,1,中國國民黨,1989,5.31,Y
1998,議員,區域,新竹市,新竹市第1選區,16,鄭宏輝,1,民主進步黨,3044,8.13,Y
1998,議員,區域,新竹市,新竹市第1選區,17,陳文正,1,無,1765,4.72,N
1998,議員,區域,新竹市,新竹市第1選區,18,鍾淑英,2,中國國民黨,3846,10.28,Y
1998,議員,區域,新竹市,新竹市第2選區,1,宋金海,1,中國國民黨,2530,15.36,Y
1998,議員,區域,新竹市,新竹市第2選區,2,許文河,1,無,2509,15.23,Y
1998,議員,區域,新竹市,新竹市第2選區,3,徐信芳,1,中國國民黨,2628,15.96,Y
1998,議員,區域,新竹市,新竹市第2選區,4,林建宏,1,無,1691,10.27,N
1998,議員,區域,新竹市,新竹市第2選區,5,古榮政,1,民主進步黨,2050,12.45,N
1998,議員,區域,新竹市,新竹市第2選區,6,黃燦禮,1,中國國民黨,1838,11.16,N
1998,議員,區域,新竹市,新竹市第2選區,7,曾義豐,1,無,2679,16.26,Y
1998,議員,區域,新竹市,新竹市第2選區,8,傅鎮瓊,1,新黨,546,3.31,N
1998,議員,區域,新竹市,新竹市第3選區,1,鄭正宗,1,民主進步黨,3352,26.36,Y
1998,議員,區域,新竹市,新竹市第3選區,2,陳憲聰,1,中國國民黨,2211,17.39,N
1998,議員,區域,新竹市,新竹市第3選區,3,駱克銘,1,中國國民黨,2685,21.11,Y
1998,議員,區域,新竹市,新竹市第3選區,4,呂於台,1,中國國民黨,3089,24.29,Y
1998,議員,區域,新竹市,新竹市第3選區,5,陳清全,1,無,1380,10.85,N
1998,議員,區域,新竹市,新竹市第4選區,1,李黃錦燕,2,中國國民黨,3786,15.50,Y
1998,議員,區域,新竹市,新竹市第4選區,2,謝嘉興,1,中國國民黨,1564,6.40,Y
1998,議員,區域,新竹市,新竹市第4選區,3,謝文進,1,無,4511,18.47,Y
1998,議員,區域,新竹市,新竹市第4選區,4,林堅強,1,中國國民黨,2570,10.52,Y
1998,議員,區域,新竹市,新竹市第4選區,5,彭昆耀,1,無,3041,12.45,Y
1998,議員,區域,新竹市,新竹市第4選區,6,張振接,1,新黨,1370,5.61,N
1998,議員,區域,新竹市,新竹市第4選區,7,鄭欽耀,1,無,1454,5.95,N
1998,議員,區域,新竹市,新竹市第4選區,8,林飛鵬,1,民主進步黨,2618,10.72,Y
1998,議員,區域,新竹市,新竹市第4選區,9,蕭志潔,2,中國國民黨,3508,14.36,Y
1998,議員,區域,新竹市,新竹市第5選區,1,何明輝,1,中國國民黨,2066,8.44,N
1998,議員,區域,新竹市,新竹市第5選區,2,陳明錦,2,中國國民黨,2546,10.40,Y
1998,議員,區域,新竹市,新竹市第5選區,3,蔡進國,1,無,706,2.88,N
1998,議員,區域,新竹市,新竹市第5選區,4,鄭秀美,2,中國國民黨,1672,6.83,N
1998,議員,區域,新竹市,新竹市第5選區,5,林耕仁,1,中國國民黨,2953,12.06,Y
1998,議員,區域,新竹市,新竹市第5選區,6,王明魁,1,中國國民黨,3455,14.11,Y
1998,議員,區域,新竹市,新竹市第5選區,7,柯秀蓮,2,無,924,3.77,N
1998,議員,區域,新竹市,新竹市第5選區,8,張憲堂,1,無,1205,4.92,N
1998,議員,區域,新竹市,新竹市第5選區,9,陳秋東,1,無,683,2.79,N
1998,議員,區域,新竹市,新竹市第5選區,10,吳漢奇,1,無,666,2.72,N
1998,議員,區域,新竹市,新竹市第5選區,11,鄭成光,1,中國國民黨,3854,15.74,Y
1998,議員,區域,新竹市,新竹市第5選區,12,徐立山,1,新黨,515,2.10,N
1998,議員,區域,新竹市,新竹市第5選區,13,林漢淇,1,民主進步黨,3235,13.21,Y
1998,議員,區域,臺中市,臺中市第1選區,1,江正吉,1,中國國民黨,5991,12.36,Y
1998,議員,區域,臺中市,臺中市第1選區,2,洪獻卿,1,無,75,0.15,N
1998,議員,區域,臺中市,臺中市第1選區,3,羅進洲,1,新黨,2446,5.05,N
1998,議員,區域,臺中市,臺中市第1選區,4,黃國書,1,民主進步黨,5280,10.90,Y
1998,議員,區域,臺中市,臺中市第1選區,5,張棋龍,1,建國黨,750,1.55,N
1998,議員,區域,臺中市,臺中市第1選區,6,張雪惠,2,中國國民黨,2243,4.63,N
1998,議員,區域,臺中市,臺中市第1選區,7,吳明興,1,無,177,0.37,N
1998,議員,區域,臺中市,臺中市第1選區,8,張宏年,1,中國國民黨,8539,17.62,Y
1998,議員,區域,臺中市,臺中市第1選區,9,莊乃慧,2,無,2280,4.70,Y
1998,議員,區域,臺中市,臺中市第1選區,10,江宗杜,1,中國國民黨,4257,8.78,N
1998,議員,區域,臺中市,臺中市第1選區,11,張德榮,1,中國國民黨,5237,10.81,Y
1998,議員,區域,臺中市,臺中市第1選區,12,林清華,1,中國國民黨,5643,11.64,Y
1998,議員,區域,臺中市,臺中市第1選區,13,蕭杰,1,民主進步黨,5544,11.44,Y
1998,議員,區域,臺中市,臺中市第2選區,1,宋康銑,2,無,1816,3.74,N
1998,議員,區域,臺中市,臺中市第2選區,2,鄧素敏,2,新黨,2868,5.90,N
1998,議員,區域,臺中市,臺中市第2選區,3,陳有江,1,中國國民黨,6625,13.64,Y
1998,議員,區域,臺中市,臺中市第2選區,4,涂明榮,1,無,5212,10.73,Y
1998,議員,區域,臺中市,臺中市第2選區,5,廖述嘉,1,中國國民黨,4421,9.10,Y
1998,議員,區域,臺中市,臺中市第2選區,6,賴穎鋌,1,民主進步黨,5989,12.33,Y
1998,議員,區域,臺中市,臺中市第2選區,7,陳光裕,1,建國黨,393,0.81,N
1998,議員,區域,臺中市,臺中市第2選區,8,陳天汶,1,中國國民黨,4589,9.44,Y
1998,議員,區域,臺中市,臺中市第2選區,9,范淞育,1,民主進步黨,3926,8.08,N
1998,議員,區域,臺中市,臺中市第2選區,10,黃坤錫,1,無,3770,7.76,N
1998,議員,區域,臺中市,臺中市第2選區,11,郭晏生,1,中國國民黨,3950,8.13,Y
1998,議員,區域,臺中市,臺中市第2選區,12,廖佩春,2,中國國民黨,5028,10.35,Y
1998,議員,區域,臺中市,臺中市第3選區,1,陳坤湖,1,無,3223,5.65,N
1998,議員,區域,臺中市,臺中市第3選區,2,劉清庚,1,中國國民黨,8621,15.12,Y
1998,議員,區域,臺中市,臺中市第3選區,3,江克能,1,民主進步黨,2564,4.50,N
1998,議員,區域,臺中市,臺中市第3選區,4,陳福文,1,民主進步黨,5117,8.98,Y
1998,議員,區域,臺中市,臺中市第3選區,5,李中,1,中國國民黨,3787,6.64,Y
1998,議員,區域,臺中市,臺中市第3選區,6,林長生,1,中國國民黨,8740,15.33,Y
1998,議員,區域,臺中市,臺中市第3選區,7,陳茂棠,1,建國黨,1012,1.78,N
1998,議員,區域,臺中市,臺中市第3選區,8,許慧珠,2,無,1095,1.92,N
1998,議員,區域,臺中市,臺中市第3選區,9,許良吉,1,無,625,1.10,N
1998,議員,區域,臺中市,臺中市第3選區,10,顏英男,1,中國國民黨,4504,7.90,Y
1998,議員,區域,臺中市,臺中市第3選區,11,何敏誠,1,民主進步黨,5102,8.95,Y
1998,議員,區域,臺中市,臺中市第3選區,12,林佩樂,2,中國國民黨,6242,10.95,Y
1998,議員,區域,臺中市,臺中市第3選區,13,林威邦,1,無,4434,7.78,Y
1998,議員,區域,臺中市,臺中市第3選區,14,洪明芳,1,新黨,1945,3.41,N
1998,議員,區域,臺中市,臺中市第4選區,1,黃馨慧,2,中國國民黨,2786,5.15,Y
1998,議員,區域,臺中市,臺中市第4選區,2,曾木川,1,民主進步黨,2387,4.41,N
1998,議員,區域,臺中市,臺中市第4選區,3,呂振堂,1,無,1073,1.98,N
1998,議員,區域,臺中市,臺中市第4選區,4,張廖貴專,1,中國國民黨,6651,12.29,Y
1998,議員,區域,臺中市,臺中市第4選區,5,張柏勳,1,無,2136,3.95,N
1998,議員,區域,臺中市,臺中市第4選區,6,張廖秀蓉,2,民主進步黨,1152,2.13,N
1998,議員,區域,臺中市,臺中市第4選區,7,張經魁,1,中國國民黨,2495,4.61,N
1998,議員,區域,臺中市,臺中市第4選區,8,陳富德,1,中國國民黨,4302,7.95,Y
1998,議員,區域,臺中市,臺中市第4選區,9,蔡錦隆,1,中國國民黨,6054,11.19,Y
1998,議員,區域,臺中市,臺中市第4選區,10,楊正中,1,中國國民黨,4246,7.84,Y
1998,議員,區域,臺中市,臺中市第4選區,11,陳仁訓,1,新黨,3331,6.15,N
1998,議員,區域,臺中市,臺中市第4選區,12,張廖萬堅,1,民主進步黨,3731,6.89,Y
1998,議員,區域,臺中市,臺中市第4選區,13,陳瑞德,1,中國國民黨,4047,7.48,Y
1998,議員,區域,臺中市,臺中市第4選區,14,廖松柏,1,中國國民黨,5751,10.63,Y
1998,議員,區域,臺中市,臺中市第4選區,15,王百輝,1,建國黨,636,1.18,N
1998,議員,區域,臺中市,臺中市第4選區,16,張國輝,1,無,3346,6.18,N
1998,議員,區域,臺中市,臺中市第5選區,1,丁振嘉,1,中國國民黨,4058,13.68,Y
1998,議員,區域,臺中市,臺中市第5選區,2,王秋冬,1,中國國民黨,3818,12.88,Y
1998,議員,區域,臺中市,臺中市第5選區,3,劉介迪,1,民主進步黨,3081,10.39,N
1998,議員,區域,臺中市,臺中市第5選區,4,黃淑芬,2,中國國民黨,3282,11.07,Y
1998,議員,區域,臺中市,臺中市第5選區,5,陳三井,1,中國國民黨,5750,19.39,Y
1998,議員,區域,臺中市,臺中市第5選區,6,何文海,1,無,3789,12.78,Y
1998,議員,區域,臺中市,臺中市第5選區,7,賴淑娟,2,新黨,2350,7.92,N
1998,議員,區域,臺中市,臺中市第5選區,8,劉士州,1,無,3371,11.37,N
1998,議員,區域,臺中市,臺中市第5選區,9,王名江,1,無,155,0.52,N
1998,議員,區域,臺中市,臺中市第6選區,1,賴注醒,1,無,537,0.78,N
1998,議員,區域,臺中市,臺中市第6選區,2,林永能,1,中國國民黨,5853,8.47,Y
1998,議員,區域,臺中市,臺中市第6選區,3,游金龍,1,無,47,0.07,N
1998,議員,區域,臺中市,臺中市第6選區,4,陳薰珠,2,無,790,1.14,N
1998,議員,區域,臺中市,臺中市第6選區,5,謝明源,1,民主進步黨,8394,12.14,Y
1998,議員,區域,臺中市,臺中市第6選區,6,賴國煙,1,無,931,1.35,N
1998,議員,區域,臺中市,臺中市第6選區,7,賴滄浪,1,中國國民黨,1583,2.29,N
1998,議員,區域,臺中市,臺中市第6選區,8,廖秋金,1,無,190,0.27,N
1998,議員,區域,臺中市,臺中市第6選區,9,朱蕙蘭,2,中國國民黨,3734,5.40,Y
1998,議員,區域,臺中市,臺中市第6選區,10,陳清景,1,中國國民黨,8185,11.84,Y
1998,議員,區域,臺中市,臺中市第6選區,11,張明昌,1,民主進步黨,2463,3.56,N
1998,議員,區域,臺中市,臺中市第6選區,12,賴順仁,1,中國國民黨,3266,4.73,Y
1998,議員,區域,臺中市,臺中市第6選區,13,紀朝川,1,無,217,0.31,N
1998,議員,區域,臺中市,臺中市第6選區,14,陳武雄,1,中國國民黨,6780,9.81,Y
1998,議員,區域,臺中市,臺中市第6選區,15,何時雄,1,無,1950,2.82,N
1998,議員,區域,臺中市,臺中市第6選區,16,羅宇正,1,無,35,0.05,N
1998,議員,區域,臺中市,臺中市第6選區,17,劉春財,1,中國國民黨,5224,7.56,Y
1998,議員,區域,臺中市,臺中市第6選區,18,王玉青,2,中國國民黨,1044,1.51,N
1998,議員,區域,臺中市,臺中市第6選區,19,詹朝郎,1,中國國民黨,2238,3.24,N
1998,議員,區域,臺中市,臺中市第6選區,20,塗碧玉,2,無,358,0.52,N
1998,議員,區域,臺中市,臺中市第6選區,21,游民哲,1,無,2762,4.00,Y
1998,議員,區域,臺中市,臺中市第6選區,22,劉美華,2,無,607,0.88,N
1998,議員,區域,臺中市,臺中市第6選區,23,賴天龍,1,中國國民黨,6066,8.78,Y
1998,議員,區域,臺中市,臺中市第6選區,24,楊山池,1,新黨,3854,5.58,Y
1998,議員,區域,臺中市,臺中市第6選區,25,林弘昇,1,無,1908,2.76,N
1998,議員,區域,臺中市,臺中市第6選區,26,楊晉萬,1,無,99,0.14,N
1998,議員,區域,嘉義市,嘉義市第1選區,1,黃國村,1,中國國民黨,4063,8.01,Y
1998,議員,區域,嘉義市,嘉義市第1選區,2,陳文齡,1,中國國民黨,2444,4.82,Y
1998,議員,區域,嘉義市,嘉義市第1選區,3,洪有仁,1,無,3687,7.27,Y
1998,議員,區域,嘉義市,嘉義市第1選區,4,曾麗蓉,2,建國黨,1325,2.61,N
1998,議員,區域,嘉義市,嘉義市第1選區,5,林瑞霞,2,無,1792,3.53,N
1998,議員,區域,嘉義市,嘉義市第1選區,6,江熙哲,1,無,2170,4.28,N
1998,議員,區域,嘉義市,嘉義市第1選區,7,歐金城,1,中國國民黨,2698,5.32,Y
1998,議員,區域,嘉義市,嘉義市第1選區,8,侯金良,1,中國國民黨,4341,8.56,Y
1998,議員,區域,嘉義市,嘉義市第1選區,9,戴建三,1,無,4036,7.96,Y
1998,議員,區域,嘉義市,嘉義市第1選區,10,黃乙常,1,民主進步黨,2349,4.63,N
1998,議員,區域,嘉義市,嘉義市第1選區,11,江永德,1,無,138,0.27,N
1998,議員,區域,嘉義市,嘉義市第1選區,12,林山生,1,無,4001,7.89,Y
1998,議員,區域,嘉義市,嘉義市第1選區,13,吳聰鄰,1,無,1605,3.17,N
1998,議員,區域,嘉義市,嘉義市第1選區,14,朱亞太,1,新黨,1421,2.80,N
1998,議員,區域,嘉義市,嘉義市第1選區,15,郭明賓,1,中國國民黨,4090,8.07,Y
1998,議員,區域,嘉義市,嘉義市第1選區,16,蔡嘉文,1,無,3517,6.94,Y
1998,議員,區域,嘉義市,嘉義市第1選區,17,鍾明村,1,中國國民黨,880,1.74,N
1998,議員,區域,嘉義市,嘉義市第1選區,18,郭美玲,2,中國國民黨,2029,4.00,Y
1998,議員,區域,嘉義市,嘉義市第1選區,19,黃義助,1,無,492,0.97,N
1998,議員,區域,嘉義市,嘉義市第1選區,20,張榮藏,1,無,3621,7.14,Y
1998,議員,區域,嘉義市,嘉義市第2選區,1,羅長欣,1,無,552,1.02,N
1998,議員,區域,嘉義市,嘉義市第2選區,2,陳盛龍,1,無,3559,6.57,Y
1998,議員,區域,嘉義市,嘉義市第2選區,3,張說,2,無,2190,4.04,N
1998,議員,區域,嘉義市,嘉義市第2選區,4,蕭登旺,1,中國國民黨,5773,10.65,Y
1998,議員,區域,嘉義市,嘉義市第2選區,5,張東坤,1,中國國民黨,3776,6.97,Y
1998,議員,區域,嘉義市,嘉義市第2選區,6,張志成,1,中國國民黨,6273,11.57,Y
1998,議員,區域,嘉義市,嘉義市第2選區,7,林欽河,1,無,353,0.65,N
1998,議員,區域,嘉義市,嘉義市第2選區,8,陳幸枝,2,民主進步黨,2478,4.57,Y
1998,議員,區域,嘉義市,嘉義市第2選區,9,蔡文旭,1,民主進步黨,3567,6.58,Y
1998,議員,區域,嘉義市,嘉義市第2選區,10,李田郎,1,中國國民黨,4003,7.39,Y
1998,議員,區域,嘉義市,嘉義市第2選區,11,陳茂松,1,無,2949,5.44,Y
1998,議員,區域,嘉義市,嘉義市第2選區,12,吳上明,1,無,3721,6.87,Y
1998,議員,區域,嘉義市,嘉義市第2選區,13,蔡榮豐,1,無,2989,5.51,Y
1998,議員,區域,嘉義市,嘉義市第2選區,14,黃正男,1,民主進步黨,3221,5.94,Y
1998,議員,區域,嘉義市,嘉義市第2選區,15,陳志昌,1,建國黨,1827,3.37,N
1998,議員,區域,嘉義市,嘉義市第2選區,16,楊雅淳,2,中國國民黨,582,1.07,N
1998,議員,區域,嘉義市,嘉義市第2選區,17,鄭俊亨,1,中國國民黨,3864,7.13,Y
1998,議員,區域,嘉義市,嘉義市第2選區,18,張錦捷,1,無,2524,4.66,N
1998,議員,區域,臺南市,臺南市第1選區,1,林易煌,1,民主進步黨,4911,7.63,Y
1998,議員,區域,臺南市,臺南市第1選區,2,黃森旺,1,民主進步黨,410,0.64,N
1998,議員,區域,臺南市,臺南市第1選區,3,吳明山,1,中國國民黨,3060,4.76,N
1998,議員,區域,臺南市,臺南市第1選區,4,陳崇南,1,中國國民黨,4416,6.86,Y
1998,議員,區域,臺南市,臺南市第1選區,5,王其山,1,民主進步黨,529,0.82,N
1998,議員,區域,臺南市,臺南市第1選區,6,杜政良,1,中國國民黨,3187,4.95,N
1998,議員,區域,臺南市,臺南市第1選區,7,吳中華,1,中國國民黨,1032,1.60,N
1998,議員,區域,臺南市,臺南市第1選區,8,郭朝武,1,民主進步黨,4687,7.29,Y
1998,議員,區域,臺南市,臺南市第1選區,9,陳勳明,1,無,7290,11.33,Y
1998,議員,區域,臺南市,臺南市第1選區,10,陳文川,1,無,231,0.36,N
1998,議員,區域,臺南市,臺南市第1選區,11,林靜華,2,中國國民黨,623,0.97,N
1998,議員,區域,臺南市,臺南市第1選區,12,蔣明東,1,中國國民黨,5340,8.30,Y
1998,議員,區域,臺南市,臺南市第1選區,13,江秋香,2,無,1975,3.07,N
1998,議員,區域,臺南市,臺南市第1選區,14,楊景斌,1,中國國民黨,4278,6.65,Y
1998,議員,區域,臺南市,臺南市第1選區,15,許木樹,1,中國國民黨,4397,6.84,Y
1998,議員,區域,臺南市,臺南市第1選區,16,陳柏宏,1,中國國民黨,3579,5.56,Y
1998,議員,區域,臺南市,臺南市第1選區,17,黃仲銘,1,新黨,1793,2.79,N
1998,議員,區域,臺南市,臺南市第1選區,18,姜榮慶,1,中國國民黨,4277,6.65,Y
1998,議員,區域,臺南市,臺南市第1選區,19,黃文隆,1,無,451,0.70,N
1998,議員,區域,臺南市,臺南市第1選區,20,王家貞,2,無,2468,3.84,Y
1998,議員,區域,臺南市,臺南市第1選區,21,王定宇,1,民主進步黨,3176,4.94,N
1998,議員,區域,臺南市,臺南市第1選區,22,蔡芳茹,2,無,400,0.62,N
1998,議員,區域,臺南市,臺南市第1選區,23,徐德懷,1,無,536,0.83,N
1998,議員,區域,臺南市,臺南市第1選區,24,王煌樟,1,無,1282,1.99,N
1998,議員,區域,臺南市,臺南市第2選區,1,陳天祥,1,民主進步黨,2007,3.75,N
1998,議員,區域,臺南市,臺南市第2選區,2,周明德,1,無,4622,8.64,Y
1998,議員,區域,臺南市,臺南市第2選區,3,薛瑞源,1,中國國民黨,2563,4.79,N
1998,議員,區域,臺南市,臺南市第2選區,4,郭和元,1,中國國民黨,6710,12.54,Y
1998,議員,區域,臺南市,臺南市第2選區,5,葉瑞興,1,無,440,0.82,N
1998,議員,區域,臺南市,臺南市第2選區,6,陳進益,1,民主進步黨,3087,5.77,Y
1998,議員,區域,臺南市,臺南市第2選區,7,蘇囿戩,1,無,2793,5.22,Y
1998,議員,區域,臺南市,臺南市第2選區,8,陳淮裕,1,民主進步黨,2191,4.10,N
1998,議員,區域,臺南市,臺南市第2選區,9,葉俊良,1,中國國民黨,5562,10.40,Y
1998,議員,區域,臺南市,臺南市第2選區,10,杜清長,1,無,743,1.39,N
1998,議員,區域,臺南市,臺南市第2選區,11,褚顯明,1,中國國民黨,1689,3.16,N
1998,議員,區域,臺南市,臺南市第2選區,12,莊玉珠,2,民主進步黨,2773,5.18,Y
1998,議員,區域,臺南市,臺南市第2選區,13,郭炳霖,1,民主進步黨,2179,4.07,N
1998,議員,區域,臺南市,臺南市第2選區,14,林美燕,2,無,2094,3.91,N
1998,議員,區域,臺南市,臺南市第2選區,15,鄒映芳,2,新黨,1036,1.94,N
1998,議員,區域,臺南市,臺南市第2選區,16,林素霞,2,無,1619,3.03,N
1998,議員,區域,臺南市,臺南市第2選區,17,朱南吉,1,無,1181,2.21,N
1998,議員,區域,臺南市,臺南市第2選區,18,蘇萬成,1,中國國民黨,1242,2.32,N
1998,議員,區域,臺南市,臺南市第2選區,19,蔡淑惠,2,中國國民黨,5010,9.37,Y
1998,議員,區域,臺南市,臺南市第2選區,20,李雲溥,1,中國國民黨,3788,7.08,Y
1998,議員,區域,臺南市,臺南市第2選區,21,王信雄,1,建國黨,159,0.30,N
1998,議員,區域,臺南市,臺南市第3選區,1,邱莉莉,2,民主進步黨,4514,13.12,Y
1998,議員,區域,臺南市,臺南市第3選區,2,錢林慧君,2,建國黨,3011,8.75,N
1998,議員,區域,臺南市,臺南市第3選區,3,蔡武義,1,無,7240,21.04,Y
1998,議員,區域,臺南市,臺南市第3選區,4,李天佑,1,無,3462,10.06,Y
1998,議員,區域,臺南市,臺南市第3選區,5,陳錦龍,1,中國國民黨,3086,8.97,N
1998,議員,區域,臺南市,臺南市第3選區,6,林俊憲,1,民主進步黨,7477,21.72,Y
1998,議員,區域,臺南市,臺南市第3選區,7,洪玉鳳,2,中國國民黨,5628,16.35,Y
1998,議員,區域,臺南市,臺南市第4選區,1,翁榮一,1,中國國民黨,3641,7.12,Y
1998,議員,區域,臺南市,臺南市第4選區,2,曹森,1,新黨,1527,2.99,N
1998,議員,區域,臺南市,臺南市第4選區,3,許至椿,1,中國國民黨,4840,9.46,Y
1998,議員,區域,臺南市,臺南市第4選區,4,陳亭妃,2,無,2590,5.06,Y
1998,議員,區域,臺南市,臺南市第4選區,5,李錦泉,1,中國國民黨,3374,6.60,N
1998,議員,區域,臺南市,臺南市第4選區,6,趙廣生,1,中國國民黨,4938,9.66,Y
1998,議員,區域,臺南市,臺南市第4選區,7,高正明,1,無,1798,3.52,N
1998,議員,區域,臺南市,臺南市第4選區,8,蔣大洋,1,無,245,0.48,N
1998,議員,區域,臺南市,臺南市第4選區,9,蔡啟新,1,民主進步黨,3365,6.58,N
1998,議員,區域,臺南市,臺南市第4選區,10,林君霞,2,無,585,1.14,N
1998,議員,區域,臺南市,臺南市第4選區,11,黃郁文,1,無,4155,8.12,Y
1998,議員,區域,臺南市,臺南市第4選區,12,黃丁川,1,無,3932,7.69,Y
1998,議員,區域,臺南市,臺南市第4選區,13,陳界全,1,民主進步黨,3378,6.61,N
1998,議員,區域,臺南市,臺南市第4選區,14,徐富美,2,中國國民黨,1767,3.46,N
1998,議員,區域,臺南市,臺南市第4選區,15,陳耀振,1,無,912,1.78,N
1998,議員,區域,臺南市,臺南市第4選區,16,謝龍介,1,中國國民黨,3420,6.69,N
1998,議員,區域,臺南市,臺南市第4選區,17,張金石,1,民主進步黨,2885,5.64,N
1998,議員,區域,臺南市,臺南市第4選區,18,吳名芳,1,中國國民黨,3788,7.41,Y
1998,議員,區域,臺南市,臺南市第5選區,1,毛仁利,1,建國黨,519,0.78,N
1998,議員,區域,臺南市,臺南市第5選區,2,陳進義,1,中國國民黨,5590,8.36,Y
1998,議員,區域,臺南市,臺南市第5選區,3,郭信良,1,民主進步黨,6371,9.53,Y
1998,議員,區域,臺南市,臺南市第5選區,4,施治明,1,中國國民黨,6046,9.04,Y
1998,議員,區域,臺南市,臺南市第5選區,5,黃文儀,1,中國國民黨,1334,2.00,N
1998,議員,區域,臺南市,臺南市第5選區,6,林炳利,1,無,5118,7.66,Y
1998,議員,區域,臺南市,臺南市第5選區,7,黃玉雲,2,中國國民黨,3804,5.69,Y
1998,議員,區域,臺南市,臺南市第5選區,8,吳清遊,1,民主進步黨,2587,3.87,N
1998,議員,區域,臺南市,臺南市第5選區,9,吳武龍,1,無,1832,2.74,N
1998,議員,區域,臺南市,臺南市第5選區,10,蔡祺祓,1,民主進步黨,3137,4.69,N
1998,議員,區域,臺南市,臺南市第5選區,11,許金海,1,無,2563,3.83,N
1998,議員,區域,臺南市,臺南市第5選區,12,吳欽郎,1,無,2518,3.77,N
1998,議員,區域,臺南市,臺南市第5選區,13,劉益昌,1,無,3818,5.71,Y
1998,議員,區域,臺南市,臺南市第5選區,14,涂韶芳,2,民主進步黨,3327,4.98,Y
1998,議員,區域,臺南市,臺南市第5選區,15,吳再福,1,無,2953,4.42,N
1998,議員,區域,臺南市,臺南市第5選區,16,林明宗,1,無,3208,4.80,N
1998,議員,區域,臺南市,臺南市第5選區,17,方金海,1,無,2113,3.16,N
1998,議員,區域,臺南市,臺南市第5選區,18,吳達雄,1,中國國民黨,3929,5.88,Y
1998,議員,區域,臺南市,臺南市第5選區,19,唐瑞明,1,民主進步黨,4223,6.32,Y
1998,議員,區域,臺南市,臺南市第5選區,20,唐隆一,1,無,1866,2.79,N
1998,議員,區域,臺南市,臺南市第6選區,1,戴淑娟,2,建國黨,181,1.21,N
1998,議員,區域,臺南市,臺南市第6選區,2,李文正,1,民主進步黨,3201,21.34,Y
1998,議員,區域,臺南市,臺南市第6選區,3,馬崇喜,1,中國國民黨,3054,20.36,N
1998,議員,區域,臺南市,臺南市第6選區,4,翁朝正,1,無,3725,24.83,Y
1998,議員,區域,臺南市,臺南市第6選區,5,盧崑福,1,中國國民黨,3185,21.23,N
1998,議員,區域,臺南市,臺南市第6選區,6,歐炳長,1,無,1656,11.04,N
1998,議員,區域,金門縣,金門縣選區,1,翁伸金,2,中國國民黨,213,0.81,N
1998,議員,區域,金門縣,金門縣選區,2,莊良時,1,中國國民黨,1731,6.58,Y
1998,議員,區域,金門縣,金門縣選區,3,王文標,1,無,84,0.32,N
1998,議員,區域,金門縣,金門縣選區,4,趙瑞英,2,無,217,0.82,N
1998,議員,區域,金門縣,金門縣選區,5,李成義,1,中國國民黨,1333,5.07,Y
1998,議員,區域,金門縣,金門縣選區,6,楊永立,1,中國國民黨,980,3.72,Y
1998,議員,區域,金門縣,金門縣選區,7,林金量,1,中國國民黨,760,2.89,N
1998,議員,區域,金門縣,金門縣選區,8,許玉昭,2,中國國民黨,606,2.30,N
1998,議員,區域,金門縣,金門縣選區,9,石兆緡,1,新黨,149,0.57,N
1998,議員,區域,金門縣,金門縣選區,10,陳天成,1,中國國民黨,694,2.64,N
1998,議員,區域,金門縣,金門縣選區,11,張光海,1,中國國民黨,1174,4.46,Y
1998,議員,區域,金門縣,金門縣選區,12,李和平,1,中國國民黨,63,0.24,N
1998,議員,區域,金門縣,金門縣選區,13,董東漢,1,無,873,3.32,Y
1998,議員,區域,金門縣,金門縣選區,14,王水彰,1,中國國民黨,585,2.22,N
1998,議員,區域,金門縣,金門縣選區,15,謝宜璋,1,無,932,3.54,Y
1998,議員,區域,金門縣,金門縣選區,16,楊紫玫,2,無,183,0.70,N
1998,議員,區域,金門縣,金門縣選區,17,李沃士,1,新黨,504,1.92,N
1998,議員,區域,金門縣,金門縣選區,18,王再生,1,中國國民黨,674,2.56,N
1998,議員,區域,金門縣,金門縣選區,19,洪成發,1,中國國民黨,934,3.55,Y
1998,議員,區域,金門縣,金門縣選區,20,翁國得,1,中國國民黨,628,2.39,N
1998,議員,區域,金門縣,金門縣選區,21,洪允典,1,無,1099,4.18,Y
1998,議員,區域,金門縣,金門縣選區,22,蔡水游,1,中國國民黨,1237,4.70,Y
1998,議員,區域,金門縣,金門縣選區,23,李正騰,1,中國國民黨,119,0.45,N
1998,議員,區域,金門縣,金門縣選區,24,陳水木,1,中國國民黨,1159,4.41,Y
1998,議員,區域,金門縣,金門縣選區,25,賴育茜,2,中國國民黨,520,1.98,N
1998,議員,區域,金門縣,金門縣選區,26,歐陽彥木,1,中國國民黨,861,3.27,Y
1998,議員,區域,金門縣,金門縣選區,27,李有忠,1,新黨,347,1.32,N
1998,議員,區域,金門縣,金門縣選區,28,李昭明,1,新黨,143,0.54,N
1998,議員,區域,金門縣,金門縣選區,29,洪肇基,1,中國國民黨,119,0.45,N
1998,議員,區域,金門縣,金門縣選區,30,陳溢富,1,中國國民黨,97,0.37,N
1998,議員,區域,金門縣,金門縣選區,31,洪振輝,1,中國國民黨,153,0.58,N
1998,議員,區域,金門縣,金門縣選區,32,翁明志,1,民主進步黨,457,1.74,N
1998,議員,區域,金門縣,金門縣選區,33,陳恩賜,1,中國國民黨,997,3.79,Y
1998,議員,區域,金門縣,金門縣選區,34,林榮輝,1,中國國民黨,1301,4.94,Y
1998,議員,區域,金門縣,金門縣選區,35,陳滄江,1,新黨,554,2.11,N
1998,議員,區域,金門縣,金門縣選區,36,陳丕陽,1,中國國民黨,160,0.61,N
1998,議員,區域,金門縣,金門縣選區,37,許建中,1,中國國民黨,1101,4.18,Y
1998,議員,區域,金門縣,金門縣選區,38,陳膺天,1,無,125,0.48,Y
1998,議員,區域,金門縣,金門縣選區,39,許慧新,1,中國國民黨,549,2.09,N
1998,議員,區域,金門縣,金門縣選區,40,李九六,1,無,26,0.10,N
1998,議員,區域,金門縣,金門縣選區,41,周水土,1,中國國民黨,702,2.67,N
1998,議員,區域,金門縣,金門縣選區,42,陳應龍,1,無,139,0.53,N
1998,議員,區域,金門縣,金門縣選區,43,許勵宏,1,新黨,131,0.50,N
1998,議員,區域,金門縣,金門縣選區,44,陳水賜,1,無,897,3.41,Y
1998,議員,區域,連江縣,連江縣第1選區,1,曹依弟,1,中國國民黨,182,7.62,N
1998,議員,區域,連江縣,連江縣第1選區,2,李金梅,2,中國國民黨,242,10.13,N
1998,議員,區域,連江縣,連江縣第1選區,3,周芳君,2,新黨,92,3.85,N
1998,議員,區域,連江縣,連江縣第1選區,4,葉世福,1,中國國民黨,113,4.73,N
1998,議員,區域,連江縣,連江縣第1選區,5,曹以標,1,新黨,278,11.63,N
1998,議員,區域,連江縣,連江縣第1選區,6,曹以雄,1,中國國民黨,316,13.22,Y
1998,議員,區域,連江縣,連江縣第1選區,7,林貽祥,1,中國國民黨,357,14.94,Y
1998,議員,區域,連江縣,連江縣第1選區,8,莊秉諺,1,無,29,1.21,N
1998,議員,區域,連江縣,連江縣第1選區,9,陳書建,1,中國國民黨,300,12.55,Y
1998,議員,區域,連江縣,連江縣第1選區,10,陳振清,1,中國國民黨,481,20.13,Y
1998,議員,區域,連江縣,連江縣第2選區,1,謝承春,1,新黨,381,35.02,Y
1998,議員,區域,連江縣,連江縣第2選區,2,陳功漢,1,中國國民黨,323,29.69,N
1998,議員,區域,連江縣,連江縣第2選區,3,陳貴忠,1,中國國民黨,384,35.29,Y
1998,議員,區域,連江縣,連江縣第3選區,1,陳寶官,1,中國國民黨,394,47.93,N
1998,議員,區域,連江縣,連江縣第3選區,2,劉榮華,1,中國國民黨,428,52.07,Y
1998,議員,區域,連江縣,連江縣第4選區,1,劉家國,1,新黨,233,60.05,Y
1998,議員,區域,連江縣,連江縣第4選區,2,陳杭輝,1,中國國民黨,155,39.95,N
1998,議員,山地原住民,臺北縣,臺北縣第十二選區,1,張金榮,1,中國國民黨,1386,100.00,Y
1998,議員,山地原住民,宜蘭縣,宜蘭縣第十一選區,1,林榮木,1,中國國民黨,2041,100.00,Y
1998,議員,山地原住民,宜蘭縣,宜蘭縣第十二選區,1,游約翰,1,無,408,17.31,N
1998,議員,山地原住民,宜蘭縣,宜蘭縣第十二選區,2,江明順,1,無,1148,48.71,Y
1998,議員,山地原住民,宜蘭縣,宜蘭縣第十二選區,3,江新財,1,中國國民黨,801,33.98,N
1998,議員,山地原住民,桃園縣,桃園縣第十四選區,1,游榮進,1,中國國民黨,722,14.85,N
1998,議員,山地原住民,桃園縣,桃園縣第十四選區,2,曾志湘,1,中國國民黨,1241,25.53,N
1998,議員,山地原住民,桃園縣,桃園縣第十四選區,3,呂政秋,1,中國國民黨,1304,26.83,N
1998,議員,山地原住民,桃園縣,桃園縣第十四選區,4,陳榮貴,1,中國國民黨,1594,32.79,Y
1998,議員,山地原住民,新竹縣,新竹縣第十選區,1,陳志炳,1,新黨,175,5.37,N
1998,議員,山地原住民,新竹縣,新竹縣第十選區,2,阿棟．優帕司,1,無,1445,44.31,N
1998,議員,山地原住民,新竹縣,新竹縣第十選區,3,雲天寶,1,中國國民黨,1641,50.32,Y
1998,議員,山地原住民,新竹縣,新竹縣第十一選區,1,高瑞馨,1,中國國民黨,1047,37.04,Y
1998,議員,山地原住民,新竹縣,新竹縣第十一選區,2,林煌春,1,無,982,34.74,N
1998,議員,山地原住民,新竹縣,新竹縣第十一選區,3,趙巨寶,1,無,798,28.23,N
1998,議員,山地原住民,苗栗縣,苗栗縣第八選區,1,柯玉仙,2,中國國民黨,953,39.30,N
1998,議員,山地原住民,苗栗縣,苗栗縣第八選區,2,劉繁治,1,中國國民黨,1472,60.70,Y
1998,議員,山地原住民,臺中縣,臺中縣第九選區,1,林榮進,1,中國國民黨,1792,63.55,Y
1998,議員,山地原住民,臺中縣,臺中縣第九選區,2,吳進祿,1,中國國民黨,967,34.29,N
1998,議員,山地原住民,臺中縣,臺中縣第九選區,3,林偉光,1,中國國民黨,61,2.16,N
1998,議員,山地原住民,南投縣,南投縣第六選區,1,谷憲章,1,中國國民黨,26,0.66,N
1998,議員,山地原住民,南投縣,南投縣第六選區,2,伍新財,1,中國國民黨,1539,39.32,Y
1998,議員,山地原住民,南投縣,南投縣第六選區,3,松秋明,1,中國國民黨,1291,32.98,N
1998,議員,山地原住民,南投縣,南投縣第六選區,4,金榮清,1,中國國民黨,1058,27.03,N
1998,議員,山地原住民,南投縣,南投縣第七選區,1,卓文華,1,無,3560,59.25,Y
1998,議員,山地原住民,南投縣,南投縣第七選區,2,王秀鳳,2,中國國民黨,2448,40.75,N
1998,議員,山地原住民,嘉義縣,嘉義縣第七選區,1,陽文成,1,無,73,3.77,N
1998,議員,山地原住民,嘉義縣,嘉義縣第七選區,2,石信忠,1,無,426,21.98,N
1998,議員,山地原住民,嘉義縣,嘉義縣第七選區,3,汪志敏,1,無,479,24.72,N
1998,議員,山地原住民,嘉義縣,嘉義縣第七選區,4,湯進賢,1,中國國民黨,960,49.54,Y
1998,議員,山地原住民,高雄縣,高雄縣第十選區,1,蔡文悌,1,中國國民黨,725,52.38,Y
1998,議員,山地原住民,高雄縣,高雄縣第十選區,2,謝進財,1,中國國民黨,659,47.62,N
1998,議員,山地原住民,高雄縣,高雄縣第十一選區,1,巴槳.樂莎.梅子,2,民主進步黨,637,27.68,N
1998,議員,山地原住民,高雄縣,高雄縣第十一選區,2,高順壽,1,無,671,29.16,N
1998,議員,山地原住民,高雄縣,高雄縣第十一選區,3,謝瑞民,1,中國國民黨,957,41.59,Y
1998,議員,山地原住民,高雄縣,高雄縣第十一選區,4,謝清花,2,無,36,1.56,N
1998,議員,山地原住民,高雄縣,高雄縣第十二選區,1,李玉章,1,中國國民黨,824,53.06,Y
1998,議員,山地原住民,高雄縣,高雄縣第十二選區,2,林宗華,1,中國國民黨,729,46.94,N
1998,議員,山地原住民,屏東縣,屏東縣第九選區,1,包金蓮,2,中國國民黨,1817,49.73,N
1998,議員,山地原住民,屏東縣,屏東縣第九選區,2,許阿桃,2,中國國民黨,1837,50.27,Y
1998,議員,山地原住民,屏東縣,屏東縣第十選區,1,高文貴,1,無,1368,32.98,N
1998,議員,山地原住民,屏東縣,屏東縣第十選區,2,柳成光,1,無,802,19.33,N
1998,議員,山地原住民,屏東縣,屏東縣第十選區,3,林玉如,2,中國國民黨,1627,39.22,Y
1998,議員,山地原住民,屏東縣,屏東縣第十選區,4,陳源勝,1,民主進步黨,351,8.46,N
1998,議員,山地原住民,屏東縣,屏東縣第十一選區,1,李三和,1,中國國民黨,1700,66.88,Y
1998,議員,山地原住民,屏東縣,屏東縣第十一選區,2,林新福,1,無,842,33.12,N
1998,議員,山地原住民,屏東縣,屏東縣第十二選區,1,高貴香,2,中國國民黨,726,17.84,N
1998,議員,山地原住民,屏東縣,屏東縣第十二選區,2,連瑞騰,1,中國國民黨,509,12.51,N
1998,議員,山地原住民,屏東縣,屏東縣第十二選區,3,李宜潔,2,中國國民黨,1556,38.24,Y
1998,議員,山地原住民,屏東縣,屏東縣第十二選區,4,邱加傳,1,無,1278,31.41,N
1998,議員,山地原住民,屏東縣,屏東縣第十三選區,1,李清標,1,無,1021,39.98,N
1998,議員,山地原住民,屏東縣,屏東縣第十三選區,2,吳天福,1,中國國民黨,1533,60.02,Y
1998,議員,山地原住民,屏東縣,屏東縣第十四選區,1,羅紹勇,1,無,1051,43.83,N
1998,議員,山地原住民,屏東縣,屏東縣第十四選區,2,簡東明,1,中國國民黨,1347,56.17,Y
1998,議員,山地原住民,屏東縣,屏東縣第十五選區,1,周康弘,1,中國國民黨,2515,100.00,Y
1998,議員,山地原住民,屏東縣,屏東縣第十六選區,1,賴金成,1,無,970,46.12,N
1998,議員,山地原住民,屏東縣,屏東縣第十六選區,2,沙本賞,1,中國國民黨,1133,53.88,Y
1998,議員,山地原住民,臺東縣,臺東縣第十選區,1,邱勝英,1,中國國民黨,874,54.49,Y
1998,議員,山地原住民,臺東縣,臺東縣第十選區,2,胡振英,1,中國國民黨,730,45.51,N
1998,議員,山地原住民,臺東縣,臺東縣第十一選區,1,胡新一,1,中國國民黨,781,43.32,Y
1998,議員,山地原住民,臺東縣,臺東縣第十一選區,2,邱占東,1,中國國民黨,453,25.12,N
1998,議員,山地原住民,臺東縣,臺東縣第十一選區,3,宋坤龍,1,中國國民黨,471,26.12,N
1998,議員,山地原住民,臺東縣,臺東縣第十一選區,4,陳世美,2,中國國民黨,98,5.44,N
1998,議員,山地原住民,臺東縣,臺東縣第十二選區,1,胡昭青,2,無,375,22.63,N
1998,議員,山地原住民,臺東縣,臺東縣第十二選區,2,陳建台,1,中國台灣原住民黨,1282,77.37,Y
1998,議員,山地原住民,臺東縣,臺東縣第十三選區,1,朱連濟,2,中國國民黨,500,30.41,Y
1998,議員,山地原住民,臺東縣,臺東縣第十三選區,2,林忠平,1,中國國民黨,813,49.45,N
1998,議員,山地原住民,臺東縣,臺東縣第十三選區,3,林勇光,1,無,331,20.13,N
1998,議員,山地原住民,臺東縣,臺東縣第十四選區,1,郭健平,1,無,744,54.19,Y
1998,議員,山地原住民,臺東縣,臺東縣第十四選區,2,周一光,1,中國國民黨,629,45.81,N
1998,議員,山地原住民,花蓮縣,花蓮縣第八選區,1,李春風,2,中國國民黨,3093,48.53,N
1998,議員,山地原住民,花蓮縣,花蓮縣第八選區,2,許淑銀,2,中國國民黨,3281,51.47,Y
1998,議員,山地原住民,花蓮縣,花蓮縣第九選區,1,何信軍,1,中國國民黨,1174,36.55,Y
1998,議員,山地原住民,花蓮縣,花蓮縣第九選區,2,莊廷模,1,新黨,360,11.21,N
1998,議員,山地原住民,花蓮縣,花蓮縣第九選區,3,古堪一,1,無,914,28.46,N
1998,議員,山地原住民,花蓮縣,花蓮縣第九選區,4,林愛玉,2,無,446,13.89,N
1998,議員,山地原住民,花蓮縣,花蓮縣第九選區,5,宋友宜,1,民主進步黨,318,9.90,N
1998,議員,山地原住民,花蓮縣,花蓮縣第十選區,1,高小成,1,中國國民黨,1094,36.53,N
1998,議員,山地原住民,花蓮縣,花蓮縣第十選區,2,蘇正清,1,中國國民黨,1391,46.44,Y
1998,議員,山地原住民,花蓮縣,花蓮縣第十選區,3,謝富雄,1,中國國民黨,510,17.03,N
1998,議員,平地原住民,臺北縣,臺北縣第十一選區,1,宋進財,1,中國國民黨,2506,62.92,Y
1998,議員,平地原住民,臺北縣,臺北縣第十一選區,2,張天明,1,無,475,11.93,N
1998,議員,平地原住民,臺北縣,臺北縣第十一選區,3,豐祥瑞,1,無,1002,25.16,N
1998,議員,平地原住民,桃園縣,桃園縣第十三選區,1,洪國治,1,中國國民黨,910,22.74,Y
1998,議員,平地原住民,桃園縣,桃園縣第十三選區,2,吳春芳,2,中國國民黨,1271,31.77,Y
1998,議員,平地原住民,桃園縣,桃園縣第十三選區,3,林明德,1,中國國民黨,906,22.64,N
1998,議員,平地原住民,桃園縣,桃園縣第十三選區,4,林致百,1,民主進步黨,239,5.97,N
1998,議員,平地原住民,桃園縣,桃園縣第十三選區,5,伍捻田,1,無,198,4.95,N
1998,議員,平地原住民,桃園縣,桃園縣第十三選區,6,莊林福,1,中國國民黨,477,11.92,N
1998,議員,平地原住民,苗栗縣,苗栗縣第七選區,1,打赫史.達印.改擺刨,1,無,436,35.10,N
1998,議員,平地原住民,苗栗縣,苗栗縣第七選區,2,章運金,1,中國國民黨,806,64.90,Y
1998,議員,平地原住民,臺中縣,臺中縣第八選區,1,洪金福,1,無,497,46.45,N
1998,議員,平地原住民,臺中縣,臺中縣第八選區,2,陳文書,1,中國國民黨,573,53.55,Y
1998,議員,平地原住民,高雄縣,高雄縣第九選區,1,柳冠賢,1,中國國民黨,54,7.48,N
1998,議員,平地原住民,高雄縣,高雄縣第九選區,2,石天賜,1,無,90,12.47,N
1998,議員,平地原住民,高雄縣,高雄縣第九選區,3,陳萬義,1,中國國民黨,157,21.75,N
1998,議員,平地原住民,高雄縣,高雄縣第九選區,4,張美惠,2,中國國民黨,49,6.79,N
1998,議員,平地原住民,高雄縣,高雄縣第九選區,5,洪天盛,1,中國國民黨,168,23.27,Y
1998,議員,平地原住民,高雄縣,高雄縣第九選區,6,曾月娥,2,中國國民黨,64,8.86,N
1998,議員,平地原住民,高雄縣,高雄縣第九選區,7,詹金福,1,中國國民黨,140,19.39,N
1998,議員,平地原住民,屏東縣,屏東縣第八選區,1,潘坤福,1,無,538,45.59,N
1998,議員,平地原住民,屏東縣,屏東縣第八選區,2,潘健一,1,中國國民黨,642,54.41,Y
1998,議員,平地原住民,臺東縣,臺東縣第六選區,1,高清峰,1,中國國民黨,1440,23.67,Y
1998,議員,平地原住民,臺東縣,臺東縣第六選區,2,周蘭妹,2,無,301,4.95,N
1998,議員,平地原住民,臺東縣,臺東縣第六選區,3,王清堅,1,中國國民黨,1485,24.41,Y
1998,議員,平地原住民,臺東縣,臺東縣第六選區,4,陳藍姆洛,1,無,981,16.12,N
1998,議員,平地原住民,臺東縣,臺東縣第六選區,5,郭玉明,1,中國國民黨,825,13.56,N
1998,議員,平地原住民,臺東縣,臺東縣第六選區,6,江登輝,1,中國國民黨,1052,17.29,N
1998,議員,平地原住民,臺東縣,臺東縣第七選區,1,謝進福,1,中國國民黨,1004,18.51,N
1998,議員,平地原住民,臺東縣,臺東縣第七選區,2,蔡義勇,1,中國國民黨,1222,22.53,Y
1998,議員,平地原住民,臺東縣,臺東縣第七選區,3,尤勇成,1,中國國民黨,865,15.94,N
1998,議員,平地原住民,臺東縣,臺東縣第七選區,4,王福源,1,中國國民黨,791,14.58,N
1998,議員,平地原住民,臺東縣,臺東縣第七選區,5,余明德,1,中國國民黨,509,9.38,N
1998,議員,平地原住民,臺東縣,臺東縣第七選區,6,潘村雲,1,中國國民黨,1034,19.06,Y
1998,議員,平地原住民,臺東縣,臺東縣第八選區,1,林錦章,1,無,900,33.49,N
1998,議員,平地原住民,臺東縣,臺東縣第八選區,2,高源治,1,無,353,13.14,N
1998,議員,平地原住民,臺東縣,臺東縣第八選區,3,林光雄,1,中國國民黨,1434,53.37,Y
1998,議員,平地原住民,臺東縣,臺東縣第九選區,1,莊基文,1,中國國民黨,1757,21.05,Y
1998,議員,平地原住民,臺東縣,臺東縣第九選區,2,林富雄,1,中國國民黨,1049,12.57,Y
1998,議員,平地原住民,臺東縣,臺東縣第九選區,3,吳天福,1,中國國民黨,1005,12.04,N
1998,議員,平地原住民,臺東縣,臺東縣第九選區,4,楊繡穗,2,中國國民黨,1194,14.30,Y
1998,議員,平地原住民,臺東縣,臺東縣第九選區,5,余文博,1,中國國民黨,564,6.76,N
1998,議員,平地原住民,臺東縣,臺東縣第九選區,6,溫美倫,2,無,708,8.48,N
1998,議員,平地原住民,臺東縣,臺東縣第九選區,7,唐武傳,1,中國國民黨,1040,12.46,N
1998,議員,平地原住民,臺東縣,臺東縣第九選區,8,蘇冠銘,1,中國國民黨,1031,12.35,N
1998,議員,平地原住民,花蓮縣,花蓮縣第五選區,1,高仁昌,1,中國國民黨,802,12.67,N
1998,議員,平地原住民,花蓮縣,花蓮縣第五選區,2,向福來,1,中國國民黨,1143,18.06,N
1998,議員,平地原住民,花蓮縣,花蓮縣第五選區,3,周金正,1,中國國民黨,1068,16.88,N
1998,議員,平地原住民,花蓮縣,花蓮縣第五選區,4,王清山,1,中國國民黨,586,9.26,N
1998,議員,平地原住民,花蓮縣,花蓮縣第五選區,5,周利根,1,中國國民黨,1481,23.40,Y
1998,議員,平地原住民,花蓮縣,花蓮縣第五選區,6,曾玉霞,2,中國國民黨,1248,19.72,Y
1998,議員,平地原住民,花蓮縣,花蓮縣第六選區,1,林榮元,1,民主進步黨,499,6.03,N
1998,議員,平地原住民,花蓮縣,花蓮縣第六選區,2,林勝智,1,中國國民黨,1557,18.82,Y
1998,議員,平地原住民,花蓮縣,花蓮縣第六選區,3,高金萬,1,中國國民黨,937,11.33,N
1998,議員,平地原住民,花蓮縣,花蓮縣第六選區,4,黃清喜,1,中國國民黨,796,9.62,N
1998,議員,平地原住民,花蓮縣,花蓮縣第六選區,5,黃新福,1,無,835,10.09,N
1998,議員,平地原住民,花蓮縣,花蓮縣第六選區,6,高文成,1,中國國民黨,773,9.34,N
1998,議員,平地原住民,花蓮縣,花蓮縣第六選區,7,楊德金,1,中國國民黨,1356,16.39,Y
1998,議員,平地原住民,花蓮縣,花蓮縣第六選區,8,溫錦泉,1,中國台灣原住民黨,330,3.99,N
1998,議員,平地原住民,花蓮縣,花蓮縣第六選區,9,孫永昌,1,中國國民黨,1190,14.38,Y
1998,議員,平地原住民,花蓮縣,花蓮縣第七選區,1,陳慶富,1,中國國民黨,1179,22.44,Y
1998,議員,平地原住民,花蓮縣,花蓮縣第七選區,2,葉志生,1,中國國民黨,1326,25.23,Y
1998,議員,平地原住民,花蓮縣,花蓮縣第七選區,3,都元俊,1,中國國民黨,494,9.40,N
1998,議員,平地原住民,花蓮縣,花蓮縣第七選區,4,黃寬亮,1,中國國民黨,796,15.15,N
1998,議員,平地原住民,花蓮縣,花蓮縣第七選區,5,游菊妹,2,民主進步黨,112,2.13,N
1998,議員,平地原住民,花蓮縣,花蓮縣第七選區,6,陳英妹,2,中國國民黨,734,13.97,N
1998,議員,平地原住民,花蓮縣,花蓮縣第七選區,7,林文治,1,中國國民黨,614,11.68,N
1998,議員,平地原住民,基隆市,基隆市第八選區,1,馬賢生,1,中國國民黨,965,54.67,Y
1998,議員,平地原住民,基隆市,基隆市第八選區,2,陳明建,1,無,800,45.33,N
2002,議員,區域,臺北市,臺北市第01選區,1,魏憶龍,1,無,8889,3.20,N
2002,議員,區域,臺北市,臺北市第01選區,2,藍世聰,1,民主進步黨,21836,7.87,Y
2002,議員,區域,臺北市,臺北市第01選區,3,李純恩,1,親民黨,6587,2.37,N
2002,議員,區域,臺北市,臺北市第01選區,4,蔡秋凰,2,無,9616,3.46,N
2002,議員,區域,臺北市,臺北市第01選區,5,陳朝琴,1,無,10267,3.70,N
2002,議員,區域,臺北市,臺北市第01選區,6,蔡文安,1,台灣團結聯盟,9112,3.28,N
2002,議員,區域,臺北市,臺北市第01選區,7,吳碧珠,2,中國國民黨,35206,12.68,Y
2002,議員,區域,臺北市,臺北市第01選區,8,陳政忠,1,中國國民黨,22027,7.93,Y
2002,議員,區域,臺北市,臺北市第01選區,9,陳進棋,1,中國國民黨,0,0.00,N
2002,議員,區域,臺北市,臺北市第01選區,10,賴朝隆,1,無,3705,1.33,N
2002,議員,區域,臺北市,臺北市第01選區,11,陳正德,1,民主進步黨,14313,5.16,Y
2002,議員,區域,臺北市,臺北市第01選區,12,呂瀅瀅,2,民主進步黨,17910,6.45,Y
2002,議員,區域,臺北市,臺北市第01選區,13,高建智,1,民主進步黨,13102,4.72,N
2002,議員,區域,臺北市,臺北市第01選區,14,汪志冰,2,親民黨,16697,6.01,Y
2002,議員,區域,臺北市,臺北市第01選區,15,賴素如,2,中國國民黨,23785,8.57,Y
2002,議員,區域,臺北市,臺北市第01選區,16,王順輝,1,無,2893,1.04,N
2002,議員,區域,臺北市,臺北市第01選區,17,陳碧峰,1,民主進步黨,18528,6.67,Y
2002,議員,區域,臺北市,臺北市第01選區,18,潘懷宗,1,新黨,17515,6.31,Y
2002,議員,區域,臺北市,臺北市第01選區,19,王育誠,1,親民黨,25615,9.23,Y
2002,議員,區域,臺北市,臺北市第02選區,1,闕枚莎,2,無,13820,7.49,N
2002,議員,區域,臺北市,臺北市第02選區,2,羅淑蕾,2,親民黨,14320,7.76,N
2002,議員,區域,臺北市,臺北市第02選區,3,黃珊珊,2,親民黨,23454,12.71,Y
2002,議員,區域,臺北市,臺北市第02選區,4,張宗明,1,無,876,0.47,N
2002,議員,區域,臺北市,臺北市第02選區,5,陳義洲,1,中國國民黨,19129,10.37,Y
2002,議員,區域,臺北市,臺北市第02選區,6,徐國勇,1,民主進步黨,17482,9.48,Y
2002,議員,區域,臺北市,臺北市第02選區,7,李彥秀,2,中國國民黨,25546,13.85,Y
2002,議員,區域,臺北市,臺北市第02選區,8,李建昌,1,民主進步黨,15270,8.28,Y
2002,議員,區域,臺北市,臺北市第02選區,9,常中天,1,新黨,15179,8.23,Y
2002,議員,區域,臺北市,臺北市第02選區,10,陳秀惠,2,民主進步黨,13550,7.34,N
2002,議員,區域,臺北市,臺北市第02選區,11,吳世正,1,中國國民黨,21185,11.48,Y
2002,議員,區域,臺北市,臺北市第02選區,12,邱朝祿,1,台灣團結聯盟,4695,2.54,N
2002,議員,區域,臺北市,臺北市第03選區,1,洪士奇,1,親民黨,13047,5.79,N
2002,議員,區域,臺北市,臺北市第03選區,2,陳永德,1,中國國民黨,19565,8.68,Y
2002,議員,區域,臺北市,臺北市第03選區,3,張鄧芳,1,中國國民黨,3683,1.63,N
2002,議員,區域,臺北市,臺北市第03選區,4,戴錫欽,1,親民黨,13284,5.89,Y
2002,議員,區域,臺北市,臺北市第03選區,5,陳孋輝,2,中國國民黨,16014,7.10,Y
2002,議員,區域,臺北市,臺北市第03選區,6,費鴻泰,1,新黨,34906,15.48,Y
2002,議員,區域,臺北市,臺北市第03選區,7,張元安,2,無,3563,1.58,N
2002,議員,區域,臺北市,臺北市第03選區,8,許富男,1,民主進步黨,14979,6.64,Y
2002,議員,區域,臺北市,臺北市第03選區,9,唐峯正,1,無,956,0.42,N
2002,議員,區域,臺北市,臺北市第03選區,10,王正德,1,中國國民黨,17181,7.62,Y
2002,議員,區域,臺北市,臺北市第03選區,11,楊實秋,1,中國國民黨,17783,7.89,Y
2002,議員,區域,臺北市,臺北市第03選區,12,黃幼中,2,親民黨,13153,5.83,Y
2002,議員,區域,臺北市,臺北市第03選區,13,王博昱,1,民主進步黨,8919,3.95,N
2002,議員,區域,臺北市,臺北市第03選區,14,紀長和,1,無,546,0.24,N
2002,議員,區域,臺北市,臺北市第03選區,15,張茂楠,1,民主進步黨,12580,5.58,N
2002,議員,區域,臺北市,臺北市第03選區,16,田欣,1,民主進步黨,13350,5.92,Y
2002,議員,區域,臺北市,臺北市第03選區,17,陳淑華,2,民主進步黨,10974,4.87,N
2002,議員,區域,臺北市,臺北市第03選區,18,朱孟庠,2,台灣團結聯盟,11031,4.89,N
2002,議員,區域,臺北市,臺北市第04選區,1,林培宗,1,無,1911,1.08,N
2002,議員,區域,臺北市,臺北市第04選區,2,王浩,1,中國國民黨,21742,12.30,Y
2002,議員,區域,臺北市,臺北市第04選區,3,蔡鴻章,1,台灣團結聯盟,8553,4.84,N
2002,議員,區域,臺北市,臺北市第04選區,4,蔡坤龍,1,無,2179,1.23,N
2002,議員,區域,臺北市,臺北市第04選區,5,王世堅,1,民主進步黨,16636,9.41,Y
2002,議員,區域,臺北市,臺北市第04選區,6,李文英,2,民主進步黨,23892,13.51,Y
2002,議員,區域,臺北市,臺北市第04選區,7,謝明達,1,民主進步黨,10101,5.71,N
2002,議員,區域,臺北市,臺北市第04選區,8,林國成,1,親民黨,9456,5.35,N
2002,議員,區域,臺北市,臺北市第04選區,9,王芳萍,2,無,829,0.47,N
2002,議員,區域,臺北市,臺北市第04選區,10,游鴻程,1,新黨,5829,3.30,N
2002,議員,區域,臺北市,臺北市第04選區,11,林晉章,1,中國國民黨,18895,10.69,Y
2002,議員,區域,臺北市,臺北市第04選區,12,羅宗勝,1,民主進步黨,12673,7.17,Y
2002,議員,區域,臺北市,臺北市第04選區,13,陳玉梅,2,中國國民黨,27423,15.51,Y
2002,議員,區域,臺北市,臺北市第04選區,14,林定勇,1,親民黨,12539,7.09,Y
2002,議員,區域,臺北市,臺北市第04選區,15,葉信義,1,無,3907,2.21,N
2002,議員,區域,臺北市,臺北市第04選區,16,黎烈台,1,無,263,0.15,N
2002,議員,區域,臺北市,臺北市第05選區,1,李振豐,1,無,1272,0.68,N
2002,議員,區域,臺北市,臺北市第05選區,2,車正國,1,無,1837,0.98,N
2002,議員,區域,臺北市,臺北市第05選區,3,劉耀仁,1,民主進步黨,16698,8.93,Y
2002,議員,區域,臺北市,臺北市第05選區,4,謝千惠,2,無,2363,1.26,N
2002,議員,區域,臺北市,臺北市第05選區,5,鍾小平,1,無,9698,5.18,N
2002,議員,區域,臺北市,臺北市第05選區,6,李仁人,2,中國國民黨,28104,15.02,Y
2002,議員,區域,臺北市,臺北市第05選區,7,陳卯樂,1,無,440,0.24,N
2002,議員,區域,臺北市,臺北市第05選區,8,顏聖冠,2,民主進步黨,11967,6.40,Y
2002,議員,區域,臺北市,臺北市第05選區,9,謝建平,1,台灣團結聯盟,8223,4.40,N
2002,議員,區域,臺北市,臺北市第05選區,10,賴志威,1,親民黨,8299,4.44,N
2002,議員,區域,臺北市,臺北市第05選區,11,周威佑,1,民主進步黨,13671,7.31,Y
2002,議員,區域,臺北市,臺北市第05選區,12,曹鵬山,1,親民黨,11834,6.33,N
2002,議員,區域,臺北市,臺北市第05選區,13,陳惠敏,1,中國國民黨,22314,11.93,Y
2002,議員,區域,臺北市,臺北市第05選區,14,曲兆祥,1,親民黨,10700,5.72,N
2002,議員,區域,臺北市,臺北市第05選區,15,侯冠群,1,新黨,18400,9.84,Y
2002,議員,區域,臺北市,臺北市第05選區,16,陳嘉銘,1,民主進步黨,18365,9.82,Y
2002,議員,區域,臺北市,臺北市第05選區,17,陳光,1,無,2896,1.55,N
2002,議員,區域,臺北市,臺北市第06選區,1,蔣乃辛,1,中國國民黨,28485,9.80,Y
2002,議員,區域,臺北市,臺北市第06選區,2,江蓋世,1,民主進步黨,12980,4.47,N
2002,議員,區域,臺北市,臺北市第06選區,3,李慶鋒,1,民主進步黨,12124,4.17,N
2002,議員,區域,臺北市,臺北市第06選區,4,周柏雅,1,民主進步黨,15409,5.30,Y
2002,議員,區域,臺北市,臺北市第06選區,5,郭憲鈴,1,無,206,0.07,N
2002,議員,區域,臺北市,臺北市第06選區,6,呂庭華,1,親民黨,12905,4.44,N
2002,議員,區域,臺北市,臺北市第06選區,7,陳朝順,1,綠黨,1807,0.62,N
2002,議員,區域,臺北市,臺北市第06選區,8,方景鈞,1,無,604,0.21,N
2002,議員,區域,臺北市,臺北市第06選區,9,張耀元,1,無,629,0.22,N
2002,議員,區域,臺北市,臺北市第06選區,10,徐佳青,2,民主進步黨,15416,5.30,Y
2002,議員,區域,臺北市,臺北市第06選區,11,李新,1,親民黨,15131,5.21,Y
2002,議員,區域,臺北市,臺北市第06選區,12,林奕華,2,中國國民黨,26767,9.21,Y
2002,議員,區域,臺北市,臺北市第06選區,13,張幸松,1,無,1802,0.62,N
2002,議員,區域,臺北市,臺北市第06選區,14,李慶元,1,新黨,29570,10.17,Y
2002,議員,區域,臺北市,臺北市第06選區,15,陳錦祥,1,中國國民黨,17631,6.07,Y
2002,議員,區域,臺北市,臺北市第06選區,16,邱國昌,1,台灣團結聯盟,8209,2.82,N
2002,議員,區域,臺北市,臺北市第06選區,17,歐陽龍,1,無,14506,4.99,Y
2002,議員,區域,臺北市,臺北市第06選區,18,王鍾俊,1,無,2467,0.85,N
2002,議員,區域,臺北市,臺北市第06選區,19,厲耿桂芳,2,中國國民黨,16928,5.82,Y
2002,議員,區域,臺北市,臺北市第06選區,20,于白儂,2,無,540,0.19,N
2002,議員,區域,臺北市,臺北市第06選區,21,張福美,1,無,121,0.04,N
2002,議員,區域,臺北市,臺北市第06選區,22,鄧家基,1,親民黨,11149,3.84,N
2002,議員,區域,臺北市,臺北市第06選區,23,王欣儀,2,親民黨,18248,6.28,Y
2002,議員,區域,臺北市,臺北市第06選區,24,鄒桂蓉,2,無,545,0.19,N
2002,議員,區域,臺北市,臺北市第06選區,25,梅長錕,1,無,1503,0.52,N
2002,議員,區域,臺北市,臺北市第06選區,26,鍾鼎昌,1,無,1136,0.39,N
2002,議員,區域,臺北市,臺北市第06選區,27,秦儷舫,2,無,13485,4.64,Y
2002,議員,區域,臺北市,臺北市第06選區,28,柯景昇,1,民主進步黨,10352,3.56,N
2002,議員,區域,高雄市,高雄市第01選區,1,張省吾,1,無,10918,12.04,Y
2002,議員,區域,高雄市,高雄市第01選區,2,蔡松雄,1,無,13137,14.49,Y
2002,議員,區域,高雄市,高雄市第01選區,3,戴榮聖,1,台灣團結聯盟,7152,7.89,N
2002,議員,區域,高雄市,高雄市第01選區,4,陳美雅,2,中國國民黨,8290,9.15,N
2002,議員,區域,高雄市,高雄市第01選區,5,洪敏清,2,無,832,0.92,N
2002,議員,區域,高雄市,高雄市第01選區,6,林壽山,1,親民黨,13350,14.73,Y
2002,議員,區域,高雄市,高雄市第01選區,7,呂貝仁,1,無,387,0.43,N
2002,議員,區域,高雄市,高雄市第01選區,8,李喬如,2,民主進步黨,13078,14.43,Y
2002,議員,區域,高雄市,高雄市第01選區,9,陳漢昇,1,中國國民黨,13204,14.57,Y
2002,議員,區域,高雄市,高雄市第01選區,10,蕭裕正,1,民主進步黨,10301,11.36,N
2002,議員,區域,高雄市,高雄市第02選區,1,周鍾炎,1,中國國民黨,9124,5.67,N
2002,議員,區域,高雄市,高雄市第02選區,2,孫健萍,1,無,1012,0.63,N
2002,議員,區域,高雄市,高雄市第02選區,3,吳英明,1,台灣團結聯盟,9987,6.21,N
2002,議員,區域,高雄市,高雄市第02選區,4,李榮宗,1,親民黨,10258,6.38,Y
2002,議員,區域,高雄市,高雄市第02選區,5,戴德銘,1,中國國民黨,11476,7.13,Y
2002,議員,區域,高雄市,高雄市第02選區,6,李瀛生,1,新黨,4807,2.99,N
2002,議員,區域,高雄市,高雄市第02選區,7,藍健菖,1,中國國民黨,9878,6.14,N
2002,議員,區域,高雄市,高雄市第02選區,8,張清泉,1,民主進步黨,10744,6.68,Y
2002,議員,區域,高雄市,高雄市第02選區,9,章玟琇,2,民主進步黨,11006,6.84,Y
2002,議員,區域,高雄市,高雄市第02選區,10,陳玫娟,2,中國國民黨,5441,3.38,N
2002,議員,區域,高雄市,高雄市第02選區,11,吳啟文,1,無,280,0.17,N
2002,議員,區域,高雄市,高雄市第02選區,12,藍星木,1,中國國民黨,13922,8.66,Y
2002,議員,區域,高雄市,高雄市第02選區,13,師興中,1,無,2952,1.84,N
2002,議員,區域,高雄市,高雄市第02選區,14,陳文榮,1,無,1691,1.05,N
2002,議員,區域,高雄市,高雄市第02選區,15,謝天助,1,無,1350,0.84,N
2002,議員,區域,高雄市,高雄市第02選區,16,黃石龍,1,無,11630,7.23,Y
2002,議員,區域,高雄市,高雄市第02選區,17,林舜平,1,無,1854,1.15,N
2002,議員,區域,高雄市,高雄市第02選區,18,吳昱輝,1,無,1338,0.83,N
2002,議員,區域,高雄市,高雄市第02選區,19,徐漢仁,1,無,467,0.29,N
2002,議員,區域,高雄市,高雄市第02選區,20,楊色玉,2,親民黨,16567,10.30,Y
2002,議員,區域,高雄市,高雄市第02選區,21,蔡長根,1,民主進步黨,12670,7.88,Y
2002,議員,區域,高雄市,高雄市第02選區,22,陳雲龍,1,中國國民黨,12398,7.71,Y
2002,議員,區域,高雄市,高雄市第03選區,1,林俊福,1,無,4263,2.41,N
2002,議員,區域,高雄市,高雄市第03選區,2,戴志鵬,1,無,316,0.18,N
2002,議員,區域,高雄市,高雄市第03選區,3,楊定國,1,民主進步黨,13012,7.35,Y
2002,議員,區域,高雄市,高雄市第03選區,4,黃添財,1,中國國民黨,10088,5.69,Y
2002,議員,區域,高雄市,高雄市第03選區,5,張榮顯,1,無,8537,4.82,N
2002,議員,區域,高雄市,高雄市第03選區,6,鄭新助,1,民主進步黨,12145,6.86,Y
2002,議員,區域,高雄市,高雄市第03選區,7,李政憲,1,無,683,0.39,N
2002,議員,區域,高雄市,高雄市第03選區,8,吳長洪,1,無,1322,0.75,N
2002,議員,區域,高雄市,高雄市第03選區,9,洪偉壬,1,無,1009,0.57,N
2002,議員,區域,高雄市,高雄市第03選區,10,蔡見興,1,無,10809,6.10,Y
2002,議員,區域,高雄市,高雄市第03選區,11,洪美麗,2,無,241,0.14,N
2002,議員,區域,高雄市,高雄市第03選區,12,黃柏霖,1,無,8011,4.52,N
2002,議員,區域,高雄市,高雄市第03選區,13,吳錦發,1,台灣團結聯盟,4962,2.80,N
2002,議員,區域,高雄市,高雄市第03選區,14,康裕成,2,民主進步黨,13593,7.67,Y
2002,議員,區域,高雄市,高雄市第03選區,15,吳重新,1,無,5946,3.36,N
2002,議員,區域,高雄市,高雄市第03選區,16,陳英燦,1,台灣團結聯盟,9340,5.27,N
2002,議員,區域,高雄市,高雄市第03選區,17,吳林淑敏,2,中國國民黨,9441,5.33,Y
2002,議員,區域,高雄市,高雄市第03選區,18,曾長發,1,中國國民黨,9973,5.63,Y
2002,議員,區域,高雄市,高雄市第03選區,19,童燕珍,2,親民黨,13191,7.45,Y
2002,議員,區域,高雄市,高雄市第03選區,20,李昆澤,1,民主進步黨,13368,7.55,Y
2002,議員,區域,高雄市,高雄市第03選區,21,劉少春,1,中國國民黨,11491,6.49,Y
2002,議員,區域,高雄市,高雄市第03選區,22,楊美惠,2,無,2007,1.13,N
2002,議員,區域,高雄市,高雄市第03選區,23,劉貴旭,1,無,5729,3.23,N
2002,議員,區域,高雄市,高雄市第03選區,24,呂錫勳,1,無,1474,0.83,N
2002,議員,區域,高雄市,高雄市第03選區,25,郭國志,1,親民黨,5240,2.96,N
2002,議員,區域,高雄市,高雄市第03選區,26,顏明聖,1,無,962,0.54,N
2002,議員,區域,高雄市,高雄市第04選區,1,吳國禎,1,無,240,0.15,N
2002,議員,區域,高雄市,高雄市第04選區,2,洪茂俊,1,中國國民黨,9261,5.97,N
2002,議員,區域,高雄市,高雄市第04選區,3,溫三郎,1,無,554,0.36,N
2002,議員,區域,高雄市,高雄市第04選區,4,陳玲俐,2,民主進步黨,6965,4.49,N
2002,議員,區域,高雄市,高雄市第04選區,5,陳惠凰,2,中國國民黨,6551,4.22,N
2002,議員,區域,高雄市,高雄市第04選區,6,廖才傳,1,無,131,0.08,N
2002,議員,區域,高雄市,高雄市第04選區,7,林景元,1,無,1268,0.82,N
2002,議員,區域,高雄市,高雄市第04選區,8,黃芳仁,1,無,11376,7.33,Y
2002,議員,區域,高雄市,高雄市第04選區,9,陳春生,1,無,2595,1.67,N
2002,議員,區域,高雄市,高雄市第04選區,10,陳村雄,1,無,5367,3.46,N
2002,議員,區域,高雄市,高雄市第04選區,11,劉財富,1,無,119,0.08,N
2002,議員,區域,高雄市,高雄市第04選區,12,莊啟旺,1,中國國民黨,9205,5.93,N
2002,議員,區域,高雄市,高雄市第04選區,13,張瑞德,1,中國國民黨,4496,2.90,N
2002,議員,區域,高雄市,高雄市第04選區,14,王齡嬌,2,親民黨,9990,6.44,Y
2002,議員,區域,高雄市,高雄市第04選區,15,趙天麟,1,台灣團結聯盟,9699,6.25,Y
2002,議員,區域,高雄市,高雄市第04選區,16,周玲妏,2,民主進步黨,9867,6.36,Y
2002,議員,區域,高雄市,高雄市第04選區,17,許崑源,1,無,18116,11.67,Y
2002,議員,區域,高雄市,高雄市第04選區,18,詹永龍,1,民主進步黨,12859,8.29,Y
2002,議員,區域,高雄市,高雄市第04選區,19,林崑山,1,民主進步黨,11858,7.64,Y
2002,議員,區域,高雄市,高雄市第04選區,20,王瑞賢,1,無,588,0.38,N
2002,議員,區域,高雄市,高雄市第04選區,21,陳乃靜,1,無,13003,8.38,Y
2002,議員,區域,高雄市,高雄市第04選區,22,吳益政,1,親民黨,11067,7.13,Y
2002,議員,區域,高雄市,高雄市第05選區,1,李順進,1,無,6167,3.43,N
2002,議員,區域,高雄市,高雄市第05選區,2,郭金生,1,無,1352,0.75,N
2002,議員,區域,高雄市,高雄市第05選區,3,邱政勝,1,無,1893,1.05,N
2002,議員,區域,高雄市,高雄市第05選區,4,張吉雄,1,無,4307,2.40,N
2002,議員,區域,高雄市,高雄市第05選區,5,葉津鈴,2,台灣團結聯盟,10120,5.63,Y
2002,議員,區域,高雄市,高雄市第05選區,6,王友蘭,2,中國國民黨,4753,2.64,N
2002,議員,區域,高雄市,高雄市第05選區,7,高宗英,1,民主進步黨,10191,5.67,Y
2002,議員,區域,高雄市,高雄市第05選區,8,陳清崧,1,無,3000,1.67,N
2002,議員,區域,高雄市,高雄市第05選區,9,吳宗憲,1,無,1423,0.79,N
2002,議員,區域,高雄市,高雄市第05選區,10,林宛蓉,2,民主進步黨,11925,6.63,Y
2002,議員,區域,高雄市,高雄市第05選區,11,洪學海,1,無,625,0.35,N
2002,議員,區域,高雄市,高雄市第05選區,12,林錦城,1,無,708,0.39,N
2002,議員,區域,高雄市,高雄市第05選區,13,李復興,1,中國國民黨,13649,7.59,Y
2002,議員,區域,高雄市,高雄市第05選區,14,朱文慶,1,無,11142,6.20,Y
2002,議員,區域,高雄市,高雄市第05選區,15,陳彥宏,1,無,834,0.46,N
2002,議員,區域,高雄市,高雄市第05選區,16,楊敏郎,1,中國國民黨,10356,5.76,Y
2002,議員,區域,高雄市,高雄市第05選區,17,簡金城,1,親民黨,11917,6.63,Y
2002,議員,區域,高雄市,高雄市第05選區,18,江振陸,1,民主進步黨,11639,6.47,Y
2002,議員,區域,高雄市,高雄市第05選區,19,朱安雄,1,無,12163,6.76,Y
2002,議員,區域,高雄市,高雄市第05選區,20,卜明殿,1,無,8056,4.48,N
2002,議員,區域,高雄市,高雄市第05選區,21,梁連瑛,2,民主進步黨,6208,3.45,N
2002,議員,區域,高雄市,高雄市第05選區,22,王天競,1,無,3763,2.09,N
2002,議員,區域,高雄市,高雄市第05選區,23,蔡媽福,1,無,8605,4.79,N
2002,議員,區域,高雄市,高雄市第05選區,24,蘇玉柱,1,無,6943,3.86,N
2002,議員,區域,高雄市,高雄市第05選區,25,謝進發,1,無,4287,2.38,N
2002,議員,區域,高雄市,高雄市第05選區,26,蔡慶源,1,中國國民黨,13770,7.66,Y
2002,議員,原住民,臺北市,臺北市,1,李銀來,1,中國國民黨,,,Y
2002,議員,原住民,臺北市,臺北市,2,陳梅蘭,2,無,,,N
2002,議員,原住民,臺北市,臺北市,3,汪麗花,2,台灣團結聯盟,,,N
2002,議員,原住民,臺北市,臺北市,4,陳義信,1,民主進步黨,,,N
2002,議員,原住民,高雄市,高雄市,1,陳萬義,1,無,,,N
2002,議員,原住民,高雄市,高雄市,2,張正信,1,無,,,N
2002,議員,原住民,高雄市,高雄市,3,胡慶明,1,無,,,N
2002,議員,原住民,高雄市,高雄市,4,林國權,1,無,,,N
2002,議員,原住民,高雄市,高雄市,5,洪林雨萍,2,無黨團結聯盟,,,N
2002,議員,原住民,高雄市,高雄市,6,鄭海河,1,無,,,N
2002,議員,原住民,高雄市,高雄市,7,曹明輝,1,中國國民黨,,,Y
2002,議員,原住民,高雄市,高雄市,8,鄭玉昌,1,民主進步黨,,,N
2002,議員,區域,臺北縣,臺北縣第一選區,1,胡光華,2,無,3141,2.10,N
2002,議員,區域,臺北縣,臺北縣第一選區,2,趙燕昭,1,中國國民黨,5862,3.92,N
2002,議員,區域,臺北縣,臺北縣第一選區,3,張宏銘,1,無,5697,3.81,N
2002,議員,區域,臺北縣,臺北縣第一選區,4,簡意鴻,2,臺灣慧行志工黨,1347,0.90,N
2002,議員,區域,臺北縣,臺北縣第一選區,5,張奇薇,2,新黨,2858,1.91,N
2002,議員,區域,臺北縣,臺北縣第一選區,6,鄭文泉,1,民主進步黨,7045,4.71,N
2002,議員,區域,臺北縣,臺北縣第一選區,7,廖裕德,1,無,7239,4.84,Y
2002,議員,區域,臺北縣,臺北縣第一選區,8,李雪梅,2,中國國民黨,4143,2.77,N
2002,議員,區域,臺北縣,臺北縣第一選區,9,黃俊哲,1,無,12795,8.55,Y
2002,議員,區域,臺北縣,臺北縣第一選區,10,黃炳煌,1,民主進步黨,6747,4.51,N
2002,議員,區域,臺北縣,臺北縣第一選區,11,王溪鬪,1,民主進步黨,5128,3.43,N
2002,議員,區域,臺北縣,臺北縣第一選區,12,黃瑞璨,1,無,7730,5.17,Y
2002,議員,區域,臺北縣,臺北縣第一選區,13,吳金宗,1,親民黨,3004,2.01,N
2002,議員,區域,臺北縣,臺北縣第一選區,14,朱欽榮,1,無,118,0.08,N
2002,議員,區域,臺北縣,臺北縣第一選區,15,蔡濬宇,2,無,2089,1.40,N
2002,議員,區域,臺北縣,臺北縣第一選區,16,李淑華,2,親民黨,7419,4.96,Y
2002,議員,區域,臺北縣,臺北縣第一選區,17,王淑惠,2,中國國民黨,9243,6.18,Y
2002,議員,區域,臺北縣,臺北縣第一選區,18,王景源,1,中國國民黨,11814,7.90,Y
2002,議員,區域,臺北縣,臺北縣第一選區,19,徐秀廷,1,無,6174,4.13,N
2002,議員,區域,臺北縣,臺北縣第一選區,20,曾文振,1,無,12801,8.56,Y
2002,議員,區域,臺北縣,臺北縣第一選區,21,郭阿美,2,臺灣慧行志工黨,324,0.22,N
2002,議員,區域,臺北縣,臺北縣第一選區,22,周勝考,1,中國國民黨,11328,7.57,Y
2002,議員,區域,臺北縣,臺北縣第一選區,23,蕭貫譽,1,台灣團結聯盟,8831,5.90,Y
2002,議員,區域,臺北縣,臺北縣第一選區,24,麥安懷,1,親民黨,6752,4.51,N
2002,議員,區域,臺北縣,臺北縣第二選區,1,楊桂萍,1,中國國民黨,6417,5.55,N
2002,議員,區域,臺北縣,臺北縣第二選區,2,簡文劉,1,中國國民黨,10270,8.88,Y
2002,議員,區域,臺北縣,臺北縣第二選區,3,林秀惠,2,民主進步黨,9454,8.18,Y
2002,議員,區域,臺北縣,臺北縣第二選區,4,游文煌,1,新黨,5849,5.06,N
2002,議員,區域,臺北縣,臺北縣第二選區,5,易湘華,2,無,722,0.62,N
2002,議員,區域,臺北縣,臺北縣第二選區,6,游光照,1,無,3565,3.08,N
2002,議員,區域,臺北縣,臺北縣第二選區,7,黃政瑞,1,台灣團結聯盟,4626,4.00,N
2002,議員,區域,臺北縣,臺北縣第二選區,8,徐秉賢,1,無,2175,1.88,N
2002,議員,區域,臺北縣,臺北縣第二選區,9,呂宏昌,1,親民黨,3523,3.05,N
2002,議員,區域,臺北縣,臺北縣第二選區,10,游輝廷,1,中國國民黨,14550,12.59,Y
2002,議員,區域,臺北縣,臺北縣第二選區,11,呂萬煜,1,親民黨,6959,6.02,N
2002,議員,區域,臺北縣,臺北縣第二選區,12,朱佩瑛,2,親民黨,12530,10.84,Y
2002,議員,區域,臺北縣,臺北縣第二選區,13,張瑞山,1,民主進步黨,8862,7.67,Y
2002,議員,區域,臺北縣,臺北縣第二選區,14,邱垂益,1,中國國民黨,12545,10.85,Y
2002,議員,區域,臺北縣,臺北縣第二選區,15,陳錦錠,2,中國國民黨,13554,11.72,Y
2002,議員,區域,臺北縣,臺北縣第三選區,1,林雪琴,2,無,3919,6.37,N
2002,議員,區域,臺北縣,臺北縣第三選區,2,劉逢雄,1,無,5357,8.71,N
2002,議員,區域,臺北縣,臺北縣第三選區,3,金介壽,1,親民黨,8261,13.43,Y
2002,議員,區域,臺北縣,臺北縣第三選區,4,汪小龍,1,新黨,4095,6.66,N
2002,議員,區域,臺北縣,臺北縣第三選區,5,石筑翎,2,親民黨,2955,4.80,N
2002,議員,區域,臺北縣,臺北縣第三選區,6,吳劉貴櫻,2,無,736,1.20,N
2002,議員,區域,臺北縣,臺北縣第三選區,7,呂世喜,1,民主進步黨,7409,12.05,Y
2002,議員,區域,臺北縣,臺北縣第三選區,8,張繼遠,1,親民黨,6721,10.93,N
2002,議員,區域,臺北縣,臺北縣第三選區,9,連斐璠,2,中國國民黨,5475,8.90,Y
2002,議員,區域,臺北縣,臺北縣第三選區,10,陳鴻源,1,中國國民黨,14519,23.60,Y
2002,議員,區域,臺北縣,臺北縣第三選區,11,江煌崑,1,台灣團結聯盟,2064,3.36,N
2002,議員,區域,臺北縣,臺北縣第四選區,1,林阿坤,1,民主進步黨,9844,6.17,Y
2002,議員,區域,臺北縣,臺北縣第四選區,2,歐金獅,1,無,7979,5.00,N
2002,議員,區域,臺北縣,臺北縣第四選區,3,余有澄,1,中國國民黨,8905,5.58,Y
2002,議員,區域,臺北縣,臺北縣第四選區,4,陳文錄,1,無,9756,6.12,Y
2002,議員,區域,臺北縣,臺北縣第四選區,5,王明麗,2,中國國民黨,12522,7.85,Y
2002,議員,區域,臺北縣,臺北縣第四選區,6,黃永昌,1,無,6847,4.29,N
2002,議員,區域,臺北縣,臺北縣第四選區,7,蔡黃隆,1,親民黨,10688,6.70,Y
2002,議員,區域,臺北縣,臺北縣第四選區,8,楊寶猜,2,台灣團結聯盟,8284,5.19,Y
2002,議員,區域,臺北縣,臺北縣第四選區,9,朱子孟,1,中國國民黨,11700,7.34,Y
2002,議員,區域,臺北縣,臺北縣第四選區,10,連鄭美素,2,無,4766,2.99,N
2002,議員,區域,臺北縣,臺北縣第四選區,11,羅榮貴,1,無,2497,1.57,N
2002,議員,區域,臺北縣,臺北縣第四選區,12,陳誠鈞,1,無,117,0.07,N
2002,議員,區域,臺北縣,臺北縣第四選區,13,許文龍,1,民主進步黨,5792,3.63,N
2002,議員,區域,臺北縣,臺北縣第四選區,14,高敏慧,2,民主進步黨,10397,6.52,Y
2002,議員,區域,臺北縣,臺北縣第四選區,15,黃富春,1,無,7132,4.47,N
2002,議員,區域,臺北縣,臺北縣第四選區,16,高寶華,1,親民黨,4744,2.97,N
2002,議員,區域,臺北縣,臺北縣第四選區,17,高文振,1,無,4175,2.62,N
2002,議員,區域,臺北縣,臺北縣第四選區,18,王學慧,2,臺灣慧行志工黨,393,0.25,N
2002,議員,區域,臺北縣,臺北縣第四選區,19,許元和,1,中國國民黨,7141,4.48,N
2002,議員,區域,臺北縣,臺北縣第四選區,20,楊木萬,1,無,3209,2.01,N
2002,議員,區域,臺北縣,臺北縣第四選區,21,陳世榮,1,民主進步黨,14306,8.97,Y
2002,議員,區域,臺北縣,臺北縣第四選區,22,陳茂樁,1,臺灣慧行志工黨,1124,0.70,N
2002,議員,區域,臺北縣,臺北縣第四選區,23,彭成龍,1,無,7183,4.50,N
2002,議員,區域,臺北縣,臺北縣第五選區,1,許銀榮,1,無,512,0.31,N
2002,議員,區域,臺北縣,臺北縣第五選區,2,林金蓮,2,中國國民黨,6928,4.16,N
2002,議員,區域,臺北縣,臺北縣第五選區,3,王興國,1,無,4345,2.61,N
2002,議員,區域,臺北縣,臺北縣第五選區,4,蕭正用,1,無,5447,3.27,N
2002,議員,區域,臺北縣,臺北縣第五選區,5,何仰山,1,無,10620,6.37,Y
2002,議員,區域,臺北縣,臺北縣第五選區,6,劉曉光,1,無,979,0.59,N
2002,議員,區域,臺北縣,臺北縣第五選區,7,陳幸進,1,中國國民黨,15967,9.58,Y
2002,議員,區域,臺北縣,臺北縣第五選區,8,李小萍,2,親民黨,7331,4.40,N
2002,議員,區域,臺北縣,臺北縣第五選區,9,鄭金隆,1,民主進步黨,11586,6.95,Y
2002,議員,區域,臺北縣,臺北縣第五選區,10,蔡明堂,1,中國國民黨,13677,8.21,Y
2002,議員,區域,臺北縣,臺北縣第五選區,11,李學益,1,無,9986,5.99,N
2002,議員,區域,臺北縣,臺北縣第五選區,12,林孝光,1,親民黨,10205,6.12,Y
2002,議員,區域,臺北縣,臺北縣第五選區,13,林淑芬,2,民主進步黨,20971,12.58,Y
2002,議員,區域,臺北縣,臺北縣第五選區,14,林國雄,1,民主進步黨,12897,7.74,Y
2002,議員,區域,臺北縣,臺北縣第五選區,15,黃桂蘭,2,中國國民黨,7342,4.41,Y
2002,議員,區域,臺北縣,臺北縣第五選區,16,康惟壤,1,台灣團結聯盟,4460,2.68,N
2002,議員,區域,臺北縣,臺北縣第五選區,17,陳信義,1,中國國民黨,12718,7.63,Y
2002,議員,區域,臺北縣,臺北縣第五選區,18,李友親,1,民主進步黨,10669,6.40,Y
2002,議員,區域,臺北縣,臺北縣第六選區,1,吳世仁,1,中國國民黨,3573,2.12,N
2002,議員,區域,臺北縣,臺北縣第六選區,2,陳信宏,1,無,3229,1.92,N
2002,議員,區域,臺北縣,臺北縣第六選區,3,林義一,1,無,8420,5.01,Y
2002,議員,區域,臺北縣,臺北縣第六選區,4,宋明宗,1,中國國民黨,5691,3.38,N
2002,議員,區域,臺北縣,臺北縣第六選區,5,林正智,1,無,1545,0.92,N
2002,議員,區域,臺北縣,臺北縣第六選區,6,楊育修,1,無,1094,0.65,N
2002,議員,區域,臺北縣,臺北縣第六選區,7,王黃湯雅,2,無,4637,2.76,N
2002,議員,區域,臺北縣,臺北縣第六選區,8,簡瑞珠,2,無,2742,1.63,N
2002,議員,區域,臺北縣,臺北縣第六選區,9,何淑峰,2,民主進步黨,7462,4.44,Y
2002,議員,區域,臺北縣,臺北縣第六選區,10,吳天麟,1,民主進步黨,7866,4.68,Y
2002,議員,區域,臺北縣,臺北縣第六選區,11,曹來旺,1,民主進步黨,11567,6.88,Y
2002,議員,區域,臺北縣,臺北縣第六選區,12,徐陳麗華,2,中國國民黨,7571,4.50,Y
2002,議員,區域,臺北縣,臺北縣第六選區,13,張當木,1,中國國民黨,11668,6.94,Y
2002,議員,區域,臺北縣,臺北縣第六選區,14,葉正森,1,親民黨,5940,3.53,N
2002,議員,區域,臺北縣,臺北縣第六選區,15,陳明義,1,中國國民黨,4505,2.68,N
2002,議員,區域,臺北縣,臺北縣第六選區,16,程宇鵬,1,無,307,0.18,N
2002,議員,區域,臺北縣,臺北縣第六選區,17,林重信,1,中國國民黨,6022,3.58,N
2002,議員,區域,臺北縣,臺北縣第六選區,18,許主峰,1,台灣團結聯盟,4336,2.58,N
2002,議員,區域,臺北縣,臺北縣第六選區,19,黃國祥,1,無,2759,1.64,N
2002,議員,區域,臺北縣,臺北縣第六選區,20,張益廣,1,無,5209,3.10,N
2002,議員,區域,臺北縣,臺北縣第六選區,21,張彥博,1,新黨,1120,0.67,N
2002,議員,區域,臺北縣,臺北縣第六選區,22,蔡宗一,1,無,7179,4.27,Y
2002,議員,區域,臺北縣,臺北縣第六選區,23,黃厚經,1,中國國民黨,3377,2.01,N
2002,議員,區域,臺北縣,臺北縣第六選區,24,蕭國基,1,無,2123,1.26,N
2002,議員,區域,臺北縣,臺北縣第六選區,25,康李佐慧,2,無,5109,3.04,N
2002,議員,區域,臺北縣,臺北縣第六選區,26,莊錫源,1,中國國民黨,3788,2.25,N
2002,議員,區域,臺北縣,臺北縣第六選區,27,廖連生,1,無,50,0.03,N
2002,議員,區域,臺北縣,臺北縣第六選區,28,丁小川,1,親民黨,4737,2.82,N
2002,議員,區域,臺北縣,臺北縣第六選區,29,許炳崑,1,中國國民黨,12886,7.66,Y
2002,議員,區域,臺北縣,臺北縣第六選區,30,李秀芬,2,親民黨,4282,2.55,N
2002,議員,區域,臺北縣,臺北縣第六選區,31,呂 柱,1,無,7370,4.38,Y
2002,議員,區域,臺北縣,臺北縣第六選區,32,吳信章,1,親民黨,2808,1.67,N
2002,議員,區域,臺北縣,臺北縣第六選區,33,陳文治,1,民主進步黨,7259,4.31,Y
2002,議員,區域,臺北縣,臺北縣第七選區,1,呂子昌,1,無,11714,19.66,Y
2002,議員,區域,臺北縣,臺北縣第七選區,2,吳明修,1,民主進步黨,10196,17.11,N
2002,議員,區域,臺北縣,臺北縣第七選區,3,郭拱照,1,中國國民黨,10610,17.80,Y
2002,議員,區域,臺北縣,臺北縣第七選區,4,張鴻珠,2,親民黨,4940,8.29,N
2002,議員,區域,臺北縣,臺北縣第七選區,5,張恒,1,無,7559,12.68,N
2002,議員,區域,臺北縣,臺北縣第七選區,6,張旭昇,1,無,1352,2.27,N
2002,議員,區域,臺北縣,臺北縣第七選區,7,李文德,1,中國國民黨,13224,22.19,Y
2002,議員,區域,臺北縣,臺北縣第八選區,1,周雅玲,2,無,4176,6.87,Y
2002,議員,區域,臺北縣,臺北縣第八選區,2,曾炳煌,1,無,2397,3.94,N
2002,議員,區域,臺北縣,臺北縣第八選區,3,唐有吉,1,中國國民黨,7539,12.40,Y
2002,議員,區域,臺北縣,臺北縣第八選區,4,詹清山,1,無,3851,6.33,N
2002,議員,區域,臺北縣,臺北縣第八選區,5,楊孫祺,1,親民黨,5455,8.97,N
2002,議員,區域,臺北縣,臺北縣第八選區,6,陳燈貴,1,中國國民黨,6487,10.67,N
2002,議員,區域,臺北縣,臺北縣第八選區,7,江麗玉,2,台灣團結聯盟,2998,4.93,N
2002,議員,區域,臺北縣,臺北縣第八選區,8,許春財,1,無,11544,18.98,Y
2002,議員,區域,臺北縣,臺北縣第八選區,9,沈發惠,1,民主進步黨,7699,12.66,Y
2002,議員,區域,臺北縣,臺北縣第八選區,10,鄭金川,1,無,793,1.30,N
2002,議員,區域,臺北縣,臺北縣第八選區,11,唐瓔庭,1,親民黨,5568,9.16,N
2002,議員,區域,臺北縣,臺北縣第八選區,12,張寶玉,2,中國國民黨,2300,3.78,N
2002,議員,區域,臺北縣,臺北縣第九選區,1,趙國棟,1,親民黨,19211,49.21,N
2002,議員,區域,臺北縣,臺北縣第九選區,2,廖秀雄,1,中國國民黨,19827,50.79,Y
2002,議員,區域,臺北縣,臺北縣第十選區,1,洪嘉莉,2,親民黨,4382,4.78,N
2002,議員,區域,臺北縣,臺北縣第十選區,2,許再恩,1,中國國民黨,13415,14.64,Y
2002,議員,區域,臺北縣,臺北縣第十選區,3,吳善九,1,親民黨,9304,10.15,Y
2002,議員,區域,臺北縣,臺北縣第十選區,4,金中玉,1,親民黨,12971,14.15,Y
2002,議員,區域,臺北縣,臺北縣第十選區,5,陳梅嬌,2,中國國民黨,10649,11.62,Y
2002,議員,區域,臺北縣,臺北縣第十選區,6,林重誠,1,新黨,8077,8.81,N
2002,議員,區域,臺北縣,臺北縣第十選區,7,張 碧,2,無,2144,2.34,N
2002,議員,區域,臺北縣,臺北縣第十選區,8,陳永福,1,無,15679,17.11,Y
2002,議員,區域,臺北縣,臺北縣第十選區,9,陳建仲,1,無,368,0.40,N
2002,議員,區域,臺北縣,臺北縣第十選區,10,劉志誠,1,民主進步黨,6244,6.81,N
2002,議員,區域,臺北縣,臺北縣第十選區,11,陳一郎,1,民主進步黨,8430,9.20,N
2002,議員,區域,宜蘭縣,宜蘭縣第一選區,1,林錫明,1,無,3388,9.39,Y
2002,議員,區域,宜蘭縣,宜蘭縣第一選區,2,林李榮華,1,無,4132,11.45,Y
2002,議員,區域,宜蘭縣,宜蘭縣第一選區,3,余美雪,2,民主進步黨,2596,7.19,Y
2002,議員,區域,宜蘭縣,宜蘭縣第一選區,4,江寶蓮,2,無,2121,5.88,N
2002,議員,區域,宜蘭縣,宜蘭縣第一選區,5,黃秀雲,2,親民黨,1935,5.36,N
2002,議員,區域,宜蘭縣,宜蘭縣第一選區,6,陳進亮,1,無,301,0.83,N
2002,議員,區域,宜蘭縣,宜蘭縣第一選區,7,張建榮,1,中國國民黨,7619,21.11,Y
2002,議員,區域,宜蘭縣,宜蘭縣第一選區,8,吳福田,1,民主進步黨,4690,12.99,Y
2002,議員,區域,宜蘭縣,宜蘭縣第一選區,9,林明垚,1,無,2066,5.72,N
2002,議員,區域,宜蘭縣,宜蘭縣第一選區,10,楊順木,1,中國國民黨,4680,12.96,Y
2002,議員,區域,宜蘭縣,宜蘭縣第一選區,11,江永和,1,無,2572,7.12,N
2002,議員,區域,宜蘭縣,宜蘭縣第二選區,1,關得基,1,無,4198,26.23,Y
2002,議員,區域,宜蘭縣,宜蘭縣第二選區,2,林張秀娥,2,中國國民黨,3978,24.86,N
2002,議員,區域,宜蘭縣,宜蘭縣第二選區,3,陳秀暖,2,無,7827,48.91,Y
2002,議員,區域,宜蘭縣,宜蘭縣第三選區,1,游旺欉,1,中國國民黨,2879,15.72,N
2002,議員,區域,宜蘭縣,宜蘭縣第三選區,2,李清林,1,親民黨,4109,22.44,Y
2002,議員,區域,宜蘭縣,宜蘭縣第三選區,3,吳宏謀,1,無,4368,23.85,Y
2002,議員,區域,宜蘭縣,宜蘭縣第三選區,4,林建宏,1,民主進步黨,1027,5.61,N
2002,議員,區域,宜蘭縣,宜蘭縣第三選區,5,黃太平,1,中國國民黨,5928,32.37,Y
2002,議員,區域,宜蘭縣,宜蘭縣第四選區,1,吳麗姬,2,無,2216,15.13,N
2002,議員,區域,宜蘭縣,宜蘭縣第四選區,2,林秀雲,2,無,2429,16.59,N
2002,議員,區域,宜蘭縣,宜蘭縣第四選區,3,黃浴沂,1,中國國民黨,4575,31.24,Y
2002,議員,區域,宜蘭縣,宜蘭縣第四選區,4,林錦坤,1,無,1189,8.12,N
2002,議員,區域,宜蘭縣,宜蘭縣第四選區,5,簡連發,1,民主進步黨,4235,28.92,Y
2002,議員,區域,宜蘭縣,宜蘭縣第五選區,1,歐耀北,1,中國國民黨,2871,21.27,N
2002,議員,區域,宜蘭縣,宜蘭縣第五選區,2,陳福山,1,民主進步黨,4264,31.59,Y
2002,議員,區域,宜蘭縣,宜蘭縣第五選區,3,林水金,1,無,4973,36.84,Y
2002,議員,區域,宜蘭縣,宜蘭縣第五選區,4,吳旺水,1,無,1391,10.30,N
2002,議員,區域,宜蘭縣,宜蘭縣第六選區,1,林傳泉,1,親民黨,2920,11.14,Y
2002,議員,區域,宜蘭縣,宜蘭縣第六選區,2,劉添梧,1,民主進步黨,3869,14.76,Y
2002,議員,區域,宜蘭縣,宜蘭縣第六選區,3,林姿妙,2,中國國民黨,4737,18.07,Y
2002,議員,區域,宜蘭縣,宜蘭縣第六選區,4,許文川,1,無,797,3.04,N
2002,議員,區域,宜蘭縣,宜蘭縣第六選區,5,謝志得,1,民主進步黨,4614,17.60,Y
2002,議員,區域,宜蘭縣,宜蘭縣第六選區,6,魏炎輝,1,中國國民黨,4367,16.66,Y
2002,議員,區域,宜蘭縣,宜蘭縣第六選區,7,李易旻,1,無,401,1.53,N
2002,議員,區域,宜蘭縣,宜蘭縣第六選區,8,賴陳淑英,2,無,2639,10.07,N
2002,議員,區域,宜蘭縣,宜蘭縣第六選區,9,林萬來,1,無,1873,7.14,N
2002,議員,區域,宜蘭縣,宜蘭縣第七選區,1,林朝旺,1,中國國民黨,3275,20.17,Y
2002,議員,區域,宜蘭縣,宜蘭縣第七選區,2,沈德茂,1,民主進步黨,3273,20.16,Y
2002,議員,區域,宜蘭縣,宜蘭縣第七選區,3,黃武助,1,中國國民黨,2447,15.07,N
2002,議員,區域,宜蘭縣,宜蘭縣第七選區,4,黃適超,1,民主進步黨,3511,21.62,Y
2002,議員,區域,宜蘭縣,宜蘭縣第七選區,5,羅素貞,2,中國國民黨,2425,14.94,N
2002,議員,區域,宜蘭縣,宜蘭縣第七選區,6,簡宏奇,1,親民黨,308,1.90,N
2002,議員,區域,宜蘭縣,宜蘭縣第七選區,7,簡楊同,1,無,998,6.15,N
2002,議員,區域,宜蘭縣,宜蘭縣第八選區,1,陳慧珠,2,民主進步黨,1854,8.21,Y
2002,議員,區域,宜蘭縣,宜蘭縣第八選區,2,陳秋華,2,中國國民黨,1086,4.81,N
2002,議員,區域,宜蘭縣,宜蘭縣第八選區,3,張春煌,1,無,4037,17.88,N
2002,議員,區域,宜蘭縣,宜蘭縣第八選區,4,楊政誠,1,無,4434,19.64,Y
2002,議員,區域,宜蘭縣,宜蘭縣第八選區,5,王貴緗,2,無,372,1.65,N
2002,議員,區域,宜蘭縣,宜蘭縣第八選區,6,蔡美英,2,無,500,2.22,N
2002,議員,區域,宜蘭縣,宜蘭縣第八選區,7,劉石純,1,中國國民黨,4266,18.90,Y
2002,議員,區域,宜蘭縣,宜蘭縣第八選區,8,游祥德,1,民主進步黨,6023,26.68,Y
2002,議員,區域,宜蘭縣,宜蘭縣第九選區,1,江明勝,1,中國國民黨,4382,40.93,Y
2002,議員,區域,宜蘭縣,宜蘭縣第九選區,2,陳文昌,1,民主進步黨,3542,33.08,Y
2002,議員,區域,宜蘭縣,宜蘭縣第九選區,3,蔡金定,1,無,2783,25.99,N
2002,議員,區域,宜蘭縣,宜蘭縣第十選區,1,林正標,1,中國國民黨,4549,21.12,Y
2002,議員,區域,宜蘭縣,宜蘭縣第十選區,2,吳文發,1,無,3392,15.75,N
2002,議員,區域,宜蘭縣,宜蘭縣第十選區,3,陳正男,1,民主進步黨,5314,24.68,Y
2002,議員,區域,宜蘭縣,宜蘭縣第十選區,4,陳金麟,1,親民黨,5112,23.74,Y
2002,議員,區域,宜蘭縣,宜蘭縣第十選區,5,洪秀璪,2,中國國民黨,3167,14.71,N
2002,議員,區域,桃園縣,桃園縣第一選區,1,陳炎坤,1,中國國民黨,4548,4.59,Y
2002,議員,區域,桃園縣,桃園縣第一選區,2,黃庭超,1,無,378,0.38,N
2002,議員,區域,桃園縣,桃園縣第一選區,3,蕭辛桐,1,無,1461,1.48,N
2002,議員,區域,桃園縣,桃園縣第一選區,4,黃景熙,1,無,4575,4.62,Y
2002,議員,區域,桃園縣,桃園縣第一選區,5,黃享欽,1,無,5572,5.63,Y
2002,議員,區域,桃園縣,桃園縣第一選區,6,張鈴武,1,無,994,1.00,N
2002,議員,區域,桃園縣,桃園縣第一選區,7,林熹模,1,無,1013,1.02,N
2002,議員,區域,桃園縣,桃園縣第一選區,8,李曉鐘,1,無,5909,5.97,Y
2002,議員,區域,桃園縣,桃園縣第一選區,9,楊文山,1,無,235,0.24,N
2002,議員,區域,桃園縣,桃園縣第一選區,10,甘乃迪,1,民主進步黨,387,0.39,N
2002,議員,區域,桃園縣,桃園縣第一選區,11,黃智銘,1,無,4965,5.01,Y
2002,議員,區域,桃園縣,桃園縣第一選區,12,林文前,1,無,317,0.32,N
2002,議員,區域,桃園縣,桃園縣第一選區,13,林政賢,1,中國國民黨,3669,3.70,N
2002,議員,區域,桃園縣,桃園縣第一選區,14,卓德樹,1,無,3826,3.86,N
2002,議員,區域,桃園縣,桃園縣第一選區,15,黃婉如,2,中國國民黨,6954,7.02,Y
2002,議員,區域,桃園縣,桃園縣第一選區,16,楊鑫坤,1,無,3206,3.24,N
2002,議員,區域,桃園縣,桃園縣第一選區,17,黃哲鐘,1,中國國民黨,5456,5.51,Y
2002,議員,區域,桃園縣,桃園縣第一選區,18,蕭豐湧,1,中國國民黨,4124,4.16,Y
2002,議員,區域,桃園縣,桃園縣第一選區,19,邱素芬,2,民主進步黨,3416,3.45,N
2002,議員,區域,桃園縣,桃園縣第一選區,20,黃清華,1,無,626,0.63,N
2002,議員,區域,桃園縣,桃園縣第一選區,21,楊添丁,1,民主進步黨,3821,3.86,N
2002,議員,區域,桃園縣,桃園縣第一選區,22,廖輝星,1,民主進步黨,3522,3.56,N
2002,議員,區域,桃園縣,桃園縣第一選區,23,林良益,1,無,4160,4.20,Y
2002,議員,區域,桃園縣,桃園縣第一選區,24,郭雲輝,1,親民黨,2933,2.96,N
2002,議員,區域,桃園縣,桃園縣第一選區,25,呂秀紋,2,中國國民黨,2069,2.09,N
2002,議員,區域,桃園縣,桃園縣第一選區,26,吳寶玉,2,民主進步黨,4263,4.30,Y
2002,議員,區域,桃園縣,桃園縣第一選區,27,陳華興,1,無,1931,1.95,N
2002,議員,區域,桃園縣,桃園縣第一選區,28,呂志明,1,親民黨,3994,4.03,N
2002,議員,區域,桃園縣,桃園縣第一選區,29,李東成,1,中國國民黨,1666,1.68,N
2002,議員,區域,桃園縣,桃園縣第一選區,30,張勝豐,1,無,2044,2.06,N
2002,議員,區域,桃園縣,桃園縣第一選區,31,溫舜億,1,無,2487,2.51,N
2002,議員,區域,桃園縣,桃園縣第一選區,32,萬美玲,2,親民黨,4518,4.56,Y
2002,議員,區域,桃園縣,桃園縣第二選區,1,王文珠,2,無,822,2.62,N
2002,議員,區域,桃園縣,桃園縣第二選區,2,林雪霞,2,無,1173,3.74,N
2002,議員,區域,桃園縣,桃園縣第二選區,3,柯育堂,1,民主進步黨,3291,10.49,N
2002,議員,區域,桃園縣,桃園縣第二選區,4,李麗珠,2,中國國民黨,2390,7.62,Y
2002,議員,區域,桃園縣,桃園縣第二選區,5,李治華,1,親民黨,1549,4.94,N
2002,議員,區域,桃園縣,桃園縣第二選區,6,陳志謀,1,民主進步黨,5577,17.78,Y
2002,議員,區域,桃園縣,桃園縣第二選區,7,呂學記,1,中國國民黨,6694,21.34,Y
2002,議員,區域,桃園縣,桃園縣第二選區,8,李雲強,1,親民黨,3019,9.63,N
2002,議員,區域,桃園縣,桃園縣第二選區,9,曾忠義,1,中國國民黨,6848,21.83,Y
2002,議員,區域,桃園縣,桃園縣第三選區,1,張進義,1,無,2663,4.94,N
2002,議員,區域,桃園縣,桃園縣第三選區,2,邱靖舜,1,無,1401,2.60,N
2002,議員,區域,桃園縣,桃園縣第三選區,3,陳建上,1,親民黨,3566,6.62,N
2002,議員,區域,桃園縣,桃園縣第三選區,4,邱顯國,1,親民黨,2079,3.86,N
2002,議員,區域,桃園縣,桃園縣第三選區,5,呂邱葉,2,民主進步黨,4799,8.91,Y
2002,議員,區域,桃園縣,桃園縣第三選區,6,邱顯寶,1,無,2763,5.13,N
2002,議員,區域,桃園縣,桃園縣第三選區,7,何正森,1,中國國民黨,6090,11.30,Y
2002,議員,區域,桃園縣,桃園縣第三選區,8,徐顥晉,1,無,946,1.76,N
2002,議員,區域,桃園縣,桃園縣第三選區,9,陳世昌,1,民主進步黨,1448,2.69,N
2002,議員,區域,桃園縣,桃園縣第三選區,10,趙正宇,1,中國國民黨,5142,9.54,Y
2002,議員,區域,桃園縣,桃園縣第三選區,11,鄭銀福,1,親民黨,4710,8.74,Y
2002,議員,區域,桃園縣,桃園縣第三選區,12,劉茂群,2,中國國民黨,4820,8.95,Y
2002,議員,區域,桃園縣,桃園縣第三選區,13,陳慶松,1,無,3476,6.45,N
2002,議員,區域,桃園縣,桃園縣第三選區,14,陳崇傑,1,台灣團結聯盟,504,0.94,N
2002,議員,區域,桃園縣,桃園縣第三選區,15,王唯任,1,無,1661,3.08,N
2002,議員,區域,桃園縣,桃園縣第三選區,16,王順祥,1,民主進步黨,2018,3.75,N
2002,議員,區域,桃園縣,桃園縣第三選區,17,黃光月,1,中國國民黨,3689,6.85,N
2002,議員,區域,桃園縣,桃園縣第三選區,18,劉彥宏,1,無,2103,3.90,N
2002,議員,區域,桃園縣,桃園縣第四選區,1,陳文福,1,中國國民黨,5034,15.21,N
2002,議員,區域,桃園縣,桃園縣第四選區,2,林丕章,1,民主進步黨,6430,19.43,Y
2002,議員,區域,桃園縣,桃園縣第四選區,3,李訓求,1,無,6191,18.70,Y
2002,議員,區域,桃園縣,桃園縣第四選區,4,王貴芬,2,親民黨,3735,11.28,N
2002,議員,區域,桃園縣,桃園縣第四選區,5,黃政得,1,中國國民黨,7470,22.57,Y
2002,議員,區域,桃園縣,桃園縣第四選區,6,張永奇,1,無,4241,12.81,N
2002,議員,區域,桃園縣,桃園縣第五選區,1,許林翠粉,2,民主進步黨,4908,15.83,N
2002,議員,區域,桃園縣,桃園縣第五選區,2,簡金墩,1,中國國民黨,3069,9.90,N
2002,議員,區域,桃園縣,桃園縣第五選區,3,徐聰富,1,無,3469,11.19,N
2002,議員,區域,桃園縣,桃園縣第五選區,4,呂水田,1,中國國民黨,7146,23.05,Y
2002,議員,區域,桃園縣,桃園縣第五選區,5,劉春生,1,中國國民黨,3362,10.84,N
2002,議員,區域,桃園縣,桃園縣第五選區,6,王淳長,1,無,9052,29.19,Y
2002,議員,區域,桃園縣,桃園縣第六選區,1,藍勝民,1,無,4340,13.75,Y
2002,議員,區域,桃園縣,桃園縣第六選區,2,王知行,1,親民黨,628,1.99,N
2002,議員,區域,桃園縣,桃園縣第六選區,3,姚信宗,1,民主進步黨,3422,10.84,N
2002,議員,區域,桃園縣,桃園縣第六選區,4,邱顯二,1,無,3591,11.38,N
2002,議員,區域,桃園縣,桃園縣第六選區,5,陳秀華,2,中國國民黨,3974,12.59,N
2002,議員,區域,桃園縣,桃園縣第六選區,6,黃崇真,1,無,1404,4.45,N
2002,議員,區域,桃園縣,桃園縣第六選區,7,張敬康,1,親民黨,1222,3.87,N
2002,議員,區域,桃園縣,桃園縣第六選區,8,黃德隆,1,無,4337,13.74,Y
2002,議員,區域,桃園縣,桃園縣第六選區,9,楊朝偉,1,中國國民黨,6988,22.14,Y
2002,議員,區域,桃園縣,桃園縣第六選區,10,江璧雄,1,無,1652,5.23,N
2002,議員,區域,桃園縣,桃園縣第七選區,1,洪奕巔,1,中國國民黨,6680,6.26,Y
2002,議員,區域,桃園縣,桃園縣第七選區,2,邱奕勝,1,中國國民黨,7114,6.67,Y
2002,議員,區域,桃園縣,桃園縣第七選區,3,吳餘東,1,中國國民黨,6868,6.44,Y
2002,議員,區域,桃園縣,桃園縣第七選區,4,吳益萬,1,親民黨,5502,5.16,N
2002,議員,區域,桃園縣,桃園縣第七選區,5,邱靜儀,2,臺灣慧行志工黨,805,0.75,N
2002,議員,區域,桃園縣,桃園縣第七選區,6,林傳國,1,中國國民黨,6928,6.50,Y
2002,議員,區域,桃園縣,桃園縣第七選區,7,羅文雄,1,無,1845,1.73,N
2002,議員,區域,桃園縣,桃園縣第七選區,8,黃金龍,1,無,1675,1.57,N
2002,議員,區域,桃園縣,桃園縣第七選區,9,連石磊,1,親民黨,574,0.54,N
2002,議員,區域,桃園縣,桃園縣第七選區,10,魯明哲,1,親民黨,6038,5.66,Y
2002,議員,區域,桃園縣,桃園縣第七選區,11,陳瑞謀,1,中國國民黨,2495,2.34,N
2002,議員,區域,桃園縣,桃園縣第七選區,12,姜禮樂,1,無,277,0.26,N
2002,議員,區域,桃園縣,桃園縣第七選區,13,彭桂明,1,無,2595,2.43,N
2002,議員,區域,桃園縣,桃園縣第七選區,14,黃金土,1,中國國民黨,4393,4.12,N
2002,議員,區域,桃園縣,桃園縣第七選區,15,李憲樑,1,無,713,0.67,N
2002,議員,區域,桃園縣,桃園縣第七選區,16,鍾敏,2,無,672,0.63,N
2002,議員,區域,桃園縣,桃園縣第七選區,17,李建和,1,無,1887,1.77,N
2002,議員,區域,桃園縣,桃園縣第七選區,18,蔡勝烘,1,無,3851,3.61,N
2002,議員,區域,桃園縣,桃園縣第七選區,19,邱金潭,1,無,56,0.05,N
2002,議員,區域,桃園縣,桃園縣第七選區,20,許應全,1,民主進步黨,3753,3.52,N
2002,議員,區域,桃園縣,桃園縣第七選區,21,黃仁杼,1,無,5532,5.19,Y
2002,議員,區域,桃園縣,桃園縣第七選區,22,呂誠誼,1,民主進步黨,5380,5.05,N
2002,議員,區域,桃園縣,桃園縣第七選區,23,陳世平,1,無,3215,3.01,N
2002,議員,區域,桃園縣,桃園縣第七選區,24,蔣中千,1,親民黨,4235,3.97,N
2002,議員,區域,桃園縣,桃園縣第七選區,25,沐平波,2,親民黨,3189,2.99,Y
2002,議員,區域,桃園縣,桃園縣第七選區,26,徐景文,1,民主進步黨,5556,5.21,Y
2002,議員,區域,桃園縣,桃園縣第七選區,27,張運炳,1,無,5832,5.47,Y
2002,議員,區域,桃園縣,桃園縣第七選區,28,劉得樞,1,無,5135,4.82,N
2002,議員,區域,桃園縣,桃園縣第七選區,29,邱正華,1,親民黨,1156,1.08,N
2002,議員,區域,桃園縣,桃園縣第七選區,30,呂明美,2,中國國民黨,2688,2.52,Y
2002,議員,區域,桃園縣,桃園縣第八選區,1,吳挺生,1,親民黨,1971,3.23,N
2002,議員,區域,桃園縣,桃園縣第八選區,2,李蘇秀珍,2,中國國民黨,1823,2.99,N
2002,議員,區域,桃園縣,桃園縣第八選區,3,陳萬得,1,中國國民黨,5690,9.32,Y
2002,議員,區域,桃園縣,桃園縣第八選區,4,吳金木,1,中國國民黨,3381,5.54,N
2002,議員,區域,桃園縣,桃園縣第八選區,5,林長松,1,無,2927,4.79,N
2002,議員,區域,桃園縣,桃園縣第八選區,6,梁家勇,1,無,1141,1.87,N
2002,議員,區域,桃園縣,桃園縣第八選區,7,李煥榮,1,無,1642,2.69,N
2002,議員,區域,桃園縣,桃園縣第八選區,8,鄧仁艾,1,無,4518,7.40,Y
2002,議員,區域,桃園縣,桃園縣第八選區,9,莊玉輝,1,無,3718,6.09,Y
2002,議員,區域,桃園縣,桃園縣第八選區,10,梁新武,1,民主進步黨,3551,5.81,N
2002,議員,區域,桃園縣,桃園縣第八選區,11,舒翠玲,2,親民黨,4909,8.04,Y
2002,議員,區域,桃園縣,桃園縣第八選區,12,劉邦鉉,1,無,4362,7.14,Y
2002,議員,區域,桃園縣,桃園縣第八選區,13,劉雪筠,2,臺灣慧行志工黨,724,1.19,N
2002,議員,區域,桃園縣,桃園縣第八選區,14,劉興秀,1,無,78,0.13,N
2002,議員,區域,桃園縣,桃園縣第八選區,15,黃坤圳,1,民主進步黨,2221,3.64,N
2002,議員,區域,桃園縣,桃園縣第八選區,16,沈文生,1,無,3229,5.29,N
2002,議員,區域,桃園縣,桃園縣第八選區,17,徐列舜,1,無,1770,2.90,N
2002,議員,區域,桃園縣,桃園縣第八選區,18,謝彰文,2,中國國民黨,6856,11.23,Y
2002,議員,區域,桃園縣,桃園縣第八選區,19,謝松佑,1,無,3186,5.22,N
2002,議員,區域,桃園縣,桃園縣第八選區,20,劉振榮,1,親民黨,2138,3.50,N
2002,議員,區域,桃園縣,桃園縣第八選區,21,吳建德,1,無,1232,2.02,N
2002,議員,區域,桃園縣,桃園縣第九選區,1,胡兆臺,1,民主進步黨,2897,6.86,N
2002,議員,區域,桃園縣,桃園縣第九選區,2,張火爐,1,中國國民黨,5474,12.96,Y
2002,議員,區域,桃園縣,桃園縣第九選區,3,張吉雄,1,中國國民黨,3045,7.21,N
2002,議員,區域,桃園縣,桃園縣第九選區,4,段李瑞淵,2,中國國民黨,3408,8.07,N
2002,議員,區域,桃園縣,桃園縣第九選區,5,劉錦菊,2,無,1631,3.86,N
2002,議員,區域,桃園縣,桃園縣第九選區,6,鍾承忠,1,無,329,0.78,N
2002,議員,區域,桃園縣,桃園縣第九選區,7,彭雙火,1,無,829,1.96,N
2002,議員,區域,桃園縣,桃園縣第九選區,8,李家興,1,無,6105,14.45,Y
2002,議員,區域,桃園縣,桃園縣第九選區,9,彭聖富,1,民主進步黨,7930,18.78,Y
2002,議員,區域,桃園縣,桃園縣第九選區,10,周玉琴,2,親民黨,3540,8.38,Y
2002,議員,區域,桃園縣,桃園縣第九選區,11,王惠武,1,無,1108,2.62,N
2002,議員,區域,桃園縣,桃園縣第九選區,12,劉秀英,2,無,2657,6.29,N
2002,議員,區域,桃園縣,桃園縣第九選區,13,陳鍾秀珠,2,無,3283,7.77,N
2002,議員,區域,桃園縣,桃園縣第十選區,1,張肇良,1,民主進步黨,5640,16.34,N
2002,議員,區域,桃園縣,桃園縣第十選區,2,游正琳,1,親民黨,5968,17.29,Y
2002,議員,區域,桃園縣,桃園縣第十選區,3,葉發海,1,中國國民黨,7419,21.49,Y
2002,議員,區域,桃園縣,桃園縣第十選區,4,陳春錢,1,無,3485,10.10,N
2002,議員,區域,桃園縣,桃園縣第十選區,5,魏雪卿,2,中國國民黨,6464,18.73,Y
2002,議員,區域,桃園縣,桃園縣第十選區,6,閻中傑,1,中國國民黨,5541,16.05,N
2002,議員,區域,桃園縣,桃園縣第十一選區,1,姜義青,1,中國國民黨,5286,21.76,Y
2002,議員,區域,桃園縣,桃園縣第十一選區,2,彭勝茂,1,民主進步黨,2775,11.42,N
2002,議員,區域,桃園縣,桃園縣第十一選區,3,黃金德,1,無,6817,28.07,Y
2002,議員,區域,桃園縣,桃園縣第十一選區,4,徐念永,1,無,4374,18.01,N
2002,議員,區域,桃園縣,桃園縣第十一選區,5,鄒永華,1,無,5038,20.74,N
2002,議員,區域,桃園縣,桃園縣第十二選區,1,吳宗憲,1,中國國民黨,5070,21.39,Y
2002,議員,區域,桃園縣,桃園縣第十二選區,2,黃謀境,1,無,1740,7.34,N
2002,議員,區域,桃園縣,桃園縣第十二選區,3,郭朝明,1,中國國民黨,4507,19.01,N
2002,議員,區域,桃園縣,桃園縣第十二選區,4,黃茂實,1,無,7778,32.81,Y
2002,議員,區域,桃園縣,桃園縣第十二選區,5,許崇文,1,民主進步黨,4612,19.45,N
2002,議員,區域,新竹縣,新竹縣第一選區,1,鄭美琴,2,無,2935,8.63,Y
2002,議員,區域,新竹縣,新竹縣第一選區,2,林為洲,1,民主進步黨,3691,10.85,Y
2002,議員,區域,新竹縣,新竹縣第一選區,3,林保光,1,中國國民黨,2100,6.17,N
2002,議員,區域,新竹縣,新竹縣第一選區,4,蔡燦宗,1,中國國民黨,2662,7.83,Y
2002,議員,區域,新竹縣,新竹縣第一選區,5,陳德福,1,中國國民黨,2206,6.49,N
2002,議員,區域,新竹縣,新竹縣第一選區,6,楊敬賜,1,無,4210,12.38,Y
2002,議員,區域,新竹縣,新竹縣第一選區,7,林至誠,1,民主進步黨,366,1.08,N
2002,議員,區域,新竹縣,新竹縣第一選區,8,王萬乘,1,無,1270,3.73,N
2002,議員,區域,新竹縣,新竹縣第一選區,9,吳金龍,1,無,1053,3.10,N
2002,議員,區域,新竹縣,新竹縣第一選區,10,黃齡慧,2,中國國民黨,3268,9.61,Y
2002,議員,區域,新竹縣,新竹縣第一選區,11,李鴻章,1,無,2184,6.42,N
2002,議員,區域,新竹縣,新竹縣第一選區,12,陳榮燦,1,無,2411,7.09,N
2002,議員,區域,新竹縣,新竹縣第一選區,13,劉金淲,1,無,222,0.65,N
2002,議員,區域,新竹縣,新竹縣第一選區,14,張木海,1,無,2501,7.35,Y
2002,議員,區域,新竹縣,新竹縣第一選區,15,黃永和,1,中國國民黨,2937,8.63,Y
2002,議員,區域,新竹縣,新竹縣第二選區,1,賈蕾蕾,2,無,273,0.94,N
2002,議員,區域,新竹縣,新竹縣第二選區,2,徐文彬,1,民主進步黨,2372,8.20,N
2002,議員,區域,新竹縣,新竹縣第二選區,3,黃秀輝,1,無,4427,15.30,Y
2002,議員,區域,新竹縣,新竹縣第二選區,4,吳菊花,2,無,3024,10.45,Y
2002,議員,區域,新竹縣,新竹縣第二選區,5,范振梅,1,中國國民黨,4165,14.39,Y
2002,議員,區域,新竹縣,新竹縣第二選區,6,陳壂全,1,中國國民黨,5583,19.29,Y
2002,議員,區域,新竹縣,新竹縣第二選區,7,張春鳳,2,無,3401,11.75,Y
2002,議員,區域,新竹縣,新竹縣第二選區,8,陳柳之,2,臺灣慧行志工黨,162,0.56,N
2002,議員,區域,新竹縣,新竹縣第二選區,9,張炫滿,1,中國國民黨,2795,9.66,N
2002,議員,區域,新竹縣,新竹縣第二選區,10,黃瑞星,1,民主進步黨,560,1.94,N
2002,議員,區域,新竹縣,新竹縣第二選區,11,羅世洞,1,親民黨,2176,7.52,N
2002,議員,區域,新竹縣,新竹縣第三選區,1,鄭杉明,1,中國國民黨,2684,13.88,N
2002,議員,區域,新竹縣,新竹縣第三選區,2,許槍榮,1,中國國民黨,3309,17.12,Y
2002,議員,區域,新竹縣,新竹縣第三選區,3,溫馮桂香,2,中國國民黨,1116,5.77,N
2002,議員,區域,新竹縣,新竹縣第三選區,4,徐茂淦,1,中國國民黨,3072,15.89,Y
2002,議員,區域,新竹縣,新竹縣第三選區,5,孫金清,1,民主進步黨,1353,7.00,N
2002,議員,區域,新竹縣,新竹縣第三選區,6,吳淑女,2,中國國民黨,983,5.09,N
2002,議員,區域,新竹縣,新竹縣第三選區,7,史金象,1,民主進步黨,4392,22.72,Y
2002,議員,區域,新竹縣,新竹縣第三選區,8,吳麗涯,2,民主進步黨,2121,10.97,Y
2002,議員,區域,新竹縣,新竹縣第三選區,9,謝美錦,2,臺灣慧行志工黨,301,1.56,N
2002,議員,區域,新竹縣,新竹縣第四選區,1,黃國憲,1,中國國民黨,5016,32.91,Y
2002,議員,區域,新竹縣,新竹縣第四選區,2,劉文禎,1,中國國民黨,3938,25.83,N
2002,議員,區域,新竹縣,新竹縣第四選區,3,吳發仁,1,無,6289,41.26,Y
2002,議員,區域,新竹縣,新竹縣第五選區,1,陳英爐,1,民主進步黨,1194,6.94,N
2002,議員,區域,新竹縣,新竹縣第五選區,2,陳英樓,1,中國國民黨,2865,16.65,N
2002,議員,區域,新竹縣,新竹縣第五選區,3,林保祿,1,無,3259,18.94,Y
2002,議員,區域,新竹縣,新竹縣第五選區,4,張幸源,1,中國國民黨,3987,23.17,Y
2002,議員,區域,新竹縣,新竹縣第五選區,5,賴江海,1,中國國民黨,3132,18.20,Y
2002,議員,區域,新竹縣,新竹縣第五選區,6,張書昭,1,民主進步黨,2774,16.12,N
2002,議員,區域,新竹縣,新竹縣第六選區,1,張志弘,1,中國國民黨,7680,100.00,Y
2002,議員,區域,新竹縣,新竹縣第七選區,1,林礽俊,1,無,2347,26.47,Y
2002,議員,區域,新竹縣,新竹縣第七選區,2,黃遠謀,1,無,614,6.93,N
2002,議員,區域,新竹縣,新竹縣第七選區,3,彭然貴,1,無,2496,28.15,Y
2002,議員,區域,新竹縣,新竹縣第七選區,4,劉展源,1,中國國民黨,2288,25.81,N
2002,議員,區域,新竹縣,新竹縣第七選區,5,余福順,1,無,456,5.14,N
2002,議員,區域,新竹縣,新竹縣第七選區,6,范揚桂,1,民主進步黨,665,7.50,N
2002,議員,區域,新竹縣,新竹縣第八選區,1,蘇仁鑑,1,無,2802,7.06,Y
2002,議員,區域,新竹縣,新竹縣第八選區,2,陳政宏,1,中國國民黨,1020,2.57,N
2002,議員,區域,新竹縣,新竹縣第八選區,3,郭遠彰,1,民主進步黨,2355,5.93,N
2002,議員,區域,新竹縣,新竹縣第八選區,4,林思銘,1,無,3039,7.66,Y
2002,議員,區域,新竹縣,新竹縣第八選區,5,蔡貴林,1,中國國民黨,450,1.13,N
2002,議員,區域,新竹縣,新竹縣第八選區,6,彭余美玲,2,中國國民黨,2311,5.82,N
2002,議員,區域,新竹縣,新竹縣第八選區,7,余添棟,1,中國國民黨,1666,4.20,N
2002,議員,區域,新竹縣,新竹縣第八選區,8,梁鴻樓,1,中國國民黨,1881,4.74,N
2002,議員,區域,新竹縣,新竹縣第八選區,9,萬榮河,1,民主進步黨,1845,4.65,N
2002,議員,區域,新竹縣,新竹縣第八選區,10,溫瑞鵬,1,中國國民黨,1199,3.02,N
2002,議員,區域,新竹縣,新竹縣第八選區,11,黃煥吉,1,台灣團結聯盟,1746,4.40,N
2002,議員,區域,新竹縣,新竹縣第八選區,12,吳勝松,1,中國國民黨,2829,7.13,Y
2002,議員,區域,新竹縣,新竹縣第八選區,13,羅吉祥,1,中國國民黨,2412,6.08,Y
2002,議員,區域,新竹縣,新竹縣第八選區,14,馬景武,1,親民黨,668,1.68,N
2002,議員,區域,新竹縣,新竹縣第八選區,15,邱坤桶,1,中國國民黨,2931,7.39,Y
2002,議員,區域,新竹縣,新竹縣第八選區,16,陳文宏,1,民主進步黨,1990,5.01,N
2002,議員,區域,新竹縣,新竹縣第八選區,17,范玉燕,2,無,3188,8.03,Y
2002,議員,區域,新竹縣,新竹縣第八選區,18,梁丞文,1,無,179,0.45,N
2002,議員,區域,新竹縣,新竹縣第八選區,19,黃文英,1,無,1611,4.06,N
2002,議員,區域,新竹縣,新竹縣第八選區,20,林金菊,2,無,1045,2.63,N
2002,議員,區域,新竹縣,新竹縣第八選區,21,彭俊宏,1,無,2514,6.34,Y
2002,議員,區域,新竹縣,新竹縣第九選區,1,劉國貞,1,民主進步黨,2261,27.62,N
2002,議員,區域,新竹縣,新竹縣第九選區,2,黃洸洲,1,中國國民黨,3202,39.12,Y
2002,議員,區域,新竹縣,新竹縣第九選區,3,陳正順,1,中國國民黨,2723,33.26,N
2002,議員,區域,苗栗縣,苗栗縣第一選區,1,張森鴻,1,無,2940,5.08,N
2002,議員,區域,苗栗縣,苗栗縣第一選區,2,賴源順,1,無,3575,6.17,Y
2002,議員,區域,苗栗縣,苗栗縣第一選區,3,涂春榮,1,中國國民黨,3151,5.44,Y
2002,議員,區域,苗栗縣,苗栗縣第一選區,4,徐鑫榮,1,無,2813,4.86,N
2002,議員,區域,苗栗縣,苗栗縣第一選區,5,王士毅,1,無,3016,5.21,N
2002,議員,區域,苗栗縣,苗栗縣第一選區,6,張喜慶,1,台灣團結聯盟,927,1.60,N
2002,議員,區域,苗栗縣,苗栗縣第一選區,7,簡茂發,1,無,627,1.08,N
2002,議員,區域,苗栗縣,苗栗縣第一選區,8,禹耀東,1,無,4191,7.24,Y
2002,議員,區域,苗栗縣,苗栗縣第一選區,9,湯奇岳,1,無,2256,3.89,N
2002,議員,區域,苗栗縣,苗栗縣第一選區,10,傅學煥,1,無,4632,8.00,Y
2002,議員,區域,苗栗縣,苗栗縣第一選區,11,徐木欽,1,無,373,0.64,N
2002,議員,區域,苗栗縣,苗栗縣第一選區,12,洪榮章,1,民主進步黨,2038,3.52,N
2002,議員,區域,苗栗縣,苗栗縣第一選區,13,呂明亮,1,無,5409,9.34,Y
2002,議員,區域,苗栗縣,苗栗縣第一選區,14,鄒玉梅,2,親民黨,3560,6.15,Y
2002,議員,區域,苗栗縣,苗栗縣第一選區,15,張見逢,1,中國國民黨,2447,4.22,N
2002,議員,區域,苗栗縣,苗栗縣第一選區,16,彭維彬,1,無,3919,6.77,Y
2002,議員,區域,苗栗縣,苗栗縣第一選區,17,謝朝熹,1,中國國民黨,883,1.52,N
2002,議員,區域,苗栗縣,苗栗縣第一選區,18,胡忠勇,1,無,3533,6.10,Y
2002,議員,區域,苗栗縣,苗栗縣第一選區,19,張鈺欣,2,臺灣慧行志工黨,207,0.36,N
2002,議員,區域,苗栗縣,苗栗縣第一選區,20,彭木春,1,無,1728,2.98,N
2002,議員,區域,苗栗縣,苗栗縣第一選區,21,朱騰龍,1,無,1577,2.72,N
2002,議員,區域,苗栗縣,苗栗縣第一選區,22,湯劉秀美,2,無,3228,5.57,Y
2002,議員,區域,苗栗縣,苗栗縣第一選區,23,楊貴妃,2,無,172,0.30,N
2002,議員,區域,苗栗縣,苗栗縣第一選區,24,葉香蘭,2,中國國民黨,724,1.25,N
2002,議員,區域,苗栗縣,苗栗縣第二選區,1,湯文雄,1,無,4976,21.13,Y
2002,議員,區域,苗栗縣,苗栗縣第二選區,2,謝源瀏,1,無,1138,4.83,N
2002,議員,區域,苗栗縣,苗栗縣第二選區,3,謝文俊,1,中國國民黨,5177,21.98,Y
2002,議員,區域,苗栗縣,苗栗縣第二選區,4,薛永衡,1,無,4186,17.77,Y
2002,議員,區域,苗栗縣,苗栗縣第二選區,5,林禎祥,1,無,2141,9.09,N
2002,議員,區域,苗栗縣,苗栗縣第二選區,6,黎俊岳,1,中國國民黨,3954,16.79,N
2002,議員,區域,苗栗縣,苗栗縣第二選區,7,劉政峰,1,親民黨,1979,8.40,N
2002,議員,區域,苗栗縣,苗栗縣第三選區,1,徐永煌,1,無,5685,13.05,Y
2002,議員,區域,苗栗縣,苗栗縣第三選區,2,趙秀琴,2,無,2583,5.93,N
2002,議員,區域,苗栗縣,苗栗縣第三選區,3,謝復德,1,民主進步黨,2945,6.76,N
2002,議員,區域,苗栗縣,苗栗縣第三選區,4,周玉滿,2,無,2915,6.69,Y
2002,議員,區域,苗栗縣,苗栗縣第三選區,5,鄭百松,1,中國國民黨,3073,7.05,N
2002,議員,區域,苗栗縣,苗栗縣第三選區,6,賴逢章,1,無,2890,6.63,N
2002,議員,區域,苗栗縣,苗栗縣第三選區,7,呂木鈿,1,無,3048,7.00,N
2002,議員,區域,苗栗縣,苗栗縣第三選區,8,張太陽,1,無,4962,11.39,Y
2002,議員,區域,苗栗縣,苗栗縣第三選區,9,李聰祥,1,民主進步黨,2575,5.91,N
2002,議員,區域,苗栗縣,苗栗縣第三選區,10,洪木貴,1,無,3446,7.91,Y
2002,議員,區域,苗栗縣,苗栗縣第三選區,11,鄭文炳,1,無,3898,8.95,Y
2002,議員,區域,苗栗縣,苗栗縣第三選區,12,邱紹俊,1,無,5542,12.72,Y
2002,議員,區域,苗栗縣,苗栗縣第四選區,1,廖紹欽,1,無,3425,6.11,N
2002,議員,區域,苗栗縣,苗栗縣第四選區,2,楊章民,1,無,936,1.67,N
2002,議員,區域,苗栗縣,苗栗縣第四選區,3,鄭輝煌,1,中國國民黨,4720,8.41,Y
2002,議員,區域,苗栗縣,苗栗縣第四選區,4,陳志平,1,民主進步黨,4057,7.23,N
2002,議員,區域,苗栗縣,苗栗縣第四選區,5,廖英利,2,中國國民黨,3180,5.67,Y
2002,議員,區域,苗栗縣,苗栗縣第四選區,6,蔡銘雄,1,無,5891,10.50,Y
2002,議員,區域,苗栗縣,苗栗縣第四選區,7,葉武生,1,無,855,1.52,N
2002,議員,區域,苗栗縣,苗栗縣第四選區,8,陳銘安,1,中國國民黨,4794,8.55,Y
2002,議員,區域,苗栗縣,苗栗縣第四選區,9,葉進南,1,無,5092,9.08,Y
2002,議員,區域,苗栗縣,苗栗縣第四選區,10,陳明朝,1,無,5091,9.08,Y
2002,議員,區域,苗栗縣,苗栗縣第四選區,11,洪貴生,1,無,1579,2.81,N
2002,議員,區域,苗栗縣,苗栗縣第四選區,12,王勝和,1,無,1002,1.79,N
2002,議員,區域,苗栗縣,苗栗縣第四選區,13,鄭家定,1,中國國民黨,4548,8.11,Y
2002,議員,區域,苗栗縣,苗栗縣第四選區,14,林寶珠,2,無,3959,7.06,Y
2002,議員,區域,苗栗縣,苗栗縣第四選區,15,鄭秋風,1,無,3860,6.88,N
2002,議員,區域,苗栗縣,苗栗縣第四選區,16,黃秀珍,2,中國國民黨,3104,5.53,N
2002,議員,區域,苗栗縣,苗栗縣第五選區,1,陳月娥,2,無,2979,6.61,Y
2002,議員,區域,苗栗縣,苗栗縣第五選區,2,徐穩富,1,親民黨,2419,5.37,N
2002,議員,區域,苗栗縣,苗栗縣第五選區,3,何文松,1,民主進步黨,1944,4.31,N
2002,議員,區域,苗栗縣,苗栗縣第五選區,4,張秋菊,2,無,2246,4.99,N
2002,議員,區域,苗栗縣,苗栗縣第五選區,5,游忠鈿,1,中國國民黨,3928,8.72,Y
2002,議員,區域,苗栗縣,苗栗縣第五選區,6,胡玉珍,2,無,937,2.08,N
2002,議員,區域,苗栗縣,苗栗縣第五選區,7,李宏榮,1,中國國民黨,1691,3.75,N
2002,議員,區域,苗栗縣,苗栗縣第五選區,8,張茂玄,1,無,2842,6.31,Y
2002,議員,區域,苗栗縣,苗栗縣第五選區,9,陳添松,1,無,2366,5.25,N
2002,議員,區域,苗栗縣,苗栗縣第五選區,10,饒鴻奇,1,中國國民黨,4063,9.02,Y
2002,議員,區域,苗栗縣,苗栗縣第五選區,11,葉弘俊,1,無,1695,3.76,N
2002,議員,區域,苗栗縣,苗栗縣第五選區,12,湯文治,1,無,927,2.06,N
2002,議員,區域,苗栗縣,苗栗縣第五選區,13,魏漢燕,1,中國國民黨,2761,6.13,N
2002,議員,區域,苗栗縣,苗栗縣第五選區,14,李阿己,1,無,1292,2.87,N
2002,議員,區域,苗栗縣,苗栗縣第五選區,15,蘇文禎,1,無,3670,8.15,Y
2002,議員,區域,苗栗縣,苗栗縣第五選區,16,廖天國,1,無,1017,2.26,N
2002,議員,區域,苗栗縣,苗栗縣第五選區,17,溫德雄,1,無,2881,6.39,Y
2002,議員,區域,苗栗縣,苗栗縣第五選區,18,談曉泉,1,無,498,1.11,N
2002,議員,區域,苗栗縣,苗栗縣第五選區,19,陳淑貞,2,中國國民黨,587,1.30,N
2002,議員,區域,苗栗縣,苗栗縣第五選區,20,溫志強,1,中國國民黨,3683,8.17,Y
2002,議員,區域,苗栗縣,苗栗縣第五選區,21,張伸添,1,無,629,1.40,N
2002,議員,區域,苗栗縣,苗栗縣第六選區,1,詹明光,1,無,5713,25.80,Y
2002,議員,區域,苗栗縣,苗栗縣第六選區,2,徐欽鴻,1,無,3744,16.91,Y
2002,議員,區域,苗栗縣,苗栗縣第六選區,3,詹潤傑,1,無,952,4.30,N
2002,議員,區域,苗栗縣,苗栗縣第六選區,4,黃惠琴,2,中國國民黨,1905,8.60,N
2002,議員,區域,苗栗縣,苗栗縣第六選區,5,張仁忠,1,中國國民黨,2473,11.17,N
2002,議員,區域,苗栗縣,苗栗縣第六選區,6,陳智龍,1,民主進步黨,2271,10.26,N
2002,議員,區域,苗栗縣,苗栗縣第六選區,7,劉雪梅,2,中國國民黨,1571,7.09,N
2002,議員,區域,苗栗縣,苗栗縣第六選區,8,黃碧忠,1,中國國民黨,2621,11.84,Y
2002,議員,區域,苗栗縣,苗栗縣第六選區,9,徐鐵龍,1,無,893,4.03,N
2002,議員,區域,臺中縣,臺中縣第一選區,1,陳清龍,1,親民黨,4780,5.69,Y
2002,議員,區域,臺中縣,臺中縣第一選區,2,車淑娟,2,中國國民黨,3316,3.95,N
2002,議員,區域,臺中縣,臺中縣第一選區,3,吳富亭,1,民主進步黨,6246,7.44,Y
2002,議員,區域,臺中縣,臺中縣第一選區,4,高基讚,1,台灣團結聯盟,6112,7.28,Y
2002,議員,區域,臺中縣,臺中縣第一選區,5,鄒治恒,1,無,392,0.47,N
2002,議員,區域,臺中縣,臺中縣第一選區,6,王建平,1,無,469,0.56,N
2002,議員,區域,臺中縣,臺中縣第一選區,7,林忠伸,1,民主進步黨,4079,4.86,N
2002,議員,區域,臺中縣,臺中縣第一選區,8,劉松梧,1,無,4753,5.66,N
2002,議員,區域,臺中縣,臺中縣第一選區,9,尤介成,1,無,3926,4.67,N
2002,議員,區域,臺中縣,臺中縣第一選區,10,張靜分,2,中國國民黨,8652,10.30,Y
2002,議員,區域,臺中縣,臺中縣第一選區,11,朱麗珠,2,無,4892,5.82,Y
2002,議員,區域,臺中縣,臺中縣第一選區,12,蔡錦雄,1,中國國民黨,6413,7.63,Y
2002,議員,區域,臺中縣,臺中縣第一選區,13,方昇茂,1,民主進步黨,5103,6.08,Y
2002,議員,區域,臺中縣,臺中縣第一選區,14,蔣慶寅,1,民主進步黨,3615,4.30,N
2002,議員,區域,臺中縣,臺中縣第一選區,15,王建靜,1,中國國民黨,4540,5.41,N
2002,議員,區域,臺中縣,臺中縣第一選區,16,林文龍,1,無,309,0.37,N
2002,議員,區域,臺中縣,臺中縣第一選區,17,林淑真,2,無,1654,1.97,N
2002,議員,區域,臺中縣,臺中縣第一選區,18,謝炳光,1,無,3681,4.38,N
2002,議員,區域,臺中縣,臺中縣第一選區,19,連佳興,1,無,3178,3.78,N
2002,議員,區域,臺中縣,臺中縣第一選區,20,顏振寧,2,無,2312,2.75,N
2002,議員,區域,臺中縣,臺中縣第一選區,21,陳本添,1,中國國民黨,5574,6.64,Y
2002,議員,區域,臺中縣,臺中縣第二選區,1,孫玉鳳,2,無,1326,1.55,N
2002,議員,區域,臺中縣,臺中縣第二選區,2,羅永珍,2,中國國民黨,5833,6.83,Y
2002,議員,區域,臺中縣,臺中縣第二選區,3,王加佳,2,親民黨,6358,7.45,Y
2002,議員,區域,臺中縣,臺中縣第二選區,4,林嫦茹,2,親民黨,4409,5.16,N
2002,議員,區域,臺中縣,臺中縣第二選區,5,廖明保,1,無,737,0.86,N
2002,議員,區域,臺中縣,臺中縣第二選區,6,何秋炎,1,中國國民黨,3846,4.50,N
2002,議員,區域,臺中縣,臺中縣第二選區,7,張維信,1,台灣團結聯盟,841,0.98,N
2002,議員,區域,臺中縣,臺中縣第二選區,8,張立傑,1,無,7700,9.02,Y
2002,議員,區域,臺中縣,臺中縣第二選區,9,林森田,1,中國國民黨,5160,6.04,N
2002,議員,區域,臺中縣,臺中縣第二選區,10,游家章,1,中國國民黨,5733,6.71,Y
2002,議員,區域,臺中縣,臺中縣第二選區,11,張獻能,1,中國國民黨,4879,5.71,N
2002,議員,區域,臺中縣,臺中縣第二選區,12,張愛卻,2,無,4238,4.96,N
2002,議員,區域,臺中縣,臺中縣第二選區,13,林大傑,1,無,2673,3.13,N
2002,議員,區域,臺中縣,臺中縣第二選區,14,林竹旺,1,民主進步黨,6348,7.43,Y
2002,議員,區域,臺中縣,臺中縣第二選區,15,廖述鎮,1,民主進步黨,7758,9.09,Y
2002,議員,區域,臺中縣,臺中縣第二選區,16,王永通,1,中國國民黨,7220,8.46,Y
2002,議員,區域,臺中縣,臺中縣第二選區,17,許水彬,1,民主進步黨,5566,6.52,Y
2002,議員,區域,臺中縣,臺中縣第二選區,18,吳顯森,1,親民黨,4764,5.58,N
2002,議員,區域,臺中縣,臺中縣第三選區,1,吳義雄,1,民主進步黨,4595,9.19,N
2002,議員,區域,臺中縣,臺中縣第三選區,2,劉南熾,1,民主進步黨,3044,6.09,N
2002,議員,區域,臺中縣,臺中縣第三選區,3,陳啟瑩,1,無,4805,9.61,N
2002,議員,區域,臺中縣,臺中縣第三選區,4,陳萬通,1,中國國民黨,6430,12.86,Y
2002,議員,區域,臺中縣,臺中縣第三選區,5,謝震穎,1,中國國民黨,7078,14.15,Y
2002,議員,區域,臺中縣,臺中縣第三選區,6,簡素靜,2,無,5699,11.40,N
2002,議員,區域,臺中縣,臺中縣第三選區,7,蘇慶雲,1,中國國民黨,7264,14.53,Y
2002,議員,區域,臺中縣,臺中縣第三選區,8,林明鍾,1,親民黨,3905,7.81,N
2002,議員,區域,臺中縣,臺中縣第三選區,9,李月梅,2,無,7186,14.37,Y
2002,議員,區域,臺中縣,臺中縣第四選區,1,林秀絨,2,無,2426,4.25,N
2002,議員,區域,臺中縣,臺中縣第四選區,2,陳獻宗,1,民主進步黨,1038,1.82,N
2002,議員,區域,臺中縣,臺中縣第四選區,3,姚應龍,1,無,4777,8.37,N
2002,議員,區域,臺中縣,臺中縣第四選區,4,易錦隆,1,民主進步黨,4620,8.10,N
2002,議員,區域,臺中縣,臺中縣第四選區,5,卓義芳,1,民主進步黨,4374,7.67,N
2002,議員,區域,臺中縣,臺中縣第四選區,6,林素真,2,中國國民黨,3978,6.97,Y
2002,議員,區域,臺中縣,臺中縣第四選區,7,楊永昌,1,中國國民黨,10842,19.00,Y
2002,議員,區域,臺中縣,臺中縣第四選區,8,李榮鴻,1,中國國民黨,9162,16.06,Y
2002,議員,區域,臺中縣,臺中縣第四選區,9,紀昭印,1,無,5562,9.75,Y
2002,議員,區域,臺中縣,臺中縣第四選區,10,顏榮燦,1,無,5299,9.29,Y
2002,議員,區域,臺中縣,臺中縣第四選區,11,吳敏濟,1,無,4982,8.73,N
2002,議員,區域,臺中縣,臺中縣第五選區,1,顏水滄,1,無,6280,6.64,Y
2002,議員,區域,臺中縣,臺中縣第五選區,2,陳宏志,1,無,2547,2.69,N
2002,議員,區域,臺中縣,臺中縣第五選區,3,陳詩哲,1,無,9033,9.56,Y
2002,議員,區域,臺中縣,臺中縣第五選區,4,王洲明,1,無,1420,1.50,N
2002,議員,區域,臺中縣,臺中縣第五選區,5,楊界華,1,無,4635,4.90,N
2002,議員,區域,臺中縣,臺中縣第五選區,6,王年杉,1,無,6073,6.42,Y
2002,議員,區域,臺中縣,臺中縣第五選區,7,蔡順源,1,無,4900,5.18,N
2002,議員,區域,臺中縣,臺中縣第五選區,8,蘇嘉藤,1,民主進步黨,5330,5.64,Y
2002,議員,區域,臺中縣,臺中縣第五選區,9,張清堂,1,中國國民黨,12100,12.80,Y
2002,議員,區域,臺中縣,臺中縣第五選區,10,陳年添,1,無,4446,4.70,N
2002,議員,區域,臺中縣,臺中縣第五選區,11,劉福榮,1,無,2523,2.67,N
2002,議員,區域,臺中縣,臺中縣第五選區,12,楊秋雲,2,中國國民黨,6309,6.67,Y
2002,議員,區域,臺中縣,臺中縣第五選區,13,蒲勝隆,1,親民黨,3167,3.35,N
2002,議員,區域,臺中縣,臺中縣第五選區,14,尤碧鈴,2,中國國民黨,6294,6.66,Y
2002,議員,區域,臺中縣,臺中縣第五選區,15,何季杏,2,民主進步黨,1963,2.08,N
2002,議員,區域,臺中縣,臺中縣第五選區,16,許雲霞,2,無,2953,3.12,N
2002,議員,區域,臺中縣,臺中縣第五選區,17,蔡奕珍,1,中國國民黨,4479,4.74,N
2002,議員,區域,臺中縣,臺中縣第五選區,18,楊典忠,1,民主進步黨,3240,3.43,N
2002,議員,區域,臺中縣,臺中縣第五選區,19,楊秋興,1,無,1498,1.58,N
2002,議員,區域,臺中縣,臺中縣第五選區,20,王憲堂,1,台灣團結聯盟,5338,5.65,Y
2002,議員,區域,臺中縣,臺中縣第六選區,1,黃錫嘉,1,無,7056,9.77,Y
2002,議員,區域,臺中縣,臺中縣第六選區,2,盧獎陸,1,中國國民黨,4527,6.27,N
2002,議員,區域,臺中縣,臺中縣第六選區,3,何秀英,2,無,7404,10.26,Y
2002,議員,區域,臺中縣,臺中縣第六選區,4,林富傢,1,無,973,1.35,N
2002,議員,區域,臺中縣,臺中縣第六選區,5,林啟森,1,無,8510,11.79,Y
2002,議員,區域,臺中縣,臺中縣第六選區,6,林弘源,1,中國國民黨,4972,6.89,N
2002,議員,區域,臺中縣,臺中縣第六選區,7,劉淑蘭,2,民主進步黨,6318,8.75,Y
2002,議員,區域,臺中縣,臺中縣第六選區,8,陳芳隆,1,中國國民黨,7566,10.48,Y
2002,議員,區域,臺中縣,臺中縣第六選區,9,林富銅,1,無,2479,3.43,N
2002,議員,區域,臺中縣,臺中縣第六選區,10,林富家,1,無,3922,5.43,N
2002,議員,區域,臺中縣,臺中縣第六選區,11,何明富,1,民主進步黨,3372,4.67,N
2002,議員,區域,臺中縣,臺中縣第六選區,12,林榮輝,1,民主進步黨,1174,1.63,N
2002,議員,區域,臺中縣,臺中縣第六選區,13,郭達鴻,1,親民黨,3086,4.27,N
2002,議員,區域,臺中縣,臺中縣第六選區,14,劉進旺,1,無,5620,7.79,Y
2002,議員,區域,臺中縣,臺中縣第六選區,15,楊忠諺,1,無,5210,7.22,Y
2002,議員,區域,臺中縣,臺中縣第七選區,1,蘇麗珍,2,台灣團結聯盟,1924,2.25,N
2002,議員,區域,臺中縣,臺中縣第七選區,2,陳俊谷,1,無,1496,1.75,N
2002,議員,區域,臺中縣,臺中縣第七選區,3,蔡黃金雀,2,中國國民黨,5348,6.27,Y
2002,議員,區域,臺中縣,臺中縣第七選區,4,許清爵,1,中國國民黨,1144,1.34,N
2002,議員,區域,臺中縣,臺中縣第七選區,5,林碧秀,2,中國國民黨,4690,5.50,Y
2002,議員,區域,臺中縣,臺中縣第七選區,6,戴萬福,1,無,4344,5.09,Y
2002,議員,區域,臺中縣,臺中縣第七選區,7,曾坤參,1,無,3495,4.10,N
2002,議員,區域,臺中縣,臺中縣第七選區,8,李榮裕,1,親民黨,1879,2.20,N
2002,議員,區域,臺中縣,臺中縣第七選區,9,段緯宇,1,親民黨,4626,5.42,Y
2002,議員,區域,臺中縣,臺中縣第七選區,10,劉錦和,1,民主進步黨,5735,6.72,Y
2002,議員,區域,臺中縣,臺中縣第七選區,11,蘇孟乾,1,無,2827,3.31,N
2002,議員,區域,臺中縣,臺中縣第七選區,12,何欣純,2,民主進步黨,4821,5.65,Y
2002,議員,區域,臺中縣,臺中縣第七選區,13,李天生,1,民主進步黨,2479,2.91,N
2002,議員,區域,臺中縣,臺中縣第七選區,14,蘇鴻伯,1,民主進步黨,3199,3.75,N
2002,議員,區域,臺中縣,臺中縣第七選區,15,游繼岳,1,無,6170,7.23,Y
2002,議員,區域,臺中縣,臺中縣第七選區,16,魏敏昭,1,中國國民黨,3485,4.08,N
2002,議員,區域,臺中縣,臺中縣第七選區,17,游文吉,1,無,2331,2.73,N
2002,議員,區域,臺中縣,臺中縣第七選區,18,張滄沂,1,無,7097,8.32,Y
2002,議員,區域,臺中縣,臺中縣第七選區,19,王素姬,2,無,2219,2.60,N
2002,議員,區域,臺中縣,臺中縣第七選區,20,林親民,1,無,2505,2.94,N
2002,議員,區域,臺中縣,臺中縣第七選區,21,劉坤鱧,1,民主進步黨,1461,1.71,N
2002,議員,區域,臺中縣,臺中縣第七選區,22,張維寬,1,民主進步黨,1895,2.22,N
2002,議員,區域,臺中縣,臺中縣第七選區,23,何火壽,1,無,2873,3.37,N
2002,議員,區域,臺中縣,臺中縣第七選區,24,江勝雄,1,中國國民黨,7286,8.54,Y
2002,議員,區域,臺中縣,臺中縣第八選區,1,詹敏豐,1,中國國民黨,6983,12.77,Y
2002,議員,區域,臺中縣,臺中縣第八選區,2,黃正德,1,親民黨,3769,6.89,N
2002,議員,區域,臺中縣,臺中縣第八選區,3,賴瑞珠,2,中國國民黨,5698,10.42,Y
2002,議員,區域,臺中縣,臺中縣第八選區,4,張文懷,1,民主進步黨,3429,6.27,N
2002,議員,區域,臺中縣,臺中縣第八選區,5,李昆霖,1,中國國民黨,3652,6.68,N
2002,議員,區域,臺中縣,臺中縣第八選區,6,呂春燕,2,民主進步黨,1291,2.36,N
2002,議員,區域,臺中縣,臺中縣第八選區,7,何明杰,1,民主進步黨,6169,11.28,Y
2002,議員,區域,臺中縣,臺中縣第八選區,8,程凱力,1,新黨,2686,4.91,N
2002,議員,區域,臺中縣,臺中縣第八選區,9,黃存忠,1,民主進步黨,5565,10.18,Y
2002,議員,區域,臺中縣,臺中縣第八選區,10,余文欽,1,無,5926,10.84,Y
2002,議員,區域,臺中縣,臺中縣第八選區,11,謝扶憲,1,民主進步黨,1681,3.07,N
2002,議員,區域,臺中縣,臺中縣第八選區,12,林茂裕,1,無,6285,11.49,Y
2002,議員,區域,臺中縣,臺中縣第八選區,13,黃裕洋,1,台灣團結聯盟,1555,2.84,N
2002,議員,區域,彰化縣,彰化縣第一選區,1,吳綺美,2,中國國民黨,3393,2.71,N
2002,議員,區域,彰化縣,彰化縣第一選區,2,張錫欽,1,民主進步黨,3646,2.91,N
2002,議員,區域,彰化縣,彰化縣第一選區,3,王敏光,1,無,11108,8.88,Y
2002,議員,區域,彰化縣,彰化縣第一選區,4,伍黃文貞,2,中國國民黨,2062,1.65,N
2002,議員,區域,彰化縣,彰化縣第一選區,5,賴岸璋,1,民主進步黨,6135,4.90,Y
2002,議員,區域,彰化縣,彰化縣第一選區,6,林燕美,2,中國國民黨,1569,1.25,N
2002,議員,區域,彰化縣,彰化縣第一選區,7,許上華,1,台灣團結聯盟,2773,2.22,N
2002,議員,區域,彰化縣,彰化縣第一選區,8,蔣敏全,1,無,1387,1.11,N
2002,議員,區域,彰化縣,彰化縣第一選區,9,盧盈宏,1,無,9742,7.79,Y
2002,議員,區域,彰化縣,彰化縣第一選區,10,楊慶富,1,無,390,0.31,N
2002,議員,區域,彰化縣,彰化縣第一選區,11,唐鎮林,1,中國國民黨,6251,5.00,Y
2002,議員,區域,彰化縣,彰化縣第一選區,12,白鴻森,1,中國國民黨,13429,10.74,Y
2002,議員,區域,彰化縣,彰化縣第一選區,13,林大傑,1,無,4144,3.31,N
2002,議員,區域,彰化縣,彰化縣第一選區,14,許原龍,1,無,5948,4.75,Y
2002,議員,區域,彰化縣,彰化縣第一選區,15,施華芬,2,無,6748,5.39,Y
2002,議員,區域,彰化縣,彰化縣第一選區,16,李武雄,1,無,2136,1.71,N
2002,議員,區域,彰化縣,彰化縣第一選區,17,曾世勇,1,中國國民黨,6924,5.54,Y
2002,議員,區域,彰化縣,彰化縣第一選區,18,施淑珍,2,民主進步黨,3421,2.73,Y
2002,議員,區域,彰化縣,彰化縣第一選區,19,吳中玉,1,無,1852,1.48,N
2002,議員,區域,彰化縣,彰化縣第一選區,20,顧黃水花,2,中國國民黨,10589,8.47,Y
2002,議員,區域,彰化縣,彰化縣第一選區,21,翁金蓮,2,無,859,0.69,N
2002,議員,區域,彰化縣,彰化縣第一選區,22,林滄敏,1,無,13044,10.43,Y
2002,議員,區域,彰化縣,彰化縣第一選區,23,邱建富,1,民主進步黨,4960,3.97,Y
2002,議員,區域,彰化縣,彰化縣第一選區,24,黃明勝,1,無,2581,2.06,N
2002,議員,區域,彰化縣,彰化縣第二選區,1,林聖哲,1,無,8360,11.17,Y
2002,議員,區域,彰化縣,彰化縣第二選區,2,郭炎彬,1,中國國民黨,2164,2.89,N
2002,議員,區域,彰化縣,彰化縣第二選區,3,粘禮淞,1,無,9156,12.24,Y
2002,議員,區域,彰化縣,彰化縣第二選區,4,林明海,1,中國國民黨,4514,6.03,N
2002,議員,區域,彰化縣,彰化縣第二選區,5,粘明隆,1,中國國民黨,7868,10.52,Y
2002,議員,區域,彰化縣,彰化縣第二選區,6,葉寧鋒,1,中國國民黨,9204,12.30,Y
2002,議員,區域,彰化縣,彰化縣第二選區,7,涂淑媚,2,無,6499,8.69,Y
2002,議員,區域,彰化縣,彰化縣第二選區,8,王惠美,2,中國國民黨,12164,16.26,Y
2002,議員,區域,彰化縣,彰化縣第二選區,9,梁禎祥,1,民主進步黨,8856,11.84,Y
2002,議員,區域,彰化縣,彰化縣第二選區,10,李棟樑,1,無,4635,6.19,N
2002,議員,區域,彰化縣,彰化縣第二選區,11,楊日行,1,無,1402,1.87,N
2002,議員,區域,彰化縣,彰化縣第三選區,1,李文雄,1,無,1806,2.93,N
2002,議員,區域,彰化縣,彰化縣第三選區,2,柯金德,1,民主進步黨,5867,9.51,Y
2002,議員,區域,彰化縣,彰化縣第三選區,3,賴清美,2,民主進步黨,4886,7.92,N
2002,議員,區域,彰化縣,彰化縣第三選區,4,陳錦玉,2,中國國民黨,6294,10.20,Y
2002,議員,區域,彰化縣,彰化縣第三選區,5,王榆凱,1,無,10240,16.59,Y
2002,議員,區域,彰化縣,彰化縣第三選區,6,尤瑞春,2,民主進步黨,3193,5.17,N
2002,議員,區域,彰化縣,彰化縣第三選區,7,張宗興,1,中國國民黨,7149,11.58,Y
2002,議員,區域,彰化縣,彰化縣第三選區,8,林進忠,1,民主進步黨,3550,5.75,N
2002,議員,區域,彰化縣,彰化縣第三選區,9,鄭原政,1,無,1529,2.48,N
2002,議員,區域,彰化縣,彰化縣第三選區,10,黃寶川,1,中國國民黨,8425,13.65,Y
2002,議員,區域,彰化縣,彰化縣第三選區,11,曾煥彰,1,中國國民黨,7068,11.45,Y
2002,議員,區域,彰化縣,彰化縣第三選區,12,葉論珍,1,無,1704,2.76,N
2002,議員,區域,彰化縣,彰化縣第四選區,1,曹明正,1,無,8816,10.65,Y
2002,議員,區域,彰化縣,彰化縣第四選區,2,陳素月,2,民主進步黨,5405,6.53,N
2002,議員,區域,彰化縣,彰化縣第四選區,3,張錦昆,1,無,8268,9.99,Y
2002,議員,區域,彰化縣,彰化縣第四選區,4,黃慶賢,1,民主進步黨,3228,3.90,N
2002,議員,區域,彰化縣,彰化縣第四選區,5,賴錫卿,1,民主進步黨,4038,4.88,N
2002,議員,區域,彰化縣,彰化縣第四選區,6,游振雄,1,無,7389,8.93,Y
2002,議員,區域,彰化縣,彰化縣第四選區,7,李詩焱,1,中國國民黨,6517,7.88,Y
2002,議員,區域,彰化縣,彰化縣第四選區,8,陳世得,1,無,215,0.26,N
2002,議員,區域,彰化縣,彰化縣第四選區,9,劉益謙,1,民主進步黨,428,0.52,N
2002,議員,區域,彰化縣,彰化縣第四選區,10,邱榮昌,1,無,5564,6.72,N
2002,議員,區域,彰化縣,彰化縣第四選區,11,張雪如,2,無,7713,9.32,Y
2002,議員,區域,彰化縣,彰化縣第四選區,12,林勝利,1,民主進步黨,3185,3.85,N
2002,議員,區域,彰化縣,彰化縣第四選區,13,葉麗娟,2,中國國民黨,7077,8.55,Y
2002,議員,區域,彰化縣,彰化縣第四選區,14,張良煙,1,中國國民黨,5766,6.97,Y
2002,議員,區域,彰化縣,彰化縣第四選區,15,吳宗憲,1,中國國民黨,7525,9.09,Y
2002,議員,區域,彰化縣,彰化縣第四選區,16,賴德勝,1,無,708,0.86,N
2002,議員,區域,彰化縣,彰化縣第四選區,17,黃有南,1,無,913,1.10,N
2002,議員,區域,彰化縣,彰化縣第五選區,1,黃碧玉,2,無,2311,3.73,N
2002,議員,區域,彰化縣,彰化縣第五選區,2,張金文,1,中國國民黨,5755,9.29,N
2002,議員,區域,彰化縣,彰化縣第五選區,3,陳文漢,1,無,15144,24.45,Y
2002,議員,區域,彰化縣,彰化縣第五選區,4,林秀珍,2,中國國民黨,1553,2.51,N
2002,議員,區域,彰化縣,彰化縣第五選區,5,曾清為,1,無,6554,10.58,Y
2002,議員,區域,彰化縣,彰化縣第五選區,6,陳仲志,1,民主進步黨,4369,7.05,N
2002,議員,區域,彰化縣,彰化縣第五選區,7,楊福地,1,中國國民黨,12879,20.80,Y
2002,議員,區域,彰化縣,彰化縣第五選區,8,黃瑞珠,2,親民黨,7582,12.24,Y
2002,議員,區域,彰化縣,彰化縣第五選區,9,楊福建,1,民主進步黨,5784,9.34,Y
2002,議員,區域,彰化縣,彰化縣第六選區,1,楊政杰,1,無,586,1.16,N
2002,議員,區域,彰化縣,彰化縣第六選區,2,許文耀,1,中國國民黨,9020,17.86,Y
2002,議員,區域,彰化縣,彰化縣第六選區,3,蕭景田,1,中國國民黨,12841,25.43,Y
2002,議員,區域,彰化縣,彰化縣第六選區,4,錢政照,1,無,2441,4.83,N
2002,議員,區域,彰化縣,彰化縣第六選區,5,洪麗娜,2,中國國民黨,5603,11.10,Y
2002,議員,區域,彰化縣,彰化縣第六選區,6,劉錦昌,1,民主進步黨,5590,11.07,Y
2002,議員,區域,彰化縣,彰化縣第六選區,7,蕭博修,1,無,7839,15.53,Y
2002,議員,區域,彰化縣,彰化縣第六選區,8,蔡阿勇,1,無,2329,4.61,N
2002,議員,區域,彰化縣,彰化縣第六選區,9,蕭楊琇月,2,中國國民黨,1044,2.07,N
2002,議員,區域,彰化縣,彰化縣第六選區,10,游月娥,2,中國國民黨,3198,6.33,N
2002,議員,區域,彰化縣,彰化縣第七選區,1,許金主,1,民主進步黨,3835,6.57,N
2002,議員,區域,彰化縣,彰化縣第七選區,2,林玉雲,2,無,2442,4.18,N
2002,議員,區域,彰化縣,彰化縣第七選區,3,劉國卿,1,無,2958,5.07,N
2002,議員,區域,彰化縣,彰化縣第七選區,4,李俊諭,1,民主進步黨,8882,15.22,Y
2002,議員,區域,彰化縣,彰化縣第七選區,5,李武雄,1,中國國民黨,7538,12.91,Y
2002,議員,區域,彰化縣,彰化縣第七選區,6,林國珍,1,中國國民黨,6564,11.24,N
2002,議員,區域,彰化縣,彰化縣第七選區,7,鄭汝芬,2,無,9000,15.42,Y
2002,議員,區域,彰化縣,彰化縣第七選區,8,林茂昌,1,中國國民黨,8127,13.92,Y
2002,議員,區域,彰化縣,彰化縣第七選區,9,蘇文章,1,中國國民黨,9030,15.47,Y
2002,議員,區域,彰化縣,彰化縣第八選區,1,陳昌邦,1,無,3257,4.99,N
2002,議員,區域,彰化縣,彰化縣第八選區,2,許偉林,1,民主進步黨,5495,8.42,N
2002,議員,區域,彰化縣,彰化縣第八選區,3,許月鈴,2,無,4026,6.17,N
2002,議員,區域,彰化縣,彰化縣第八選區,4,蔡福來,1,無,241,0.37,N
2002,議員,區域,彰化縣,彰化縣第八選區,5,洪于仗,1,無,4993,7.65,N
2002,議員,區域,彰化縣,彰化縣第八選區,6,洪進南,1,無,7191,11.02,Y
2002,議員,區域,彰化縣,彰化縣第八選區,7,洪宗熠,1,民主進步黨,7176,11.00,Y
2002,議員,區域,彰化縣,彰化縣第八選區,8,張國棟,1,中國國民黨,12197,18.69,Y
2002,議員,區域,彰化縣,彰化縣第八選區,9,陳諸讚,1,無,12694,19.46,Y
2002,議員,區域,彰化縣,彰化縣第八選區,10,吳淑娟,2,中國國民黨,7976,12.22,Y
2002,議員,區域,南投縣,南投縣第一選區,1,何基德,1,無,3375,4.67,N
2002,議員,區域,南投縣,南投縣第一選區,2,簡金水,1,無,1177,1.63,N
2002,議員,區域,南投縣,南投縣第一選區,3,陳似鑫,2,無,2160,2.99,N
2002,議員,區域,南投縣,南投縣第一選區,4,張永興,1,民主進步黨,2859,3.96,N
2002,議員,區域,南投縣,南投縣第一選區,5,許淑華,2,親民黨,3938,5.45,Y
2002,議員,區域,南投縣,南投縣第一選區,6,張啟訓,1,無,3552,4.92,N
2002,議員,區域,南投縣,南投縣第一選區,7,李添興,1,無,4236,5.86,Y
2002,議員,區域,南投縣,南投縣第一選區,8,林建營,1,無,2987,4.13,N
2002,議員,區域,南投縣,南投縣第一選區,9,林明利,1,無,219,0.30,N
2002,議員,區域,南投縣,南投縣第一選區,10,蔡明源,1,無,4565,6.32,Y
2002,議員,區域,南投縣,南投縣第一選區,11,許孟晪,1,無,4041,5.59,Y
2002,議員,區域,南投縣,南投縣第一選區,12,宋懷琳,2,中國國民黨,3085,4.27,Y
2002,議員,區域,南投縣,南投縣第一選區,13,陳永順,1,中國國民黨,1244,1.72,N
2002,議員,區域,南投縣,南投縣第一選區,14,謝春祺,1,無,3054,4.23,N
2002,議員,區域,南投縣,南投縣第一選區,15,張漢卿,1,無,3002,4.16,N
2002,議員,區域,南投縣,南投縣第一選區,16,莊文斌,1,中國國民黨,3956,5.48,Y
2002,議員,區域,南投縣,南投縣第一選區,17,曾松茂,1,親民黨,1628,2.25,N
2002,議員,區域,南投縣,南投縣第一選區,18,吳棋祥,1,無,3672,5.08,Y
2002,議員,區域,南投縣,南投縣第一選區,19,吳正行,1,無,3557,4.92,Y
2002,議員,區域,南投縣,南投縣第一選區,20,史祝賢,1,中國國民黨,1346,1.86,N
2002,議員,區域,南投縣,南投縣第一選區,21,陳允裕,1,無,2092,2.90,N
2002,議員,區域,南投縣,南投縣第一選區,22,張禎庭,1,無,914,1.27,N
2002,議員,區域,南投縣,南投縣第一選區,23,陳振寬,1,無,817,1.13,N
2002,議員,區域,南投縣,南投縣第一選區,24,陳榮晴,1,無,2436,3.37,N
2002,議員,區域,南投縣,南投縣第一選區,25,魏清彬,1,中國國民黨,3675,5.09,Y
2002,議員,區域,南投縣,南投縣第一選區,26,曾芳春,1,無,4097,5.67,Y
2002,議員,區域,南投縣,南投縣第一選區,27,李碧珠,2,無,559,0.77,N
2002,議員,區域,南投縣,南投縣第二選區,1,洪錦華,2,無,1709,3.21,N
2002,議員,區域,南投縣,南投縣第二選區,2,林永鴻,1,民主進步黨,4803,9.03,Y
2002,議員,區域,南投縣,南投縣第二選區,3,賴忠政,1,中國國民黨,3800,7.14,Y
2002,議員,區域,南投縣,南投縣第二選區,4,簡沛霖,1,無,5704,10.72,Y
2002,議員,區域,南投縣,南投縣第二選區,5,簡景賢,1,無,5859,11.02,Y
2002,議員,區域,南投縣,南投縣第二選區,6,陳惠真,2,無,537,1.01,N
2002,議員,區域,南投縣,南投縣第二選區,7,廖宜賢,1,無,4876,9.17,Y
2002,議員,區域,南投縣,南投縣第二選區,8,林禮子,2,無,646,1.21,N
2002,議員,區域,南投縣,南投縣第二選區,9,陳月英,2,中國國民黨,4059,7.63,Y
2002,議員,區域,南投縣,南投縣第二選區,10,黃秀女,2,民主進步黨,3555,6.68,Y
2002,議員,區域,南投縣,南投縣第二選區,11,邱昭煌,1,建國黨,3317,6.24,N
2002,議員,區域,南投縣,南投縣第二選區,12,林福彰,1,無,2569,4.83,N
2002,議員,區域,南投縣,南投縣第二選區,13,李合元,1,無,4625,8.70,Y
2002,議員,區域,南投縣,南投縣第二選區,14,李宏文,1,中國國民黨,2687,5.05,N
2002,議員,區域,南投縣,南投縣第二選區,15,張經魁,1,親民黨,2146,4.03,N
2002,議員,區域,南投縣,南投縣第二選區,16,張東榮,1,民主進步黨,752,1.41,N
2002,議員,區域,南投縣,南投縣第二選區,17,簡裕銘,1,無,1543,2.90,N
2002,議員,區域,南投縣,南投縣第三選區,1,林明溱,1,中國國民黨,4941,17.80,Y
2002,議員,區域,南投縣,南投縣第三選區,2,張王青,2,無,4092,14.74,N
2002,議員,區域,南投縣,南投縣第三選區,3,陳錦倫,1,民主進步黨,5515,19.86,Y
2002,議員,區域,南投縣,南投縣第三選區,4,謝明謀,1,中國國民黨,4200,15.13,Y
2002,議員,區域,南投縣,南投縣第三選區,5,陳垂堂,1,無,4127,14.86,N
2002,議員,區域,南投縣,南投縣第三選區,6,陳淑惠,2,中國國民黨,4889,17.61,Y
2002,議員,區域,南投縣,南投縣第四選區,1,陳採鳳,2,中國國民黨,2257,6.02,Y
2002,議員,區域,南投縣,南投縣第四選區,2,許民衡,1,中國國民黨,3439,9.17,N
2002,議員,區域,南投縣,南投縣第四選區,3,林民政,1,無,4312,11.50,Y
2002,議員,區域,南投縣,南投縣第四選區,4,曾萬定,1,無,4532,12.08,Y
2002,議員,區域,南投縣,南投縣第四選區,5,鄒若臣,1,無,1473,3.93,N
2002,議員,區域,南投縣,南投縣第四選區,6,劉迺倉,1,無,4290,11.44,N
2002,議員,區域,南投縣,南投縣第四選區,7,康誌合,1,民主進步黨,5629,15.01,Y
2002,議員,區域,南投縣,南投縣第四選區,8,何勝豐,1,無,6302,16.80,Y
2002,議員,區域,南投縣,南投縣第四選區,9,郭宏明,1,無,691,1.84,N
2002,議員,區域,南投縣,南投縣第四選區,10,黃振發,1,民主進步黨,2482,6.62,N
2002,議員,區域,南投縣,南投縣第四選區,11,黃丹怡,2,親民黨,1311,3.50,N
2002,議員,區域,南投縣,南投縣第四選區,12,李羽芷,2,無,789,2.10,N
2002,議員,區域,南投縣,南投縣第五選區,1,潘美燕,2,中國國民黨,1364,2.55,N
2002,議員,區域,南投縣,南投縣第五選區,2,蔡明昶,1,無,393,0.73,N
2002,議員,區域,南投縣,南投縣第五選區,3,王彩雲,2,無,2715,5.07,Y
2002,議員,區域,南投縣,南投縣第五選區,4,賴麗如,2,中國國民黨,1762,3.29,N
2002,議員,區域,南投縣,南投縣第五選區,5,鄭光東,1,中國國民黨,236,0.44,N
2002,議員,區域,南投縣,南投縣第五選區,6,胡國龍,1,中國國民黨,2595,4.85,N
2002,議員,區域,南投縣,南投縣第五選區,7,朱妙真,2,親民黨,929,1.74,N
2002,議員,區域,南投縣,南投縣第五選區,8,陳潤田,1,無,1578,2.95,N
2002,議員,區域,南投縣,南投縣第五選區,9,廖志城,1,民主進步黨,4411,8.24,Y
2002,議員,區域,南投縣,南投縣第五選區,10,賴文雄,1,中國國民黨,1550,2.90,N
2002,議員,區域,南投縣,南投縣第五選區,11,陳貴參,1,中國國民黨,4349,8.13,Y
2002,議員,區域,南投縣,南投縣第五選區,12,柯添淇,1,中國國民黨,1139,2.13,N
2002,議員,區域,南投縣,南投縣第五選區,13,鄭文銅,1,無,3741,6.99,Y
2002,議員,區域,南投縣,南投縣第五選區,14,林福峰,1,中國國民黨,3245,6.06,Y
2002,議員,區域,南投縣,南投縣第五選區,15,許阿甘,2,民主進步黨,3196,5.97,Y
2002,議員,區域,南投縣,南投縣第五選區,16,潘一全,1,無,3357,6.27,Y
2002,議員,區域,南投縣,南投縣第五選區,17,陳富坤,1,無,1770,3.31,N
2002,議員,區域,南投縣,南投縣第五選區,18,周義雄,1,親民黨,2739,5.12,Y
2002,議員,區域,南投縣,南投縣第五選區,19,羅永茂,1,無,390,0.73,N
2002,議員,區域,南投縣,南投縣第五選區,20,王仁宏,1,無,1207,2.26,N
2002,議員,區域,南投縣,南投縣第五選區,21,馬麗華,2,親民黨,739,1.38,N
2002,議員,區域,南投縣,南投縣第五選區,22,吳德金,1,無,730,1.36,N
2002,議員,區域,南投縣,南投縣第五選區,23,邱萬木,1,無,220,0.41,N
2002,議員,區域,南投縣,南投縣第五選區,24,陳義正,1,無,964,1.80,N
2002,議員,區域,南投縣,南投縣第五選區,25,吳國昌,1,無,2188,4.09,N
2002,議員,區域,南投縣,南投縣第五選區,26,何惠娟,2,無,2683,5.01,N
2002,議員,區域,南投縣,南投縣第五選區,27,黃大瑋,1,無,1462,2.73,N
2002,議員,區域,南投縣,南投縣第五選區,28,江萬昌,1,無,1864,3.48,N
2002,議員,區域,雲林縣,雲林縣第一選區,1,林振忠,1,民主進步黨,3214,4.24,N
2002,議員,區域,雲林縣,雲林縣第一選區,2,林振財,1,無,1963,2.59,N
2002,議員,區域,雲林縣,雲林縣第一選區,3,高秀英,2,無,1774,2.34,N
2002,議員,區域,雲林縣,雲林縣第一選區,4,吳賴旻霙,2,無,875,1.15,N
2002,議員,區域,雲林縣,雲林縣第一選區,5,翁隆宜,1,中國國民黨,4146,5.46,N
2002,議員,區域,雲林縣,雲林縣第一選區,6,簡明欽,1,中國國民黨,5093,6.71,Y
2002,議員,區域,雲林縣,雲林縣第一選區,7,蔡玉霜,2,無,5860,7.72,Y
2002,議員,區域,雲林縣,雲林縣第一選區,8,吳昭清,1,無,741,0.98,N
2002,議員,區域,雲林縣,雲林縣第一選區,9,林惠珠,2,無,1428,1.88,N
2002,議員,區域,雲林縣,雲林縣第一選區,10,尹伶瑛,2,無,4930,6.50,Y
2002,議員,區域,雲林縣,雲林縣第一選區,11,廖信凱,1,中國國民黨,4778,6.30,Y
2002,議員,區域,雲林縣,雲林縣第一選區,12,陳文雄,1,無,1601,2.11,N
2002,議員,區域,雲林縣,雲林縣第一選區,13,李建志,1,無,6357,8.38,Y
2002,議員,區域,雲林縣,雲林縣第一選區,14,王琇媛,2,中國國民黨,4610,6.08,N
2002,議員,區域,雲林縣,雲林縣第一選區,15,劉建國,1,民主進步黨,4739,6.25,Y
2002,議員,區域,雲林縣,雲林縣第一選區,16,胡克勤,1,親民黨,2514,3.31,N
2002,議員,區域,雲林縣,雲林縣第一選區,17,張連亨,1,中國國民黨,2286,3.01,N
2002,議員,區域,雲林縣,雲林縣第一選區,18,林錫華,1,無,7653,10.09,Y
2002,議員,區域,雲林縣,雲林縣第一選區,19,李建昇,1,台灣團結聯盟,5435,7.16,Y
2002,議員,區域,雲林縣,雲林縣第一選區,20,林勝雄,1,無,5883,7.75,Y
2002,議員,區域,雲林縣,雲林縣第二選區,1,沈銘恭,1,民主進步黨,4398,8.56,N
2002,議員,區域,雲林縣,雲林縣第二選區,2,鐘俊興,1,中國國民黨,6102,11.88,Y
2002,議員,區域,雲林縣,雲林縣第二選區,3,張嘉元,1,中國國民黨,6394,12.44,Y
2002,議員,區域,雲林縣,雲林縣第二選區,4,易信助,1,無,1499,2.92,N
2002,議員,區域,雲林縣,雲林縣第二選區,5,李長發,1,中國國民黨,5904,11.49,Y
2002,議員,區域,雲林縣,雲林縣第二選區,6,張金坤,1,無,1562,3.04,N
2002,議員,區域,雲林縣,雲林縣第二選區,7,林順正,1,無,1086,2.11,N
2002,議員,區域,雲林縣,雲林縣第二選區,8,林慧如,2,民主進步黨,10334,20.11,Y
2002,議員,區域,雲林縣,雲林縣第二選區,9,林再添,1,中國國民黨,7868,15.31,Y
2002,議員,區域,雲林縣,雲林縣第二選區,10,洪惠玲,2,無,1621,3.15,N
2002,議員,區域,雲林縣,雲林縣第二選區,11,簡錦全,1,中國國民黨,4615,8.98,Y
2002,議員,區域,雲林縣,雲林縣第三選區,1,李健福,1,民主進步黨,3388,4.63,N
2002,議員,區域,雲林縣,雲林縣第三選區,2,林文彬,1,中國國民黨,2288,3.13,N
2002,議員,區域,雲林縣,雲林縣第三選區,3,謝翠蓮,2,中國國民黨,5404,7.39,Y
2002,議員,區域,雲林縣,雲林縣第三選區,4,王士壬,1,無,6823,9.32,Y
2002,議員,區域,雲林縣,雲林縣第三選區,5,謝國章,1,無,1312,1.79,N
2002,議員,區域,雲林縣,雲林縣第三選區,6,陳國松,1,中國國民黨,7493,10.24,Y
2002,議員,區域,雲林縣,雲林縣第三選區,7,周啟明,1,無,200,0.27,N
2002,議員,區域,雲林縣,雲林縣第三選區,8,吳欽棋,1,中國國民黨,7076,9.67,Y
2002,議員,區域,雲林縣,雲林縣第三選區,9,陳瑞雄,1,中國國民黨,5475,7.48,Y
2002,議員,區域,雲林縣,雲林縣第三選區,10,李明明,2,無,4284,5.85,N
2002,議員,區域,雲林縣,雲林縣第三選區,11,劉昶珍,2,無,194,0.27,N
2002,議員,區域,雲林縣,雲林縣第三選區,12,林永福,1,無,6016,8.22,Y
2002,議員,區域,雲林縣,雲林縣第三選區,13,陳振輝,1,無,5847,7.99,Y
2002,議員,區域,雲林縣,雲林縣第三選區,14,陳清秀,1,中國國民黨,7739,10.58,Y
2002,議員,區域,雲林縣,雲林縣第三選區,15,蔡秋敏,2,民主進步黨,5490,7.50,Y
2002,議員,區域,雲林縣,雲林縣第三選區,16,郭武男,1,中國國民黨,4144,5.66,N
2002,議員,區域,雲林縣,雲林縣第四選區,1,廖偉博,1,中國國民黨,3318,5.99,Y
2002,議員,區域,雲林縣,雲林縣第四選區,2,廖朝魁,1,中國國民黨,9270,16.72,Y
2002,議員,區域,雲林縣,雲林縣第四選區,3,李佳芬,2,中國國民黨,7745,13.97,Y
2002,議員,區域,雲林縣,雲林縣第四選區,4,廖水蓮,1,無,2209,3.99,N
2002,議員,區域,雲林縣,雲林縣第四選區,5,廖錦珠,2,無,7336,13.23,Y
2002,議員,區域,雲林縣,雲林縣第四選區,6,羅裕欽,1,無,6206,11.20,Y
2002,議員,區域,雲林縣,雲林縣第四選區,7,梁銘忠,1,無,7924,14.30,Y
2002,議員,區域,雲林縣,雲林縣第四選區,8,廖丁賜,1,民主進步黨,2937,5.30,N
2002,議員,區域,雲林縣,雲林縣第四選區,9,廖清祥,1,無,2401,4.33,N
2002,議員,區域,雲林縣,雲林縣第四選區,10,李合同,1,中國國民黨,6084,10.98,Y
2002,議員,區域,雲林縣,雲林縣第五選區,1,陳清圳,1,中國國民黨,274,0.51,N
2002,議員,區域,雲林縣,雲林縣第五選區,2,林金順,1,無,3538,6.61,N
2002,議員,區域,雲林縣,雲林縣第五選區,3,蘇金煌,1,中國國民黨,10128,18.91,Y
2002,議員,區域,雲林縣,雲林縣第五選區,4,陳正忠,1,中國國民黨,8024,14.98,Y
2002,議員,區域,雲林縣,雲林縣第五選區,5,張素蘭,2,中國國民黨,681,1.27,Y
2002,議員,區域,雲林縣,雲林縣第五選區,6,鄭東來,1,無,4060,7.58,Y
2002,議員,區域,雲林縣,雲林縣第五選區,7,林新丁,1,民主進步黨,3822,7.14,N
2002,議員,區域,雲林縣,雲林縣第五選區,8,王清貴,1,中國國民黨,7887,14.72,Y
2002,議員,區域,雲林縣,雲林縣第五選區,9,吳進丁,1,無,1851,3.46,N
2002,議員,區域,雲林縣,雲林縣第五選區,10,林源泉,1,民主進步黨,5880,10.98,Y
2002,議員,區域,雲林縣,雲林縣第五選區,11,林憲助,1,無,3587,6.70,N
2002,議員,區域,雲林縣,雲林縣第五選區,12,林金城,1,中國國民黨,3833,7.16,N
2002,議員,區域,雲林縣,雲林縣第六選區,1,,1,無,0,0.00,N
2002,議員,區域,雲林縣,雲林縣第六選區,2,吳義道,1,中國國民黨,5063,9.44,N
2002,議員,區域,雲林縣,雲林縣第六選區,3,蕭慧敏,2,無,5187,9.67,Y
2002,議員,區域,雲林縣,雲林縣第六選區,4,林逢錦,1,無,9201,17.15,Y
2002,議員,區域,雲林縣,雲林縣第六選區,5,陳憲中,1,民主進步黨,9102,16.96,Y
2002,議員,區域,雲林縣,雲林縣第六選區,6,王春環,2,中國國民黨,167,0.31,N
2002,議員,區域,雲林縣,雲林縣第六選區,7,王聰明,1,無,6117,11.40,Y
2002,議員,區域,雲林縣,雲林縣第六選區,8,呂耀毓,1,無,5697,10.62,Y
2002,議員,區域,雲林縣,雲林縣第六選區,9,陳國益,1,親民黨,8657,16.13,Y
2002,議員,區域,雲林縣,雲林縣第六選區,10,王品茹,2,民主進步黨,4467,8.32,N
2002,議員,區域,嘉義縣,嘉義縣第一選區,1,林芳琪,2,親民黨,2602,5.05,N
2002,議員,區域,嘉義縣,嘉義縣第一選區,2,林國慶,1,民主進步黨,8201,15.91,Y
2002,議員,區域,嘉義縣,嘉義縣第一選區,3,蕭苑瑜,2,中國國民黨,748,1.45,N
2002,議員,區域,嘉義縣,嘉義縣第一選區,4,鄭惠繻,2,民主進步黨,2976,5.77,N
2002,議員,區域,嘉義縣,嘉義縣第一選區,5,吳淑琴,2,中國國民黨,72,0.14,N
2002,議員,區域,嘉義縣,嘉義縣第一選區,6,陳素季,2,中國國民黨,4174,8.10,Y
2002,議員,區域,嘉義縣,嘉義縣第一選區,7,王榮聰,1,無,3702,7.18,N
2002,議員,區域,嘉義縣,嘉義縣第一選區,8,林寶瓶,1,中國國民黨,5840,11.33,Y
2002,議員,區域,嘉義縣,嘉義縣第一選區,9,黃傑,1,民主進步黨,4650,9.02,Y
2002,議員,區域,嘉義縣,嘉義縣第一選區,10,董國誠,1,無,6936,13.45,Y
2002,議員,區域,嘉義縣,嘉義縣第一選區,11,官文樹,1,無,5687,11.03,Y
2002,議員,區域,嘉義縣,嘉義縣第一選區,12,吳明諭,1,無,5973,11.58,Y
2002,議員,區域,嘉義縣,嘉義縣第二選區,1,林順益,1,無,135,0.30,N
2002,議員,區域,嘉義縣,嘉義縣第二選區,2,林登乾,1,無,3325,7.33,N
2002,議員,區域,嘉義縣,嘉義縣第二選區,3,林榮福,1,無,79,0.17,N
2002,議員,區域,嘉義縣,嘉義縣第二選區,4,賴美真,2,無,5292,11.67,Y
2002,議員,區域,嘉義縣,嘉義縣第二選區,5,黃嘉寬,1,無,4486,9.89,Y
2002,議員,區域,嘉義縣,嘉義縣第二選區,6,郭傳福,1,無,3317,7.31,N
2002,議員,區域,嘉義縣,嘉義縣第二選區,7,王幸悅,2,民主進步黨,6251,13.78,Y
2002,議員,區域,嘉義縣,嘉義縣第二選區,8,陳福成,1,無,4495,9.91,Y
2002,議員,區域,嘉義縣,嘉義縣第二選區,9,賴朝崙,1,無,3474,7.66,Y
2002,議員,區域,嘉義縣,嘉義縣第二選區,10,蔡豐文,1,民主進步黨,2647,5.84,N
2002,議員,區域,嘉義縣,嘉義縣第二選區,11,張嘉瀧,1,中國國民黨,4881,10.76,Y
2002,議員,區域,嘉義縣,嘉義縣第二選區,12,謝三郎,1,無,315,0.69,N
2002,議員,區域,嘉義縣,嘉義縣第二選區,13,何自涼,1,民主進步黨,3097,6.83,N
2002,議員,區域,嘉義縣,嘉義縣第二選區,14,林秀琴,2,民主進步黨,3553,7.84,Y
2002,議員,區域,嘉義縣,嘉義縣第三選區,1,施秋蘭,2,民主進步黨,1355,3.68,N
2002,議員,區域,嘉義縣,嘉義縣第三選區,2,李秀美,2,無,5566,15.11,Y
2002,議員,區域,嘉義縣,嘉義縣第三選區,3,詹金繪,2,無,2921,7.93,N
2002,議員,區域,嘉義縣,嘉義縣第三選區,4,吳思蓉,2,無,5059,13.73,Y
2002,議員,區域,嘉義縣,嘉義縣第三選區,5,簡泰河,1,中國國民黨,4919,13.35,Y
2002,議員,區域,嘉義縣,嘉義縣第三選區,6,陳保復,1,無,6308,17.12,Y
2002,議員,區域,嘉義縣,嘉義縣第三選區,7,簡朝送,1,民主進步黨,2705,7.34,N
2002,議員,區域,嘉義縣,嘉義縣第三選區,8,劉宏文,1,無,3529,9.58,Y
2002,議員,區域,嘉義縣,嘉義縣第三選區,9,柯清添,1,無,2059,5.59,N
2002,議員,區域,嘉義縣,嘉義縣第三選區,10,陳生,1,民主進步黨,2422,6.57,N
2002,議員,區域,嘉義縣,嘉義縣第四選區,1,姜梅紅,2,無,4418,8.50,N
2002,議員,區域,嘉義縣,嘉義縣第四選區,2,陳鴻鈞,1,民主進步黨,1634,3.14,N
2002,議員,區域,嘉義縣,嘉義縣第四選區,3,侯明月,2,無,3832,7.37,N
2002,議員,區域,嘉義縣,嘉義縣第四選區,4,蔡奇璋,1,中國國民黨,6260,12.04,Y
2002,議員,區域,嘉義縣,嘉義縣第四選區,5,蔡炳欽,1,無,900,1.73,N
2002,議員,區域,嘉義縣,嘉義縣第四選區,6,李國勝,1,中國國民黨,7087,13.63,Y
2002,議員,區域,嘉義縣,嘉義縣第四選區,7,黃錦成,1,民主進步黨,4490,8.63,N
2002,議員,區域,嘉義縣,嘉義縣第四選區,8,余政達,1,無,4840,9.31,Y
2002,議員,區域,嘉義縣,嘉義縣第四選區,9,李陳秀琴,2,無,6466,12.43,Y
2002,議員,區域,嘉義縣,嘉義縣第四選區,10,楊再興,1,中國國民黨,6028,11.59,Y
2002,議員,區域,嘉義縣,嘉義縣第四選區,11,黃麗貞,2,民主進步黨,6046,11.63,Y
2002,議員,區域,嘉義縣,嘉義縣第五選區,1,陳翁蘭英,2,無,4537,14.11,Y
2002,議員,區域,嘉義縣,嘉義縣第五選區,2,翁張宗美,2,中國國民黨,7958,24.75,Y
2002,議員,區域,嘉義縣,嘉義縣第五選區,3,蔡寶雄,1,無,2436,7.58,N
2002,議員,區域,嘉義縣,嘉義縣第五選區,4,蔡長雄,1,民主進步黨,4016,12.49,N
2002,議員,區域,嘉義縣,嘉義縣第五選區,5,陳俊宏,1,中國國民黨,7942,24.70,Y
2002,議員,區域,嘉義縣,嘉義縣第五選區,6,陳鳳梅,2,無,123,0.38,N
2002,議員,區域,嘉義縣,嘉義縣第五選區,7,邱再留,1,無,5145,16.00,Y
2002,議員,區域,嘉義縣,嘉義縣第六選區,1,張鏡湖,1,無,1409,2.99,N
2002,議員,區域,嘉義縣,嘉義縣第六選區,2,詹黃素蓮,2,中國國民黨,6271,13.31,Y
2002,議員,區域,嘉義縣,嘉義縣第六選區,3,羅瑞民,1,無,4497,9.54,Y
2002,議員,區域,嘉義縣,嘉義縣第六選區,4,陳國印,1,民主進步黨,2350,4.99,N
2002,議員,區域,嘉義縣,嘉義縣第六選區,5,蔡文基,1,民主進步黨,4770,10.12,Y
2002,議員,區域,嘉義縣,嘉義縣第六選區,6,涂振和,1,無,2169,4.60,N
2002,議員,區域,嘉義縣,嘉義縣第六選區,7,游淑貞,2,無,3889,8.25,N
2002,議員,區域,嘉義縣,嘉義縣第六選區,8,侯清河,1,中國國民黨,5597,11.88,Y
2002,議員,區域,嘉義縣,嘉義縣第六選區,9,林嘉泰,1,中國國民黨,5806,12.32,Y
2002,議員,區域,嘉義縣,嘉義縣第六選區,10,莊竣傑,1,無,5371,11.40,Y
2002,議員,區域,嘉義縣,嘉義縣第六選區,11,林淑鈴,2,民主進步黨,4989,10.59,Y
2002,議員,區域,臺南縣,臺南縣第一選區,1,趙昆原,1,無,5000,8.48,N
2002,議員,區域,臺南縣,臺南縣第一選區,2,蔡啟,1,親民黨,2366,4.01,N
2002,議員,區域,臺南縣,臺南縣第一選區,3,陳進雄,1,無,6849,11.62,Y
2002,議員,區域,臺南縣,臺南縣第一選區,4,顏恒通,1,民主進步黨,5162,8.76,Y
2002,議員,區域,臺南縣,臺南縣第一選區,5,黃金鏞,1,中國國民黨,8222,13.95,Y
2002,議員,區域,臺南縣,臺南縣第一選區,6,楊振基,1,無,505,0.86,N
2002,議員,區域,臺南縣,臺南縣第一選區,7,蔡育輝,1,中國國民黨,7663,13.00,Y
2002,議員,區域,臺南縣,臺南縣第一選區,8,劉桂妙,2,中國國民黨,5735,9.73,Y
2002,議員,區域,臺南縣,臺南縣第一選區,9,顏炎釧,1,無,9187,15.58,Y
2002,議員,區域,臺南縣,臺南縣第一選區,10,丁瑞財,1,無,1150,1.95,N
2002,議員,區域,臺南縣,臺南縣第一選區,11,翁豔碧,2,無,2569,4.36,N
2002,議員,區域,臺南縣,臺南縣第一選區,12,陳李翠香,2,民主進步黨,4541,7.70,N
2002,議員,區域,臺南縣,臺南縣第二選區,1,董國隆,1,無,3394,8.14,N
2002,議員,區域,臺南縣,臺南縣第二選區,2,鄭清霖,1,中國國民黨,6409,15.36,Y
2002,議員,區域,臺南縣,臺南縣第二選區,3,詹龍洲,1,中國國民黨,6861,16.45,Y
2002,議員,區域,臺南縣,臺南縣第二選區,4,賴東約,1,無,1214,2.91,N
2002,議員,區域,臺南縣,臺南縣第二選區,5,賴美惠,2,民主進步黨,10391,24.91,Y
2002,議員,區域,臺南縣,臺南縣第二選區,6,黃月娟,2,中國國民黨,6708,16.08,Y
2002,議員,區域,臺南縣,臺南縣第二選區,7,王錦鐘,1,無,659,1.58,N
2002,議員,區域,臺南縣,臺南縣第二選區,8,陳明清,1,無,5359,12.85,N
2002,議員,區域,臺南縣,臺南縣第二選區,9,莊平源,1,無,717,1.72,N
2002,議員,區域,臺南縣,臺南縣第三選區,1,郭秀珠,2,無,6528,10.73,Y
2002,議員,區域,臺南縣,臺南縣第三選區,2,岩孟樺,2,無,3578,5.88,N
2002,議員,區域,臺南縣,臺南縣第三選區,3,王萬法,1,中國國民黨,5428,8.93,Y
2002,議員,區域,臺南縣,臺南縣第三選區,4,林文薰,2,民主進步黨,4419,7.27,N
2002,議員,區域,臺南縣,臺南縣第三選區,5,陳文賢,1,民主進步黨,6141,10.10,Y
2002,議員,區域,臺南縣,臺南縣第三選區,6,戴國民,1,中國國民黨,2007,3.30,N
2002,議員,區域,臺南縣,臺南縣第三選區,7,姜金堂,1,無,7706,12.67,Y
2002,議員,區域,臺南縣,臺南縣第三選區,8,蔡甫昇,1,無,3821,6.28,N
2002,議員,區域,臺南縣,臺南縣第三選區,9,余新法,1,無,2293,3.77,N
2002,議員,區域,臺南縣,臺南縣第三選區,10,沈進忠,1,無,7737,12.72,Y
2002,議員,區域,臺南縣,臺南縣第三選區,11,楊麗玉,2,民主進步黨,6634,10.91,Y
2002,議員,區域,臺南縣,臺南縣第三選區,12,胡貴鳳,2,中國國民黨,4522,7.44,N
2002,議員,區域,臺南縣,臺南縣第四選區,1,周賜海,1,中國國民黨,7641,15.44,Y
2002,議員,區域,臺南縣,臺南縣第四選區,2,方迎,2,無,3291,6.65,N
2002,議員,區域,臺南縣,臺南縣第四選區,3,余榮和,1,無,6567,13.27,Y
2002,議員,區域,臺南縣,臺南縣第四選區,4,蔡秋蘭,2,無,6572,13.28,Y
2002,議員,區域,臺南縣,臺南縣第四選區,5,陳朝來,1,民主進步黨,9659,19.52,Y
2002,議員,區域,臺南縣,臺南縣第四選區,6,陳寶珍,1,中國國民黨,5845,11.81,N
2002,議員,區域,臺南縣,臺南縣第四選區,7,王李金城,1,中國國民黨,2047,4.14,N
2002,議員,區域,臺南縣,臺南縣第四選區,8,方隆盛,1,無,7854,15.87,Y
2002,議員,區域,臺南縣,臺南縣第五選區,1,李武龍,1,無,8498,26.14,Y
2002,議員,區域,臺南縣,臺南縣第五選區,2,李榮和,1,民主進步黨,2922,8.99,N
2002,議員,區域,臺南縣,臺南縣第五選區,3,陳宗興,1,中國國民黨,8534,26.26,Y
2002,議員,區域,臺南縣,臺南縣第五選區,4,楊清田,1,中國國民黨,4815,14.81,N
2002,議員,區域,臺南縣,臺南縣第五選區,5,侯澄財,1,無,7735,23.80,Y
2002,議員,區域,臺南縣,臺南縣第六選區,1,姚溪海,1,中國國民黨,7326,23.27,Y
2002,議員,區域,臺南縣,臺南縣第六選區,2,蔡永期,1,無,3371,10.71,N
2002,議員,區域,臺南縣,臺南縣第六選區,3,楊登山,1,無,5592,17.76,Y
2002,議員,區域,臺南縣,臺南縣第六選區,4,林志聰,1,民主進步黨,2861,9.09,N
2002,議員,區域,臺南縣,臺南縣第六選區,5,林全忠,1,無,8443,26.82,Y
2002,議員,區域,臺南縣,臺南縣第六選區,6,陳崇祿,1,無,3892,12.36,N
2002,議員,區域,臺南縣,臺南縣第七選區,1,李全富,1,中國國民黨,7146,24.86,Y
2002,議員,區域,臺南縣,臺南縣第七選區,2,林丁燦,1,無,9061,31.52,Y
2002,議員,區域,臺南縣,臺南縣第七選區,3,梁順發,1,民主進步黨,7151,24.88,Y
2002,議員,區域,臺南縣,臺南縣第七選區,4,梁楊玉華,2,民主進步黨,5386,18.74,N
2002,議員,區域,臺南縣,臺南縣第八選區,1,廖西仁,1,無,7180,30.37,Y
2002,議員,區域,臺南縣,臺南縣第八選區,2,王峻潭,1,民主進步黨,9360,39.59,Y
2002,議員,區域,臺南縣,臺南縣第八選區,3,江仲祥,1,中國國民黨,7103,30.04,N
2002,議員,區域,臺南縣,臺南縣第九選區,1,黃明進,1,中國國民黨,5391,6.69,N
2002,議員,區域,臺南縣,臺南縣第九選區,2,吳健保,1,中國國民黨,8074,10.02,Y
2002,議員,區域,臺南縣,臺南縣第九選區,3,洪雪珠,2,中國國民黨,6361,7.89,Y
2002,議員,區域,臺南縣,臺南縣第九選區,4,張伯祿,1,無,8981,11.14,Y
2002,議員,區域,臺南縣,臺南縣第九選區,5,林青德,1,台灣團結聯盟,1022,1.27,N
2002,議員,區域,臺南縣,臺南縣第九選區,6,陳土生,1,中國國民黨,3829,4.75,N
2002,議員,區域,臺南縣,臺南縣第九選區,7,洪德昆,1,無,5684,7.05,Y
2002,議員,區域,臺南縣,臺南縣第九選區,8,陳進財,1,無,3479,4.32,N
2002,議員,區域,臺南縣,臺南縣第九選區,9,杜素吟,2,無,7857,9.75,Y
2002,議員,區域,臺南縣,臺南縣第九選區,10,徐萬仲,1,中國國民黨,8254,10.24,Y
2002,議員,區域,臺南縣,臺南縣第九選區,11,陳特清,1,無,7295,9.05,Y
2002,議員,區域,臺南縣,臺南縣第九選區,12,張林柱,1,中國國民黨,1952,2.42,N
2002,議員,區域,臺南縣,臺南縣第九選區,13,陳正祥,1,無,216,0.27,N
2002,議員,區域,臺南縣,臺南縣第九選區,14,曾王雅雲,2,民主進步黨,7750,9.61,Y
2002,議員,區域,臺南縣,臺南縣第九選區,15,程來長,1,民主進步黨,4469,5.54,N
2002,議員,區域,臺南縣,臺南縣第十選區,1,楊明達,1,無,4349,5.53,Y
2002,議員,區域,臺南縣,臺南縣第十選區,2,曾齊家,1,親民黨,2979,3.79,N
2002,議員,區域,臺南縣,臺南縣第十選區,3,黃麗月,2,臺灣慧行志工黨,453,0.58,N
2002,議員,區域,臺南縣,臺南縣第十選區,4,黃國龍,1,無,439,0.56,N
2002,議員,區域,臺南縣,臺南縣第十選區,5,王有瑞,1,無,2170,2.76,N
2002,議員,區域,臺南縣,臺南縣第十選區,6,周鴻儒,1,親民黨,4059,5.17,N
2002,議員,區域,臺南縣,臺南縣第十選區,7,林水木,1,無,732,0.93,N
2002,議員,區域,臺南縣,臺南縣第十選區,8,陳富華,1,中國國民黨,826,1.05,N
2002,議員,區域,臺南縣,臺南縣第十選區,9,黃偉哲,1,民主進步黨,5290,6.73,Y
2002,議員,區域,臺南縣,臺南縣第十選區,10,楊中成,1,無,3533,4.50,N
2002,議員,區域,臺南縣,臺南縣第十選區,11,林宜瑾,2,民主進步黨,3848,4.90,Y
2002,議員,區域,臺南縣,臺南縣第十選區,12,顏啟宗,1,無,3992,5.08,N
2002,議員,區域,臺南縣,臺南縣第十選區,13,吳雨新,1,無,3243,4.13,N
2002,議員,區域,臺南縣,臺南縣第十選區,14,吳春成,1,中國國民黨,6327,8.05,Y
2002,議員,區域,臺南縣,臺南縣第十選區,15,康進水,1,中國國民黨,4985,6.34,Y
2002,議員,區域,臺南縣,臺南縣第十選區,16,謝欣霓,2,民主進步黨,3673,4.67,N
2002,議員,區域,臺南縣,臺南縣第十選區,17,王敏星,1,中國國民黨,4887,6.22,Y
2002,議員,區域,臺南縣,臺南縣第十選區,18,蔡百祿,1,無,4559,5.80,Y
2002,議員,區域,臺南縣,臺南縣第十選區,19,陳秋萍,2,民主進步黨,3750,4.77,Y
2002,議員,區域,臺南縣,臺南縣第十選區,20,施重男,1,無,8316,10.58,Y
2002,議員,區域,臺南縣,臺南縣第十選區,21,郭瑞南,1,中國國民黨,6173,7.86,Y
2002,議員,區域,高雄縣,高雄縣第一選區,1,郭金福,1,無,644,0.61,N
2002,議員,區域,高雄縣,高雄縣第一選區,2,許艿茜,2,無,1742,1.64,N
2002,議員,區域,高雄縣,高雄縣第一選區,3,簡海源,1,無,7918,7.47,Y
2002,議員,區域,高雄縣,高雄縣第一選區,4,錢俊皞,1,無,3823,3.61,N
2002,議員,區域,高雄縣,高雄縣第一選區,5,陳秀霞,2,無,1050,0.99,N
2002,議員,區域,高雄縣,高雄縣第一選區,6,鄭復華,2,親民黨,4020,3.79,Y
2002,議員,區域,高雄縣,高雄縣第一選區,7,邱國隆,1,無,980,0.92,N
2002,議員,區域,高雄縣,高雄縣第一選區,8,徐榮延,1,中國國民黨,5294,4.99,Y
2002,議員,區域,高雄縣,高雄縣第一選區,9,黃璽文,1,無,5451,5.14,Y
2002,議員,區域,高雄縣,高雄縣第一選區,10,王榮仁,1,無,7066,6.67,Y
2002,議員,區域,高雄縣,高雄縣第一選區,11,于欽智,1,親民黨,2051,1.93,N
2002,議員,區域,高雄縣,高雄縣第一選區,12,楊文雄,1,無,5503,5.19,Y
2002,議員,區域,高雄縣,高雄縣第一選區,13,胡少瑄,1,無,1204,1.14,N
2002,議員,區域,高雄縣,高雄縣第一選區,14,許智傑,1,民主進步黨,5210,4.91,Y
2002,議員,區域,高雄縣,高雄縣第一選區,15,張坤裕,1,民主進步黨,7507,7.08,Y
2002,議員,區域,高雄縣,高雄縣第一選區,16,蔡嘉賓,1,無,1152,1.09,N
2002,議員,區域,高雄縣,高雄縣第一選區,17,陳慧文,2,民主進步黨,4909,4.63,Y
2002,議員,區域,高雄縣,高雄縣第一選區,18,劉長遠,1,親民黨,2268,2.14,N
2002,議員,區域,高雄縣,高雄縣第一選區,19,陳粹鑾,2,無,3226,3.04,N
2002,議員,區域,高雄縣,高雄縣第一選區,20,黃政進,1,台灣團結聯盟,1929,1.82,N
2002,議員,區域,高雄縣,高雄縣第一選區,21,劉德林,1,中國國民黨,8985,8.48,Y
2002,議員,區域,高雄縣,高雄縣第一選區,22,方雪玉,2,台灣團結聯盟,2252,2.12,N
2002,議員,區域,高雄縣,高雄縣第一選區,23,衣麗華,2,無,330,0.31,N
2002,議員,區域,高雄縣,高雄縣第一選區,24,顏文章,1,民主進步黨,6593,6.22,Y
2002,議員,區域,高雄縣,高雄縣第一選區,25,蘇炎城,1,無,5284,4.98,Y
2002,議員,區域,高雄縣,高雄縣第一選區,26,陳清原,1,無,501,0.47,N
2002,議員,區域,高雄縣,高雄縣第一選區,27,劉月娥,2,民主進步黨,2088,1.97,N
2002,議員,區域,高雄縣,高雄縣第一選區,28,鄭武清,1,無,307,0.29,N
2002,議員,區域,高雄縣,高雄縣第一選區,29,張簡春和,1,無,3445,3.25,N
2002,議員,區域,高雄縣,高雄縣第一選區,30,江玲君,2,中國國民黨,3280,3.09,Y
2002,議員,區域,高雄縣,高雄縣第二選區,1,何勝雄,1,無,7293,9.63,Y
2002,議員,區域,高雄縣,高雄縣第二選區,2,陳福財,1,民主進步黨,8212,10.84,Y
2002,議員,區域,高雄縣,高雄縣第二選區,3,吳利成,1,中國國民黨,11174,14.76,Y
2002,議員,區域,高雄縣,高雄縣第二選區,4,許慧玉,2,無,10052,13.27,Y
2002,議員,區域,高雄縣,高雄縣第二選區,5,黃明河,1,民主進步黨,7673,10.13,Y
2002,議員,區域,高雄縣,高雄縣第二選區,6,葉進國,1,無,9714,12.83,Y
2002,議員,區域,高雄縣,高雄縣第二選區,7,吳文耀,1,無,9587,12.66,Y
2002,議員,區域,高雄縣,高雄縣第二選區,8,吳光誠,1,中國國民黨,5360,7.08,N
2002,議員,區域,高雄縣,高雄縣第二選區,9,王慧玲,2,無,6662,8.80,N
2002,議員,區域,高雄縣,高雄縣第三選區,1,蔡寬興,1,民主進步黨,8546,10.18,Y
2002,議員,區域,高雄縣,高雄縣第三選區,2,吳鴻鳴,1,中國國民黨,9392,11.19,Y
2002,議員,區域,高雄縣,高雄縣第三選區,3,洪秀錦,2,無,4181,4.98,N
2002,議員,區域,高雄縣,高雄縣第三選區,4,黃夏雪玉,2,中國國民黨,8447,10.06,Y
2002,議員,區域,高雄縣,高雄縣第三選區,5,龔揚智,1,台灣團結聯盟,4429,5.28,N
2002,議員,區域,高雄縣,高雄縣第三選區,6,陳智宏,1,無,2708,3.23,N
2002,議員,區域,高雄縣,高雄縣第三選區,7,程培弘,1,中國國民黨,5586,6.65,Y
2002,議員,區域,高雄縣,高雄縣第三選區,8,孫祈政,1,無,10575,12.60,Y
2002,議員,區域,高雄縣,高雄縣第三選區,9,洪添丁,1,民主進步黨,8890,10.59,Y
2002,議員,區域,高雄縣,高雄縣第三選區,10,陸文瑜,1,親民黨,4743,5.65,N
2002,議員,區域,高雄縣,高雄縣第三選區,11,徐良森,1,無,684,0.81,N
2002,議員,區域,高雄縣,高雄縣第三選區,12,蔡簡美雪,2,無,6216,7.41,Y
2002,議員,區域,高雄縣,高雄縣第三選區,13,林祺福,1,中國國民黨,8884,10.58,Y
2002,議員,區域,高雄縣,高雄縣第三選區,14,洪龍,1,無,659,0.79,N
2002,議員,區域,高雄縣,高雄縣第四選區,1,李往,1,中國國民黨,4421,3.92,N
2002,議員,區域,高雄縣,高雄縣第四選區,2,朱鵬程,1,無,656,0.58,N
2002,議員,區域,高雄縣,高雄縣第四選區,3,吳承璋,1,親民黨,8307,7.36,Y
2002,議員,區域,高雄縣,高雄縣第四選區,4,許褔森,1,中國國民黨,12963,11.48,Y
2002,議員,區域,高雄縣,高雄縣第四選區,5,林連森,1,民主進步黨,7667,6.79,Y
2002,議員,區域,高雄縣,高雄縣第四選區,6,陳志明,1,民主進步黨,3212,2.84,N
2002,議員,區域,高雄縣,高雄縣第四選區,7,楊章明,1,無,3773,3.34,N
2002,議員,區域,高雄縣,高雄縣第四選區,8,王惠凰,2,民主進步黨,1728,1.53,N
2002,議員,區域,高雄縣,高雄縣第四選區,9,耿雄山,1,中國國民黨,5783,5.12,Y
2002,議員,區域,高雄縣,高雄縣第四選區,10,陳清玉,1,中國國民黨,5592,4.95,N
2002,議員,區域,高雄縣,高雄縣第四選區,11,蔡清國,1,無,9236,8.18,Y
2002,議員,區域,高雄縣,高雄縣第四選區,12,陸淑美,2,中國國民黨,8324,7.37,Y
2002,議員,區域,高雄縣,高雄縣第四選區,13,方信淵,1,中國國民黨,6469,5.73,Y
2002,議員,區域,高雄縣,高雄縣第四選區,14,蔡發欉,1,無,8449,7.48,Y
2002,議員,區域,高雄縣,高雄縣第四選區,15,盧謝珊珊,2,無,3899,3.45,Y
2002,議員,區域,高雄縣,高雄縣第四選區,16,莊坤仁,1,無,2641,2.34,N
2002,議員,區域,高雄縣,高雄縣第四選區,17,謝志富,1,民主進步黨,4559,4.04,N
2002,議員,區域,高雄縣,高雄縣第四選區,18,黃萬全,1,台灣團結聯盟,7761,6.87,Y
2002,議員,區域,高雄縣,高雄縣第四選區,19,潘新洲,1,無,4078,3.61,N
2002,議員,區域,高雄縣,高雄縣第四選區,20,宋盧秀治,2,中國國民黨,3386,3.00,N
2002,議員,區域,高雄縣,高雄縣第五選區,1,石素芬,2,民主進步黨,3205,4.10,N
2002,議員,區域,高雄縣,高雄縣第五選區,2,葉香,2,民主進步黨,7910,10.12,Y
2002,議員,區域,高雄縣,高雄縣第五選區,3,張文瑞,1,民主進步黨,7308,9.35,N
2002,議員,區域,高雄縣,高雄縣第五選區,4,鄭明岳,1,無,10871,13.91,Y
2002,議員,區域,高雄縣,高雄縣第五選區,5,史萬忠,1,中國國民黨,7479,9.57,Y
2002,議員,區域,高雄縣,高雄縣第五選區,6,程進添,1,中國國民黨,8719,11.16,Y
2002,議員,區域,高雄縣,高雄縣第五選區,7,李長生,1,中國國民黨,13262,16.97,Y
2002,議員,區域,高雄縣,高雄縣第五選區,8,李文彬,1,台灣團結聯盟,1859,2.38,N
2002,議員,區域,高雄縣,高雄縣第五選區,9,林怡伶,2,中國國民黨,3957,5.06,N
2002,議員,區域,高雄縣,高雄縣第五選區,10,陳志卿,1,無,5859,7.50,N
2002,議員,區域,高雄縣,高雄縣第五選區,11,陳明澤,1,民主進步黨,7720,9.88,Y
2002,議員,區域,高雄縣,高雄縣第六選區,1,張乾德,1,無,7300,9.90,Y
2002,議員,區域,高雄縣,高雄縣第六選區,2,蕭王平,1,民主進步黨,7297,9.89,Y
2002,議員,區域,高雄縣,高雄縣第六選區,3,郭香君,2,中國國民黨,7195,9.76,N
2002,議員,區域,高雄縣,高雄縣第六選區,4,林洪愛玉,2,中國國民黨,9762,13.24,Y
2002,議員,區域,高雄縣,高雄縣第六選區,5,李雲廷,1,民主進步黨,7063,9.58,N
2002,議員,區域,高雄縣,高雄縣第六選區,6,李鴻鈞,1,中國國民黨,9964,13.51,Y
2002,議員,區域,高雄縣,高雄縣第六選區,7,邱發金,1,無,2957,4.01,N
2002,議員,區域,高雄縣,高雄縣第六選區,8,卓文後,1,中國國民黨,9905,13.43,Y
2002,議員,區域,高雄縣,高雄縣第六選區,9,林富寶,1,民主進步黨,7949,10.78,Y
2002,議員,區域,高雄縣,高雄縣第六選區,10,鍾木春,1,無,409,0.55,N
2002,議員,區域,高雄縣,高雄縣第六選區,11,蔡世珍,2,無,3956,5.36,N
2002,議員,區域,屏東縣,屏東縣第一選區,1,周明哲,1,無,482,0.52,N
2002,議員,區域,屏東縣,屏東縣第一選區,2,雲昌剛,1,無,86,0.09,N
2002,議員,區域,屏東縣,屏東縣第一選區,3,陳麗雪,2,無,172,0.18,N
2002,議員,區域,屏東縣,屏東縣第一選區,4,王士傑,1,無,448,0.48,N
2002,議員,區域,屏東縣,屏東縣第一選區,5,李景雯,1,無,4298,4.62,Y
2002,議員,區域,屏東縣,屏東縣第一選區,6,施蘇貴美,2,中國國民黨,3642,3.91,N
2002,議員,區域,屏東縣,屏東縣第一選區,7,吳燦坤,1,中國國民黨,2426,2.60,N
2002,議員,區域,屏東縣,屏東縣第一選區,8,鍾明輝,1,民主進步黨,2289,2.46,N
2002,議員,區域,屏東縣,屏東縣第一選區,9,曾義雄,1,中國國民黨,3668,3.94,Y
2002,議員,區域,屏東縣,屏東縣第一選區,10,董啟智,1,無,2805,3.01,N
2002,議員,區域,屏東縣,屏東縣第一選區,11,林福濟,1,民主進步黨,1281,1.38,N
2002,議員,區域,屏東縣,屏東縣第一選區,12,蔣家煌,1,無,5961,6.40,Y
2002,議員,區域,屏東縣,屏東縣第一選區,13,葉壽山,1,中國國民黨,4619,4.96,Y
2002,議員,區域,屏東縣,屏東縣第一選區,14,簡美麗,2,中國國民黨,2813,3.02,N
2002,議員,區域,屏東縣,屏東縣第一選區,15,宋麗華,2,無,6772,7.27,Y
2002,議員,區域,屏東縣,屏東縣第一選區,16,陳振甫,1,無,811,0.87,N
2002,議員,區域,屏東縣,屏東縣第一選區,17,林明順,1,無,4799,5.15,Y
2002,議員,區域,屏東縣,屏東縣第一選區,18,王昭雄,1,無,3490,3.75,N
2002,議員,區域,屏東縣,屏東縣第一選區,19,朱春勇,1,中國國民黨,527,0.57,N
2002,議員,區域,屏東縣,屏東縣第一選區,20,張炎城,1,親民黨,1796,1.93,N
2002,議員,區域,屏東縣,屏東縣第一選區,21,蘇全福,1,無,599,0.64,N
2002,議員,區域,屏東縣,屏東縣第一選區,22,張金文,1,無,5044,5.42,Y
2002,議員,區域,屏東縣,屏東縣第一選區,23,蔡炳煌,1,中國國民黨,2483,2.67,N
2002,議員,區域,屏東縣,屏東縣第一選區,24,王隆昌,1,無,314,0.34,N
2002,議員,區域,屏東縣,屏東縣第一選區,25,李世斌,1,民主進步黨,3676,3.95,Y
2002,議員,區域,屏東縣,屏東縣第一選區,26,李勝,1,親民黨,1072,1.15,N
2002,議員,區域,屏東縣,屏東縣第一選區,27,李世忠,1,台灣團結聯盟,1956,2.10,N
2002,議員,區域,屏東縣,屏東縣第一選區,28,林玉井,1,中國國民黨,3219,3.46,N
2002,議員,區域,屏東縣,屏東縣第一選區,29,蘇義峰,1,民主進步黨,4377,4.70,Y
2002,議員,區域,屏東縣,屏東縣第一選區,30,丁建華,1,無,1251,1.34,N
2002,議員,區域,屏東縣,屏東縣第一選區,31,程清水,1,中國國民黨,5285,5.67,Y
2002,議員,區域,屏東縣,屏東縣第一選區,32,楊子鵬,1,中國國民黨,3446,3.70,N
2002,議員,區域,屏東縣,屏東縣第一選區,33,黃木水,1,親民黨,1772,1.90,N
2002,議員,區域,屏東縣,屏東縣第一選區,34,李瑪麗,2,無,5452,5.85,Y
2002,議員,區域,屏東縣,屏東縣第二選區,1,黃基興,1,無,3117,3.90,N
2002,議員,區域,屏東縣,屏東縣第二選區,2,蔡淑媚,2,無,2458,3.07,N
2002,議員,區域,屏東縣,屏東縣第二選區,3,黃明正,1,無,2370,2.96,N
2002,議員,區域,屏東縣,屏東縣第二選區,4,邱清源,1,民主進步黨,3981,4.98,N
2002,議員,區域,屏東縣,屏東縣第二選區,5,陳榮昌,1,無,1881,2.35,N
2002,議員,區域,屏東縣,屏東縣第二選區,6,葉明博,1,無,6543,8.18,Y
2002,議員,區域,屏東縣,屏東縣第二選區,7,何春美,2,中國國民黨,8068,10.09,Y
2002,議員,區域,屏東縣,屏東縣第二選區,8,陳進興,1,中國國民黨,5820,7.28,N
2002,議員,區域,屏東縣,屏東縣第二選區,9,邱秀珠,2,中國國民黨,2959,3.70,N
2002,議員,區域,屏東縣,屏東縣第二選區,10,梁清旺,1,無,6266,7.84,Y
2002,議員,區域,屏東縣,屏東縣第二選區,11,張惠怡,2,中國國民黨,6587,8.24,Y
2002,議員,區域,屏東縣,屏東縣第二選區,12,蘇震清,1,民主進步黨,6407,8.01,Y
2002,議員,區域,屏東縣,屏東縣第二選區,13,林豐精,1,無,5896,7.37,Y
2002,議員,區域,屏東縣,屏東縣第二選區,14,黃水淋,1,無,2027,2.54,N
2002,議員,區域,屏東縣,屏東縣第二選區,15,盧文瑞,1,無,7188,8.99,Y
2002,議員,區域,屏東縣,屏東縣第二選區,16,尤慶賀,1,無,7546,9.44,Y
2002,議員,區域,屏東縣,屏東縣第二選區,17,邱順財,1,親民黨,839,1.05,N
2002,議員,區域,屏東縣,屏東縣第三選區,1,吳美勳,2,親民黨,1023,1.06,N
2002,議員,區域,屏東縣,屏東縣第三選區,2,許隨贏,1,無,1696,1.76,N
2002,議員,區域,屏東縣,屏東縣第三選區,3,徐榮耀,1,中國國民黨,6957,7.23,Y
2002,議員,區域,屏東縣,屏東縣第三選區,4,潘淑真,2,民主進步黨,6183,6.42,Y
2002,議員,區域,屏東縣,屏東縣第三選區,5,賴耀熙,1,中國國民黨,6606,6.86,Y
2002,議員,區域,屏東縣,屏東縣第三選區,6,鍾文中,1,台灣團結聯盟,3258,3.38,N
2002,議員,區域,屏東縣,屏東縣第三選區,7,劉輝亮,1,無,3550,3.69,N
2002,議員,區域,屏東縣,屏東縣第三選區,8,楊發財,1,親民黨,1546,1.61,N
2002,議員,區域,屏東縣,屏東縣第三選區,9,陳煌貴,1,無,353,0.37,N
2002,議員,區域,屏東縣,屏東縣第三選區,10,徐進德,1,民主進步黨,5763,5.99,Y
2002,議員,區域,屏東縣,屏東縣第三選區,11,沈文傑,1,無,6400,6.65,Y
2002,議員,區域,屏東縣,屏東縣第三選區,12,涂耀順,1,民主進步黨,3324,3.45,N
2002,議員,區域,屏東縣,屏東縣第三選區,13,葉文正,1,民主進步黨,2685,2.79,N
2002,議員,區域,屏東縣,屏東縣第三選區,14,盧文信,1,無,5366,5.57,Y
2002,議員,區域,屏東縣,屏東縣第三選區,15,許蘇美玉,2,中國國民黨,4193,4.36,N
2002,議員,區域,屏東縣,屏東縣第三選區,16,吳垂娟,2,中國國民黨,2089,2.17,N
2002,議員,區域,屏東縣,屏東縣第三選區,17,潘長成,1,無,6605,6.86,Y
2002,議員,區域,屏東縣,屏東縣第三選區,18,黃明榮,1,無,4960,5.15,Y
2002,議員,區域,屏東縣,屏東縣第三選區,19,林孝先,1,中國國民黨,3568,3.71,N
2002,議員,區域,屏東縣,屏東縣第三選區,20,曾勳任,1,無,4744,4.93,Y
2002,議員,區域,屏東縣,屏東縣第三選區,21,李明宗,1,民主進步黨,3894,4.04,N
2002,議員,區域,屏東縣,屏東縣第三選區,22,林郁虹,2,中國國民黨,5167,5.37,Y
2002,議員,區域,屏東縣,屏東縣第三選區,23,劉淼松,1,無,6337,6.58,Y
2002,議員,區域,屏東縣,屏東縣第四選區,1,林清都,1,無,7106,9.88,Y
2002,議員,區域,屏東縣,屏東縣第四選區,2,盧同協,1,民主進步黨,4464,6.20,N
2002,議員,區域,屏東縣,屏東縣第四選區,3,郭美玉,2,中國國民黨,7599,10.56,Y
2002,議員,區域,屏東縣,屏東縣第四選區,4,李香蘭,2,中國國民黨,5861,8.15,Y
2002,議員,區域,屏東縣,屏東縣第四選區,5,李坤育,1,民主進步黨,3284,4.56,N
2002,議員,區域,屏東縣,屏東縣第四選區,6,鄭寶川,1,無,7665,10.65,Y
2002,議員,區域,屏東縣,屏東縣第四選區,7,黃曉玲,2,無,5536,7.69,Y
2002,議員,區域,屏東縣,屏東縣第四選區,8,劉水復,1,無,6782,9.43,Y
2002,議員,區域,屏東縣,屏東縣第四選區,9,黃坤能,1,無,8518,11.84,Y
2002,議員,區域,屏東縣,屏東縣第四選區,10,李麗卿,2,無,4896,6.81,N
2002,議員,區域,屏東縣,屏東縣第四選區,11,周典論,1,中國國民黨,6462,8.98,Y
2002,議員,區域,屏東縣,屏東縣第四選區,12,蔡貴興,1,無,3774,5.25,N
2002,議員,區域,屏東縣,屏東縣第五選區,1,陳朱雲,2,中國國民黨,8872,22.15,Y
2002,議員,區域,屏東縣,屏東縣第五選區,2,王啟敏,1,中國國民黨,7616,19.02,Y
2002,議員,區域,屏東縣,屏東縣第五選區,3,楊嘉慶,1,民主進步黨,5482,13.69,N
2002,議員,區域,屏東縣,屏東縣第五選區,4,周碧雲,2,無,9982,24.92,Y
2002,議員,區域,屏東縣,屏東縣第五選區,5,鄭文華,1,無,6245,15.59,Y
2002,議員,區域,屏東縣,屏東縣第五選區,6,葉素貞,2,臺灣慧行志工黨,119,0.30,N
2002,議員,區域,屏東縣,屏東縣第五選區,7,何麗莉,2,無,1735,4.33,N
2002,議員,區域,屏東縣,屏東縣第六選區,1,張榮志,1,無,5929,20.44,Y
2002,議員,區域,屏東縣,屏東縣第六選區,2,潘孟安,1,民主進步黨,9601,33.10,Y
2002,議員,區域,屏東縣,屏東縣第六選區,3,徐啟智,1,親民黨,5499,18.96,N
2002,議員,區域,屏東縣,屏東縣第六選區,4,葉明順,1,中國國民黨,7973,27.49,Y
2002,議員,區域,屏東縣,屏東縣第七選區,1,王林美足,2,無,4473,55.03,Y
2002,議員,區域,屏東縣,屏東縣第七選區,2,陳惠琴,2,無,3656,44.97,N
2002,議員,區域,臺東縣,臺東縣第一選區,1,施向青,1,中國國民黨,1928,4.55,N
2002,議員,區域,臺東縣,臺東縣第一選區,2,溫曜瑋,1,無,734,1.73,N
2002,議員,區域,臺東縣,臺東縣第一選區,3,王飛龍,1,無,1933,4.56,Y
2002,議員,區域,臺東縣,臺東縣第一選區,4,張弘典,1,民主進步黨,767,1.81,N
2002,議員,區域,臺東縣,臺東縣第一選區,5,陳照明,1,無,90,0.21,N
2002,議員,區域,臺東縣,臺東縣第一選區,6,賴嘉祥,1,無,1976,4.66,Y
2002,議員,區域,臺東縣,臺東縣第一選區,7,吳俊立,1,中國國民黨,5231,12.34,Y
2002,議員,區域,臺東縣,臺東縣第一選區,8,王輝賢,1,無,1570,3.70,N
2002,議員,區域,臺東縣,臺東縣第一選區,9,陳南宏,1,無,385,0.91,N
2002,議員,區域,臺東縣,臺東縣第一選區,10,陳顯興,1,中國國民黨,2625,6.19,Y
2002,議員,區域,臺東縣,臺東縣第一選區,11,李金葉,2,中國國民黨,1546,3.65,N
2002,議員,區域,臺東縣,臺東縣第一選區,12,李應松,1,無,392,0.93,N
2002,議員,區域,臺東縣,臺東縣第一選區,13,田石雄,1,無,2319,5.47,Y
2002,議員,區域,臺東縣,臺東縣第一選區,14,鄭安定,1,中國國民黨,2183,5.15,Y
2002,議員,區域,臺東縣,臺東縣第一選區,15,黃麗香,2,民主進步黨,1554,3.67,N
2002,議員,區域,臺東縣,臺東縣第一選區,16,尤憲榮,1,無,2485,5.86,Y
2002,議員,區域,臺東縣,臺東縣第一選區,17,張國洲,1,無,3153,7.44,Y
2002,議員,區域,臺東縣,臺東縣第一選區,18,涂揚宗,1,無,170,0.40,N
2002,議員,區域,臺東縣,臺東縣第一選區,19,陳建閣,1,中國國民黨,1781,4.20,N
2002,議員,區域,臺東縣,臺東縣第一選區,20,謝明珠,2,無,2112,4.98,Y
2002,議員,區域,臺東縣,臺東縣第一選區,21,劉金來,1,無,477,1.13,N
2002,議員,區域,臺東縣,臺東縣第一選區,22,周茂春,1,無,92,0.22,N
2002,議員,區域,臺東縣,臺東縣第一選區,23,余梅香,2,無,1892,4.46,N
2002,議員,區域,臺東縣,臺東縣第一選區,24,李榮福,1,無,1593,3.76,N
2002,議員,區域,臺東縣,臺東縣第一選區,25,蔡維明,1,無,661,1.56,N
2002,議員,區域,臺東縣,臺東縣第一選區,26,蔡蓬江,1,無,196,0.46,N
2002,議員,區域,臺東縣,臺東縣第一選區,27,顏狄林,1,民主進步黨,548,1.29,N
2002,議員,區域,臺東縣,臺東縣第一選區,28,黃秋,2,無,1985,4.68,Y
2002,議員,區域,臺東縣,臺東縣第二選區,1,曾宏賢,1,中國國民黨,3224,46.78,Y
2002,議員,區域,臺東縣,臺東縣第二選區,2,馬賡蘭,2,中國國民黨,664,9.63,N
2002,議員,區域,臺東縣,臺東縣第二選區,3,張卓然,1,中國國民黨,3004,43.59,N
2002,議員,區域,臺東縣,臺東縣第三選區,1,張順貴,1,中國國民黨,2900,35.92,Y
2002,議員,區域,臺東縣,臺東縣第三選區,2,王新起,1,無,612,7.58,N
2002,議員,區域,臺東縣,臺東縣第三選區,3,郭勝文,1,無,334,4.14,N
2002,議員,區域,臺東縣,臺東縣第三選區,4,吳應誌,1,民主進步黨,1928,23.88,N
2002,議員,區域,臺東縣,臺東縣第三選區,5,邱一郎,1,中國國民黨,2299,28.48,Y
2002,議員,區域,臺東縣,臺東縣第四選區,1,林惠就,2,中國國民黨,3468,30.63,Y
2002,議員,區域,臺東縣,臺東縣第四選區,2,葉文章,1,無,70,0.62,N
2002,議員,區域,臺東縣,臺東縣第四選區,3,張茂益,1,中國國民黨,2657,23.46,Y
2002,議員,區域,臺東縣,臺東縣第四選區,4,李振源,1,無,2333,20.60,Y
2002,議員,區域,臺東縣,臺東縣第四選區,5,林文堂,1,中國國民黨,1869,16.50,N
2002,議員,區域,臺東縣,臺東縣第四選區,6,陳兆森,1,民主進步黨,927,8.19,N
2002,議員,區域,臺東縣,臺東縣第五選區,1,李錦慧,1,中國國民黨,3462,67.88,Y
2002,議員,區域,臺東縣,臺東縣第五選區,2,楊淑而,2,臺灣慧行志工黨,207,4.06,N
2002,議員,區域,臺東縣,臺東縣第五選區,3,王清水,1,無,1431,28.06,N
2002,議員,區域,花蓮縣,花蓮縣第一選區,1,林鳳旋,2,中國國民黨,1906,5.74,N
2002,議員,區域,花蓮縣,花蓮縣第一選區,2,劉曉玫,2,民主進步黨,2022,6.09,Y
2002,議員,區域,花蓮縣,花蓮縣第一選區,3,施金樹,1,民主進步黨,2456,7.40,Y
2002,議員,區域,花蓮縣,花蓮縣第一選區,4,蔣順榮,1,親民黨,1006,3.03,N
2002,議員,區域,花蓮縣,花蓮縣第一選區,5,栗國軫,1,親民黨,2011,6.06,N
2002,議員,區域,花蓮縣,花蓮縣第一選區,6,黃憲東,1,民主進步黨,2563,7.72,Y
2002,議員,區域,花蓮縣,花蓮縣第一選區,7,莊枝財,1,民主進步黨,2615,7.88,Y
2002,議員,區域,花蓮縣,花蓮縣第一選區,8,林連明,1,中國國民黨,3482,10.49,Y
2002,議員,區域,花蓮縣,花蓮縣第一選區,9,林秋綢,2,中國國民黨,922,2.78,N
2002,議員,區域,花蓮縣,花蓮縣第一選區,10,楊勝臺,1,親民黨,391,1.18,N
2002,議員,區域,花蓮縣,花蓮縣第一選區,11,鍾逸文,1,中國國民黨,3416,10.29,Y
2002,議員,區域,花蓮縣,花蓮縣第一選區,12,林民慧,2,無,3418,10.30,Y
2002,議員,區域,花蓮縣,花蓮縣第一選區,13,楊文值,1,中國國民黨,3841,11.57,Y
2002,議員,區域,花蓮縣,花蓮縣第一選區,14,謝國榮,1,中國國民黨,3144,9.47,Y
2002,議員,區域,花蓮縣,花蓮縣第二選區,1,游照春,1,無,3647,49.22,N
2002,議員,區域,花蓮縣,花蓮縣第二選區,2,傅朝明,1,中國國民黨,3763,50.78,Y
2002,議員,區域,花蓮縣,花蓮縣第三選區,1,郭國英,1,無,2723,6.67,Y
2002,議員,區域,花蓮縣,花蓮縣第三選區,2,陳文光,1,中國國民黨,3103,7.60,Y
2002,議員,區域,花蓮縣,花蓮縣第三選區,3,葉鯤璟,1,中國國民黨,2742,6.71,Y
2002,議員,區域,花蓮縣,花蓮縣第三選區,4,徐光榮,1,中國國民黨,2212,5.42,N
2002,議員,區域,花蓮縣,花蓮縣第三選區,5,張德騫,1,無,1733,4.24,N
2002,議員,區域,花蓮縣,花蓮縣第三選區,6,邱永雙,1,親民黨,2192,5.37,N
2002,議員,區域,花蓮縣,花蓮縣第三選區,7,邵金鳳,2,中國國民黨,2000,4.90,N
2002,議員,區域,花蓮縣,花蓮縣第三選區,8,高德村,1,無,285,0.70,N
2002,議員,區域,花蓮縣,花蓮縣第三選區,9,陳朝松,1,無,2369,5.80,Y
2002,議員,區域,花蓮縣,花蓮縣第三選區,10,沈錦標,1,中國國民黨,3372,8.26,Y
2002,議員,區域,花蓮縣,花蓮縣第三選區,11,張德連,1,民主進步黨,1099,2.69,N
2002,議員,區域,花蓮縣,花蓮縣第三選區,12,李俊逸,1,無,1158,2.84,N
2002,議員,區域,花蓮縣,花蓮縣第三選區,13,余榮桂,1,中國國民黨,1558,3.82,N
2002,議員,區域,花蓮縣,花蓮縣第三選區,14,徐松海,1,中國國民黨,3194,7.82,Y
2002,議員,區域,花蓮縣,花蓮縣第三選區,15,黃馨,2,無,2241,5.49,Y
2002,議員,區域,花蓮縣,花蓮縣第三選區,16,趙世源,1,中國國民黨,1945,4.76,N
2002,議員,區域,花蓮縣,花蓮縣第三選區,17,楊昇達,1,中國國民黨,1504,3.68,N
2002,議員,區域,花蓮縣,花蓮縣第三選區,18,徐雪玉,2,中國國民黨,2811,6.88,Y
2002,議員,區域,花蓮縣,花蓮縣第三選區,19,游美雲,2,民主進步黨,2594,6.35,Y
2002,議員,區域,花蓮縣,花蓮縣第四選區,1,劉德貞,2,中國國民黨,2634,13.88,Y
2002,議員,區域,花蓮縣,花蓮縣第四選區,2,徐秀枝,2,親民黨,1559,8.21,N
2002,議員,區域,花蓮縣,花蓮縣第四選區,3,閻廷相,1,中國國民黨,3541,18.66,Y
2002,議員,區域,花蓮縣,花蓮縣第四選區,4,葉俊廷,1,無,2152,11.34,N
2002,議員,區域,花蓮縣,花蓮縣第四選區,5,李瑾威,1,中國國民黨,1129,5.95,N
2002,議員,區域,花蓮縣,花蓮縣第四選區,6,蘇孝信,1,中國國民黨,4033,21.25,Y
2002,議員,區域,花蓮縣,花蓮縣第四選區,7,陳榮財,1,民主進步黨,3421,18.02,Y
2002,議員,區域,花蓮縣,花蓮縣第四選區,8,郭遠華,1,無,511,2.69,N
2002,議員,區域,澎湖縣,澎湖縣第一選區,1,張貴洲,1,無,1469,5.44,Y
2002,議員,區域,澎湖縣,澎湖縣第一選區,2,劉陳昭玲,2,中國國民黨,1947,7.21,Y
2002,議員,區域,澎湖縣,澎湖縣第一選區,3,陳雙全,1,中國國民黨,1534,5.68,Y
2002,議員,區域,澎湖縣,澎湖縣第一選區,4,鄭玉英,2,民主進步黨,191,0.71,N
2002,議員,區域,澎湖縣,澎湖縣第一選區,5,薛建民,1,親民黨,420,1.55,N
2002,議員,區域,澎湖縣,澎湖縣第一選區,6,吳南吉,1,臺灣慧行志工黨,31,0.11,N
2002,議員,區域,澎湖縣,澎湖縣第一選區,7,胡俊傑,1,中國國民黨,1145,4.24,N
2002,議員,區域,澎湖縣,澎湖縣第一選區,8,葉竹林,1,無,1309,4.85,N
2002,議員,區域,澎湖縣,澎湖縣第一選區,9,李瓊安,2,臺灣慧行志工黨,220,0.81,N
2002,議員,區域,澎湖縣,澎湖縣第一選區,10,呂平清,1,民主進步黨,1256,4.65,N
2002,議員,區域,澎湖縣,澎湖縣第一選區,11,呂永泰,1,無,1349,4.99,N
2002,議員,區域,澎湖縣,澎湖縣第一選區,12,陳海山,1,無,1397,5.17,Y
2002,議員,區域,澎湖縣,澎湖縣第一選區,13,高植澎,1,民主進步黨,1473,5.45,Y
2002,議員,區域,澎湖縣,澎湖縣第一選區,14,張再扶,1,無,1405,5.20,Y
2002,議員,區域,澎湖縣,澎湖縣第一選區,15,林素妹,2,台灣團結聯盟,185,0.68,N
2002,議員,區域,澎湖縣,澎湖縣第一選區,16,陳永和,1,中國國民黨,1269,4.70,N
2002,議員,區域,澎湖縣,澎湖縣第一選區,17,蘇文佐,1,無,1565,5.79,Y
2002,議員,區域,澎湖縣,澎湖縣第一選區,18,翁世墊,1,中國國民黨,1170,4.33,N
2002,議員,區域,澎湖縣,澎湖縣第一選區,19,黃素自,2,中國國民黨,1045,3.87,Y
2002,議員,區域,澎湖縣,澎湖縣第一選區,20,許麗音,2,無,933,3.45,N
2002,議員,區域,澎湖縣,澎湖縣第一選區,21,蔡丁志,1,無,46,0.17,N
2002,議員,區域,澎湖縣,澎湖縣第一選區,22,顏重慶,1,無,1428,5.29,Y
2002,議員,區域,澎湖縣,澎湖縣第一選區,23,陳百川,1,中國國民黨,1499,5.55,Y
2002,議員,區域,澎湖縣,澎湖縣第一選區,24,翁冬來,2,無,328,1.21,N
2002,議員,區域,澎湖縣,澎湖縣第一選區,25,蘇崑雄,1,中國國民黨,1968,7.29,Y
2002,議員,區域,澎湖縣,澎湖縣第一選區,26,陰玉玲,2,無,431,1.60,N
2002,議員,區域,澎湖縣,澎湖縣第二選區,1,李春氣,1,台灣團結聯盟,270,4.00,N
2002,議員,區域,澎湖縣,澎湖縣第二選區,2,歐陽洲,1,無,1340,19.88,Y
2002,議員,區域,澎湖縣,澎湖縣第二選區,3,成根深,1,民主進步黨,992,14.71,N
2002,議員,區域,澎湖縣,澎湖縣第二選區,4,吳政杰,1,中國國民黨,2126,31.53,Y
2002,議員,區域,澎湖縣,澎湖縣第二選區,5,陳進兩,1,無,1310,19.43,N
2002,議員,區域,澎湖縣,澎湖縣第二選區,6,李宗榮,1,無,704,10.44,N
2002,議員,區域,澎湖縣,澎湖縣第三選區,1,魏長源,1,中國國民黨,2049,41.22,Y
2002,議員,區域,澎湖縣,澎湖縣第三選區,2,方榮一,1,中國國民黨,1931,38.85,Y
2002,議員,區域,澎湖縣,澎湖縣第三選區,3,莊極樂,1,民主進步黨,991,19.94,N
2002,議員,區域,澎湖縣,澎湖縣第四選區,1,李添進,1,無,1115,24.45,Y
2002,議員,區域,澎湖縣,澎湖縣第四選區,2,林頂棣,1,民主進步黨,224,4.91,N
2002,議員,區域,澎湖縣,澎湖縣第四選區,3,許月里,2,無,1111,24.36,Y
2002,議員,區域,澎湖縣,澎湖縣第四選區,4,歐中慨,1,中國國民黨,1000,21.93,N
2002,議員,區域,澎湖縣,澎湖縣第四選區,5,許啟川,1,無,1110,24.34,N
2002,議員,區域,澎湖縣,澎湖縣第五選區,1,葉明縣,1,無,1478,53.86,Y
2002,議員,區域,澎湖縣,澎湖縣第五選區,2,許長福,1,中國國民黨,1266,46.14,N
2002,議員,區域,澎湖縣,澎湖縣第六選區,1,張啟明,1,中國國民黨,761,48.29,N
2002,議員,區域,澎湖縣,澎湖縣第六選區,2,呂啟宗,1,無,815,51.71,Y
2002,議員,區域,基隆市,基隆市第一選區,1,謝守男,1,中國國民黨,2103,9.98,N
2002,議員,區域,基隆市,基隆市第一選區,2,潘谷風,1,親民黨,594,2.82,N
2002,議員,區域,基隆市,基隆市第一選區,3,謝月霞,2,民主進步黨,1399,6.64,N
2002,議員,區域,基隆市,基隆市第一選區,4,謝建政,1,中國國民黨,2155,10.22,Y
2002,議員,區域,基隆市,基隆市第一選區,5,郭民通,1,中國國民黨,2134,10.12,N
2002,議員,區域,基隆市,基隆市第一選區,6,楊超敏,1,無,157,0.74,N
2002,議員,區域,基隆市,基隆市第一選區,7,丁玉玲,2,無,494,2.34,N
2002,議員,區域,基隆市,基隆市第一選區,8,陳亦文,2,中國國民黨,1387,6.58,N
2002,議員,區域,基隆市,基隆市第一選區,9,詹春陽,1,民主進步黨,2890,13.71,Y
2002,議員,區域,基隆市,基隆市第一選區,10,呂美玲,2,親民黨,2013,9.55,Y
2002,議員,區域,基隆市,基隆市第一選區,11,林達欽,1,無,591,2.80,N
2002,議員,區域,基隆市,基隆市第一選區,12,張通榮,1,中國國民黨,2513,11.92,Y
2002,議員,區域,基隆市,基隆市第一選區,13,羅富友,1,無,2651,12.58,Y
2002,議員,區域,基隆市,基隆市第二選區,1,張阿梅,2,中國國民黨,733,4.37,N
2002,議員,區域,基隆市,基隆市第二選區,2,江鑒育,1,中國國民黨,2027,12.09,N
2002,議員,區域,基隆市,基隆市第二選區,3,韓良圻,1,親民黨,3789,22.60,Y
2002,議員,區域,基隆市,基隆市第二選區,4,陳東財,1,民主進步黨,2573,15.34,Y
2002,議員,區域,基隆市,基隆市第二選區,5,江麗玉,2,中國國民黨,1111,6.63,N
2002,議員,區域,基隆市,基隆市第二選區,6,張漢土,1,中國國民黨,3608,21.52,Y
2002,議員,區域,基隆市,基隆市第二選區,7,何淑萍,2,中國國民黨,1711,10.20,Y
2002,議員,區域,基隆市,基隆市第二選區,8,莊榮清,1,中國國民黨,962,5.74,N
2002,議員,區域,基隆市,基隆市第二選區,9,張申國,1,無,255,1.52,N
2002,議員,區域,基隆市,基隆市第三選區,1,林文祺,1,無,2111,12.35,N
2002,議員,區域,基隆市,基隆市第三選區,2,何聖隆,1,無,2173,12.71,N
2002,議員,區域,基隆市,基隆市第三選區,3,藍正宗,1,親民黨,2116,12.38,N
2002,議員,區域,基隆市,基隆市第三選區,4,郭文德,1,無,192,1.12,N
2002,議員,區域,基隆市,基隆市第三選區,5,曾水源,1,中國國民黨,3017,17.65,Y
2002,議員,區域,基隆市,基隆市第三選區,6,張芳麗,2,中國國民黨,1964,11.49,Y
2002,議員,區域,基隆市,基隆市第三選區,7,顏麗娟,2,無,575,3.36,N
2002,議員,區域,基隆市,基隆市第三選區,8,莊榮欽,1,中國國民黨,2406,14.08,Y
2002,議員,區域,基隆市,基隆市第三選區,9,游祥耀,1,民主進步黨,2539,14.85,Y
2002,議員,區域,基隆市,基隆市第四選區,1,林高錦,2,無,2129,11.33,N
2002,議員,區域,基隆市,基隆市第四選區,2,楊石城,1,親民黨,1970,10.49,N
2002,議員,區域,基隆市,基隆市第四選區,3,游秋臨,1,中國國民黨,2768,14.73,Y
2002,議員,區域,基隆市,基隆市第四選區,4,張錦煌,1,民主進步黨,4150,22.09,Y
2002,議員,區域,基隆市,基隆市第四選區,5,馬重五,1,中國國民黨,2192,11.67,N
2002,議員,區域,基隆市,基隆市第四選區,6,施世明,1,民主進步黨,3177,16.91,Y
2002,議員,區域,基隆市,基隆市第四選區,7,宋瑋莉,2,中國國民黨,2402,12.78,Y
2002,議員,區域,基隆市,基隆市第五選區,1,莊錦田,1,親民黨,1861,7.36,Y
2002,議員,區域,基隆市,基隆市第五選區,2,蔡信雄,1,無,575,2.27,N
2002,議員,區域,基隆市,基隆市第五選區,3,沈義傳,1,中國國民黨,3209,12.69,Y
2002,議員,區域,基隆市,基隆市第五選區,4,陳建雄,1,民主進步黨,1580,6.25,N
2002,議員,區域,基隆市,基隆市第五選區,5,張銘傑,1,中國國民黨,2228,8.81,Y
2002,議員,區域,基隆市,基隆市第五選區,6,杜張秀鳳,2,中國國民黨,2127,8.41,Y
2002,議員,區域,基隆市,基隆市第五選區,7,秦鉦,1,親民黨,2497,9.88,Y
2002,議員,區域,基隆市,基隆市第五選區,8,俞叁發,1,無,1815,7.18,N
2002,議員,區域,基隆市,基隆市第五選區,9,林弘和,1,中國國民黨,1843,7.29,N
2002,議員,區域,基隆市,基隆市第五選區,10,鄭林清良,2,中國國民黨,3977,15.73,Y
2002,議員,區域,基隆市,基隆市第五選區,11,陳志成,1,民主進步黨,2231,8.82,Y
2002,議員,區域,基隆市,基隆市第五選區,12,李振銘,1,無,1341,5.30,N
2002,議員,區域,基隆市,基隆市第六選區,1,鄭怡信,1,中國國民黨,2943,23.18,Y
2002,議員,區域,基隆市,基隆市第六選區,2,黃景泰,1,中國國民黨,3651,28.76,Y
2002,議員,區域,基隆市,基隆市第六選區,3,陳建興,1,無,577,4.55,N
2002,議員,區域,基隆市,基隆市第六選區,4,鄭可熙,1,中國國民黨,2773,21.84,Y
2002,議員,區域,基隆市,基隆市第六選區,5,林金水,1,民主進步黨,2751,21.67,N
2002,議員,區域,基隆市,基隆市第七選區,1,蔡世鈴,1,中國國民黨,1804,9.23,N
2002,議員,區域,基隆市,基隆市第七選區,2,張金華,1,中國國民黨,1378,7.05,N
2002,議員,區域,基隆市,基隆市第七選區,3,張阿月,2,中國國民黨,806,4.12,N
2002,議員,區域,基隆市,基隆市第七選區,4,陳金樹,1,中國國民黨,2142,10.96,Y
2002,議員,區域,基隆市,基隆市第七選區,5,王翔鐘,1,中國國民黨,2591,13.26,Y
2002,議員,區域,基隆市,基隆市第七選區,6,梁成文,1,民主進步黨,1479,7.57,N
2002,議員,區域,基隆市,基隆市第七選區,7,蔣金玉,2,無,353,1.81,N
2002,議員,區域,基隆市,基隆市第七選區,8,蘇財發,1,中國國民黨,1772,9.07,N
2002,議員,區域,基隆市,基隆市第七選區,9,張耿輝,1,中國國民黨,2164,11.07,Y
2002,議員,區域,基隆市,基隆市第七選區,10,鄭至偉,1,親民黨,1056,5.40,N
2002,議員,區域,基隆市,基隆市第七選區,11,蔡文德,1,民主進步黨,1331,6.81,N
2002,議員,區域,基隆市,基隆市第七選區,12,龔勇讚,1,親民黨,1507,7.71,N
2002,議員,區域,基隆市,基隆市第七選區,13,高辜惠珍,2,無,1159,5.93,Y
2002,議員,區域,新竹市,新竹市第一選區,1,張祖琰,2,新黨,1926,5.52,Y
2002,議員,區域,新竹市,新竹市第一選區,2,鄭宏輝,1,民主進步黨,2436,6.99,Y
2002,議員,區域,新竹市,新竹市第一選區,3,溫國榮,1,無,751,2.15,N
2002,議員,區域,新竹市,新竹市第一選區,4,周銘雄,1,中國國民黨,1422,4.08,N
2002,議員,區域,新竹市,新竹市第一選區,5,古榮政,1,民主進步黨,1525,4.37,N
2002,議員,區域,新竹市,新竹市第一選區,6,戴鎰家,1,中國國民黨,879,2.52,N
2002,議員,區域,新竹市,新竹市第一選區,7,鄭正鈐,1,中國國民黨,1715,4.92,Y
2002,議員,區域,新竹市,新竹市第一選區,8,趙高政,1,無,281,0.81,N
2002,議員,區域,新竹市,新竹市第一選區,9,陳良源,1,無,346,0.99,N
2002,議員,區域,新竹市,新竹市第一選區,10,柯文榮,1,無,343,0.98,N
2002,議員,區域,新竹市,新竹市第一選區,11,胡嘉甄,2,無,241,0.69,N
2002,議員,區域,新竹市,新竹市第一選區,12,鍾淑英,2,親民黨,3151,9.04,Y
2002,議員,區域,新竹市,新竹市第一選區,13,曾仁宗,1,中國國民黨,2140,6.14,Y
2002,議員,區域,新竹市,新竹市第一選區,14,邱漢奇,1,親民黨,1194,3.42,N
2002,議員,區域,新竹市,新竹市第一選區,15,楊玉斌,1,無,2406,6.90,Y
2002,議員,區域,新竹市,新竹市第一選區,16,黃元,1,無,605,1.74,N
2002,議員,區域,新竹市,新竹市第一選區,17,鄭貴元,1,民主進步黨,2313,6.63,Y
2002,議員,區域,新竹市,新竹市第一選區,18,張承義,1,中國國民黨,1174,3.37,N
2002,議員,區域,新竹市,新竹市第一選區,19,陳文正,1,無,2237,6.42,Y
2002,議員,區域,新竹市,新竹市第一選區,20,余泉霖,1,無,2187,6.27,Y
2002,議員,區域,新竹市,新竹市第一選區,21,王易文,1,中國國民黨,1506,4.32,N
2002,議員,區域,新竹市,新竹市第一選區,22,鄭劉淑妹,2,中國國民黨,1824,5.23,Y
2002,議員,區域,新竹市,新竹市第一選區,23,段孝芳,2,中國國民黨,1539,4.41,N
2002,議員,區域,新竹市,新竹市第一選區,24,卓政一,1,無,251,0.72,N
2002,議員,區域,新竹市,新竹市第一選區,25,蔡武憲,1,無,471,1.35,N
2002,議員,區域,新竹市,新竹市第二選區,1,許文棟,1,無,2773,18.25,Y
2002,議員,區域,新竹市,新竹市第二選區,2,曾義豐,1,台灣團結聯盟,2535,16.69,N
2002,議員,區域,新竹市,新竹市第二選區,3,林建宏,1,親民黨,1748,11.51,N
2002,議員,區域,新竹市,新竹市第二選區,4,宋金海,1,中國國民黨,2653,17.46,Y
2002,議員,區域,新竹市,新竹市第二選區,5,魏秀珍,2,民主進步黨,1355,8.92,Y
2002,議員,區域,新竹市,新竹市第二選區,6,王珮玲,2,無,832,5.48,N
2002,議員,區域,新竹市,新竹市第二選區,7,徐信芳,1,中國國民黨,2817,18.54,Y
2002,議員,區域,新竹市,新竹市第二選區,8,曾蘭香,2,無,478,3.15,N
2002,議員,區域,新竹市,新竹市第三選區,1,駱克銘,1,中國國民黨,2172,20.44,Y
2002,議員,區域,新竹市,新竹市第三選區,2,鄭正宗,1,民主進步黨,2458,23.13,Y
2002,議員,區域,新竹市,新竹市第三選區,3,游碧玉,2,親民黨,1955,18.40,N
2002,議員,區域,新竹市,新竹市第三選區,4,呂於台,1,中國國民黨,2137,20.11,Y
2002,議員,區域,新竹市,新竹市第三選區,5,李文彬,1,無,401,3.77,N
2002,議員,區域,新竹市,新竹市第三選區,6,陳憲聰,1,台灣團結聯盟,1502,14.14,N
2002,議員,區域,新竹市,新竹市第四選區,1,魏綸岑,1,無,215,0.65,N
2002,議員,區域,新竹市,新竹市第四選區,2,邱甫瓊,2,無,216,0.65,N
2002,議員,區域,新竹市,新竹市第四選區,3,喬國偉,1,親民黨,1330,4.02,N
2002,議員,區域,新竹市,新竹市第四選區,4,蕭志潔,2,無,1148,3.47,N
2002,議員,區域,新竹市,新竹市第四選區,5,孫鍚洲,1,無,2725,8.24,Y
2002,議員,區域,新竹市,新竹市第四選區,6,邵清福,1,中國國民黨,627,1.90,N
2002,議員,區域,新竹市,新竹市第四選區,7,彭昆耀,1,無,3410,10.31,Y
2002,議員,區域,新竹市,新竹市第四選區,8,王臺珍,2,無,398,1.20,N
2002,議員,區域,新竹市,新竹市第四選區,9,孟成龍,1,親民黨,816,2.47,N
2002,議員,區域,新竹市,新竹市第四選區,10,陳清全,1,無,1745,5.28,Y
2002,議員,區域,新竹市,新竹市第四選區,11,林飛鵬,1,民主進步黨,1370,4.14,N
2002,議員,區域,新竹市,新竹市第四選區,12,張淑鈴,2,民主進步黨,951,2.88,N
2002,議員,區域,新竹市,新竹市第四選區,13,李黃錦燕,2,中國國民黨,1336,4.04,Y
2002,議員,區域,新竹市,新竹市第四選區,14,許明霞,2,中國國民黨,953,2.88,N
2002,議員,區域,新竹市,新竹市第四選區,15,李妍慧,2,台灣團結聯盟,1469,4.44,Y
2002,議員,區域,新竹市,新竹市第四選區,16,季大正,1,無,268,0.81,N
2002,議員,區域,新竹市,新竹市第四選區,17,吳青山,1,中國國民黨,1632,4.94,N
2002,議員,區域,新竹市,新竹市第四選區,18,紀忠洲,1,無,315,0.95,N
2002,議員,區域,新竹市,新竹市第四選區,19,戴炎烘,1,無,947,2.86,N
2002,議員,區域,新竹市,新竹市第四選區,20,塗夢龍,1,無,521,1.58,N
2002,議員,區域,新竹市,新竹市第四選區,21,蔡錕鈺,1,無,2215,6.70,Y
2002,議員,區域,新竹市,新竹市第四選區,22,楊長翰,1,無,332,1.00,N
2002,議員,區域,新竹市,新竹市第四選區,23,林堅強,1,中國國民黨,1723,5.21,N
2002,議員,區域,新竹市,新竹市第四選區,24,謝文進,1,無,2613,7.90,Y
2002,議員,區域,新竹市,新竹市第四選區,25,黃天鐸,1,無,435,1.32,N
2002,議員,區域,新竹市,新竹市第四選區,26,彭憲忠,1,無,670,2.03,N
2002,議員,區域,新竹市,新竹市第四選區,27,溫明地,1,無,1861,5.63,Y
2002,議員,區域,新竹市,新竹市第四選區,28,彭彬鎰,1,無,822,2.49,N
2002,議員,區域,新竹市,新竹市第五選區,1,楊淑娟,2,無,346,1.46,N
2002,議員,區域,新竹市,新竹市第五選區,2,吳國寶,1,台灣團結聯盟,841,3.55,N
2002,議員,區域,新竹市,新竹市第五選區,3,任致遠,1,無,639,2.70,N
2002,議員,區域,新竹市,新竹市第五選區,4,楊玉華,2,無,1441,6.09,N
2002,議員,區域,新竹市,新竹市第五選區,5,吳漢奇,1,無,401,1.69,N
2002,議員,區域,新竹市,新竹市第五選區,6,林漢淇,1,民主進步黨,2695,11.38,Y
2002,議員,區域,新竹市,新竹市第五選區,7,王明魁,1,中國國民黨,3818,16.13,Y
2002,議員,區域,新竹市,新竹市第五選區,8,楊朝昇,1,無,429,1.81,N
2002,議員,區域,新竹市,新竹市第五選區,9,張憲堂,1,無,1208,5.10,N
2002,議員,區域,新竹市,新竹市第五選區,10,朱崇賢,1,台灣團結聯盟,280,1.18,N
2002,議員,區域,新竹市,新竹市第五選區,11,陳明錦,2,中國國民黨,2055,8.68,Y
2002,議員,區域,新竹市,新竹市第五選區,12,林耕仁,1,中國國民黨,3912,16.52,Y
2002,議員,區域,新竹市,新竹市第五選區,13,林梅華,2,無,2604,11.00,Y
2002,議員,區域,新竹市,新竹市第五選區,14,鄭成光,1,無,3005,12.69,Y
2002,議員,區域,臺中市,臺中市第一選區,1,吳錫瑋,1,親民黨,2886,7.49,N
2002,議員,區域,臺中市,臺中市第一選區,2,張德榮,1,中國國民黨,4278,11.10,Y
2002,議員,區域,臺中市,臺中市第一選區,3,莊乃慧,2,無,2838,7.36,Y
2002,議員,區域,臺中市,臺中市第一選區,4,蕭杰,1,民主進步黨,4084,10.60,Y
2002,議員,區域,臺中市,臺中市第一選區,5,張宏年,1,中國國民黨,7292,18.92,Y
2002,議員,區域,臺中市,臺中市第一選區,6,黃國書,1,民主進步黨,4514,11.71,Y
2002,議員,區域,臺中市,臺中市第一選區,7,黃英傑,1,民主進步黨,3267,8.48,N
2002,議員,區域,臺中市,臺中市第一選區,8,張雪惠,2,中國國民黨,1756,4.56,N
2002,議員,區域,臺中市,臺中市第一選區,9,吳昌龍,1,無,99,0.26,N
2002,議員,區域,臺中市,臺中市第一選區,10,林清華,1,中國國民黨,4045,10.50,Y
2002,議員,區域,臺中市,臺中市第一選區,11,江正吉,1,中國國民黨,3480,9.03,N
2002,議員,區域,臺中市,臺中市第二選區,1,林明寬,1,無,227,0.61,N
2002,議員,區域,臺中市,臺中市第二選區,2,林益源,1,建國黨,44,0.12,N
2002,議員,區域,臺中市,臺中市第二選區,3,陳有江,1,中國國民黨,4687,12.57,Y
2002,議員,區域,臺中市,臺中市第二選區,4,賴裕雄,1,中國國民黨,3076,8.25,Y
2002,議員,區域,臺中市,臺中市第二選區,5,梁成,1,親民黨,3115,8.36,Y
2002,議員,區域,臺中市,臺中市第二選區,6,陳秀鳳,2,無,761,2.04,N
2002,議員,區域,臺中市,臺中市第二選區,7,張克任,1,無,62,0.17,N
2002,議員,區域,臺中市,臺中市第二選區,8,郭騰為,1,親民黨,1839,4.93,N
2002,議員,區域,臺中市,臺中市第二選區,9,黃坤錫,1,無,672,1.80,N
2002,議員,區域,臺中市,臺中市第二選區,10,楊仲傑,1,無,767,2.06,N
2002,議員,區域,臺中市,臺中市第二選區,11,王麗雅,2,無,1072,2.88,N
2002,議員,區域,臺中市,臺中市第二選區,12,賴穎鋌,1,民主進步黨,5742,15.40,Y
2002,議員,區域,臺中市,臺中市第二選區,13,陳永源,1,無,1024,2.75,N
2002,議員,區域,臺中市,臺中市第二選區,14,劉國隆,1,台灣團結聯盟,2137,5.73,N
2002,議員,區域,臺中市,臺中市第二選區,15,陳天汶,1,中國國民黨,5765,15.46,Y
2002,議員,區域,臺中市,臺中市第二選區,16,范淞育,1,民主進步黨,4667,12.52,Y
2002,議員,區域,臺中市,臺中市第二選區,17,廖佩春,2,中國國民黨,1626,4.36,Y
2002,議員,區域,臺中市,臺中市第三選區,1,陳福文,1,民主進步黨,5066,10.08,Y
2002,議員,區域,臺中市,臺中市第三選區,2,許慧珠,2,親民黨,2493,4.96,N
2002,議員,區域,臺中市,臺中市第三選區,3,林黃玉美,2,中國國民黨,3569,7.10,Y
2002,議員,區域,臺中市,臺中市第三選區,4,顏英男,1,中國國民黨,3818,7.60,Y
2002,議員,區域,臺中市,臺中市第三選區,5,李中,1,中國國民黨,2707,5.39,N
2002,議員,區域,臺中市,臺中市第三選區,6,鄭功進,1,民主進步黨,3378,6.72,Y
2002,議員,區域,臺中市,臺中市第三選區,7,江克能,1,無,1701,3.39,N
2002,議員,區域,臺中市,臺中市第三選區,8,賴頤年,1,無,4658,9.27,Y
2002,議員,區域,臺中市,臺中市第三選區,9,梁曼娜,2,中國國民黨,2278,4.53,N
2002,議員,區域,臺中市,臺中市第三選區,10,林威邦,1,無,4427,8.81,Y
2002,議員,區域,臺中市,臺中市第三選區,11,王名江,1,中國國民黨,331,0.66,N
2002,議員,區域,臺中市,臺中市第三選區,12,林佩樂,2,中國國民黨,4084,8.13,Y
2002,議員,區域,臺中市,臺中市第三選區,13,許秀嬌,2,無,834,1.66,N
2002,議員,區域,臺中市,臺中市第三選區,14,劉秀珍,2,無,1061,2.11,N
2002,議員,區域,臺中市,臺中市第三選區,15,陳坤湖,1,無,1899,3.78,N
2002,議員,區域,臺中市,臺中市第三選區,16,何敏誠,1,民主進步黨,6129,12.20,Y
2002,議員,區域,臺中市,臺中市第三選區,17,洪明芳,1,親民黨,1491,2.97,N
2002,議員,區域,臺中市,臺中市第三選區,18,屈宏義,1,無,311,0.62,N
2002,議員,區域,臺中市,臺中市第四選區,1,陳富德,1,中國國民黨,1895,4.22,N
2002,議員,區域,臺中市,臺中市第四選區,2,吳春夏,1,親民黨,2367,5.27,N
2002,議員,區域,臺中市,臺中市第四選區,3,陳瑞德,1,中國國民黨,3959,8.82,Y
2002,議員,區域,臺中市,臺中市第四選區,4,陳紀妙,2,民主進步黨,1957,4.36,N
2002,議員,區域,臺中市,臺中市第四選區,5,張柏勳,1,無,1001,2.23,N
2002,議員,區域,臺中市,臺中市第四選區,6,葛滿慶,1,無,62,0.14,N
2002,議員,區域,臺中市,臺中市第四選區,7,張廖乃綸,2,中國國民黨,3939,8.77,Y
2002,議員,區域,臺中市,臺中市第四選區,8,蔡錦隆,1,中國國民黨,5101,11.36,Y
2002,議員,區域,臺中市,臺中市第四選區,9,謝淑娟,2,無,72,0.16,N
2002,議員,區域,臺中市,臺中市第四選區,10,陳淑華,2,民主進步黨,3010,6.70,Y
2002,議員,區域,臺中市,臺中市第四選區,11,郭惠珍,2,親民黨,1037,2.31,N
2002,議員,區域,臺中市,臺中市第四選區,12,楊正中,1,中國國民黨,5665,12.62,Y
2002,議員,區域,臺中市,臺中市第四選區,13,張廖萬堅,1,民主進步黨,5416,12.06,Y
2002,議員,區域,臺中市,臺中市第四選區,14,廖銘宗,1,無,961,2.14,N
2002,議員,區域,臺中市,臺中市第四選區,15,范淦昌,1,臺灣慧行志工黨,32,0.07,N
2002,議員,區域,臺中市,臺中市第四選區,16,廖松柏,1,中國國民黨,3032,6.75,Y
2002,議員,區域,臺中市,臺中市第四選區,17,黃馨慧,2,中國國民黨,2930,6.53,Y
2002,議員,區域,臺中市,臺中市第四選區,18,陳仁訓,1,親民黨,2012,4.48,N
2002,議員,區域,臺中市,臺中市第四選區,19,黃邱惠霞,2,無,454,1.01,N
2002,議員,區域,臺中市,臺中市第五選區,1,賴森崑,1,無,1392,4.11,N
2002,議員,區域,臺中市,臺中市第五選區,2,曾壬癸,1,無,378,1.12,N
2002,議員,區域,臺中市,臺中市第五選區,3,丁振嘉,1,中國國民黨,2912,8.61,Y
2002,議員,區域,臺中市,臺中市第五選區,4,王秋冬,1,中國國民黨,4414,13.05,Y
2002,議員,區域,臺中市,臺中市第五選區,5,陳三井,1,中國國民黨,4436,13.11,Y
2002,議員,區域,臺中市,臺中市第五選區,6,劉士州,1,無,3814,11.27,Y
2002,議員,區域,臺中市,臺中市第五選區,7,謝錦江,1,無,37,0.11,N
2002,議員,區域,臺中市,臺中市第五選區,8,何文海,1,無,3424,10.12,Y
2002,議員,區域,臺中市,臺中市第五選區,9,林麗霜,2,民主進步黨,2487,7.35,N
2002,議員,區域,臺中市,臺中市第五選區,10,黃淑芬,2,中國國民黨,2866,8.47,Y
2002,議員,區域,臺中市,臺中市第五選區,11,劉一生,1,親民黨,2633,7.78,N
2002,議員,區域,臺中市,臺中市第五選區,12,曾穩達,1,無,352,1.04,N
2002,議員,區域,臺中市,臺中市第五選區,13,張耀中,1,民主進步黨,2737,8.09,N
2002,議員,區域,臺中市,臺中市第五選區,14,陳明裕,1,台灣團結聯盟,1954,5.77,N
2002,議員,區域,臺中市,臺中市第六選區,1,賴滄浪,1,中國國民黨,1172,1.77,N
2002,議員,區域,臺中市,臺中市第六選區,2,林毓釗,1,無,1858,2.81,N
2002,議員,區域,臺中市,臺中市第六選區,3,王岳彬,1,民主進步黨,2456,3.71,N
2002,議員,區域,臺中市,臺中市第六選區,4,陳武雄,1,中國國民黨,4852,7.33,Y
2002,議員,區域,臺中市,臺中市第六選區,5,張競業,1,無,589,0.89,N
2002,議員,區域,臺中市,臺中市第六選區,6,曾朝榮,1,民主進步黨,6029,9.11,Y
2002,議員,區域,臺中市,臺中市第六選區,7,陳清景,1,無,5180,7.82,Y
2002,議員,區域,臺中市,臺中市第六選區,8,游民哲,1,中國國民黨,4247,6.41,Y
2002,議員,區域,臺中市,臺中市第六選區,9,林永能,1,中國國民黨,3663,5.53,Y
2002,議員,區域,臺中市,臺中市第六選區,10,陳薰珠,2,親民黨,2364,3.57,N
2002,議員,區域,臺中市,臺中市第六選區,11,詹朝郎,1,無,871,1.32,N
2002,議員,區域,臺中市,臺中市第六選區,12,林晏賢,1,無,61,0.09,N
2002,議員,區域,臺中市,臺中市第六選區,13,賴國煙,1,台灣團結聯盟,1180,1.78,N
2002,議員,區域,臺中市,臺中市第六選區,14,賴順仁,1,中國國民黨,5149,7.78,Y
2002,議員,區域,臺中市,臺中市第六選區,15,沈佑蓮,2,親民黨,5116,7.73,Y
2002,議員,區域,臺中市,臺中市第六選區,16,楊山池,1,新黨,2029,3.06,N
2002,議員,區域,臺中市,臺中市第六選區,17,蔣海水,1,無,50,0.08,N
2002,議員,區域,臺中市,臺中市第六選區,18,黃世豪,1,無,177,0.27,N
2002,議員,區域,臺中市,臺中市第六選區,19,張鈴芳,2,台灣團結聯盟,1280,1.93,N
2002,議員,區域,臺中市,臺中市第六選區,20,劉春財,1,中國國民黨,4862,7.34,Y
2002,議員,區域,臺中市,臺中市第六選區,21,朱蕙蘭,2,中國國民黨,3041,4.59,N
2002,議員,區域,臺中市,臺中市第六選區,22,賴天龍,1,無,3652,5.52,Y
2002,議員,區域,臺中市,臺中市第六選區,23,張明昌,1,民主進步黨,2628,3.97,N
2002,議員,區域,臺中市,臺中市第六選區,24,蔡雅玲,2,民主進步黨,3703,5.59,Y
2002,議員,區域,嘉義市,嘉義市第一選區,1,歐金城,1,中國國民黨,1024,1.90,N
2002,議員,區域,嘉義市,嘉義市第一選區,2,柯仁傑,1,親民黨,301,0.56,N
2002,議員,區域,嘉義市,嘉義市第一選區,3,郭美玲,2,中國國民黨,3232,5.99,Y
2002,議員,區域,嘉義市,嘉義市第一選區,4,蔡永泉,1,台灣團結聯盟,1182,2.19,N
2002,議員,區域,嘉義市,嘉義市第一選區,5,郭清桂,1,無,615,1.14,N
2002,議員,區域,嘉義市,嘉義市第一選區,6,黃永煌,1,民主進步黨,2553,4.73,N
2002,議員,區域,嘉義市,嘉義市第一選區,7,侯金良,1,中國國民黨,3494,6.47,Y
2002,議員,區域,嘉義市,嘉義市第一選區,8,莊奇斌,1,無,225,0.42,N
2002,議員,區域,嘉義市,嘉義市第一選區,9,邱芳欽,1,無,3841,7.12,Y
2002,議員,區域,嘉義市,嘉義市第一選區,10,張孟崇,1,民主進步黨,845,1.57,N
2002,議員,區域,嘉義市,嘉義市第一選區,11,簡任澤,1,無,27,0.05,N
2002,議員,區域,嘉義市,嘉義市第一選區,12,江美鋒,2,親民黨,223,0.41,N
2002,議員,區域,嘉義市,嘉義市第一選區,13,林慧霞,2,無,331,0.61,N
2002,議員,區域,嘉義市,嘉義市第一選區,14,洪有仁,1,無,1991,3.69,N
2002,議員,區域,嘉義市,嘉義市第一選區,15,姜淑華,2,無,583,1.08,N
2002,議員,區域,嘉義市,嘉義市第一選區,16,郭明賓,1,中國國民黨,3078,5.70,Y
2002,議員,區域,嘉義市,嘉義市第一選區,17,黃秋澤,1,無,3412,6.32,Y
2002,議員,區域,嘉義市,嘉義市第一選區,18,蔡嘉文,1,無,2419,4.48,N
2002,議員,區域,嘉義市,嘉義市第一選區,19,林瑞霞,2,無,911,1.69,N
2002,議員,區域,嘉義市,嘉義市第一選區,20,李允志,1,無,3912,7.25,Y
2002,議員,區域,嘉義市,嘉義市第一選區,21,陳素分,2,無,1649,3.05,N
2002,議員,區域,嘉義市,嘉義市第一選區,22,陳文齡,1,中國國民黨,2736,5.07,Y
2002,議員,區域,嘉義市,嘉義市第一選區,23,黃國村,1,中國國民黨,3018,5.59,Y
2002,議員,區域,嘉義市,嘉義市第一選區,24,吳惠婉,2,無,1205,2.23,N
2002,議員,區域,嘉義市,嘉義市第一選區,25,張榮藏,1,無,2794,5.18,Y
2002,議員,區域,嘉義市,嘉義市第一選區,26,曾麗吟,2,親民黨,2359,4.37,Y
2002,議員,區域,嘉義市,嘉義市第一選區,27,黃乙常,1,民主進步黨,1582,2.93,N
2002,議員,區域,嘉義市,嘉義市第一選區,28,洪秀珠,2,民主進步黨,759,1.41,N
2002,議員,區域,嘉義市,嘉義市第一選區,29,張文鐤,1,無,577,1.07,N
2002,議員,區域,嘉義市,嘉義市第一選區,30,黃義助,1,無,202,0.37,N
2002,議員,區域,嘉義市,嘉義市第一選區,31,戴建三,1,無,2900,5.37,Y
2002,議員,區域,嘉義市,嘉義市第二選區,1,廖天隆,1,無,4078,6.82,Y
2002,議員,區域,嘉義市,嘉義市第二選區,2,陳幸枝,2,民主進步黨,2355,3.94,Y
2002,議員,區域,嘉義市,嘉義市第二選區,3,蕭文億,1,無,123,0.21,N
2002,議員,區域,嘉義市,嘉義市第二選區,4,蔡貴絲,2,無,3781,6.33,Y
2002,議員,區域,嘉義市,嘉義市第二選區,5,張秀華,2,無,3064,5.13,Y
2002,議員,區域,嘉義市,嘉義市第二選區,6,蔡文旭,1,民主進步黨,1985,3.32,N
2002,議員,區域,嘉義市,嘉義市第二選區,7,李英武,1,民主進步黨,1710,2.86,N
2002,議員,區域,嘉義市,嘉義市第二選區,8,李田郎,1,中國國民黨,2383,3.99,Y
2002,議員,區域,嘉義市,嘉義市第二選區,9,吳楊麗珠,2,中國國民黨,1015,1.70,N
2002,議員,區域,嘉義市,嘉義市第二選區,10,江熙哲,1,民主進步黨,2883,4.82,Y
2002,議員,區域,嘉義市,嘉義市第二選區,11,吳上明,1,無,3958,6.62,Y
2002,議員,區域,嘉義市,嘉義市第二選區,12,林承勳,1,無,3410,5.71,Y
2002,議員,區域,嘉義市,嘉義市第二選區,13,何梅枝,2,無,414,0.69,N
2002,議員,區域,嘉義市,嘉義市第二選區,14,蘇清本,1,無,1639,2.74,N
2002,議員,區域,嘉義市,嘉義市第二選區,15,羅月英,2,無,726,1.21,N
2002,議員,區域,嘉義市,嘉義市第二選區,16,蕭丁發,1,親民黨,207,0.35,N
2002,議員,區域,嘉義市,嘉義市第二選區,17,蔡榮豐,1,無,3071,5.14,Y
2002,議員,區域,嘉義市,嘉義市第二選區,18,李廣二,1,無,4215,7.05,Y
2002,議員,區域,嘉義市,嘉義市第二選區,19,黃正一,1,無,1229,2.06,N
2002,議員,區域,嘉義市,嘉義市第二選區,20,張說,2,無,1569,2.63,N
2002,議員,區域,嘉義市,嘉義市第二選區,21,陳振興,1,無,268,0.45,N
2002,議員,區域,嘉義市,嘉義市第二選區,22,陳盛龍,1,無,1909,3.19,N
2002,議員,區域,嘉義市,嘉義市第二選區,23,陳素環,2,無,2301,3.85,N
2002,議員,區域,嘉義市,嘉義市第二選區,24,鄭俊亨,1,中國國民黨,3372,5.64,Y
2002,議員,區域,嘉義市,嘉義市第二選區,25,張錦捷,1,無,2310,3.87,N
2002,議員,區域,嘉義市,嘉義市第二選區,26,傅世文,1,親民黨,1039,1.74,N
2002,議員,區域,嘉義市,嘉義市第二選區,27,凃晁綜,1,中國國民黨,815,1.36,N
2002,議員,區域,嘉義市,嘉義市第二選區,28,陳炎明,1,中國國民黨,236,0.39,N
2002,議員,區域,嘉義市,嘉義市第二選區,29,張天瑞,1,無,901,1.51,N
2002,議員,區域,嘉義市,嘉義市第二選區,30,黃正男,1,民主進步黨,2790,4.67,Y
2002,議員,區域,臺南市,臺南市第一選區,1,王家貞,2,親民黨,2903,5.06,Y
2002,議員,區域,臺南市,臺南市第一選區,2,蔣明東,1,中國國民黨,5212,9.08,Y
2002,議員,區域,臺南市,臺南市第一選區,3,曾順良,1,無,6031,10.51,Y
2002,議員,區域,臺南市,臺南市第一選區,4,陳淑蓉,2,中國國民黨,4212,7.34,Y
2002,議員,區域,臺南市,臺南市第一選區,5,陳復輝,1,無,885,1.54,N
2002,議員,區域,臺南市,臺南市第一選區,6,許木樹,1,中國國民黨,5238,9.13,Y
2002,議員,區域,臺南市,臺南市第一選區,7,王定宇,1,民主進步黨,5657,9.86,Y
2002,議員,區域,臺南市,臺南市第一選區,8,黃文隆,1,無,358,0.62,N
2002,議員,區域,臺南市,臺南市第一選區,9,陸萍玉,2,無,1122,1.96,N
2002,議員,區域,臺南市,臺南市第一選區,10,郭朝武,1,民主進步黨,2511,4.38,N
2002,議員,區域,臺南市,臺南市第一選區,11,姜榮慶,1,中國國民黨,3329,5.80,Y
2002,議員,區域,臺南市,臺南市第一選區,12,陳勳明,1,無,3157,5.50,Y
2002,議員,區域,臺南市,臺南市第一選區,13,林月香,2,中國國民黨,473,0.82,N
2002,議員,區域,臺南市,臺南市第一選區,14,陳柏宏,1,中國國民黨,3590,6.26,Y
2002,議員,區域,臺南市,臺南市第一選區,15,楊景斌,1,中國國民黨,2595,4.52,N
2002,議員,區域,臺南市,臺南市第一選區,16,楊爵綺,2,無,527,0.92,N
2002,議員,區域,臺南市,臺南市第一選區,17,蕭博仁,1,民主進步黨,3808,6.64,Y
2002,議員,區域,臺南市,臺南市第一選區,18,鍾炳耀,1,親民黨,2355,4.10,N
2002,議員,區域,臺南市,臺南市第一選區,19,蔡旺詮,1,民主進步黨,1621,2.82,N
2002,議員,區域,臺南市,臺南市第一選區,20,李建平,1,無,915,1.59,N
2002,議員,區域,臺南市,臺南市第一選區,21,王美紅,2,台灣團結聯盟,886,1.54,N
2002,議員,區域,臺南市,臺南市第二選區,1,郭炳霖,1,民主進步黨,2224,4.41,N
2002,議員,區域,臺南市,臺南市第二選區,2,王俊生,1,中國國民黨,1944,3.85,N
2002,議員,區域,臺南市,臺南市第二選區,3,郭和元,1,中國國民黨,3750,7.44,Y
2002,議員,區域,臺南市,臺南市第二選區,4,陳來助,1,無,1256,2.49,N
2002,議員,區域,臺南市,臺南市第二選區,5,杜明輝,1,民主進步黨,2535,5.03,N
2002,議員,區域,臺南市,臺南市第二選區,6,蔡淑惠,2,中國國民黨,5320,10.55,Y
2002,議員,區域,臺南市,臺南市第二選區,7,陳海水,1,無,2102,4.17,N
2002,議員,區域,臺南市,臺南市第二選區,8,周明德,1,無,4773,9.46,Y
2002,議員,區域,臺南市,臺南市第二選區,9,黃秋榮,1,無,4734,9.39,Y
2002,議員,區域,臺南市,臺南市第二選區,10,陳進益,1,民主進步黨,2997,5.94,N
2002,議員,區域,臺南市,臺南市第二選區,11,鄭秀仁,1,中國國民黨,820,1.63,N
2002,議員,區域,臺南市,臺南市第二選區,12,林美燕,2,親民黨,3609,7.16,Y
2002,議員,區域,臺南市,臺南市第二選區,13,蘇囿戩,1,無,3094,6.13,N
2002,議員,區域,臺南市,臺南市第二選區,14,莊玉珠,2,民主進步黨,3331,6.60,Y
2002,議員,區域,臺南市,臺南市第二選區,15,葉俊良,1,中國國民黨,6198,12.29,Y
2002,議員,區域,臺南市,臺南市第二選區,16,李雲溥,1,中國國民黨,1745,3.46,N
2002,議員,區域,臺南市,臺南市第三選區,1,姜滄源,1,中國國民黨,4957,18.09,Y
2002,議員,區域,臺南市,臺南市第三選區,2,洪玉鳳,2,中國國民黨,4508,16.45,Y
2002,議員,區域,臺南市,臺南市第三選區,3,林俊憲,1,民主進步黨,4408,16.09,Y
2002,議員,區域,臺南市,臺南市第三選區,4,黃在基,1,無,304,1.11,N
2002,議員,區域,臺南市,臺南市第三選區,5,邱莉莉,2,民主進步黨,4768,17.40,Y
2002,議員,區域,臺南市,臺南市第三選區,6,蔡武義,1,無,2505,9.14,N
2002,議員,區域,臺南市,臺南市第三選區,7,李天,1,無,2807,10.24,N
2002,議員,區域,臺南市,臺南市第三選區,8,蘇南成,1,無,3146,11.48,Y
2002,議員,區域,臺南市,臺南市第四選區,1,吳名芳,1,中國國民黨,2782,6.56,N
2002,議員,區域,臺南市,臺南市第四選區,2,陳亭妃,2,民主進步黨,4817,11.35,Y
2002,議員,區域,臺南市,臺南市第四選區,3,徐富美,2,無,816,1.92,N
2002,議員,區域,臺南市,臺南市第四選區,4,林瑞玲,2,中國國民黨,392,0.92,N
2002,議員,區域,臺南市,臺南市第四選區,5,洪金龍,1,無,1257,2.96,N
2002,議員,區域,臺南市,臺南市第四選區,6,趙廣生,1,無,2291,5.40,N
2002,議員,區域,臺南市,臺南市第四選區,7,黃郁文,1,無,4943,11.65,Y
2002,議員,區域,臺南市,臺南市第四選區,8,李宗富,1,無,3539,8.34,Y
2002,議員,區域,臺南市,臺南市第四選區,9,謝文正,1,無,164,0.39,N
2002,議員,區域,臺南市,臺南市第四選區,10,黃錦堂,1,無,724,1.71,N
2002,議員,區域,臺南市,臺南市第四選區,11,謝龍介,1,中國國民黨,2826,6.66,Y
2002,議員,區域,臺南市,臺南市第四選區,12,翁榮一,1,中國國民黨,3493,8.23,Y
2002,議員,區域,臺南市,臺南市第四選區,13,黃丁川,1,無,2551,6.01,N
2002,議員,區域,臺南市,臺南市第四選區,14,曾文宏,1,無,76,0.18,N
2002,議員,區域,臺南市,臺南市第四選區,15,李錦泉,1,親民黨,3867,9.11,Y
2002,議員,區域,臺南市,臺南市第四選區,16,王炳林,1,無,1049,2.47,N
2002,議員,區域,臺南市,臺南市第四選區,17,王周全,1,無,684,1.61,N
2002,議員,區域,臺南市,臺南市第四選區,18,辛建明,1,民主進步黨,2000,4.71,N
2002,議員,區域,臺南市,臺南市第四選區,19,蔣大洋,1,中國國民黨,874,2.06,N
2002,議員,區域,臺南市,臺南市第四選區,20,許至椿,1,中國國民黨,3293,7.76,Y
2002,議員,區域,臺南市,臺南市第五選區,1,郭信良,1,民主進步黨,8548,12.68,Y
2002,議員,區域,臺南市,臺南市第五選區,2,李慶信,1,中國國民黨,3001,4.45,N
2002,議員,區域,臺南市,臺南市第五選區,3,施治明,1,無,394,0.58,N
2002,議員,區域,臺南市,臺南市第五選區,4,許金海,1,無,1107,1.64,N
2002,議員,區域,臺南市,臺南市第五選區,5,黃耀茹,1,無,2847,4.22,N
2002,議員,區域,臺南市,臺南市第五選區,6,陳進義,1,無,4405,6.53,Y
2002,議員,區域,臺南市,臺南市第五選區,7,郭清華,1,無,3134,4.65,Y
2002,議員,區域,臺南市,臺南市第五選區,8,凃韶芳,2,民主進步黨,3157,4.68,Y
2002,議員,區域,臺南市,臺南市第五選區,9,劉澤民,1,中國國民黨,2232,3.31,N
2002,議員,區域,臺南市,臺南市第五選區,10,郭雅玲,2,無,1694,2.51,N
2002,議員,區域,臺南市,臺南市第五選區,11,吳再福,1,無,1064,1.58,N
2002,議員,區域,臺南市,臺南市第五選區,12,林炳利,1,無,3289,4.88,Y
2002,議員,區域,臺南市,臺南市第五選區,13,唐瑞明,1,民主進步黨,3234,4.80,Y
2002,議員,區域,臺南市,臺南市第五選區,14,吳欽郎,1,無,2826,4.19,N
2002,議員,區域,臺南市,臺南市第五選區,15,黃施素蓮,2,民主進步黨,486,0.72,N
2002,議員,區域,臺南市,臺南市第五選區,16,陳雪玲,2,無,3089,4.58,Y
2002,議員,區域,臺南市,臺南市第五選區,17,楊添榮,1,台灣團結聯盟,547,0.81,N
2002,議員,區域,臺南市,臺南市第五選區,18,劉益昌,1,民主進步黨,2599,3.85,N
2002,議員,區域,臺南市,臺南市第五選區,19,林明宗,1,中國國民黨,2614,3.88,N
2002,議員,區域,臺南市,臺南市第五選區,20,吳達雄,1,無,3575,5.30,Y
2002,議員,區域,臺南市,臺南市第五選區,21,高盈富,1,無,2177,3.23,N
2002,議員,區域,臺南市,臺南市第五選區,22,魏鄉,2,無,481,0.71,N
2002,議員,區域,臺南市,臺南市第五選區,23,吳清遊,1,無,446,0.66,N
2002,議員,區域,臺南市,臺南市第五選區,24,黃永祥,1,無,943,1.40,N
2002,議員,區域,臺南市,臺南市第五選區,25,許銀貴,1,無,3072,4.56,N
2002,議員,區域,臺南市,臺南市第五選區,26,蔡連進,1,無,2504,3.71,N
2002,議員,區域,臺南市,臺南市第五選區,27,李長吉,1,無,3964,5.88,Y
2002,議員,區域,臺南市,臺南市第六選區,1,翁朝正,1,無,3069,19.05,Y
2002,議員,區域,臺南市,臺南市第六選區,2,吳南賢,1,中國國民黨,2060,12.79,N
2002,議員,區域,臺南市,臺南市第六選區,3,袁英瑞,1,無,598,3.71,N
2002,議員,區域,臺南市,臺南市第六選區,4,馬崇喜,1,中國國民黨,2350,14.59,N
2002,議員,區域,臺南市,臺南市第六選區,5,盧崑福,1,中國國民黨,4316,26.79,Y
2002,議員,區域,臺南市,臺南市第六選區,6,張良才,1,無,327,2.03,N
2002,議員,區域,臺南市,臺南市第六選區,7,李文正,1,民主進步黨,3388,21.03,Y
2002,議員,區域,金門縣,金門縣選區,1,楊財祥,1,民主進步黨,289,1.08,N
2002,議員,區域,金門縣,金門縣選區,2,許建中,1,中國國民黨,1193,4.48,Y
2002,議員,區域,金門縣,金門縣選區,3,張慧玲,2,無,176,0.66,N
2002,議員,區域,金門縣,金門縣選區,4,洪麗萍,2,中國國民黨,814,3.06,Y
2002,議員,區域,金門縣,金門縣選區,5,楊重城,1,無,516,1.94,N
2002,議員,區域,金門縣,金門縣選區,6,王國代,1,民主進步黨,153,0.57,N
2002,議員,區域,金門縣,金門縣選區,7,許華玉,2,中國國民黨,467,1.75,Y
2002,議員,區域,金門縣,金門縣選區,8,林水泉,1,無,104,0.39,N
2002,議員,區域,金門縣,金門縣選區,9,張君玉,2,中國國民黨,124,0.47,N
2002,議員,區域,金門縣,金門縣選區,10,朱吉龍,1,無,43,0.16,N
2002,議員,區域,金門縣,金門縣選區,11,莊良時,1,中國國民黨,942,3.54,Y
2002,議員,區域,金門縣,金門縣選區,12,翁明堆,1,中國國民黨,230,0.86,N
2002,議員,區域,金門縣,金門縣選區,13,高丹華,2,民主進步黨,172,0.65,N
2002,議員,區域,金門縣,金門縣選區,14,王再生,1,中國國民黨,1182,4.44,Y
2002,議員,區域,金門縣,金門縣選區,15,林茂林,1,無,314,1.18,N
2002,議員,區域,金門縣,金門縣選區,16,周志文,1,中國國民黨,154,0.58,N
2002,議員,區域,金門縣,金門縣選區,17,趙詩姿,2,民主進步黨,180,0.68,N
2002,議員,區域,金門縣,金門縣選區,18,許玉昭,2,中國國民黨,1279,4.80,Y
2002,議員,區域,金門縣,金門縣選區,19,陳永財,1,中國國民黨,321,1.20,N
2002,議員,區域,金門縣,金門縣選區,20,王水彰,1,中國國民黨,660,2.48,N
2002,議員,區域,金門縣,金門縣選區,21,倪振金,1,無,462,1.73,N
2002,議員,區域,金門縣,金門縣選區,22,董東漢,1,親民黨,1107,4.16,Y
2002,議員,區域,金門縣,金門縣選區,23,謝宜璋,1,無,1296,4.86,Y
2002,議員,區域,金門縣,金門縣選區,24,張光海,1,中國國民黨,1274,4.78,Y
2002,議員,區域,金門縣,金門縣選區,25,陳水賜,1,無,665,2.50,N
2002,議員,區域,金門縣,金門縣選區,26,洪成發,1,中國國民黨,1449,5.44,Y
2002,議員,區域,金門縣,金門縣選區,27,吳成宗,1,無,491,1.84,N
2002,議員,區域,金門縣,金門縣選區,28,石兆緡,1,無,473,1.78,N
2002,議員,區域,金門縣,金門縣選區,29,陳怡利,2,無,92,0.35,N
2002,議員,區域,金門縣,金門縣選區,30,翁伸金,2,無,284,1.07,N
2002,議員,區域,金門縣,金門縣選區,31,林梅雀,2,無,358,1.34,N
2002,議員,區域,金門縣,金門縣選區,32,章玉蘭,2,中國國民黨,193,0.72,N
2002,議員,區域,金門縣,金門縣選區,33,高春美,2,中國國民黨,117,0.44,N
2002,議員,區域,金門縣,金門縣選區,34,王彬彬,2,無,184,0.69,N
2002,議員,區域,金門縣,金門縣選區,35,陳清煌,1,中國國民黨,174,0.65,N
2002,議員,區域,金門縣,金門縣選區,36,李沃士,1,新黨,1235,4.64,Y
2002,議員,區域,金門縣,金門縣選區,37,翁恆忠,1,親民黨,102,0.38,N
2002,議員,區域,金門縣,金門縣選區,38,辛愛華,2,親民黨,198,0.74,N
2002,議員,區域,金門縣,金門縣選區,39,沈炎平,1,無,356,1.34,N
2002,議員,區域,金門縣,金門縣選區,40,蔡水游,1,無,934,3.51,Y
2002,議員,區域,金門縣,金門縣選區,41,洪允典,1,無,1469,5.51,Y
2002,議員,區域,金門縣,金門縣選區,42,李錫民,1,中國國民黨,141,0.53,N
2002,議員,區域,金門縣,金門縣選區,43,許永鎮,1,無,704,2.64,Y
2002,議員,區域,金門縣,金門縣選區,44,孫惠文,2,無,388,1.46,N
2002,議員,區域,金門縣,金門縣選區,45,陳恩賜,1,無,970,3.64,Y
2002,議員,區域,金門縣,金門縣選區,46,賴育茜,2,無,308,1.16,N
2002,議員,區域,金門縣,金門縣選區,47,陳玉珍,2,無,1014,3.81,Y
2002,議員,區域,金門縣,金門縣選區,48,楊應雄,1,新黨,891,3.34,Y
2002,議員,區域,連江縣,連江縣第一選區,1,曹爾文,1,中國國民黨,191,6.94,N
2002,議員,區域,連江縣,連江縣第一選區,2,李金梅,2,中國國民黨,225,8.18,Y
2002,議員,區域,連江縣,連江縣第一選區,3,黃翠文,2,無,27,0.98,N
2002,議員,區域,連江縣,連江縣第一選區,4,曹以雄,1,無,274,9.96,Y
2002,議員,區域,連江縣,連江縣第一選區,5,陳瑄健,1,親民黨,169,6.14,N
2002,議員,區域,連江縣,連江縣第一選區,6,林貽祥,1,中國國民黨,486,17.66,Y
2002,議員,區域,連江縣,連江縣第一選區,7,吳木雄,1,親民黨,232,8.43,N
2002,議員,區域,連江縣,連江縣第一選區,8,陳書建,1,中國國民黨,322,11.70,Y
2002,議員,區域,連江縣,連江縣第一選區,9,池益健,1,無,206,7.49,N
2002,議員,區域,連江縣,連江縣第一選區,10,陳振清,1,中國國民黨,459,16.68,Y
2002,議員,區域,連江縣,連江縣第一選區,11,葉世福,1,中國國民黨,161,5.85,N
2002,議員,區域,連江縣,連江縣第二選區,1,謝承春,1,無,220,46.22,N
2002,議員,區域,連江縣,連江縣第二選區,2,陳貴忠,1,中國國民黨,256,53.78,Y
2002,議員,區域,連江縣,連江縣第三選區,1,陳順福,1,中國國民黨,174,42.34,N
2002,議員,區域,連江縣,連江縣第三選區,2,劉榮華,1,中國國民黨,237,57.66,Y
2002,議員,區域,連江縣,連江縣第四選區,1,張永江,1,無,281,61.22,Y
2002,議員,區域,連江縣,連江縣第四選區,2,林惠榮,1,中國國民黨,35,7.63,N
2002,議員,區域,連江縣,連江縣第四選區,3,馮印樂,1,中國國民黨,143,31.15,N
2002,議員,山地原住民,臺北縣,臺北縣第十二選區,1,多烈-尤幹,1,親民黨,708,27.24,N
2002,議員,山地原住民,臺北縣,臺北縣第十二選區,2,張雲龍,1,中國國民黨,904,34.78,Y
2002,議員,山地原住民,臺北縣,臺北縣第十二選區,3,黃建平,1,無,215,8.27,N
2002,議員,山地原住民,臺北縣,臺北縣第十二選區,4,楊清榮,1,親民黨,397,15.28,N
2002,議員,山地原住民,臺北縣,臺北縣第十二選區,5,尤永福,1,親民黨,375,14.43,N
2002,議員,山地原住民,宜蘭縣,宜蘭縣第十一選區,1,李玉蕙,2,中國國民黨,985,36.88,N
2002,議員,山地原住民,宜蘭縣,宜蘭縣第十一選區,2,方浩次,1,親民黨,1105,41.37,Y
2002,議員,山地原住民,宜蘭縣,宜蘭縣第十一選區,3,李文達,1,無,581,21.75,N
2002,議員,山地原住民,宜蘭縣,宜蘭縣第十二選區,1,江明順,1,無,1540,56.49,Y
2002,議員,山地原住民,宜蘭縣,宜蘭縣第十二選區,2,陳銘福,1,親民黨,1186,43.51,N
2002,議員,山地原住民,桃園縣,桃園縣第十四選區,1,高春生,1,無,740,13.79,N
2002,議員,山地原住民,桃園縣,桃園縣第十四選區,2,呂政霖,1,親民黨,815,15.18,N
2002,議員,山地原住民,桃園縣,桃園縣第十四選區,3,林信義,1,親民黨,1513,28.19,Y
2002,議員,山地原住民,桃園縣,桃園縣第十四選區,4,楊崇德,1,中國國民黨,482,8.98,N
2002,議員,山地原住民,桃園縣,桃園縣第十四選區,5,高揚威,1,無,423,7.88,N
2002,議員,山地原住民,桃園縣,桃園縣第十四選區,6,曾志湘,1,中國國民黨,412,7.68,N
2002,議員,山地原住民,桃園縣,桃園縣第十四選區,7,陳昭耀,1,中國國民黨,983,18.31,N
2002,議員,山地原住民,新竹縣,新竹縣第十選區,1,阿棟．優帕司,1,無,1212,31.56,Y
2002,議員,山地原住民,新竹縣,新竹縣第十選區,2,彭國楨,1,中國國民黨,1068,27.81,N
2002,議員,山地原住民,新竹縣,新竹縣第十選區,3,江瑞乾,1,中國國民黨,1087,28.31,N
2002,議員,山地原住民,新竹縣,新竹縣第十選區,4,高崇賜,1,親民黨,473,12.32,N
2002,議員,山地原住民,新竹縣,新竹縣第十一選區,1,朱禮沐,1,無,774,25.76,N
2002,議員,山地原住民,新竹縣,新竹縣第十一選區,2,趙金榮,1,無,494,16.44,N
2002,議員,山地原住民,新竹縣,新竹縣第十一選區,3,林煌春,1,中國國民黨,904,30.08,Y
2002,議員,山地原住民,新竹縣,新竹縣第十一選區,4,林祥馨,1,無,833,27.72,N
2002,議員,山地原住民,苗栗縣,苗栗縣第八選區,1,黃月娥,2,中國國民黨,1215,44.75,Y
2002,議員,山地原住民,苗栗縣,苗栗縣第八選區,2,郭春蘭,2,中國國民黨,421,15.51,N
2002,議員,山地原住民,苗栗縣,苗栗縣第八選區,3,柯添盛,1,無,1079,39.74,N
2002,議員,山地原住民,臺中縣,臺中縣第十選區,1,劉金生,1,無,502,16.21,N
2002,議員,山地原住民,臺中縣,臺中縣第十選區,2,王忠信,1,無,805,26,N
2002,議員,山地原住民,臺中縣,臺中縣第十選區,3,白青山,1,無,654,21.12,N
2002,議員,山地原住民,臺中縣,臺中縣第十選區,4,林建堂,1,無,838,27.07,Y
2002,議員,山地原住民,臺中縣,臺中縣第十選區,5,張瑞紘,1,無,297,9.59,N
2002,議員,山地原住民,南投縣,南投縣第六選區,1,田振明,1,無,1433,34.27,N
2002,議員,山地原住民,南投縣,南投縣第六選區,2,松秋明,1,中國國民黨,1737,41.55,Y
2002,議員,山地原住民,南投縣,南投縣第六選區,3,松新春,1,無,1011,24.18,N
2002,議員,山地原住民,南投縣,南投縣第七選區,1,陳世光,1,中國國民黨,3115,48.2,N
2002,議員,山地原住民,南投縣,南投縣第七選區,2,謝汪汕,1,親民黨,3347,51.8,Y
2002,議員,山地原住民,嘉義縣,嘉義縣第七選區,1,湯進賢,1,中國國民黨,762,40.62,Y
2002,議員,山地原住民,嘉義縣,嘉義縣第七選區,2,莊慶輝,1,無,398,21.22,N
2002,議員,山地原住民,嘉義縣,嘉義縣第七選區,3,汪志敏,1,中國國民黨,716,38.17,N
2002,議員,山地原住民,高雄縣,高雄縣第八選區,1,蔡文弟,1,中國國民黨,588,39.17,N
2002,議員,山地原住民,高雄縣,高雄縣第八選區,2,洪柳治,1,親民黨,230,15.32,N
2002,議員,山地原住民,高雄縣,高雄縣第八選區,3,呂一平,1,無,683,45.5,Y
2002,議員,山地原住民,高雄縣,高雄縣第九選區,1,謝垂耀,1,中國國民黨,1098,42.38,Y
2002,議員,山地原住民,高雄縣,高雄縣第九選區,2,林瑞金,2,中國國民黨,921,35.55,N
2002,議員,山地原住民,高雄縣,高雄縣第九選區,3,謝英雄,1,無,572,22.08,N
2002,議員,山地原住民,高雄縣,高雄縣第十選區,1,林民傑,1,中國國民黨,768,47.7,Y
2002,議員,山地原住民,高雄縣,高雄縣第十選區,2,顏順政,1,中國國民黨,333,20.68,N
2002,議員,山地原住民,高雄縣,高雄縣第十選區,3,李玉章,1,無,509,31.61,N
2002,議員,山地原住民,屏東縣,屏東縣第九選區,1,包金蓮,2,中國國民黨,3399,100,Y
2002,議員,山地原住民,屏東縣,屏東縣第十選區,1,林玉如,2,中國國民黨,2443,58.81,Y
2002,議員,山地原住民,屏東縣,屏東縣第十選區,2,陸月嬌,2,無,1711,41.19,N
2002,議員,山地原住民,屏東縣,屏東縣第十一選區,1,潘明利,1,中國國民黨,1630,57.62,Y
2002,議員,山地原住民,屏東縣,屏東縣第十一選區,2,李三和,1,中國國民黨,1169,41.32,N
2002,議員,山地原住民,屏東縣,屏東縣第十一選區,3,華子冬,1,中國國民黨,30,1.06,N
2002,議員,山地原住民,屏東縣,屏東縣第十二選區,1,連正勝,1,中國國民黨,2337,54.02,Y
2002,議員,山地原住民,屏東縣,屏東縣第十二選區,2,李宜潔,2,中國國民黨,1989,45.98,N
2002,議員,山地原住民,屏東縣,屏東縣第十三選區,1,吳天福,1,中國國民黨,1840,100,Y
2002,議員,山地原住民,屏東縣,屏東縣第十四選區,1,簡東明,1,中國國民黨,2280,100,Y
2002,議員,山地原住民,屏東縣,屏東縣第十五選區,1,黃順發,1,中國國民黨,1081,37.17,Y
2002,議員,山地原住民,屏東縣,屏東縣第十五選區,2,許金吉,1,親民黨,960,33.01,N
2002,議員,山地原住民,屏東縣,屏東縣第十五選區,3,邵智美,2,無,867,29.81,N
2002,議員,山地原住民,屏東縣,屏東縣第十六選區,1,沙本賞,1,中國國民黨,340,16.01,N
2002,議員,山地原住民,屏東縣,屏東縣第十六選區,2,賴金成,1,中國國民黨,552,25.99,N
2002,議員,山地原住民,屏東縣,屏東縣第十六選區,3,麥秋春,1,中國國民黨,357,16.81,N
2002,議員,山地原住民,屏東縣,屏東縣第十六選區,4,杜春生,1,中國國民黨,595,28.01,Y
2002,議員,山地原住民,屏東縣,屏東縣第十六選區,5,柯秋美,2,中國國民黨,280,13.18,N
2002,議員,山地原住民,臺東縣,臺東縣第十選區,1,邱文隆,1,親民黨,760,44.03,N
2002,議員,山地原住民,臺東縣,臺東縣第十選區,2,胡振英,1,中國國民黨,966,55.97,Y
2002,議員,山地原住民,臺東縣,臺東縣第十一選區,1,胡新一,1,中國國民黨,1304,100,Y
2002,議員,山地原住民,臺東縣,臺東縣第十二選區,1,章正輝,1,中國國民黨,780,46.1,N
2002,議員,山地原住民,臺東縣,臺東縣第十二選區,2,宋賢一,1,中國國民黨,912,53.9,Y
2002,議員,山地原住民,臺東縣,臺東縣第十三選區,1,朱連濟,2,中國國民黨,953,48.4,Y
2002,議員,山地原住民,臺東縣,臺東縣第十三選區,2,邱新雲,2,無,899,45.66,N
2002,議員,山地原住民,臺東縣,臺東縣第十三選區,3,鄭美珠,2,無,117,5.94,N
2002,議員,山地原住民,臺東縣,臺東縣第十四選區,1,江多利,1,親民黨,612,45.57,Y
2002,議員,山地原住民,臺東縣,臺東縣第十四選區,2,楊順良,1,無,213,15.86,N
2002,議員,山地原住民,臺東縣,臺東縣第十四選區,3,周鳳鳴,1,中國國民黨,518,38.57,N
2002,議員,山地原住民,花蓮縣,花蓮縣第八選區,1,許淑銀,2,中國國民黨,5960,100,Y
2002,議員,山地原住民,花蓮縣,花蓮縣第九選區,1,吳香蘭,2,中國國民黨,1133,33.05,N
2002,議員,山地原住民,花蓮縣,花蓮縣第九選區,2,林振輝,1,中國國民黨,1595,46.53,Y
2002,議員,山地原住民,花蓮縣,花蓮縣第九選區,3,黃聰明,1,無,700,20.42,N
2002,議員,山地原住民,花蓮縣,花蓮縣第十選區,1,田金福,1,親民黨,1131,41.22,N
2002,議員,山地原住民,花蓮縣,花蓮縣第十選區,2,蘇正清,1,中國國民黨,1613,58.78,Y
2002,議員,平地原住民,臺北縣,臺北縣第十一選區,1,宋進財,1,中國國民黨,1842,32.98,Y
2002,議員,平地原住民,臺北縣,臺北縣第十一選區,2,林忠仁,1,親民黨,947,16.96,N
2002,議員,平地原住民,臺北縣,臺北縣第十一選區,3,田春枝,2,民主進步黨,949,16.99,Y
2002,議員,平地原住民,臺北縣,臺北縣第十一選區,4,陳原成,1,中國國民黨,719,12.87,N
2002,議員,平地原住民,臺北縣,臺北縣第十一選區,5,陳政義,1,無,696,12.46,N
2002,議員,平地原住民,臺北縣,臺北縣第十一選區,6,張天明,1,親民黨,432,7.74,N
2002,議員,平地原住民,桃園縣,桃園縣第十三選區,1,陳聰敏,1,親民黨,794,15.56,N
2002,議員,平地原住民,桃園縣,桃園縣第十三選區,2,洪國治,1,中國國民黨,1374,26.93,Y
2002,議員,平地原住民,桃園縣,桃園縣第十三選區,3,林明德,1,無,1080,21.17,N
2002,議員,平地原住民,桃園縣,桃園縣第十三選區,4,吳春芳,2,中國國民黨,1854,36.34,Y
2002,議員,平地原住民,苗栗縣,苗栗縣第七選區,1,章運金,1,親民黨,487,34.69,N
2002,議員,平地原住民,苗栗縣,苗栗縣第七選區,2,楊文昌,1,無,917,65.31,Y
2002,議員,平地原住民,臺中縣,臺中縣第九選區,1,汪進貴,1,無,224,16.15,N
2002,議員,平地原住民,臺中縣,臺中縣第九選區,2,洪金福,1,親民黨,492,35.47,Y
2002,議員,平地原住民,臺中縣,臺中縣第九選區,3,潘居雄,1,無,272,19.61,N
2002,議員,平地原住民,臺中縣,臺中縣第九選區,4,陳文書,1,中國國民黨,399,28.77,N
2002,議員,平地原住民,彰化縣,彰化縣第九選區,1,張新男,1,中國國民黨,283,53.00,Y
2002,議員,平地原住民,彰化縣,彰化縣第九選區,2,陳世傑,1,無,240,44.94,N
2002,議員,平地原住民,彰化縣,彰化縣第九選區,3,八亘．羅外,1,無,11,2.06,N
2002,議員,平地原住民,高雄縣,高雄縣第七選區,1,洪天盛,1,中國國民黨,353,49.72,N
2002,議員,平地原住民,高雄縣,高雄縣第七選區,2,詹金福,1,親民黨,357,50.28,Y
2002,議員,平地原住民,屏東縣,屏東縣第八選區,1,潘裕隆,1,中國國民黨,937,65.66,Y
2002,議員,平地原住民,屏東縣,屏東縣第八選區,2,潘冠志,1,無,490,34.34,N
2002,議員,平地原住民,臺東縣,臺東縣第六選區,1,王清堅,1,無,1625,29.16,Y
2002,議員,平地原住民,臺東縣,臺東縣第六選區,2,江登輝,1,中國國民黨,485,8.70,N
2002,議員,平地原住民,臺東縣,臺東縣第六選區,3,高清峰,1,親民黨,566,10.16,N
2002,議員,平地原住民,臺東縣,臺東縣第六選區,4,林昌榮,1,民主進步黨,463,8.31,N
2002,議員,平地原住民,臺東縣,臺東縣第六選區,5,陳．藍姆洛,1,無,1365,24.50,N
2002,議員,平地原住民,臺東縣,臺東縣第六選區,6,洪玫璉,2,中國國民黨,1068,19.17,Y
2002,議員,平地原住民,臺東縣,臺東縣第七選區,1,陳忠雄,1,中國國民黨,364,6.59,N
2002,議員,平地原住民,臺東縣,臺東縣第七選區,2,蔡義勇,1,中國國民黨,1598,28.94,Y
2002,議員,平地原住民,臺東縣,臺東縣第七選區,3,江堅壽,1,中國國民黨,1455,26.35,Y
2002,議員,平地原住民,臺東縣,臺東縣第七選區,4,潘村雲,1,中國國民黨,1426,25.82,N
2002,議員,平地原住民,臺東縣,臺東縣第七選區,5,吳義德,1,中國國民黨,679,12.30,N
2002,議員,平地原住民,臺東縣,臺東縣第八選區,1,林光雄,1,中國國民黨,1088,40.09,Y
2002,議員,平地原住民,臺東縣,臺東縣第八選區,2,林錦章,1,無,914,33.68,N
2002,議員,平地原住民,臺東縣,臺東縣第八選區,3,高源治,1,親民黨,712,26.23,N
2002,議員,平地原住民,臺東縣,臺東縣第九選區,1,唐武傳,1,無,1352,17.30,N
2002,議員,平地原住民,臺東縣,臺東縣第九選區,2,嚴亞美,2,中國國民黨,1660,21.24,Y
2002,議員,平地原住民,臺東縣,臺東縣第九選區,3,曾金福,1,中國國民黨,1660,21.24,Y
2002,議員,平地原住民,臺東縣,臺東縣第九選區,4,林富雄,1,親民黨,1433,18.33,Y
2002,議員,平地原住民,臺東縣,臺東縣第九選區,5,張瑜,1,中國國民黨,920,11.77,N
2002,議員,平地原住民,臺東縣,臺東縣第九選區,6,楊蕙慈,2,中國國民黨,791,10.12,N
2002,議員,平地原住民,花蓮縣,花蓮縣第五選區,1,黃榮華,1,中國國民黨,580,9.64,N
2002,議員,平地原住民,花蓮縣,花蓮縣第五選區,2,周利根,1,中國國民黨,1860,30.92,Y
2002,議員,平地原住民,花蓮縣,花蓮縣第五選區,3,謝中光,1,無,310,5.15,N
2002,議員,平地原住民,花蓮縣,花蓮縣第五選區,4,蔡玉妹,2,中國國民黨,1165,19.37,N
2002,議員,平地原住民,花蓮縣,花蓮縣第五選區,5,曾玉霞,2,親民黨,1986,33.02,Y
2002,議員,平地原住民,花蓮縣,花蓮縣第五選區,6,張金龍,1,無,114,1.90,N
2002,議員,平地原住民,花蓮縣,花蓮縣第六選區,1,黃新福,1,無,1254,15.66,N
2002,議員,平地原住民,花蓮縣,花蓮縣第六選區,2,林勝智,1,中國國民黨,1381,17.25,Y
2002,議員,平地原住民,花蓮縣,花蓮縣第六選區,3,高金萬,1,無,1120,13.99,N
2002,議員,平地原住民,花蓮縣,花蓮縣第六選區,4,馬其三,1,中國國民黨,1224,15.29,N
2002,議員,平地原住民,花蓮縣,花蓮縣第六選區,5,孫永昌,1,中國國民黨,1354,16.91,Y
2002,議員,平地原住民,花蓮縣,花蓮縣第六選區,6,楊德金,1,親民黨,1673,20.90,Y
2002,議員,平地原住民,花蓮縣,花蓮縣第七選區,1,林進富,1,中國國民黨,1214,23.39,Y
2002,議員,平地原住民,花蓮縣,花蓮縣第七選區,2,李文義,1,中國國民黨,1062,20.46,N
2002,議員,平地原住民,花蓮縣,花蓮縣第七選區,3,陳慶富,1,中國國民黨,1213,23.37,N
2002,議員,平地原住民,花蓮縣,花蓮縣第七選區,4,葉志生,1,中國國民黨,1702,32.79,Y
2002,議員,平地原住民,基隆市,基隆市第八選區,1,陳明建,1,親民黨,1245,56.85,Y
2002,議員,平地原住民,基隆市,基隆市第八選區,2,馬賢生,1,中國國民黨,945,43.15,N
2002,議員,平地原住民,臺中市,臺中市第七選區,1,林同助,1,無,86,16.48,N
2002,議員,平地原住民,臺中市,臺中市第七選區,2,李訓榮,1,中國國民黨,92,17.62,N
2002,議員,平地原住民,臺中市,臺中市第七選區,3,林清華,1,親民黨,84,16.09,N
2002,議員,平地原住民,臺中市,臺中市第七選區,4,溫建華,1,中國國民黨,139,26.63,Y
2002,議員,平地原住民,臺中市,臺中市第七選區,5,洪天清,1,民主進步黨,54,10.34,N
2002,議員,平地原住民,臺中市,臺中市第七選區,6,林長春,1,親民黨,67,12.84,N
2004,立委,區域,臺北市,臺北市第1選舉區,1,施明德,1,無,26974,4.43,N
2004,立委,區域,臺北市,臺北市第1選舉區,2,林正修,1,無,19512,3.20,N
2004,立委,區域,臺北市,臺北市第1選舉區,3,吳祥輝,1,無,847,0.14,N
2004,立委,區域,臺北市,臺北市第1選舉區,4,林重謨,1,民主進步黨,36047,5.92,Y
2004,立委,區域,臺北市,臺北市第1選舉區,5,柯賜海,1,無,3998,0.66,N
2004,立委,區域,臺北市,臺北市第1選舉區,6,秦慧珠,2,親民黨,35676,5.85,N
2004,立委,區域,臺北市,臺北市第1選舉區,7,李永萍,2,親民黨,51087,8.38,Y
2004,立委,區域,臺北市,臺北市第1選舉區,8,蔡正元,1,中國國民黨,45965,7.54,Y
2004,立委,區域,臺北市,臺北市第1選舉區,9,陳建銘,1,台灣團結聯盟,33861,5.56,N
2004,立委,區域,臺北市,臺北市第1選舉區,10,毋詩茜,2,無,439,0.07,N
2004,立委,區域,臺北市,臺北市第1選舉區,11,蕭美琴,2,民主進步黨,44648,7.33,Y
2004,立委,區域,臺北市,臺北市第1選舉區,12,章孝嚴,1,中國國民黨,52482,8.61,Y
2004,立委,區域,臺北市,臺北市第1選舉區,13,陳建銘,1,建國黨,925,0.15,N
2004,立委,區域,臺北市,臺北市第1選舉區,14,吳朱疆,1,無,103,0.02,N
2004,立委,區域,臺北市,臺北市第1選舉區,15,鄭運鵬,1,民主進步黨,45234,7.42,Y
2004,立委,區域,臺北市,臺北市第1選舉區,16,徐國勇,1,民主進步黨,42784,7.02,Y
2004,立委,區域,臺北市,臺北市第1選舉區,17,許甘霖,1,無,255,0.04,N
2004,立委,區域,臺北市,臺北市第1選舉區,18,丁守中,1,中國國民黨,66156,10.86,Y
2004,立委,區域,臺北市,臺北市第1選舉區,19,費鴻泰,1,中國國民黨,40305,6.61,Y
2004,立委,區域,臺北市,臺北市第1選舉區,20,許淵國,1,親民黨,13358,2.19,N
2004,立委,區域,臺北市,臺北市第1選舉區,21,許家琛,1,無,94,0.02,N
2004,立委,區域,臺北市,臺北市第1選舉區,22,高建智,1,民主進步黨,48624,7.98,Y
2004,立委,區域,臺北市,臺北市第2選舉區,1,黃福卿,1,無,251,0.04,N
2004,立委,區域,臺北市,臺北市第2選舉區,2,黃富義,1,無,275,0.05,N
2004,立委,區域,臺北市,臺北市第2選舉區,3,藍美津,2,民主進步黨,39541,6.72,Y
2004,立委,區域,臺北市,臺北市第2選舉區,4,林晉章,1,無,6999,1.19,N
2004,立委,區域,臺北市,臺北市第2選舉區,5,郭忠燦,1,無,127,0.02,N
2004,立委,區域,臺北市,臺北市第2選舉區,6,方景鈞,1,無,233,0.04,N
2004,立委,區域,臺北市,臺北市第2選舉區,7,林郁方,1,親民黨,48856,8.31,Y
2004,立委,區域,臺北市,臺北市第2選舉區,8,郭正亮,1,民主進步黨,35834,6.09,Y
2004,立委,區域,臺北市,臺北市第2選舉區,9,段宜康,1,民主進步黨,32522,5.53,N
2004,立委,區域,臺北市,臺北市第2選舉區,10,沈富雄,1,民主進步黨,24995,4.25,N
2004,立委,區域,臺北市,臺北市第2選舉區,11,賴士葆,1,中國國民黨,70773,12.03,Y
2004,立委,區域,臺北市,臺北市第2選舉區,12,李慶安,2,親民黨,37035,6.30,Y
2004,立委,區域,臺北市,臺北市第2選舉區,13,張耀元,1,無,291,0.05,N
2004,立委,區域,臺北市,臺北市第2選舉區,14,王芳萍,2,無,583,0.10,N
2004,立委,區域,臺北市,臺北市第2選舉區,15,陳源奇,1,無黨團結聯盟,272,0.05,N
2004,立委,區域,臺北市,臺北市第2選舉區,16,許信良,1,無,13037,2.22,N
2004,立委,區域,臺北市,臺北市第2選舉區,17,龐建國,1,親民黨,18937,3.22,N
2004,立委,區域,臺北市,臺北市第2選舉區,18,潘維剛,2,中國國民黨,41531,7.06,Y
2004,立委,區域,臺北市,臺北市第2選舉區,19,鄭良,2,無,72,0.01,N
2004,立委,區域,臺北市,臺北市第2選舉區,20,周金地,1,無,115,0.02,N
2004,立委,區域,臺北市,臺北市第2選舉區,21,周守訓,1,中國國民黨,49231,8.37,Y
2004,立委,區域,臺北市,臺北市第2選舉區,22,劉戡宇,1,無,132,0.02,N
2004,立委,區域,臺北市,臺北市第2選舉區,23,吉立豪,1,無,75,0.01,N
2004,立委,區域,臺北市,臺北市第2選舉區,24,李林耀,1,建國黨,127,0.02,N
2004,立委,區域,臺北市,臺北市第2選舉區,25,陳學聖,1,中國國民黨,30862,5.25,N
2004,立委,區域,臺北市,臺北市第2選舉區,26,李敖,1,無,33922,5.77,Y
2004,立委,區域,臺北市,臺北市第2選舉區,27,黃適卓,1,台灣團結聯盟,36431,6.19,Y
2004,立委,區域,臺北市,臺北市第2選舉區,28,黃大津,1,無,72,0.01,N
2004,立委,區域,臺北市,臺北市第2選舉區,29,梁熾誠,1,無,87,0.01,N
2004,立委,區域,臺北市,臺北市第2選舉區,30,王世堅,1,民主進步黨,65027,11.05,Y
2004,立委,區域,高雄市,高雄市第1選區,1,管碧玲,2,民主進步黨,46651,12.83,Y
2004,立委,區域,高雄市,高雄市第1選區,2,張顯耀,1,親民黨,54942,15.11,Y
2004,立委,區域,高雄市,高雄市第1選區,3,曾燦燈,1,台灣團結聯盟,40326,11.09,Y
2004,立委,區域,高雄市,高雄市第1選區,4,李昆澤,1,民主進步黨,55126,15.16,Y
2004,立委,區域,高雄市,高雄市第1選區,5,江綺雯,2,中國國民黨,37621,10.35,N
2004,立委,區域,高雄市,高雄市第1選區,6,蘇盈貴,1,無,19953,5.49,N
2004,立委,區域,高雄市,高雄市第1選區,7,張榮顯,1,無,5583,1.54,N
2004,立委,區域,高雄市,高雄市第1選區,8,梅再興,1,無黨團結聯盟,2702,0.74,N
2004,立委,區域,高雄市,高雄市第1選區,9,林進興,1,民主進步黨,47299,13.01,Y
2004,立委,區域,高雄市,高雄市第1選區,10,林誌彬,1,無,276,0.08,N
2004,立委,區域,高雄市,高雄市第1選區,11,林壽山,1,無,3646,1.00,N
2004,立委,區域,高雄市,高雄市第1選區,12,王天競,1,無,678,0.19,N
2004,立委,區域,高雄市,高雄市第1選區,13,羅世雄,1,中國國民黨,46583,12.81,Y
2004,立委,區域,高雄市,高雄市第1選區,14,盧利康,1,中國國民黨,2199,0.60,N
2004,立委,區域,高雄市,高雄市第2選區,1,黃昭輝,1,民主進步黨,49009,17.98,Y
2004,立委,區域,高雄市,高雄市第2選區,2,鄭麗文,2,無,24780,9.09,N
2004,立委,區域,高雄市,高雄市第2選區,3,郭玟成,1,民主進步黨,33033,12.12,Y
2004,立委,區域,高雄市,高雄市第2選區,4,邱毅,1,親民黨,40551,14.88,Y
2004,立委,區域,高雄市,高雄市第2選區,5,羅志明,1,台灣團結聯盟,35554,13.05,Y
2004,立委,區域,高雄市,高雄市第2選區,6,蔡媽福,1,無黨團結聯盟,1561,0.57,N
2004,立委,區域,高雄市,高雄市第2選區,7,郭金生,1,無,1024,0.38,N
2004,立委,區域,高雄市,高雄市第2選區,8,李復興,1,中國國民黨,42538,15.61,Y
2004,立委,區域,高雄市,高雄市第2選區,9,朱挺介,1,無,11373,4.17,N
2004,立委,區域,高雄市,高雄市第2選區,10,湯金全,1,民主進步黨,32022,11.75,N
2004,立委,區域,高雄市,高雄市第2選區,11,林景元,1,無,1060,0.39,N
2004,立委,區域,臺北縣,臺北縣第1選區,1,張清芳,1,民主進步黨,32115,7.44,N
2004,立委,區域,臺北縣,臺北縣第1選區,2,李文忠,1,民主進步黨,37216,8.62,Y
2004,立委,區域,臺北縣,臺北縣第1選區,3,林鴻池,1,中國國民黨,54000,12.51,Y
2004,立委,區域,臺北縣,臺北縣第1選區,4,李嘉進,1,中國國民黨,49955,11.57,Y
2004,立委,區域,臺北縣,臺北縣第1選區,5,林憲同,1,無黨團結聯盟,584,0.14,N
2004,立委,區域,臺北縣,臺北縣第1選區,6,陳誠鈞,1,無,261,0.06,N
2004,立委,區域,臺北縣,臺北縣第1選區,7,蕭貫譽,1,台灣團結聯盟,24294,5.63,N
2004,立委,區域,臺北縣,臺北縣第1選區,8,周錫瑋,1,親民黨,51767,11.99,Y
2004,立委,區域,臺北縣,臺北縣第1選區,9,王淑慧,2,民主進步黨,32913,7.63,Y
2004,立委,區域,臺北縣,臺北縣第1選區,10,吳清池,1,親民黨,35225,8.16,Y
2004,立委,區域,臺北縣,臺北縣第1選區,11,廖本煙,1,台灣團結聯盟,32204,7.46,Y
2004,立委,區域,臺北縣,臺北縣第1選區,12,羅福助,1,無,584,0.14,N
2004,立委,區域,臺北縣,臺北縣第1選區,13,李勝峰,1,中國國民黨,27946,6.48,N
2004,立委,區域,臺北縣,臺北縣第1選區,14,莊碩漢,1,民主進步黨,52534,12.17,Y
2004,立委,區域,臺北縣,臺北縣第2選區,1,陳景峻,1,民主進步黨,31857,5.80,Y
2004,立委,區域,臺北縣,臺北縣第2選區,2,劉ㄧ德,1,台灣團結聯盟,27691,5.04,N
2004,立委,區域,臺北縣,臺北縣第2選區,3,蘇卿彥,1,無,477,0.09,N
2004,立委,區域,臺北縣,臺北縣第2選區,4,蔡家福,1,中國國民黨,34486,6.28,Y
2004,立委,區域,臺北縣,臺北縣第2選區,5,林麗容,2,無,1075,0.20,N
2004,立委,區域,臺北縣,臺北縣第2選區,6,許登宮,1,台灣團結聯盟,24142,4.39,N
2004,立委,區域,臺北縣,臺北縣第2選區,7,李顯榮,1,中國國民黨,44442,8.09,Y
2004,立委,區域,臺北縣,臺北縣第2選區,8,朱俊曉,1,中國國民黨,48874,8.89,Y
2004,立委,區域,臺北縣,臺北縣第2選區,9,吳育昇,1,中國國民黨,73164,13.31,Y
2004,立委,區域,臺北縣,臺北縣第2選區,10,謝鎮安,1,無,323,0.06,N
2004,立委,區域,臺北縣,臺北縣第2選區,11,邵建興,1,無,226,0.04,N
2004,立委,區域,臺北縣,臺北縣第2選區,12,曹來旺,1,民主進步黨,42411,7.72,Y
2004,立委,區域,臺北縣,臺北縣第2選區,13,陳茂男,1,民主進步黨,24958,4.54,N
2004,立委,區域,臺北縣,臺北縣第2選區,14,黃劍輝,1,民主進步黨,35989,6.55,Y
2004,立委,區域,臺北縣,臺北縣第2選區,15,鄭余鎮,1,無黨團結聯盟,995,0.18,N
2004,立委,區域,臺北縣,臺北縣第2選區,16,柯淑敏,2,親民黨,29472,5.36,Y
2004,立委,區域,臺北縣,臺北縣第2選區,17,吳秉叡,1,民主進步黨,45821,8.34,Y
2004,立委,區域,臺北縣,臺北縣第2選區,18,林淑芬,2,民主進步黨,43680,7.95,Y
2004,立委,區域,臺北縣,臺北縣第2選區,19,李鴻鈞,1,親民黨,39441,7.18,Y
2004,立委,區域,臺北縣,臺北縣第3選區,1,許文仁,1,無,995,0.19,N
2004,立委,區域,臺北縣,臺北縣第3選區,2,李慶華,1,親民黨,44956,8.46,Y
2004,立委,區域,臺北縣,臺北縣第3選區,3,周雅淑,2,民主進步黨,30138,5.67,N
2004,立委,區域,臺北縣,臺北縣第3選區,4,趙永清,1,民主進步黨,47618,8.96,Y
2004,立委,區域,臺北縣,臺北縣第3選區,5,尹載福,1,無,283,0.05,N
2004,立委,區域,臺北縣,臺北縣第3選區,6,楊士興,1,無,400,0.08,N
2004,立委,區域,臺北縣,臺北縣第3選區,7,林德福,1,親民黨,41210,7.76,Y
2004,立委,區域,臺北縣,臺北縣第3選區,8,張通賢,1,無,257,0.05,N
2004,立委,區域,臺北縣,臺北縣第3選區,9,戴昌琛,1,無,121,0.02,N
2004,立委,區域,臺北縣,臺北縣第3選區,10,羅明才,1,中國國民黨,45395,8.54,Y
2004,立委,區域,臺北縣,臺北縣第3選區,11,鄭三元,1,親民黨,31290,5.89,N
2004,立委,區域,臺北縣,臺北縣第3選區,12,許登崑,1,建國黨,153,0.03,N
2004,立委,區域,臺北縣,臺北縣第3選區,13,洪秀柱,2,中國國民黨,57389,10.80,Y
2004,立委,區域,臺北縣,臺北縣第3選區,14,陳永福,1,台灣團結聯盟,28413,5.35,N
2004,立委,區域,臺北縣,臺北縣第3選區,15,雷倩,2,中國國民黨,72467,13.64,Y
2004,立委,區域,臺北縣,臺北縣第3選區,16,張慶忠,1,中國國民黨,44136,8.31,Y
2004,立委,區域,臺北縣,臺北縣第3選區,17,高濟中,1,無,186,0.04,N
2004,立委,區域,臺北縣,臺北縣第3選區,18,陳朝龍,1,民主進步黨,35709,6.72,Y
2004,立委,區域,臺北縣,臺北縣第3選區,19,蘇惠珍,2,無,1359,0.26,N
2004,立委,區域,臺北縣,臺北縣第3選區,20,沈發惠,1,民主進步黨,48907,9.20,Y
2004,立委,區域,宜蘭縣,宜蘭縣選舉區,1,陳金德,1,民主進步黨,39331,21.30,Y
2004,立委,區域,宜蘭縣,宜蘭縣選舉區,2,林建榮,1,中國國民黨,52533,28.45,Y
2004,立委,區域,宜蘭縣,宜蘭縣選舉區,3,鄭美蘭,2,親民黨,33212,17.99,N
2004,立委,區域,宜蘭縣,宜蘭縣選舉區,4,張川田,1,民主進步黨,59585,32.27,Y
2004,立委,區域,桃園縣,桃園縣選舉區,1,林正峰,1,中國國民黨,45170,6.13,Y
2004,立委,區域,桃園縣,桃園縣選舉區,2,彭添富,1,民主進步黨,37549,5.10,Y
2004,立委,區域,桃園縣,桃園縣選舉區,3,陳宗義,1,民主進步黨,29137,3.95,N
2004,立委,區域,桃園縣,桃園縣選舉區,4,陳江順,1,台灣團結聯盟,17091,2.32,N
2004,立委,區域,桃園縣,桃園縣選舉區,5,張昌財,1,中國國民黨,38595,5.24,Y
2004,立委,區域,桃園縣,桃園縣選舉區,6,陳根德,1,中國國民黨,44763,6.07,Y
2004,立委,區域,桃園縣,桃園縣選舉區,7,鄭金玲,2,親民黨,34012,4.62,Y
2004,立委,區域,桃園縣,桃園縣選舉區,8,林逸青,2,無,3179,0.43,N
2004,立委,區域,桃園縣,桃園縣選舉區,9,孫大千,1,親民黨,45376,6.16,Y
2004,立委,區域,桃園縣,桃園縣選舉區,10,邱創良,1,無黨團結聯盟,15689,2.13,N
2004,立委,區域,桃園縣,桃園縣選舉區,11,李鎮楠,1,民主進步黨,40513,5.50,Y
2004,立委,區域,桃園縣,桃園縣選舉區,12,李月琴,2,民主進步黨,30670,4.16,N
2004,立委,區域,桃園縣,桃園縣選舉區,13,羅煥鑪,1,無黨團結聯盟,15381,2.09,N
2004,立委,區域,桃園縣,桃園縣選舉區,14,朱鳳芝,2,中國國民黨,50488,6.85,Y
2004,立委,區域,桃園縣,桃園縣選舉區,15,彭紹瑾,1,民主進步黨,48192,6.54,Y
2004,立委,區域,桃園縣,桃園縣選舉區,16,賴注醒,1,無,933,0.13,N
2004,立委,區域,桃園縣,桃園縣選舉區,17,黃宗源,1,台灣團結聯盟,32077,4.35,Y
2004,立委,區域,桃園縣,桃園縣選舉區,18,陳麗玲,2,中國國民黨,25394,3.45,N
2004,立委,區域,桃園縣,桃園縣選舉區,19,郭榮宗,1,民主進步黨,35762,4.85,Y
2004,立委,區域,桃園縣,桃園縣選舉區,20,黃德隆,1,無,3909,0.53,N
2004,立委,區域,桃園縣,桃園縣選舉區,21,邱垂貞,1,民主進步黨,29962,4.07,N
2004,立委,區域,桃園縣,桃園縣選舉區,22,吳志揚,1,中國國民黨,51225,6.95,Y
2004,立委,區域,桃園縣,桃園縣選舉區,23,呂志明,1,親民黨,20616,2.80,N
2004,立委,區域,桃園縣,桃園縣選舉區,24,甘國秀,1,無,926,0.13,N
2004,立委,區域,桃園縣,桃園縣選舉區,25,黃飛鴻,1,無,483,0.07,N
2004,立委,區域,桃園縣,桃園縣選舉區,26,王學慧,2,臺灣慧行志工黨,820,0.11,N
2004,立委,區域,桃園縣,桃園縣選舉區,27,余惠南,1,無,187,0.03,N
2004,立委,區域,桃園縣,桃園縣選舉區,28,楊麗環,2,中國國民黨,38744,5.26,Y
2004,立委,區域,新竹縣,新竹縣選舉區,1,陳琪惠,2,親民黨,38339,20.36,N
2004,立委,區域,新竹縣,新竹縣選舉區,2,林為洲,1,民主進步黨,39242,20.84,Y
2004,立委,區域,新竹縣,新竹縣選舉區,3,張學舜,1,民主進步黨,30243,16.06,N
2004,立委,區域,新竹縣,新竹縣選舉區,4,邱鏡淳,1,中國國民黨,39626,21.05,Y
2004,立委,區域,新竹縣,新竹縣選舉區,5,葉芳雄,1,中國國民黨,40837,21.69,Y
2004,立委,區域,苗栗縣,苗栗縣選舉區,1,陳超明,1,民主進步黨,38839,16.20,N
2004,立委,區域,苗栗縣,苗栗縣選舉區,2,張榮顯,1,無,373,0.16,N
2004,立委,區域,苗栗縣,苗栗縣選舉區,3,謝宏毅,1,無,367,0.15,N
2004,立委,區域,苗栗縣,苗栗縣選舉區,4,杜文卿,1,民主進步黨,41643,17.37,Y
2004,立委,區域,苗栗縣,苗栗縣選舉區,5,藍博洲,1,無,2953,1.23,N
2004,立委,區域,苗栗縣,苗栗縣選舉區,6,徐耀昌,1,親民黨,44315,18.48,Y
2004,立委,區域,苗栗縣,苗栗縣選舉區,7,李佳穆,1,無,441,0.18,N
2004,立委,區域,苗栗縣,苗栗縣選舉區,8,邱德宏,1,台灣團結聯盟,7683,3.20,N
2004,立委,區域,苗栗縣,苗栗縣選舉區,9,何智輝,1,中國國民黨,50070,20.88,Y
2004,立委,區域,苗栗縣,苗栗縣選舉區,10,劉政鴻,1,中國國民黨,53123,22.15,Y
2004,立委,區域,臺中縣,臺中縣選舉區,1,林振昌,1,無,490,0.08,N
2004,立委,區域,臺中縣,臺中縣選舉區,2,王戴春滿,2,台灣團結聯盟,23009,3.64,N
2004,立委,區域,臺中縣,臺中縣選舉區,3,謝欣霓,2,民主進步黨,59246,9.37,Y
2004,立委,區域,臺中縣,臺中縣選舉區,4,莊喬松,1,無,433,0.07,N
2004,立委,區域,臺中縣,臺中縣選舉區,5,施重光,1,無,367,0.06,N
2004,立委,區域,臺中縣,臺中縣選舉區,6,江連福,1,中國國民黨,47534,7.52,Y
2004,立委,區域,臺中縣,臺中縣選舉區,7,紀國棟,1,中國國民黨,43617,6.90,Y
2004,立委,區域,臺中縣,臺中縣選舉區,8,劉瑞龍,1,民主進步黨,13421,2.12,N
2004,立委,區域,臺中縣,臺中縣選舉區,9,吳富貴,1,民主進步黨,49468,7.82,Y
2004,立委,區域,臺中縣,臺中縣選舉區,10,徐中雄,1,中國國民黨,38362,6.07,Y
2004,立委,區域,臺中縣,臺中縣選舉區,11,林樵鋒,1,工教聯盟,3176,0.50,N
2004,立委,區域,臺中縣,臺中縣選舉區,12,馮定國,1,親民黨,55419,8.76,Y
2004,立委,區域,臺中縣,臺中縣選舉區,13,劉銓忠,1,中國國民黨,59663,9.43,Y
2004,立委,區域,臺中縣,臺中縣選舉區,14,楊天生,1,無,28910,4.57,N
2004,立委,區域,臺中縣,臺中縣選舉區,15,簡肇棟,1,民主進步黨,28300,4.48,N
2004,立委,區域,臺中縣,臺中縣選舉區,16,吳清溪,1,無,750,0.12,N
2004,立委,區域,臺中縣,臺中縣選舉區,17,楊瓊瓔,2,中國國民黨,43134,6.82,Y
2004,立委,區域,臺中縣,臺中縣選舉區,18,黃金推,1,無,318,0.05,N
2004,立委,區域,臺中縣,臺中縣選舉區,19,顏清標,1,無黨團結聯盟,46111,7.29,Y
2004,立委,區域,臺中縣,臺中縣選舉區,20,郭俊銘,1,民主進步黨,35450,5.61,Y
2004,立委,區域,臺中縣,臺中縣選舉區,21,蔡其昌,1,民主進步黨,39804,6.29,Y
2004,立委,區域,臺中縣,臺中縣選舉區,22,張錦湖,1,台灣團結聯盟,15390,2.43,N
2004,立委,區域,彰化縣,彰化縣選舉區,1,江昭儀,1,民主進步黨,42314,6.58,Y
2004,立委,區域,彰化縣,彰化縣選舉區,2,魏明谷,1,民主進步黨,35003,5.44,Y
2004,立委,區域,彰化縣,彰化縣選舉區,3,林滄敏,1,中國國民黨,60355,9.39,Y
2004,立委,區域,彰化縣,彰化縣選舉區,4,卓伯源,1,中國國民黨,40309,6.27,Y
2004,立委,區域,彰化縣,彰化縣選舉區,5,謝章捷,1,親民黨,34723,5.40,N
2004,立委,區域,彰化縣,彰化縣選舉區,6,柯金德,1,民主進步黨,33418,5.20,N
2004,立委,區域,彰化縣,彰化縣選舉區,7,邱創進,1,民主進步黨,35112,5.46,Y
2004,立委,區域,彰化縣,彰化縣選舉區,8,周清玉,2,民主進步黨,27888,4.34,N
2004,立委,區域,彰化縣,彰化縣選舉區,9,陳聰明,1,中國國民黨,34710,5.40,N
2004,立委,區域,彰化縣,彰化縣選舉區,10,陳朝容,1,親民黨,39644,6.17,Y
2004,立委,區域,彰化縣,彰化縣選舉區,11,陳秀卿,2,中國國民黨,45933,7.14,Y
2004,立委,區域,彰化縣,彰化縣選舉區,12,黃文玲,2,無,14896,2.32,N
2004,立委,區域,彰化縣,彰化縣選舉區,13,陳陽德,1,台灣團結聯盟,29145,4.53,N
2004,立委,區域,彰化縣,彰化縣選舉區,14,陳煥林,1,無,31588,4.91,N
2004,立委,區域,彰化縣,彰化縣選舉區,15,陳杰,1,中國國民黨,48478,7.54,Y
2004,立委,區域,彰化縣,彰化縣選舉區,16,陳進丁,1,無黨團結聯盟,42055,6.54,Y
2004,立委,區域,彰化縣,彰化縣選舉區,17,楊宗哲,1,無,35941,5.59,Y
2004,立委,區域,彰化縣,彰化縣選舉區,18,江春盛,1,無,9128,1.42,N
2004,立委,區域,彰化縣,彰化縣選舉區,19,瞿亞文,1,無,2305,0.36,N
2004,立委,區域,南投縣,南投縣選舉區,1,陳啟吉,1,台灣團結聯盟,29448,13.65,N
2004,立委,區域,南投縣,南投縣選舉區,2,吳政勳,1,無,1398,0.65,N
2004,立委,區域,南投縣,南投縣選舉區,3,吳敦義,1,中國國民黨,59479,27.57,Y
2004,立委,區域,南投縣,南投縣選舉區,4,林博文,1,無,3882,1.80,N
2004,立委,區域,南投縣,南投縣選舉區,5,徐俊熙,1,無,233,0.11,N
2004,立委,區域,南投縣,南投縣選舉區,6,陳振盛,1,無黨團結聯盟,16447,7.62,N
2004,立委,區域,南投縣,南投縣選舉區,7,湯火聖,1,民主進步黨,33074,15.33,Y
2004,立委,區域,南投縣,南投縣選舉區,8,陳志彬,1,親民黨,30914,14.33,Y
2004,立委,區域,南投縣,南投縣選舉區,9,彭百志,1,無,3146,1.46,N
2004,立委,區域,南投縣,南投縣選舉區,10,林耘生,1,民主進步黨,31188,14.46,Y
2004,立委,區域,南投縣,南投縣選舉區,11,林民政,1,無,6517,3.02,N
2004,立委,區域,雲林縣,雲林縣選舉區,1,陳劍松,1,親民黨,28817,8.24,N
2004,立委,區域,雲林縣,雲林縣選舉區,2,高金郎,1,建國黨,730,0.21,N
2004,立委,區域,雲林縣,雲林縣選舉區,3,陳憲中,1,民主進步黨,34226,9.78,Y
2004,立委,區域,雲林縣,雲林縣選舉區,4,林國華,1,民主進步黨,29034,8.30,N
2004,立委,區域,雲林縣,雲林縣選舉區,5,曾蔡美佐,2,無,20310,5.81,N
2004,立委,區域,雲林縣,雲林縣選舉區,6,許舒博,1,中國國民黨,39233,11.21,Y
2004,立委,區域,雲林縣,雲林縣選舉區,7,劉調銅,1,無,483,0.14,N
2004,立委,區域,雲林縣,雲林縣選舉區,8,張麗善,2,無,51436,14.70,Y
2004,立委,區域,雲林縣,雲林縣選舉區,9,廖福本,1,無,780,0.22,N
2004,立委,區域,雲林縣,雲林縣選舉區,10,林樹山,1,民主進步黨,38313,10.95,Y
2004,立委,區域,雲林縣,雲林縣選舉區,11,侯惠仙,2,中國國民黨,18021,5.15,N
2004,立委,區域,雲林縣,雲林縣選舉區,12,林明義,1,無黨團結聯盟,6256,1.79,N
2004,立委,區域,雲林縣,雲林縣選舉區,13,蔡桓生,1,無,658,0.19,N
2004,立委,區域,雲林縣,雲林縣選舉區,14,張碩文,1,中國國民黨,42221,12.07,Y
2004,立委,區域,雲林縣,雲林縣選舉區,15,鄭東來,1,無,5347,1.53,N
2004,立委,區域,雲林縣,雲林縣選舉區,16,許樹福,1,無,457,0.13,N
2004,立委,區域,雲林縣,雲林縣選舉區,17,吳炳輝,1,無,487,0.14,N
2004,立委,區域,雲林縣,雲林縣選舉區,18,尹伶瑛,2,台灣團結聯盟,33053,9.45,Y
2004,立委,區域,嘉義縣,嘉義縣選舉區,1,何嘉榮,1,台灣團結聯盟,16154,6.45,N
2004,立委,區域,嘉義縣,嘉義縣選舉區,2,蔡啟芳,1,民主進步黨,37815,15.11,Y
2004,立委,區域,嘉義縣,嘉義縣選舉區,3,何金松,1,無黨團結聯盟,7909,3.16,N
2004,立委,區域,嘉義縣,嘉義縣選舉區,4,何慶紋,1,中國國民黨,22442,8.97,N
2004,立委,區域,嘉義縣,嘉義縣選舉區,5,李清圳,1,親民黨,7407,2.96,N
2004,立委,區域,嘉義縣,嘉義縣選舉區,6,張花冠,2,民主進步黨,37281,14.90,Y
2004,立委,區域,嘉義縣,嘉義縣選舉區,7,簡泰河,1,中國國民黨,6152,2.46,N
2004,立委,區域,嘉義縣,嘉義縣選舉區,8,許能通,1,無,2342,0.94,N
2004,立委,區域,嘉義縣,嘉義縣選舉區,9,林國慶,1,民主進步黨,37602,15.02,Y
2004,立委,區域,嘉義縣,嘉義縣選舉區,10,陳明仁,1,無,8737,3.49,N
2004,立委,區域,嘉義縣,嘉義縣選舉區,11,翁重鈞,1,中國國民黨,66425,26.54,Y
2004,立委,區域,臺南縣,臺南縣選舉區,1,侯水盛,1,民主進步黨,51289,10.09,Y
2004,立委,區域,臺南縣,臺南縣選舉區,2,謝堯政,1,無,5800,1.14,N
2004,立委,區域,臺南縣,臺南縣選舉區,3,葉宜津,2,民主進步黨,33724,6.64,Y
2004,立委,區域,臺南縣,臺南縣選舉區,4,鄭國忠,1,民主進步黨,50861,10.01,Y
2004,立委,區域,臺南縣,臺南縣選舉區,5,許高瑞,1,無,356,0.07,N
2004,立委,區域,臺南縣,臺南縣選舉區,6,洪玉欽,1,中國國民黨,43972,8.65,Y
2004,立委,區域,臺南縣,臺南縣選舉區,7,郭添財,1,中國國民黨,34555,6.80,N
2004,立委,區域,臺南縣,臺南縣選舉區,8,郭秀珠,2,無,19318,3.80,N
2004,立委,區域,臺南縣,臺南縣選舉區,9,李錚玲,2,親民黨,25062,4.93,N
2004,立委,區域,臺南縣,臺南縣選舉區,10,曾信超,1,台灣團結聯盟,26066,5.13,N
2004,立委,區域,臺南縣,臺南縣選舉區,11,李全教,1,中國國民黨,48706,9.58,Y
2004,立委,區域,臺南縣,臺南縣選舉區,12,李俊毅,1,民主進步黨,47177,9.28,Y
2004,立委,區域,臺南縣,臺南縣選舉區,13,宋煦光,2,中國國民黨,28743,5.66,N
2004,立委,區域,臺南縣,臺南縣選舉區,14,李和順,1,無黨團結聯盟,48634,9.57,Y
2004,立委,區域,臺南縣,臺南縣選舉區,15,黃偉哲,1,民主進步黨,43505,8.56,Y
2004,立委,區域,臺南縣,臺南縣選舉區,16,王國棟,1,無,398,0.08,N
2004,立委,區域,高雄縣,高雄縣選舉區,1,陳麗惠,2,中國國民黨,32767,6.01,N
2004,立委,區域,高雄縣,高雄縣選舉區,2,徐志明,1,民主進步黨,34366,6.30,Y
2004,立委,區域,高雄縣,高雄縣選舉區,3,黃萬全,1,台灣團結聯盟,31110,5.71,N
2004,立委,區域,高雄縣,高雄縣選舉區,4,蔡上正,1,無,11548,2.12,N
2004,立委,區域,高雄縣,高雄縣選舉區,5,林益世,1,中國國民黨,69115,12.68,Y
2004,立委,區域,高雄縣,高雄縣選舉區,6,余政道,1,民主進步黨,33965,6.23,Y
2004,立委,區域,高雄縣,高雄縣選舉區,7,鍾紹和,1,親民黨,36405,6.68,Y
2004,立委,區域,高雄縣,高雄縣選舉區,8,黃璽文,1,無黨團結聯盟,6585,1.21,N
2004,立委,區域,高雄縣,高雄縣選舉區,9,趙良燕,2,親民黨,33631,6.17,Y
2004,立委,區域,高雄縣,高雄縣選舉區,10,林志隆,1,台灣團結聯盟,27297,5.01,N
2004,立委,區域,高雄縣,高雄縣選舉區,11,林岱樺,2,民主進步黨,51083,9.37,Y
2004,立委,區域,高雄縣,高雄縣選舉區,12,吳光訓,1,中國國民黨,56467,10.36,Y
2004,立委,區域,高雄縣,高雄縣選舉區,13,顏文章,1,民主進步黨,60522,11.10,Y
2004,立委,區域,高雄縣,高雄縣選舉區,14,陳景星,1,無黨團結聯盟,1695,0.31,N
2004,立委,區域,高雄縣,高雄縣選舉區,15,王金雄,1,無,4780,0.88,N
2004,立委,區域,高雄縣,高雄縣選舉區,16,陳啟昱,1,民主進步黨,53848,9.88,Y
2004,立委,區域,屏東縣,屏東縣選舉區,1,林淵熙,1,親民黨,11245,2.86,N
2004,立委,區域,屏東縣,屏東縣選舉區,2,邱議瑩,2,民主進步黨,31651,8.04,N
2004,立委,區域,屏東縣,屏東縣選舉區,3,林育生,1,民主進步黨,40187,10.21,Y
2004,立委,區域,屏東縣,屏東縣選舉區,4,伍錦霖,1,中國國民黨,64425,16.36,Y
2004,立委,區域,屏東縣,屏東縣選舉區,5,蔡豪,1,無黨團結聯盟,50029,12.71,Y
2004,立委,區域,屏東縣,屏東縣選舉區,6,洪輝祥,1,無,3046,0.77,N
2004,立委,區域,屏東縣,屏東縣選舉區,7,潘孟安,1,民主進步黨,53583,13.61,Y
2004,立委,區域,屏東縣,屏東縣選舉區,8,廖婉汝,2,中國國民黨,50923,12.93,Y
2004,立委,區域,屏東縣,屏東縣選舉區,9,藍群傑,1,台灣團結聯盟,37383,9.49,N
2004,立委,區域,屏東縣,屏東縣選舉區,10,李景雯,1,無,6586,1.67,N
2004,立委,區域,屏東縣,屏東縣選舉區,11,鄭朝明,1,民主進步黨,44691,11.35,Y
2004,立委,區域,臺東縣,臺東縣選舉區,1,黃健庭,1,中國國民黨,38178,61.59,Y
2004,立委,區域,臺東縣,臺東縣選舉區,2,許瑞貴,1,民主進步黨,23551,37.99,N
2004,立委,區域,臺東縣,臺東縣選舉區,3,靳意芳,2,無,259,0.42,N
2004,立委,區域,花蓮縣,花蓮縣選舉區,1,王廷升,1,無,22699,23.70,N
2004,立委,區域,花蓮縣,花蓮縣選舉區,2,鍾逸文,1,無,12184,12.72,N
2004,立委,區域,花蓮縣,花蓮縣選舉區,3,傅崐萁,1,親民黨,28761,30.03,Y
2004,立委,區域,花蓮縣,花蓮縣選舉區,4,盧博基,1,民主進步黨,26257,27.42,Y
2004,立委,區域,花蓮縣,花蓮縣選舉區,5,陳榮財,1,台灣團結聯盟,3430,3.58,N
2004,立委,區域,花蓮縣,花蓮縣選舉區,6,林連明,1,無黨團結聯盟,2437,2.54,N
2004,立委,區域,澎湖縣,澎湖縣選舉區,1,高植澎,1,民主進步黨,14933,39.47,N
2004,立委,區域,澎湖縣,澎湖縣選舉區,2,許敬民,1,無,250,0.66,N
2004,立委,區域,澎湖縣,澎湖縣選舉區,3,林炳坤,1,無黨團結聯盟,22650,59.87,Y
2004,立委,區域,基隆市,基隆市選舉區,1,王拓,1,民主進步黨,34129,22.65,Y
2004,立委,區域,基隆市,基隆市選舉區,2,徐少萍,2,中國國民黨,36073,23.94,Y
2004,立委,區域,基隆市,基隆市選舉區,3,謝國樑,1,親民黨,52840,35.07,Y
2004,立委,區域,基隆市,基隆市選舉區,4,呂美玲,2,無,6257,4.15,N
2004,立委,區域,基隆市,基隆市選舉區,5,王東暉,1,台灣團結聯盟,21370,14.18,N
2004,立委,區域,新竹市,新竹市選舉區,1,趙福龍,1,無,178,0.12,N
2004,立委,區域,新竹市,新竹市選舉區,2,柯俊雄,1,中國國民黨,40172,27.32,Y
2004,立委,區域,新竹市,新竹市選舉區,3,廖宏祥,1,台灣團結聯盟,27568,18.75,N
2004,立委,區域,新竹市,新竹市選舉區,4,曾如美,2,無,1028,0.70,N
2004,立委,區域,新竹市,新竹市選舉區,5,高正忠,1,無,3127,2.13,N
2004,立委,區域,新竹市,新竹市選舉區,6,柯建銘,1,民主進步黨,37841,25.74,Y
2004,立委,區域,新竹市,新竹市選舉區,7,鄭正鈐,1,無,4364,2.97,N
2004,立委,區域,新竹市,新竹市選舉區,8,楊志強,1,無,1243,0.85,N
2004,立委,區域,新竹市,新竹市選舉區,9,呂學樟,1,親民黨,31507,21.43,Y
2004,立委,區域,臺中市,臺中市選舉區,1,史惠群,1,無,976,0.25,N
2004,立委,區域,臺中市,臺中市選舉區,2,張溫鷹,2,無,17764,4.46,N
2004,立委,區域,臺中市,臺中市選舉區,3,沈智慧,2,親民黨,34726,8.72,Y
2004,立委,區域,臺中市,臺中市選舉區,4,林忠勝,1,無,131,0.03,N
2004,立委,區域,臺中市,臺中市選舉區,5,謝明源,1,民主進步黨,41483,10.42,Y
2004,立委,區域,臺中市,臺中市選舉區,6,魏瑞洲,1,無,282,0.07,N
2004,立委,區域,臺中市,臺中市選舉區,7,盧秀燕,2,中國國民黨,50944,12.79,Y
2004,立委,區域,臺中市,臺中市選舉區,8,蔡錦隆,1,中國國民黨,67711,17.01,Y
2004,立委,區域,臺中市,臺中市選舉區,9,李明憲,1,民主進步黨,30865,7.75,Y
2004,立委,區域,臺中市,臺中市選舉區,10,倪振聽,1,無,332,0.08,N
2004,立委,區域,臺中市,臺中市選舉區,11,王世勛,1,民主進步黨,54912,13.79,Y
2004,立委,區域,臺中市,臺中市選舉區,12,何敏豪,1,台灣團結聯盟,34565,8.68,Y
2004,立委,區域,臺中市,臺中市選舉區,13,林佩樂,2,無黨團結聯盟,7344,1.84,N
2004,立委,區域,臺中市,臺中市選舉區,14,劉士州,1,無,687,0.17,N
2004,立委,區域,臺中市,臺中市選舉區,15,何文海,1,無,6464,1.62,N
2004,立委,區域,臺中市,臺中市選舉區,16,蘇雲華,1,無,570,0.14,N
2004,立委,區域,臺中市,臺中市選舉區,17,黃義交,1,親民黨,38568,9.69,Y
2004,立委,區域,臺中市,臺中市選舉區,18,陳淑琬,2,中國國民黨,9842,2.47,N
2004,立委,區域,嘉義市,嘉義市選舉區,1,凌子楚,1,台灣團結聯盟,24211,23.46,N
2004,立委,區域,嘉義市,嘉義市選舉區,2,蔡同榮,1,民主進步黨,31193,30.22,Y
2004,立委,區域,嘉義市,嘉義市選舉區,3,黃敏惠,2,中國國民黨,47308,45.84,Y
2004,立委,區域,嘉義市,嘉義市選舉區,4,張孟崇,1,無黨團結聯盟,495,0.48,N
2004,立委,區域,臺南市,臺南市選舉區,1,王昱婷,2,中國國民黨,49261,15.54,Y
2004,立委,區域,臺南市,臺南市選舉區,2,王幸男,1,民主進步黨,33833,10.68,Y
2004,立委,區域,臺南市,臺南市選舉區,3,錢林慧君,2,台灣團結聯盟,32966,10.40,N
2004,立委,區域,臺南市,臺南市選舉區,4,曾文宏,1,無,192,0.06,N
2004,立委,區域,臺南市,臺南市選舉區,5,高思博,1,親民黨,44004,13.89,Y
2004,立委,區域,臺南市,臺南市選舉區,6,梁聰榮,1,無,471,0.15,N
2004,立委,區域,臺南市,臺南市選舉區,7,林南生,1,中國國民黨,36930,11.65,Y
2004,立委,區域,臺南市,臺南市選舉區,8,唐碧娥,2,民主進步黨,51422,16.23,Y
2004,立委,區域,臺南市,臺南市選舉區,9,施治明,1,無黨團結聯盟,14093,4.45,N
2004,立委,區域,臺南市,臺南市選舉區,10,蘇南成,1,無,7249,2.29,N
2004,立委,區域,臺南市,臺南市選舉區,11,賴清德,1,民主進步黨,45997,14.51,Y
2004,立委,區域,臺南市,臺南市選舉區,12,林聯輝,1,無,477,0.15,N
2004,立委,區域,金門縣,金門縣選舉區,1,李成義,1,無黨團結聯盟,5544,24.70,N
2004,立委,區域,金門縣,金門縣選舉區,2,吳成典,1,新黨,12137,54.07,Y
2004,立委,區域,金門縣,金門縣選舉區,3,翁明志,1,民主進步黨,1329,5.92,N
2004,立委,區域,金門縣,金門縣選舉區,4,陳清寶,1,無,3436,15.31,N
2004,立委,區域,連江縣,連江縣選舉區,1,曹爾忠,1,無,2504,56.26,Y
2004,立委,區域,連江縣,連江縣選舉區,2,曹原彰,1,親民黨,1751,39.34,N
2004,立委,區域,連江縣,連江縣選舉區,3,林火孟,1,民主進步黨,196,4.40,N
2004,立委,山地原住民,全國,01,1,瓦歷斯．貝林,1,無黨團結聯盟,9415,11.54,N
2004,立委,山地原住民,全國,01,2,曾華德,1,中國國民黨,13536,16.59,Y
2004,立委,山地原住民,全國,01,3,李秀琴,2,無,216,0.26,N
2004,立委,山地原住民,全國,01,4,伍新國,1,無,3145,3.85,N
2004,立委,山地原住民,全國,01,5,高金素梅,2,無黨團結聯盟,16284,19.96,Y
2004,立委,山地原住民,全國,01,6,陳道明,1,民主進步黨,5785,7.09,N
2004,立委,山地原住民,全國,01,7,孔文吉,1,中國國民黨,17307,21.21,Y
2004,立委,山地原住民,全國,01,8,林文生,1,台灣團結聯盟,3719,4.56,N
2004,立委,山地原住民,全國,01,9,林春德,1,親民黨,12179,14.93,Y
2004,立委,平地原住民,全國,01,1,楊仁福,1,中國國民黨,14706,23.25,Y
2004,立委,平地原住民,全國,01,2,宋進財,1,無黨團結聯盟,7015,11.09,N
2004,立委,平地原住民,全國,01,3,章賢生,1,無,472,0.75,N
2004,立委,平地原住民,全國,01,4,陳瑩,2,民主進步黨,8364,13.23,Y
2004,立委,平地原住民,全國,01,5,王清堅,1,無黨團結聯盟,4982,7.88,N
2004,立委,平地原住民,全國,01,6,廖國棟,1,中國國民黨,13304,21.04,Y
2004,立委,平地原住民,全國,01,7,楊仁煌,1,台灣團結聯盟,1061,1.68,N
2004,立委,平地原住民,全國,01,8,蔡中涵,1,親民黨,5292,8.37,N
2004,立委,平地原住民,全國,01,9,林正二,1,親民黨,8045,12.72,Y
2005,議員,區域,臺北縣,臺北縣第一選區,1,柯明輝,1,無,1859,0.70,N
2005,議員,區域,臺北縣,臺北縣第一選區,2,林國春,1,無,14618,5.51,Y
2005,議員,區域,臺北縣,臺北縣第一選區,3,王淑惠,2,中國國民黨,17184,6.48,Y
2005,議員,區域,臺北縣,臺北縣第一選區,4,蕭貫譽,1,台灣團結聯盟,19253,7.26,Y
2005,議員,區域,臺北縣,臺北縣第一選區,5,趙燕昭,1,中國國民黨,20981,7.91,Y
2005,議員,區域,臺北縣,臺北縣第一選區,6,張榮法,1,新黨,5570,2.10,N
2005,議員,區域,臺北縣,臺北縣第一選區,7,徐秀廷,1,無,12110,4.57,N
2005,議員,區域,臺北縣,臺北縣第一選區,8,曾文振,1,無,16386,6.18,Y
2005,議員,區域,臺北縣,臺北縣第一選區,9,王景源,1,中國國民黨,17560,6.62,Y
2005,議員,區域,臺北縣,臺北縣第一選區,10,李淑華,2,親民黨,12700,4.79,N
2005,議員,區域,臺北縣,臺北縣第一選區,11,黃俊哲,1,民主進步黨,21365,8.05,Y
2005,議員,區域,臺北縣,臺北縣第一選區,12,林水山,1,民主進步黨,13605,5.13,N
2005,議員,區域,臺北縣,臺北縣第一選區,13,蘇淑真,2,無,1669,0.63,N
2005,議員,區域,臺北縣,臺北縣第一選區,14,王品凱,1,無,2613,0.99,N
2005,議員,區域,臺北縣,臺北縣第一選區,15,周勝考,1,中國國民黨,15193,5.73,Y
2005,議員,區域,臺北縣,臺北縣第一選區,16,黃炳煌,1,民主進步黨,11536,4.35,N
2005,議員,區域,臺北縣,臺北縣第一選區,17,黃瑞璨,1,無,10650,4.02,N
2005,議員,區域,臺北縣,臺北縣第一選區,18,李雪梅,2,中國國民黨,11170,4.21,N
2005,議員,區域,臺北縣,臺北縣第一選區,19,王月明,2,民主進步黨,14001,5.28,Y
2005,議員,區域,臺北縣,臺北縣第一選區,20,陳素珍,2,無,4116,1.55,N
2005,議員,區域,臺北縣,臺北縣第一選區,21,廖裕德,1,無,12491,4.71,N
2005,議員,區域,臺北縣,臺北縣第一選區,22,張宏銘,1,無,8614,3.25,N
2005,議員,區域,臺北縣,臺北縣第二選區,1,楊桂屏,1,中國國民黨,15334,7.48,N
2005,議員,區域,臺北縣,臺北縣第二選區,2,簡文劉,1,中國國民黨,22829,11.13,Y
2005,議員,區域,臺北縣,臺北縣第二選區,3,馬兆玲,2,無,15255,7.44,N
2005,議員,區域,臺北縣,臺北縣第二選區,4,陳錦錠,2,中國國民黨,27343,13.33,Y
2005,議員,區域,臺北縣,臺北縣第二選區,5,張瑞山,1,民主進步黨,20612,10.05,Y
2005,議員,區域,臺北縣,臺北縣第二選區,6,呂萬煜,1,親民黨,14295,6.97,N
2005,議員,區域,臺北縣,臺北縣第二選區,7,江永昌,1,無,18775,9.16,Y
2005,議員,區域,臺北縣,臺北縣第二選區,8,游輝廷,1,中國國民黨,19014,9.27,Y
2005,議員,區域,臺北縣,臺北縣第二選區,9,劉梅花,2,新黨,13900,6.78,N
2005,議員,區域,臺北縣,臺北縣第二選區,10,林秀惠,2,民主進步黨,21398,10.44,Y
2005,議員,區域,臺北縣,臺北縣第二選區,11,李肇南,1,親民黨,16298,7.95,Y
2005,議員,區域,臺北縣,臺北縣第三選區,1,廖筱清,2,民主進步黨,16901,14.85,Y
2005,議員,區域,臺北縣,臺北縣第三選區,2,張繼遠,1,無,7152,6.28,N
2005,議員,區域,臺北縣,臺北縣第三選區,3,陳鴻源,1,中國國民黨,30394,26.71,Y
2005,議員,區域,臺北縣,臺北縣第三選區,4,金介壽,1,親民黨,16779,14.74,Y
2005,議員,區域,臺北縣,臺北縣第三選區,5,呂世喜,1,民主進步黨,14975,13.16,N
2005,議員,區域,臺北縣,臺北縣第三選區,6,連斐璠,2,中國國民黨,27595,24.25,Y
2005,議員,區域,臺北縣,臺北縣第四選區,1,鄭綉瑛,2,中國國民黨,16074,6.28,Y
2005,議員,區域,臺北縣,臺北縣第四選區,2,高敏慧,2,民主進步黨,14179,5.54,Y
2005,議員,區域,臺北縣,臺北縣第四選區,3,黃永昌,1,中國國民黨,18648,7.29,Y
2005,議員,區域,臺北縣,臺北縣第四選區,4,周文美,2,中國國民黨,11269,4.40,N
2005,議員,區域,臺北縣,臺北縣第四選區,5,歐金獅,1,民主進步黨,16202,6.33,Y
2005,議員,區域,臺北縣,臺北縣第四選區,6,鄧嘉慶,1,無,13596,5.31,N
2005,議員,區域,臺北縣,臺北縣第四選區,7,楊寶猜,2,無,8488,3.32,N
2005,議員,區域,臺北縣,臺北縣第四選區,8,彭成龍,1,民主進步黨,12568,4.91,N
2005,議員,區域,臺北縣,臺北縣第四選區,9,洪佳君,2,中國國民黨,17356,6.78,Y
2005,議員,區域,臺北縣,臺北縣第四選區,10,吳琪銘,1,台灣團結聯盟,14904,5.83,Y
2005,議員,區域,臺北縣,臺北縣第四選區,11,陳世雄,1,民主進步黨,13134,5.13,N
2005,議員,區域,臺北縣,臺北縣第四選區,12,陳文錄,1,無,14976,5.85,Y
2005,議員,區域,臺北縣,臺北縣第四選區,13,吳淑芬,2,無,4975,1.94,N
2005,議員,區域,臺北縣,臺北縣第四選區,14,連鄭美素,2,中國國民黨,8852,3.46,N
2005,議員,區域,臺北縣,臺北縣第四選區,15,李百琪,2,無,2952,1.15,N
2005,議員,區域,臺北縣,臺北縣第四選區,16,藍添樹,1,無,8564,3.35,N
2005,議員,區域,臺北縣,臺北縣第四選區,17,林金結,1,無,5906,2.31,N
2005,議員,區域,臺北縣,臺北縣第四選區,18,蔡黃隆,1,親民黨,14518,5.67,Y
2005,議員,區域,臺北縣,臺北縣第四選區,19,余有澄,1,中國國民黨,13363,5.22,N
2005,議員,區域,臺北縣,臺北縣第四選區,20,蘇定基,1,無,788,0.31,N
2005,議員,區域,臺北縣,臺北縣第四選區,21,廖晉權,1,無,217,0.08,N
2005,議員,區域,臺北縣,臺北縣第四選區,22,林銘仁,1,民主進步黨,18409,7.19,Y
2005,議員,區域,臺北縣,臺北縣第四選區,23,陳白霞,2,無,5922,2.31,N
2005,議員,區域,臺北縣,臺北縣第五選區,1,李世東,1,無,8408,3.12,N
2005,議員,區域,臺北縣,臺北縣第五選區,2,陳玉茹,2,無,8012,2.97,N
2005,議員,區域,臺北縣,臺北縣第五選區,3,謝志賢,1,無,263,0.10,N
2005,議員,區域,臺北縣,臺北縣第五選區,4,李張櫻卿,2,無,6028,2.23,N
2005,議員,區域,臺北縣,臺北縣第五選區,5,林擇良,1,無,5475,2.03,N
2005,議員,區域,臺北縣,臺北縣第五選區,6,李友親,1,民主進步黨,12738,4.72,Y
2005,議員,區域,臺北縣,臺北縣第五選區,7,王啟聰,1,中國國民黨,7060,2.62,N
2005,議員,區域,臺北縣,臺北縣第五選區,8,陳海順,1,無,6457,2.39,N
2005,議員,區域,臺北縣,臺北縣第五選區,9,林孝光,1,親民黨,11847,4.39,N
2005,議員,區域,臺北縣,臺北縣第五選區,10,李倩萍,2,民主進步黨,31365,11.62,Y
2005,議員,區域,臺北縣,臺北縣第五選區,11,胡淑蓉,2,中國國民黨,14464,5.36,Y
2005,議員,區域,臺北縣,臺北縣第五選區,12,王棋,1,無,13928,5.16,Y
2005,議員,區域,臺北縣,臺北縣第五選區,13,何仰山,1,無,12438,4.61,N
2005,議員,區域,臺北縣,臺北縣第五選區,14,藍晏璋,1,中國國民黨,11667,4.32,N
2005,議員,區域,臺北縣,臺北縣第五選區,15,蔡明堂,1,中國國民黨,16551,6.13,Y
2005,議員,區域,臺北縣,臺北縣第五選區,16,鄭世維,1,中國國民黨,16381,6.07,Y
2005,議員,區域,臺北縣,臺北縣第五選區,17,黃桂蘭,2,中國國民黨,16477,6.10,Y
2005,議員,區域,臺北縣,臺北縣第五選區,18,陳幸進,1,中國國民黨,17688,6.55,Y
2005,議員,區域,臺北縣,臺北縣第五選區,19,顏仁宣,1,無,10343,3.83,N
2005,議員,區域,臺北縣,臺北縣第五選區,20,陳啟能,1,台灣團結聯盟,13711,5.08,Y
2005,議員,區域,臺北縣,臺北縣第五選區,21,林國雄,1,民主進步黨,12557,4.65,N
2005,議員,區域,臺北縣,臺北縣第五選區,22,鄭金隆,1,無,16060,5.95,Y
2005,議員,區域,臺北縣,臺北縣第六選區,1,陳佳和,1,無,3689,1.38,N
2005,議員,區域,臺北縣,臺北縣第六選區,2,何振興,1,無,3140,1.17,N
2005,議員,區域,臺北縣,臺北縣第六選區,3,蔡健棠,1,中國國民黨,8093,3.02,N
2005,議員,區域,臺北縣,臺北縣第六選區,4,許文琪,1,無,3002,1.12,N
2005,議員,區域,臺北縣,臺北縣第六選區,5,張益廣,1,無,8425,3.14,N
2005,議員,區域,臺北縣,臺北縣第六選區,6,吳天麟,1,民主進步黨,8404,3.13,N
2005,議員,區域,臺北縣,臺北縣第六選區,7,曾美鈴,2,無,8216,3.06,N
2005,議員,區域,臺北縣,臺北縣第六選區,8,陳文治,1,民主進步黨,13578,5.06,Y
2005,議員,區域,臺北縣,臺北縣第六選區,9,黃林玲玲,2,中國國民黨,20233,7.55,Y
2005,議員,區域,臺北縣,臺北縣第六選區,10,李國書,1,中國國民黨,14895,5.56,Y
2005,議員,區域,臺北縣,臺北縣第六選區,11,劉新龍,1,中國國民黨,13862,5.17,Y
2005,議員,區域,臺北縣,臺北縣第六選區,12,林義一,1,無,8855,3.30,N
2005,議員,區域,臺北縣,臺北縣第六選區,13,蔡昌碩,1,無,7569,2.82,N
2005,議員,區域,臺北縣,臺北縣第六選區,14,林重信,1,無,5840,2.18,N
2005,議員,區域,臺北縣,臺北縣第六選區,15,謝清鎧,1,中國國民黨,8932,3.33,N
2005,議員,區域,臺北縣,臺北縣第六選區,16,周安妮,2,無,1680,0.63,N
2005,議員,區域,臺北縣,臺北縣第六選區,17,徐陳麗華,2,中國國民黨,9511,3.55,N
2005,議員,區域,臺北縣,臺北縣第六選區,18,陳科名,1,民主進步黨,15936,5.94,Y
2005,議員,區域,臺北縣,臺北縣第六選區,19,蘇聲揚,1,無,1601,0.60,N
2005,議員,區域,臺北縣,臺北縣第六選區,20,何淑峯,2,民主進步黨,14949,5.58,Y
2005,議員,區域,臺北縣,臺北縣第六選區,21,陳明義,1,中國國民黨,18817,7.02,Y
2005,議員,區域,臺北縣,臺北縣第六選區,22,蔡淑君,2,無,17346,6.47,Y
2005,議員,區域,臺北縣,臺北縣第六選區,23,葉正森,1,無,11525,4.30,N
2005,議員,區域,臺北縣,臺北縣第六選區,24,鄭漢騰,1,中國國民黨,10356,3.86,N
2005,議員,區域,臺北縣,臺北縣第六選區,25,呂柱,1,無,14977,5.59,Y
2005,議員,區域,臺北縣,臺北縣第六選區,26,楊添福,1,中國國民黨,5592,2.09,N
2005,議員,區域,臺北縣,臺北縣第六選區,27,林麗容,2,無,701,0.26,N
2005,議員,區域,臺北縣,臺北縣第六選區,28,蕭國基,1,台灣團結聯盟,8400,3.13,Y
2005,議員,區域,臺北縣,臺北縣第七選區,1,呂子昌,1,民主進步黨,18644,20.64,Y
2005,議員,區域,臺北縣,臺北縣第七選區,2,李文德,1,中國國民黨,27308,30.24,Y
2005,議員,區域,臺北縣,臺北縣第七選區,3,郭拱照,1,中國國民黨,12878,14.26,N
2005,議員,區域,臺北縣,臺北縣第七選區,4,郭哲道,1,無,12640,14.00,N
2005,議員,區域,臺北縣,臺北縣第七選區,5,鄭戴麗香,2,無,18847,20.87,Y
2005,議員,區域,臺北縣,臺北縣第八選區,1,白珮茹,2,中國國民黨,18586,18.20,Y
2005,議員,區域,臺北縣,臺北縣第八選區,2,廖正良,1,中國國民黨,11134,10.90,Y
2005,議員,區域,臺北縣,臺北縣第八選區,3,王萬富,1,親民黨,6478,6.34,N
2005,議員,區域,臺北縣,臺北縣第八選區,4,王澄鎰,1,無,7434,7.28,N
2005,議員,區域,臺北縣,臺北縣第八選區,5,陳燈貴,1,中國國民黨,9454,9.26,N
2005,議員,區域,臺北縣,臺北縣第八選區,6,陳正鋒,1,無,8104,7.93,N
2005,議員,區域,臺北縣,臺北縣第八選區,7,何嬌,2,無,6393,6.26,N
2005,議員,區域,臺北縣,臺北縣第八選區,8,王培芬,2,無,7628,7.47,N
2005,議員,區域,臺北縣,臺北縣第八選區,9,唐有吉,1,中國國民黨,11393,11.16,Y
2005,議員,區域,臺北縣,臺北縣第八選區,10,周雅玲,2,民主進步黨,15526,15.20,Y
2005,議員,區域,臺北縣,臺北縣第九選區,1,廖秀雄,1,無,32866,100.00,Y
2005,議員,區域,臺北縣,臺北縣第十選區,1,吳善九,1,親民黨,20174,12.59,Y
2005,議員,區域,臺北縣,臺北縣第十選區,2,金中玉,1,親民黨,26835,16.74,Y
2005,議員,區域,臺北縣,臺北縣第十選區,3,陳梅嬌,2,中國國民黨,15740,9.82,N
2005,議員,區域,臺北縣,臺北縣第十選區,4,林清一,1,新黨,8341,5.20,N
2005,議員,區域,臺北縣,臺北縣第十選區,5,曾正和,1,中國國民黨,23428,14.62,Y
2005,議員,區域,臺北縣,臺北縣第十選區,6,許再恩,1,中國國民黨,19950,12.45,N
2005,議員,區域,臺北縣,臺北縣第十選區,7,陳永福,1,無,20497,12.79,Y
2005,議員,區域,臺北縣,臺北縣第十選區,8,李欣芳,2,民主進步黨,25309,15.79,Y
2005,議員,區域,宜蘭縣,宜蘭縣第一選區,1,余美雪,2,民主進步黨,4503,9.95,Y
2005,議員,區域,宜蘭縣,宜蘭縣第一選區,2,施煥沖,1,無,2482,5.48,N
2005,議員,區域,宜蘭縣,宜蘭縣第一選區,3,江聰淵,1,民主進步黨,5015,11.08,Y
2005,議員,區域,宜蘭縣,宜蘭縣第一選區,4,吳秀和,1,中國國民黨,2863,6.33,N
2005,議員,區域,宜蘭縣,宜蘭縣第一選區,5,莊淑如,2,中國國民黨,3538,7.82,Y
2005,議員,區域,宜蘭縣,宜蘭縣第一選區,6,江碧華,2,中國國民黨,4963,10.97,Y
2005,議員,區域,宜蘭縣,宜蘭縣第一選區,7,林錫明,1,無,5103,11.27,Y
2005,議員,區域,宜蘭縣,宜蘭縣第一選區,8,張建榮,1,中國國民黨,5729,12.66,Y
2005,議員,區域,宜蘭縣,宜蘭縣第一選區,9,陳美玲,2,中國國民黨,2811,6.21,N
2005,議員,區域,宜蘭縣,宜蘭縣第一選區,10,林清標,1,無,580,1.28,N
2005,議員,區域,宜蘭縣,宜蘭縣第一選區,11,楊順木,1,中國國民黨,2842,6.28,N
2005,議員,區域,宜蘭縣,宜蘭縣第一選區,12,吳福田,1,民主進步黨,4833,10.68,Y
2005,議員,區域,宜蘭縣,宜蘭縣第二選區,1,吳淑貞,2,民主進步黨,4475,26.18,N
2005,議員,區域,宜蘭縣,宜蘭縣第二選區,2,曹乾舜,1,中國國民黨,5577,32.63,Y
2005,議員,區域,宜蘭縣,宜蘭縣第二選區,3,林月霞,2,無,629,3.68,N
2005,議員,區域,宜蘭縣,宜蘭縣第二選區,4,蔡文益,1,無,6412,37.51,Y
2005,議員,區域,宜蘭縣,宜蘭縣第三選區,1,李清林,1,無,5354,27.60,Y
2005,議員,區域,宜蘭縣,宜蘭縣第三選區,2,吳宏謀,1,民主進步黨,5647,29.11,Y
2005,議員,區域,宜蘭縣,宜蘭縣第三選區,3,黃太平,1,中國國民黨,5895,30.39,Y
2005,議員,區域,宜蘭縣,宜蘭縣第三選區,4,游見璋,1,無,2500,12.89,N
2005,議員,區域,宜蘭縣,宜蘭縣第四選區,1,黃浴沂,1,中國國民黨,5692,34.25,Y
2005,議員,區域,宜蘭縣,宜蘭縣第四選區,2,張漢東,1,民主進步黨,5960,35.86,Y
2005,議員,區域,宜蘭縣,宜蘭縣第四選區,3,簡連發,1,無,4969,29.90,N
2005,議員,區域,宜蘭縣,宜蘭縣第五選區,1,陳福山,1,民主進步黨,5960,40.85,Y
2005,議員,區域,宜蘭縣,宜蘭縣第五選區,2,邱耀祖,1,中國國民黨,3444,23.60,N
2005,議員,區域,宜蘭縣,宜蘭縣第五選區,3,林水金,1,無,5187,35.55,Y
2005,議員,區域,宜蘭縣,宜蘭縣第六選區,1,林姿妙,2,中國國民黨,6633,19.70,Y
2005,議員,區域,宜蘭縣,宜蘭縣第六選區,2,陳鴻禧,1,中國國民黨,4002,11.89,Y
2005,議員,區域,宜蘭縣,宜蘭縣第六選區,3,劉添梧,1,民主進步黨,5527,16.42,Y
2005,議員,區域,宜蘭縣,宜蘭縣第六選區,4,游德全,1,中國國民黨,1212,3.60,N
2005,議員,區域,宜蘭縣,宜蘭縣第六選區,5,吳秋齡,2,中國國民黨,5698,16.93,Y
2005,議員,區域,宜蘭縣,宜蘭縣第六選區,6,李錫参,1,無,2295,6.82,N
2005,議員,區域,宜蘭縣,宜蘭縣第六選區,7,林傳泉,1,親民黨,2850,8.47,N
2005,議員,區域,宜蘭縣,宜蘭縣第六選區,8,謝志得,1,民主進步黨,5447,16.18,Y
2005,議員,區域,宜蘭縣,宜蘭縣第七選區,1,沈德茂,1,民主進步黨,6602,35.57,Y
2005,議員,區域,宜蘭縣,宜蘭縣第七選區,2,陳明宗,1,中國國民黨,1437,7.74,N
2005,議員,區域,宜蘭縣,宜蘭縣第七選區,3,林朝旺,1,中國國民黨,4479,24.13,Y
2005,議員,區域,宜蘭縣,宜蘭縣第七選區,4,黃適超,1,民主進步黨,6045,32.56,Y
2005,議員,區域,宜蘭縣,宜蘭縣第八選區,1,游祥德,1,民主進步黨,7515,28.27,Y
2005,議員,區域,宜蘭縣,宜蘭縣第八選區,2,張春煌,1,無,4686,17.63,Y
2005,議員,區域,宜蘭縣,宜蘭縣第八選區,3,楊政誠,1,無,4470,16.81,N
2005,議員,區域,宜蘭縣,宜蘭縣第八選區,4,劉石純,1,中國國民黨,7498,28.20,Y
2005,議員,區域,宜蘭縣,宜蘭縣第八選區,5,陳慧珠,2,民主進步黨,2416,9.09,N
2005,議員,區域,宜蘭縣,宜蘭縣第九選區,1,陳文昌,1,民主進步黨,4693,38.19,Y
2005,議員,區域,宜蘭縣,宜蘭縣第九選區,2,李志鏞,1,中國國民黨,5051,41.11,Y
2005,議員,區域,宜蘭縣,宜蘭縣第九選區,3,林金標,1,無,2543,20.70,N
2005,議員,區域,宜蘭縣,宜蘭縣第十選區,1,林棋山,1,中國國民黨,6148,25.97,Y
2005,議員,區域,宜蘭縣,宜蘭縣第十選區,2,林正標,1,中國國民黨,3749,15.84,N
2005,議員,區域,宜蘭縣,宜蘭縣第十選區,3,陳正男,1,民主進步黨,6181,26.11,Y
2005,議員,區域,宜蘭縣,宜蘭縣第十選區,4,陳金麟,1,中國國民黨,5386,22.75,Y
2005,議員,區域,宜蘭縣,宜蘭縣第十選區,5,李坤山,1,中國國民黨,2209,9.33,N
2005,議員,區域,桃園縣,桃園縣第一選區,1,林國政,1,新黨,2948,1.94,N
2005,議員,區域,桃園縣,桃園縣第一選區,2,黃智銘,1,台灣團結聯盟,5369,3.53,N
2005,議員,區域,桃園縣,桃園縣第一選區,3,蕭大千,1,中國國民黨,4701,3.09,N
2005,議員,區域,桃園縣,桃園縣第一選區,4,黃景熙,1,無,7723,5.08,Y
2005,議員,區域,桃園縣,桃園縣第一選區,5,陳新翰,1,無,849,0.56,N
2005,議員,區域,桃園縣,桃園縣第一選區,6,黃婉如,2,中國國民黨,12090,7.95,Y
2005,議員,區域,桃園縣,桃園縣第一選區,7,古清棟,1,無,591,0.39,N
2005,議員,區域,桃園縣,桃園縣第一選區,8,徐榮祥,1,無,1704,1.12,N
2005,議員,區域,桃園縣,桃園縣第一選區,9,林政賢,1,中國國民黨,10504,6.91,Y
2005,議員,區域,桃園縣,桃園縣第一選區,10,黃享欽,1,無,7515,4.94,Y
2005,議員,區域,桃園縣,桃園縣第一選區,11,卓德樹,1,無,5880,3.87,Y
2005,議員,區域,桃園縣,桃園縣第一選區,12,李曉鐘,1,無,7006,4.61,Y
2005,議員,區域,桃園縣,桃園縣第一選區,13,林國震,1,無,373,0.25,N
2005,議員,區域,桃園縣,桃園縣第一選區,14,顏春義,1,無,971,0.64,N
2005,議員,區域,桃園縣,桃園縣第一選區,15,汝志超,1,親民黨,3097,2.04,N
2005,議員,區域,桃園縣,桃園縣第一選區,16,陳宗仁,1,民主進步黨,16043,10.55,Y
2005,議員,區域,桃園縣,桃園縣第一選區,17,林良益,1,無,6506,4.28,Y
2005,議員,區域,桃園縣,桃園縣第一選區,18,邱素芬,2,民主進步黨,9478,6.23,Y
2005,議員,區域,桃園縣,桃園縣第一選區,19,廖輝星,1,民主進步黨,5790,3.81,N
2005,議員,區域,桃園縣,桃園縣第一選區,20,吳寶玉,2,無,3502,2.30,N
2005,議員,區域,桃園縣,桃園縣第一選區,21,詹江村,1,中國國民黨,11649,7.66,Y
2005,議員,區域,桃園縣,桃園縣第一選區,22,呂秀紋,2,中國國民黨,4152,2.73,N
2005,議員,區域,桃園縣,桃園縣第一選區,23,楊添丁,1,無,2486,1.63,N
2005,議員,區域,桃園縣,桃園縣第一選區,24,呂文華,1,中國國民黨,4363,2.87,N
2005,議員,區域,桃園縣,桃園縣第一選區,25,黃品羱,1,無,624,0.41,N
2005,議員,區域,桃園縣,桃園縣第一選區,26,萬美玲,2,親民黨,12310,8.09,Y
2005,議員,區域,桃園縣,桃園縣第一選區,27,溫舜億,1,中國國民黨,3865,2.54,N
2005,議員,區域,桃園縣,桃園縣第二選區,1,林俐玲,2,民主進步黨,7136,2.54,Y
2005,議員,區域,桃園縣,桃園縣第二選區,2,曾忠義,1,中國國民黨,12555,25.21,Y
2005,議員,區域,桃園縣,桃園縣第二選區,3,呂博夫,1,無,661,1.33,N
2005,議員,區域,桃園縣,桃園縣第二選區,4,李麗珠,2,中國國民黨,8232,16.53,Y
2005,議員,區域,桃園縣,桃園縣第二選區,5,曾裕仁,1,無,171,0.34,N
2005,議員,區域,桃園縣,桃園縣第二選區,6,陳志謀,1,民主進步黨,9586,19.25,Y
2005,議員,區域,桃園縣,桃園縣第二選區,7,許森能,1,無,4558,9.15,N
2005,議員,區域,桃園縣,桃園縣第二選區,8,李雲強,1,親民黨,6907,13.87,N
2005,議員,區域,桃園縣,桃園縣第三選區,1,趙正宇,1,中國國民黨,12981,18.31,Y
2005,議員,區域,桃園縣,桃園縣第三選區,2,王樺,2,無,5661,7.99,N
2005,議員,區域,桃園縣,桃園縣第三選區,3,陳隆著,1,無,446,0.63,N
2005,議員,區域,桃園縣,桃園縣第三選區,4,張文瑜,2,民主進步黨,8393,11.84,Y
2005,議員,區域,桃園縣,桃園縣第三選區,5,劉茂羣,2,中國國民黨,7825,11.04,Y
2005,議員,區域,桃園縣,桃園縣第三選區,6,彭天樂,1,親民黨,3201,4.52,N
2005,議員,區域,桃園縣,桃園縣第三選區,7,呂林小鳳,2,民主進步黨,7783,10.98,Y
2005,議員,區域,桃園縣,桃園縣第三選區,8,黃華隆,1,中國國民黨,3653,5.15,N
2005,議員,區域,桃園縣,桃園縣第三選區,9,邱顯寶,1,台灣團結聯盟,5464,7.71,N
2005,議員,區域,桃園縣,桃園縣第三選區,10,呂淑真,2,中國國民黨,7388,10.42,Y
2005,議員,區域,桃園縣,桃園縣第三選區,11,黃隆盛,1,無,960,1.35,N
2005,議員,區域,桃園縣,桃園縣第三選區,12,鄭銀福,1,親民黨,7128,10.06,N
2005,議員,區域,桃園縣,桃園縣第四選區,1,林清松,1,無,716,1.48,N
2005,議員,區域,桃園縣,桃園縣第四選區,2,劉勝全,1,無,7216,14.95,Y
2005,議員,區域,桃園縣,桃園縣第四選區,3,褚春來,1,中國國民黨,10195,21.12,Y
2005,議員,區域,桃園縣,桃園縣第四選區,4,林丕章,1,民主進步黨,10660,22.08,Y
2005,議員,區域,桃園縣,桃園縣第四選區,5,邱榮豊,1,無,393,0.81,N
2005,議員,區域,桃園縣,桃園縣第四選區,6,陳麗莉,2,中國國民黨,6958,14.41,Y
2005,議員,區域,桃園縣,桃園縣第四選區,7,王貴芬,2,親民黨,4125,8.54,N
2005,議員,區域,桃園縣,桃園縣第四選區,8,張永奇,1,無,5897,12.21,N
2005,議員,區域,桃園縣,桃園縣第四選區,9,詹益璋,1,無,2118,4.39,N
2005,議員,區域,桃園縣,桃園縣第五選區,1,游吾和,1,民主進步黨,8008,24.64,N
2005,議員,區域,桃園縣,桃園縣第五選區,2,陶廣明,1,親民黨,1801,5.54,N
2005,議員,區域,桃園縣,桃園縣第五選區,3,呂水田,1,中國國民黨,11686,35.96,Y
2005,議員,區域,桃園縣,桃園縣第五選區,4,王淳長,1,無,11003,33.86,Y
2005,議員,區域,桃園縣,桃園縣第六選區,1,林志遠,1,中國國民黨,3410,8.58,N
2005,議員,區域,桃園縣,桃園縣第六選區,2,黃德隆,1,無,4461,11.23,N
2005,議員,區域,桃園縣,桃園縣第六選區,3,李柏坊,1,中國國民黨,5854,14.73,Y
2005,議員,區域,桃園縣,桃園縣第六選區,4,楊朝偉,1,中國國民黨,10071,25.35,Y
2005,議員,區域,桃園縣,桃園縣第六選區,5,藍勝民,1,台灣團結聯盟,5700,14.35,N
2005,議員,區域,桃園縣,桃園縣第六選區,6,邱顯二,1,民主進步黨,10239,25.77,Y
2005,議員,區域,桃園縣,桃園縣第七選區,1,張運炳,1,無,8950,5.89,Y
2005,議員,區域,桃園縣,桃園縣第七選區,2,葉明月,2,中國國民黨,8247,5.43,Y
2005,議員,區域,桃園縣,桃園縣第七選區,3,林志珉,1,中國國民黨,6494,4.27,N
2005,議員,區域,桃園縣,桃園縣第七選區,4,呂明美,2,中國國民黨,12403,8.16,Y
2005,議員,區域,桃園縣,桃園縣第七選區,5,任芳明,1,中國國民黨,6011,3.95,N
2005,議員,區域,桃園縣,桃園縣第七選區,6,黃仁杼,1,民主進步黨,10014,6.59,Y
2005,議員,區域,桃園縣,桃園縣第七選區,7,丁愛梅,2,無,3747,2.47,N
2005,議員,區域,桃園縣,桃園縣第七選區,8,楊立,1,新黨,3059,2.01,N
2005,議員,區域,桃園縣,桃園縣第七選區,9,鄭文秀,1,無,3064,2.02,N
2005,議員,區域,桃園縣,桃園縣第七選區,10,梁新武,1,民主進步黨,6817,4.48,Y
2005,議員,區域,桃園縣,桃園縣第七選區,11,沐平波,2,親民黨,6902,4.54,Y
2005,議員,區域,桃園縣,桃園縣第七選區,12,曾玉春,2,無,6606,4.35,N
2005,議員,區域,桃園縣,桃園縣第七選區,13,蔣中千,1,無,6291,4.14,N
2005,議員,區域,桃園縣,桃園縣第七選區,14,陸振華,1,無,657,0.43,N
2005,議員,區域,桃園縣,桃園縣第七選區,15,呂誠誼,1,無,5511,3.63,N
2005,議員,區域,桃園縣,桃園縣第七選區,16,魯明哲,1,親民黨,12908,8.49,Y
2005,議員,區域,桃園縣,桃園縣第七選區,17,洪奕巓,1,中國國民黨,8024,5.28,Y
2005,議員,區域,桃園縣,桃園縣第七選區,18,吳餘東,1,中國國民黨,7157,4.71,Y
2005,議員,區域,桃園縣,桃園縣第七選區,19,徐景文,1,民主進步黨,9415,6.19,Y
2005,議員,區域,桃園縣,桃園縣第七選區,20,林黃淑貞,2,中國國民黨,5129,3.37,N
2005,議員,區域,桃園縣,桃園縣第七選區,21,邱奕勝,1,中國國民黨,11042,7.26,Y
2005,議員,區域,桃園縣,桃園縣第七選區,22,劉守榮,1,無,3558,2.34,N
2005,議員,區域,桃園縣,桃園縣第八選區,1,鄧仁艾,1,無,5890,7.19,N
2005,議員,區域,桃園縣,桃園縣第八選區,2,劉邦鉉,1,無,6405,7.82,Y
2005,議員,區域,桃園縣,桃園縣第八選區,3,陳美玉,2,無,3469,4.24,N
2005,議員,區域,桃園縣,桃園縣第八選區,4,謝松佑,1,中國國民黨,4564,5.57,N
2005,議員,區域,桃園縣,桃園縣第八選區,5,劉俊儀,1,中國國民黨,6221,7.60,Y
2005,議員,區域,桃園縣,桃園縣第八選區,6,謝彰文,2,中國國民黨,11010,13.45,Y
2005,議員,區域,桃園縣,桃園縣第八選區,7,陳玉霞,2,無,3124,3.82,N
2005,議員,區域,桃園縣,桃園縣第八選區,8,林德忠,1,中國國民黨,3376,4.12,N
2005,議員,區域,桃園縣,桃園縣第八選區,9,莊玉輝,1,無,8013,9.79,Y
2005,議員,區域,桃園縣,桃園縣第八選區,10,舒翠玲,2,親民黨,10539,12.87,Y
2005,議員,區域,桃園縣,桃園縣第八選區,11,劉國榮,1,無,2654,3.24,N
2005,議員,區域,桃園縣,桃園縣第八選區,12,黃豐彬,1,中國國民黨,4882,5.96,N
2005,議員,區域,桃園縣,桃園縣第八選區,13,邱宇健,1,無,2640,3.22,N
2005,議員,區域,桃園縣,桃園縣第八選區,14,劉興秀,1,無,140,0.17,N
2005,議員,區域,桃園縣,桃園縣第八選區,15,羅文欽,1,民主進步黨,8957,10.94,Y
2005,議員,區域,桃園縣,桃園縣第九選區,1,陳賴素美,2,民主進步黨,7893,13.90,Y
2005,議員,區域,桃園縣,桃園縣第九選區,2,彭盛山,1,無,4687,8.25,N
2005,議員,區域,桃園縣,桃園縣第九選區,3,鍾智明,1,無,1740,3.06,N
2005,議員,區域,桃園縣,桃園縣第九選區,4,羅煥鑪,1,無,7225,12.72,Y
2005,議員,區域,桃園縣,桃園縣第九選區,5,蘇偉德,1,親民黨,2680,4.72,N
2005,議員,區域,桃園縣,桃園縣第九選區,6,李家興,1,無,6733,11.85,Y
2005,議員,區域,桃園縣,桃園縣第九選區,7,周玉琴,2,中國國民黨,11483,20.22,Y
2005,議員,區域,桃園縣,桃園縣第九選區,8,段李瑞淵,2,無,5542,9.76,N
2005,議員,區域,桃園縣,桃園縣第九選區,9,張火爐,1,無,6671,11.74,N
2005,議員,區域,桃園縣,桃園縣第九選區,10,黃國松,1,無,2145,3.78,N
2005,議員,區域,桃園縣,桃園縣第十選區,1,張肇良,1,民主進步黨,12450,25.97,Y
2005,議員,區域,桃園縣,桃園縣第十選區,2,魏雪卿,2,中國國民黨,10680,22.27,Y
2005,議員,區域,桃園縣,桃園縣第十選區,3,黃仁杞,1,中國國民黨,8580,17.89,N
2005,議員,區域,桃園縣,桃園縣第十選區,4,葉英娟,2,無,696,1.45,N
2005,議員,區域,桃園縣,桃園縣第十選區,5,中傑,1,中國國民黨,15543,32.42,Y
2005,議員,區域,桃園縣,桃園縣第十一選區,1,黃金德,1,民主進步黨,9777,41.14,N
2005,議員,區域,桃園縣,桃園縣第十一選區,2,姜義青,1,中國國民黨,13989,58.86,Y
2005,議員,區域,桃園縣,桃園縣第十二選區,1,吳宗憲,1,中國國民黨,8367,29.91,Y
2005,議員,區域,桃園縣,桃園縣第十二選區,2,陳江波,1,無,4748,16.97,N
2005,議員,區域,桃園縣,桃園縣第十二選區,3,歐炳辰,1,無,9941,35.53,Y
2005,議員,區域,桃園縣,桃園縣第十二選區,4,曾繁益,1,民主進步黨,4921,17.59,N
2005,議員,區域,新竹縣,新竹縣第一選區,1,鄭美琴,2,無,3467,6.97,Y
2005,議員,區域,新竹縣,新竹縣第一選區,2,曾泗濱,1,中國國民黨,2896,5.83,N
2005,議員,區域,新竹縣,新竹縣第一選區,3,張碧琴,2,無,4282,8.61,Y
2005,議員,區域,新竹縣,新竹縣第一選區,4,蘇明輝,1,無,3574,7.19,Y
2005,議員,區域,新竹縣,新竹縣第一選區,5,張木海,1,民主進步黨,4154,8.36,Y
2005,議員,區域,新竹縣,新竹縣第一選區,6,曾勝堂,1,無,367,0.74,N
2005,議員,區域,新竹縣,新竹縣第一選區,7,黃齡慧,2,中國國民黨,5969,12.01,Y
2005,議員,區域,新竹縣,新竹縣第一選區,8,徐坤光,1,無,854,1.72,N
2005,議員,區域,新竹縣,新竹縣第一選區,9,葉燦宗,1,中國國民黨,2778,5.59,N
2005,議員,區域,新竹縣,新竹縣第一選區,10,蔡文苑,1,無,2198,4.42,N
2005,議員,區域,新竹縣,新竹縣第一選區,11,鍾國章,1,無,2578,5.19,N
2005,議員,區域,新竹縣,新竹縣第一選區,12,何淦銘,1,無,3309,6.66,N
2005,議員,區域,新竹縣,新竹縣第一選區,13,徐欣瑩,2,無,4535,9.12,Y
2005,議員,區域,新竹縣,新竹縣第一選區,14,林祺烜,1,無,1768,3.56,N
2005,議員,區域,新竹縣,新竹縣第一選區,15,林保光,1,無,3424,6.89,N
2005,議員,區域,新竹縣,新竹縣第一選區,16,陳榮燦,1,中國國民黨,3560,7.16,Y
2005,議員,區域,新竹縣,新竹縣第二選區,1,范振梅,1,中國國民黨,5128,14.42,Y
2005,議員,區域,新竹縣,新竹縣第二選區,2,張炫滿,1,無,3811,10.71,N
2005,議員,區域,新竹縣,新竹縣第二選區,3,吳淑君,2,中國國民黨,4381,12.32,Y
2005,議員,區域,新竹縣,新竹縣第二選區,4,甄克堅,1,中國國民黨,4153,11.68,Y
2005,議員,區域,新竹縣,新竹縣第二選區,5,吳菊花,2,中國國民黨,5099,14.34,Y
2005,議員,區域,新竹縣,新竹縣第二選區,6,黃秀輝,1,無,4034,11.34,N
2005,議員,區域,新竹縣,新竹縣第二選區,7,陳栢維,1,中國國民黨,5533,15.56,Y
2005,議員,區域,新竹縣,新竹縣第二選區,8,羅美搖,1,中國國民黨,3429,9.64,N
2005,議員,區域,新竹縣,新竹縣第三選區,1,徐茂淦,1,中國國民黨,6751,29.58,Y
2005,議員,區域,新竹縣,新竹縣第三選區,2,林素美,2,無,1092,4.79,N
2005,議員,區域,新竹縣,新竹縣第三選區,3,何啟霖,1,中國國民黨,3182,13.94,N
2005,議員,區域,新竹縣,新竹縣第三選區,4,許槍榮,1,中國國民黨,5133,22.49,Y
2005,議員,區域,新竹縣,新竹縣第三選區,5,吳寀璇,2,民主進步黨,2285,10.01,N
2005,議員,區域,新竹縣,新竹縣第三選區,6,史金象,1,民主進步黨,4378,19.18,Y
2005,議員,區域,新竹縣,新竹縣第四選區,1,黃國憲,1,中國國民黨,4772,27.00,N
2005,議員,區域,新竹縣,新竹縣第四選區,2,吳發仁,1,無,5956,33.70,Y
2005,議員,區域,新竹縣,新竹縣第四選區,3,劉文禎,1,中國國民黨,6943,39.29,Y
2005,議員,區域,新竹縣,新竹縣第五選區,1,張幸源,1,中國國民黨,3887,18.87,N
2005,議員,區域,新竹縣,新竹縣第五選區,2,林保祿,1,無,4760,23.11,Y
2005,議員,區域,新竹縣,新竹縣第五選區,3,陳英樓,1,中國國民黨,4439,21.55,Y
2005,議員,區域,新竹縣,新竹縣第五選區,4,劉鳳蘭,2,中國國民黨,3147,15.28,N
2005,議員,區域,新竹縣,新竹縣第五選區,5,范曰富,1,中國國民黨,4363,21.18,Y
2005,議員,區域,新竹縣,新竹縣第六選區,1,張志弘,1,中國國民黨,8332,100.00,Y
2005,議員,區域,新竹縣,新竹縣第七選區,1,林礽俊,1,中國國民黨,3370,31.55,Y
2005,議員,區域,新竹縣,新竹縣第七選區,2,彭友明,1,無,3215,30.10,N
2005,議員,區域,新竹縣,新竹縣第七選區,3,劉展源,1,中國國民黨,4095,38.34,Y
2005,議員,區域,新竹縣,新竹縣第八選區,1,林思銘,1,無,3985,7.98,N
2005,議員,區域,新竹縣,新竹縣第八選區,2,陳文宏,1,民主進步黨,5619,11.26,Y
2005,議員,區域,新竹縣,新竹縣第八選區,3,彭余美玲,2,中國國民黨,7218,14.46,Y
2005,議員,區域,新竹縣,新竹縣第八選區,4,盧東文,1,中國國民黨,6578,13.18,Y
2005,議員,區域,新竹縣,新竹縣第八選區,5,郭遠彰,1,無,4309,8.63,Y
2005,議員,區域,新竹縣,新竹縣第八選區,6,吳勝松,1,無,4116,8.25,Y
2005,議員,區域,新竹縣,新竹縣第八選區,7,朱有玄,1,無,4074,8.16,Y
2005,議員,區域,新竹縣,新竹縣第八選區,8,范玉燕,2,無,3991,8.00,N
2005,議員,區域,新竹縣,新竹縣第八選區,9,彭啟光,1,中國國民黨,2442,4.89,N
2005,議員,區域,新竹縣,新竹縣第八選區,10,羅吉祥,1,中國國民黨,7582,15.19,Y
2005,議員,區域,新竹縣,新竹縣第九選區,1,黃洸洲,1,無,4639,49.38,N
2005,議員,區域,新竹縣,新竹縣第九選區,2,彭進添,1,中國國民黨,4756,50.62,Y
2005,議員,區域,苗栗縣,苗栗縣第一選區,1,黃錦星,1,無,581,0.83,N
2005,議員,區域,苗栗縣,苗栗縣第一選區,2,傅學煥,1,無,3725,5.34,N
2005,議員,區域,苗栗縣,苗栗縣第一選區,3,涂春榮,1,中國國民黨,3628,5.20,N
2005,議員,區域,苗栗縣,苗栗縣第一選區,4,羅碧玉,2,中國國民黨,4390,6.29,Y
2005,議員,區域,苗栗縣,苗栗縣第一選區,5,鄭碧玉,2,中國國民黨,3096,4.43,N
2005,議員,區域,苗栗縣,苗栗縣第一選區,6,徐義展,1,無,907,1.30,N
2005,議員,區域,苗栗縣,苗栗縣第一選區,7,曾美露,2,中國國民黨,3644,5.22,N
2005,議員,區域,苗栗縣,苗栗縣第一選區,8,陳富興,1,中國國民黨,3402,4.87,N
2005,議員,區域,苗栗縣,苗栗縣第一選區,9,賴源順,1,無,4253,6.09,Y
2005,議員,區域,苗栗縣,苗栗縣第一選區,10,王士毅,1,中國國民黨,3848,5.51,Y
2005,議員,區域,苗栗縣,苗栗縣第一選區,11,禹耀東,1,中國國民黨,7025,10.06,Y
2005,議員,區域,苗栗縣,苗栗縣第一選區,12,林書賦,1,無,832,1.19,N
2005,議員,區域,苗栗縣,苗栗縣第一選區,13,張森鴻,1,中國國民黨,6425,9.20,Y
2005,議員,區域,苗栗縣,苗栗縣第一選區,14,詹運喜,1,民主進步黨,5097,7.30,Y
2005,議員,區域,苗栗縣,苗栗縣第一選區,15,許櫻萍,2,無,1870,2.68,N
2005,議員,區域,苗栗縣,苗栗縣第一選區,16,胡忠勇,1,無,3836,5.49,Y
2005,議員,區域,苗栗縣,苗栗縣第一選區,17,徐仁貴,1,中國國民黨,2004,2.87,N
2005,議員,區域,苗栗縣,苗栗縣第一選區,18,李肇文,1,親民黨,1279,1.83,N
2005,議員,區域,苗栗縣,苗栗縣第一選區,19,孫素娥,2,中國國民黨,5247,7.52,Y
2005,議員,區域,苗栗縣,苗栗縣第一選區,20,呂明亮,1,無,4723,6.77,Y
2005,議員,區域,苗栗縣,苗栗縣第二選區,1,邱其煌,1,無,995,4.07,N
2005,議員,區域,苗栗縣,苗栗縣第二選區,2,謝文俊,1,中國國民黨,4407,18.02,Y
2005,議員,區域,苗栗縣,苗栗縣第二選區,3,湯文雄,1,無,2417,9.88,N
2005,議員,區域,苗栗縣,苗栗縣第二選區,4,賴雲福,1,中國國民黨,347,1.42,N
2005,議員,區域,苗栗縣,苗栗縣第二選區,5,黎旭欽,1,中國國民黨,4841,19.80,Y
2005,議員,區域,苗栗縣,苗栗縣第二選區,6,薛永衡,1,無,3496,14.30,N
2005,議員,區域,苗栗縣,苗栗縣第二選區,7,吳昌運,1,無,3211,13.13,N
2005,議員,區域,苗栗縣,苗栗縣第二選區,8,韓茂賢,1,無,4741,19.39,Y
2005,議員,區域,苗栗縣,苗栗縣第三選區,1,李聰祥,1,民主進步黨,6717,15.18,Y
2005,議員,區域,苗栗縣,苗栗縣第三選區,2,趙秀琴,2,無,4287,9.69,N
2005,議員,區域,苗栗縣,苗栗縣第三選區,3,邱紹俊,1,無,4729,10.69,Y
2005,議員,區域,苗栗縣,苗栗縣第三選區,4,張太陽,1,無,7197,16.26,Y
2005,議員,區域,苗栗縣,苗栗縣第三選區,5,徐永煌,1,無,4164,9.41,N
2005,議員,區域,苗栗縣,苗栗縣第三選區,6,陳基寶,1,無,2749,6.21,N
2005,議員,區域,苗栗縣,苗栗縣第三選區,7,黃玉燕,2,無,181,0.41,N
2005,議員,區域,苗栗縣,苗栗縣第三選區,8,呂木鈿,1,中國國民黨,4616,10.43,Y
2005,議員,區域,苗栗縣,苗栗縣第三選區,9,周玉滿,2,無,5158,11.66,Y
2005,議員,區域,苗栗縣,苗栗縣第三選區,10,劉秋東,1,中國國民黨,4452,10.06,Y
2005,議員,區域,苗栗縣,苗栗縣第四選區,1,鄭輝煌,1,中國國民黨,4346,7.12,Y
2005,議員,區域,苗栗縣,苗栗縣第四選區,2,曾進發,1,民主進步黨,4335,7.10,N
2005,議員,區域,苗栗縣,苗栗縣第四選區,3,謝清泉,1,無,4706,7.71,Y
2005,議員,區域,苗栗縣,苗栗縣第四選區,4,陳志平,1,無,1198,1.96,N
2005,議員,區域,苗栗縣,苗栗縣第四選區,5,林寶珠,2,無,5278,8.64,Y
2005,議員,區域,苗栗縣,苗栗縣第四選區,6,廖英利,2,中國國民黨,4998,8.18,Y
2005,議員,區域,苗栗縣,苗栗縣第四選區,7,鄭秋風,1,中國國民黨,8181,13.40,Y
2005,議員,區域,苗栗縣,苗栗縣第四選區,8,溫春福,1,無,1002,1.64,N
2005,議員,區域,苗栗縣,苗栗縣第四選區,9,蔡李美月,2,無,6472,10.60,Y
2005,議員,區域,苗栗縣,苗栗縣第四選區,10,李文斌,1,無,7053,11.55,Y
2005,議員,區域,苗栗縣,苗栗縣第四選區,11,林清錦,1,中國國民黨,2896,4.74,N
2005,議員,區域,苗栗縣,苗栗縣第四選區,12,陳銘安,1,中國國民黨,4005,6.56,N
2005,議員,區域,苗栗縣,苗栗縣第四選區,13,陳明朝,1,無,6599,10.81,Y
2005,議員,區域,苗栗縣,苗栗縣第五選區,1,溫志強,1,無,4588,8.61,Y
2005,議員,區域,苗栗縣,苗栗縣第五選區,2,邱秋琴,2,無,4282,8.03,Y
2005,議員,區域,苗栗縣,苗栗縣第五選區,3,劉福明,1,中國國民黨,2981,5.59,N
2005,議員,區域,苗栗縣,苗栗縣第五選區,4,張茂玄,1,中國國民黨,3251,6.10,N
2005,議員,區域,苗栗縣,苗栗縣第五選區,5,李貴富,1,民主進步黨,3060,5.74,N
2005,議員,區域,苗栗縣,苗栗縣第五選區,6,鍾福貴,1,中國國民黨,2145,4.02,N
2005,議員,區域,苗栗縣,苗栗縣第五選區,7,陳添松,1,無,3624,6.80,Y
2005,議員,區域,苗栗縣,苗栗縣第五選區,8,饒鴻奇,1,中國國民黨,4492,8.43,Y
2005,議員,區域,苗栗縣,苗栗縣第五選區,9,陳月娥,2,無,3215,6.03,N
2005,議員,區域,苗栗縣,苗栗縣第五選區,10,陳源坤,1,無,104,0.20,N
2005,議員,區域,苗栗縣,苗栗縣第五選區,11,廖天國,1,無,2685,5.04,N
2005,議員,區域,苗栗縣,苗栗縣第五選區,12,游忠鈿,1,中國國民黨,4699,8.82,Y
2005,議員,區域,苗栗縣,苗栗縣第五選區,13,溫德雄,1,無,3684,6.91,Y
2005,議員,區域,苗栗縣,苗栗縣第五選區,14,陳英河,1,中國國民黨,4617,8.66,Y
2005,議員,區域,苗栗縣,苗栗縣第五選區,15,林明康,1,中國國民黨,2655,4.98,N
2005,議員,區域,苗栗縣,苗栗縣第五選區,16,黃順源,1,中國國民黨,3223,6.05,N
2005,議員,區域,苗栗縣,苗栗縣第六選區,1,詹明光,1,無,5144,22.62,Y
2005,議員,區域,苗栗縣,苗栗縣第六選區,2,張明豐,1,中國國民黨,2688,11.82,N
2005,議員,區域,苗栗縣,苗栗縣第六選區,3,楊恭林,1,無,5074,22.32,Y
2005,議員,區域,苗栗縣,苗栗縣第六選區,4,黃惠琴,2,中國國民黨,3148,13.84,N
2005,議員,區域,苗栗縣,苗栗縣第六選區,5,徐欽鴻,1,無,3882,17.07,Y
2005,議員,區域,苗栗縣,苗栗縣第六選區,6,黃碧忠,1,中國國民黨,2802,12.32,N
2005,議員,區域,臺中縣,臺中縣第一選區,1,鄭文鑫,1,中國國民黨,6673,6.82,N
2005,議員,區域,臺中縣,臺中縣第一選區,2,尤介成,1,無,6854,7.00,N
2005,議員,區域,臺中縣,臺中縣第一選區,3,高基讚,1,台灣團結聯盟,9172,9.37,Y
2005,議員,區域,臺中縣,臺中縣第一選區,4,林淑真,2,無,1704,1.74,N
2005,議員,區域,臺中縣,臺中縣第一選區,5,張德勲,1,無,2367,2.42,N
2005,議員,區域,臺中縣,臺中縣第一選區,6,陳清龍,1,親民黨,7025,7.18,Y
2005,議員,區域,臺中縣,臺中縣第一選區,7,朱麗珠,2,無,4684,4.79,N
2005,議員,區域,臺中縣,臺中縣第一選區,8,陳本添,1,中國國民黨,9949,10.16,Y
2005,議員,區域,臺中縣,臺中縣第一選區,9,翁美春,2,民主進步黨,5094,5.20,Y
2005,議員,區域,臺中縣,臺中縣第一選區,10,張溢城,1,中國國民黨,12778,13.06,Y
2005,議員,區域,臺中縣,臺中縣第一選區,11,吳富亭,1,民主進步黨,7786,7.95,Y
2005,議員,區域,臺中縣,臺中縣第一選區,12,車淑娟,2,中國國民黨,4870,4.98,Y
2005,議員,區域,臺中縣,臺中縣第一選區,13,謝志忠,1,民主進步黨,7630,7.80,Y
2005,議員,區域,臺中縣,臺中縣第一選區,14,劉瓊真,1,無,2445,2.50,N
2005,議員,區域,臺中縣,臺中縣第一選區,15,蕭珀扶,1,無,142,0.15,N
2005,議員,區域,臺中縣,臺中縣第一選區,16,王建靜,1,中國國民黨,6116,6.25,N
2005,議員,區域,臺中縣,臺中縣第一選區,17,傅琡媛,2,無,2589,2.65,N
2005,議員,區域,臺中縣,臺中縣第二選區,1,蕭詠錄,1,無,1948,1.87,N
2005,議員,區域,臺中縣,臺中縣第二選區,2,王永通,1,中國國民黨,6469,6.20,Y
2005,議員,區域,臺中縣,臺中縣第二選區,3,許水彬,1,民主進步黨,8950,8.57,Y
2005,議員,區域,臺中縣,臺中縣第二選區,4,林竹旺,1,民主進步黨,8497,8.14,Y
2005,議員,區域,臺中縣,臺中縣第二選區,5,傅矞晧,1,親民黨,4329,4.15,N
2005,議員,區域,臺中縣,臺中縣第二選區,6,江卿雲,2,中國國民黨,4926,4.72,N
2005,議員,區域,臺中縣,臺中縣第二選區,7,李玲珍,2,台灣團結聯盟,2501,2.40,N
2005,議員,區域,臺中縣,臺中縣第二選區,8,賴朝國,1,中國國民黨,6282,6.02,Y
2005,議員,區域,臺中縣,臺中縣第二選區,9,孫玉鳳,2,無,1475,1.41,N
2005,議員,區域,臺中縣,臺中縣第二選區,10,何秀香,2,中國國民黨,5112,4.90,N
2005,議員,區域,臺中縣,臺中縣第二選區,11,廖述鎭,1,民主進步黨,8232,7.89,Y
2005,議員,區域,臺中縣,臺中縣第二選區,12,王加佳,2,中國國民黨,10054,9.63,Y
2005,議員,區域,臺中縣,臺中縣第二選區,13,羅永珍,2,中國國民黨,7814,7.49,Y
2005,議員,區域,臺中縣,臺中縣第二選區,14,張立傑,1,無,5851,5.61,Y
2005,議員,區域,臺中縣,臺中縣第二選區,15,蕭進益,1,中國國民黨,7527,7.21,Y
2005,議員,區域,臺中縣,臺中縣第二選區,16,廖述峯,1,無,3850,3.69,N
2005,議員,區域,臺中縣,臺中縣第二選區,17,張豐奇,1,中國國民黨,5462,5.23,N
2005,議員,區域,臺中縣,臺中縣第二選區,18,林秀梅,2,民主進步黨,5100,4.89,N
2005,議員,區域,臺中縣,臺中縣第三選區,1,冉齡軒,2,無,7122,13.29,Y
2005,議員,區域,臺中縣,臺中縣第三選區,2,李月梅,2,中國國民黨,6790,12.67,N
2005,議員,區域,臺中縣,臺中縣第三選區,3,陳萬通,1,中國國民黨,8550,15.96,Y
2005,議員,區域,臺中縣,臺中縣第三選區,4,蘇慶雲,1,中國國民黨,8043,15.01,Y
2005,議員,區域,臺中縣,臺中縣第三選區,5,林明鍾,1,親民黨,7507,14.01,N
2005,議員,區域,臺中縣,臺中縣第三選區,6,謝震穎,1,中國國民黨,6159,11.50,N
2005,議員,區域,臺中縣,臺中縣第三選區,7,蔡成圭,1,民主進步黨,9406,17.56,Y
2005,議員,區域,臺中縣,臺中縣第四選區,1,劉聰賢,1,民主進步黨,3443,5.34,N
2005,議員,區域,臺中縣,臺中縣第四選區,2,李榮鴻,1,中國國民黨,9337,14.48,Y
2005,議員,區域,臺中縣,臺中縣第四選區,3,楊永昌,1,中國國民黨,9928,15.40,Y
2005,議員,區域,臺中縣,臺中縣第四選區,4,王明章,1,無,2813,4.36,N
2005,議員,區域,臺中縣,臺中縣第四選區,5,姚應龍,1,無,9159,14.20,Y
2005,議員,區域,臺中縣,臺中縣第四選區,6,林素眞,2,中國國民黨,3700,5.74,Y
2005,議員,區域,臺中縣,臺中縣第四選區,7,王張錢,2,無,415,0.64,N
2005,議員,區域,臺中縣,臺中縣第四選區,8,劉家賓,1,無,2657,4.12,N
2005,議員,區域,臺中縣,臺中縣第四選區,9,吳敏濟,1,無,7660,11.88,N
2005,議員,區域,臺中縣,臺中縣第四選區,10,易錦隆,1,民主進步黨,7341,11.38,N
2005,議員,區域,臺中縣,臺中縣第四選區,11,顏榮燦,1,無,8032,12.46,Y
2005,議員,區域,臺中縣,臺中縣第五選區,1,尤碧鈴,2,中國國民黨,12219,11.81,Y
2005,議員,區域,臺中縣,臺中縣第五選區,2,楊典忠,1,民主進步黨,6864,6.63,N
2005,議員,區域,臺中縣,臺中縣第五選區,3,周賜福,1,中國國民黨,5317,5.14,N
2005,議員,區域,臺中縣,臺中縣第五選區,4,趙朝琴,1,無,7096,6.86,Y
2005,議員,區域,臺中縣,臺中縣第五選區,5,陳年添,1,無,7165,6.93,Y
2005,議員,區域,臺中縣,臺中縣第五選區,6,王憲堂,1,台灣團結聯盟,5916,5.72,N
2005,議員,區域,臺中縣,臺中縣第五選區,7,林子文,1,中國國民黨,3998,3.86,N
2005,議員,區域,臺中縣,臺中縣第五選區,8,陳敏珠,2,無,2968,2.87,N
2005,議員,區域,臺中縣,臺中縣第五選區,9,陳詩哲,1,無,10219,9.88,Y
2005,議員,區域,臺中縣,臺中縣第五選區,10,楊界華,1,民主進步黨,5608,5.42,N
2005,議員,區域,臺中縣,臺中縣第五選區,11,王年杉,1,無,9983,9.65,Y
2005,議員,區域,臺中縣,臺中縣第五選區,12,楊秋雲,2,中國國民黨,12411,12.00,Y
2005,議員,區域,臺中縣,臺中縣第五選區,13,張清堂,1,中國國民黨,13688,13.23,Y
2005,議員,區域,臺中縣,臺中縣第六選區,1,謝蒼海,1,中國國民黨,5988,6.38,N
2005,議員,區域,臺中縣,臺中縣第六選區,2,林美雯,2,無,1333,1.42,N
2005,議員,區域,臺中縣,臺中縣第六選區,3,何端格,1,中國國民黨,8346,8.89,Y
2005,議員,區域,臺中縣,臺中縣第六選區,4,吳瓊華,2,中國國民黨,7900,8.42,Y
2005,議員,區域,臺中縣,臺中縣第六選區,5,林聰海,1,民主進步黨,7367,7.85,N
2005,議員,區域,臺中縣,臺中縣第六選區,6,林士昌,1,中國國民黨,10004,10.66,Y
2005,議員,區域,臺中縣,臺中縣第六選區,7,黃錫嘉,1,無,8100,8.63,Y
2005,議員,區域,臺中縣,臺中縣第六選區,8,劉進旺,1,無,6825,7.27,N
2005,議員,區域,臺中縣,臺中縣第六選區,9,楊忠諺,1,中國國民黨,9271,9.88,Y
2005,議員,區域,臺中縣,臺中縣第六選區,10,張正興,1,中國國民黨,9369,9.99,Y
2005,議員,區域,臺中縣,臺中縣第六選區,11,劉淑蘭,2,民主進步黨,7488,7.98,Y
2005,議員,區域,臺中縣,臺中縣第六選區,12,林國銘,1,無,5827,6.21,N
2005,議員,區域,臺中縣,臺中縣第六選區,13,何秀英,2,無,6011,6.41,N
2005,議員,區域,臺中縣,臺中縣第七選區,1,林碧秀,2,中國國民黨,7376,6.70,Y
2005,議員,區域,臺中縣,臺中縣第七選區,2,張滄沂,1,無,7849,7.13,Y
2005,議員,區域,臺中縣,臺中縣第七選區,3,戴萬福,1,中國國民黨,6689,6.08,Y
2005,議員,區域,臺中縣,臺中縣第七選區,4,林樵鋒,1,工教聯盟,630,0.57,N
2005,議員,區域,臺中縣,臺中縣第七選區,5,江勝雄,1,中國國民黨,8378,7.62,Y
2005,議員,區域,臺中縣,臺中縣第七選區,6,許坤照,1,無,4506,4.10,N
2005,議員,區域,臺中縣,臺中縣第七選區,7,陳玉雪,2,中國國民黨,7636,6.94,Y
2005,議員,區域,臺中縣,臺中縣第七選區,8,嘉明,1,無,538,0.49,N
2005,議員,區域,臺中縣,臺中縣第七選區,9,許秋煌,1,民主進步黨,3947,3.59,N
2005,議員,區域,臺中縣,臺中縣第七選區,10,李天生,1,民主進步黨,6463,5.87,Y
2005,議員,區域,臺中縣,臺中縣第七選區,11,段緯宇,1,親民黨,7092,6.45,Y
2005,議員,區域,臺中縣,臺中縣第七選區,12,魏敏昭,1,中國國民黨,6366,5.79,N
2005,議員,區域,臺中縣,臺中縣第七選區,13,林栢裕,1,民主進步黨,4088,3.72,N
2005,議員,區域,臺中縣,臺中縣第七選區,14,游繼岳,1,無,4860,4.42,N
2005,議員,區域,臺中縣,臺中縣第七選區,15,曾德源,1,無,4034,3.67,N
2005,議員,區域,臺中縣,臺中縣第七選區,16,何火壽,1,無,2217,2.02,N
2005,議員,區域,臺中縣,臺中縣第七選區,17,張師敏,1,台灣團結聯盟,2677,3.46,N
2005,議員,區域,臺中縣,臺中縣第七選區,18,何欣純,2,民主進步黨,11603,10.55,Y
2005,議員,區域,臺中縣,臺中縣第七選區,19,林文勇,1,無,6158,5.60,N
2005,議員,區域,臺中縣,臺中縣第七選區,20,蔡黃金雀,2,中國國民黨,6909,6.28,Y
2005,議員,區域,臺中縣,臺中縣第八選區,1,詹智能,1,民主進步黨,4546,6.32,N
2005,議員,區域,臺中縣,臺中縣第八選區,2,賴瑞珠,2,中國國民黨,10094,14.03,Y
2005,議員,區域,臺中縣,臺中縣第八選區,3,林慈憙,1,無,374,0.52,N
2005,議員,區域,臺中縣,臺中縣第八選區,4,何明杰,1,民主進步黨,9179,12.76,Y
2005,議員,區域,臺中縣,臺中縣第八選區,5,李明淦,1,台灣團結聯盟,1840,2.56,N
2005,議員,區域,臺中縣,臺中縣第八選區,6,邱秀惠,2,中國國民黨,3876,5.39,N
2005,議員,區域,臺中縣,臺中縣第八選區,7,詹敏豐,1,中國國民黨,10294,14.31,Y
2005,議員,區域,臺中縣,臺中縣第八選區,8,黃正德,1,親民黨,3592,4.99,N
2005,議員,區域,臺中縣,臺中縣第八選區,9,李麗華,2,中國國民黨,10170,14.14,Y
2005,議員,區域,臺中縣,臺中縣第八選區,10,陳東林,1,無,2575,3.58,N
2005,議員,區域,臺中縣,臺中縣第八選區,11,陳啓煌,1,無,3115,4.33,N
2005,議員,區域,臺中縣,臺中縣第八選區,12,黃秀珠,2,民主進步黨,5626,7.82,Y
2005,議員,區域,臺中縣,臺中縣第八選區,13,賴義鍠,1,無,6655,9.25,Y
2005,議員,區域,彰化縣,彰化縣第一選區,1,邱建富,1,民主進步黨,9471,6.26,Y
2005,議員,區域,彰化縣,彰化縣第一選區,2,陳日章,1,無,3662,2.42,N
2005,議員,區域,彰化縣,彰化縣第一選區,3,吳清林,1,無,3809,2.52,N
2005,議員,區域,彰化縣,彰化縣第一選區,4,黃秀芳,2,民主進步黨,7120,4.71,Y
2005,議員,區域,彰化縣,彰化縣第一選區,5,葉錫鴻,1,中國國民黨,5811,3.84,N
2005,議員,區域,彰化縣,彰化縣第一選區,6,賴岸璋,1,民主進步黨,8645,5.72,Y
2005,議員,區域,彰化縣,彰化縣第一選區,7,趙惠如,2,台灣團結聯盟,7599,5.03,Y
2005,議員,區域,彰化縣,彰化縣第一選區,8,盧盈宏,1,無,8113,5.37,Y
2005,議員,區域,彰化縣,彰化縣第一選區,9,廖銘輝,1,無,1026,0.68,N
2005,議員,區域,彰化縣,彰化縣第一選區,10,王敏光,1,無,9769,6.46,Y
2005,議員,區域,彰化縣,彰化縣第一選區,11,黃千宴,2,無,4250,2.81,N
2005,議員,區域,彰化縣,彰化縣第一選區,12,曾世勇,1,中國國民黨,6964,4.61,Y
2005,議員,區域,彰化縣,彰化縣第一選區,13,林大傑,1,無,5352,3.54,N
2005,議員,區域,彰化縣,彰化縣第一選區,14,張東正,1,無,7532,4.98,Y
2005,議員,區域,彰化縣,彰化縣第一選區,15,許原龍,1,無,9238,6.11,Y
2005,議員,區域,彰化縣,彰化縣第一選區,16,林茂明,1,無,6478,4.28,N
2005,議員,區域,彰化縣,彰化縣第一選區,17,施華芬,2,無,6692,4.43,Y
2005,議員,區域,彰化縣,彰化縣第一選區,18,顧黃水花,2,中國國民黨,10139,6.71,Y
2005,議員,區域,彰化縣,彰化縣第一選區,19,高世村,1,中國國民黨,4322,2.86,N
2005,議員,區域,彰化縣,彰化縣第一選區,20,白鴻森,1,中國國民黨,14974,9.90,Y
2005,議員,區域,彰化縣,彰化縣第一選區,21,施淑珍,2,民主進步黨,3727,2.46,N
2005,議員,區域,彰化縣,彰化縣第一選區,22,涂元生,1,中國國民黨,4777,3.16,N
2005,議員,區域,彰化縣,彰化縣第一選區,23,阮坤炎,1,無,1737,1.15,N
2005,議員,區域,彰化縣,彰化縣第二選區,1,粘禮淞,1,無,8384,9.77,Y
2005,議員,區域,彰化縣,彰化縣第二選區,2,黃振彥,1,民主進步黨,8741,10.19,Y
2005,議員,區域,彰化縣,彰化縣第二選區,3,凃淑媚,2,中國國民黨,6491,7.57,Y
2005,議員,區域,彰化縣,彰化縣第二選區,4,許振烓,1,無,434,0.51,N
2005,議員,區域,彰化縣,彰化縣第二選區,5,施性鍾,1,中國國民黨,10985,12.80,Y
2005,議員,區域,彰化縣,彰化縣第二選區,6,黃小音,2,無,4947,5.77,N
2005,議員,區域,彰化縣,彰化縣第二選區,7,林聖哲,1,中國國民黨,9530,11.11,Y
2005,議員,區域,彰化縣,彰化縣第二選區,8,葉寧鋒,1,中國國民黨,8271,9.64,N
2005,議員,區域,彰化縣,彰化縣第二選區,9,梁禎祥,1,民主進步黨,11494,13.40,Y
2005,議員,區域,彰化縣,彰化縣第二選區,10,楊竣程,1,中國國民黨,12759,14.87,Y
2005,議員,區域,彰化縣,彰化縣第二選區,11,粘文交,1,無,3755,4.38,N
2005,議員,區域,彰化縣,彰化縣第三選區,1,賴清美,2,民主進步黨,10859,14.84,Y
2005,議員,區域,彰化縣,彰化縣第三選區,2,陳錦玉,2,中國國民黨,7236,9.89,Y
2005,議員,區域,彰化縣,彰化縣第三選區,3,張宗興,1,中國國民黨,10034,13.72,Y
2005,議員,區域,彰化縣,彰化縣第三選區,4,王國忠,1,無,3107,4.25,N
2005,議員,區域,彰化縣,彰化縣第三選區,5,蔡端欉,1,無,8716,11.91,Y
2005,議員,區域,彰化縣,彰化縣第三選區,6,陳勝彥,1,無,6896,9.43,N
2005,議員,區域,彰化縣,彰化縣第三選區,7,王文東,1,無,4590,6.27,N
2005,議員,區域,彰化縣,彰化縣第三選區,8,尤瑞春,2,民主進步黨,8765,11.98,Y
2005,議員,區域,彰化縣,彰化縣第三選區,9,阮厚爵,1,中國國民黨,12955,17.71,Y
2005,議員,區域,彰化縣,彰化縣第四選區,1,江瑞演,1,民主進步黨,7381,7.48,N
2005,議員,區域,彰化縣,彰化縣第四選區,2,葉麗娟,2,中國國民黨,9614,9.74,Y
2005,議員,區域,彰化縣,彰化縣第四選區,3,張良烟,1,中國國民黨,9192,9.31,Y
2005,議員,區域,彰化縣,彰化縣第四選區,4,張錦昆,1,無,11181,11.32,Y
2005,議員,區域,彰化縣,彰化縣第四選區,5,張雪如,2,無,8374,8.48,Y
2005,議員,區域,彰化縣,彰化縣第四選區,6,游明瑚,1,無,3308,3.35,N
2005,議員,區域,彰化縣,彰化縣第四選區,7,曹明正,1,中國國民黨,10713,10.85,Y
2005,議員,區域,彰化縣,彰化縣第四選區,8,陳素月,2,民主進步黨,15044,15.24,Y
2005,議員,區域,彰化縣,彰化縣第四選區,9,凃銓勝,1,中國國民黨,5554,5.63,N
2005,議員,區域,彰化縣,彰化縣第四選區,10,李詩焱,1,中國國民黨,9332,9.45,Y
2005,議員,區域,彰化縣,彰化縣第四選區,11,游振雄,1,中國國民黨,9039,9.16,Y
2005,議員,區域,彰化縣,彰化縣第五選區,1,曾清為,1,無,7837,11.66,N
2005,議員,區域,彰化縣,彰化縣第五選區,2,黃錦滄,1,無,8224,12.24,Y
2005,議員,區域,彰化縣,彰化縣第五選區,3,黃素錦,2,無,4260,6.34,N
2005,議員,區域,彰化縣,彰化縣第五選區,4,楊福建,1,民主進步黨,9161,13.63,Y
2005,議員,區域,彰化縣,彰化縣第五選區,5,楊福地,1,中國國民黨,12290,18.29,Y
2005,議員,區域,彰化縣,彰化縣第五選區,6,張永泉,1,中國國民黨,10008,14.89,Y
2005,議員,區域,彰化縣,彰化縣第五選區,7,謝雪嬌,2,無,6914,10.29,N
2005,議員,區域,彰化縣,彰化縣第五選區,8,楊淑鳳,2,中國國民黨,8510,12.66,Y
2005,議員,區域,彰化縣,彰化縣第六選區,1,劉景滄,1,中國國民黨,5169,9.05,N
2005,議員,區域,彰化縣,彰化縣第六選區,2,蕭淑芬,2,無,5552,9.72,Y
2005,議員,區域,彰化縣,彰化縣第六選區,3,陳聰結,1,無,1896,3.32,N
2005,議員,區域,彰化縣,彰化縣第六選區,4,蕭景田,1,中國國民黨,14089,24.66,Y
2005,議員,區域,彰化縣,彰化縣第六選區,5,錢政照,1,台灣團結聯盟,3908,6.84,N
2005,議員,區域,彰化縣,彰化縣第六選區,6,劉錦昌,1,民主進步黨,11066,19.37,Y
2005,議員,區域,彰化縣,彰化縣第六選區,7,洪麗娜,2,中國國民黨,7702,13.48,Y
2005,議員,區域,彰化縣,彰化縣第六選區,8,蕭添方,1,無,1049,1.84,N
2005,議員,區域,彰化縣,彰化縣第六選區,9,陳奭堯,1,中國國民黨,6703,11.73,Y
2005,議員,區域,彰化縣,彰化縣第七選區,1,林國珍,1,中國國民黨,9658,15.21,Y
2005,議員,區域,彰化縣,彰化縣第七選區,2,蘇逸凱,1,無,6398,10.07,N
2005,議員,區域,彰化縣,彰化縣第七選區,3,李俊諭,1,民主進步黨,11481,18.08,Y
2005,議員,區域,彰化縣,彰化縣第七選區,4,彭國成,1,民主進步黨,6447,10.15,N
2005,議員,區域,彰化縣,彰化縣第七選區,5,劉淑芳,2,中國國民黨,5644,8.89,Y
2005,議員,區域,彰化縣,彰化縣第七選區,6,謝成家,1,中國國民黨,8827,13.90,Y
2005,議員,區域,彰化縣,彰化縣第七選區,7,林茂昌,1,中國國民黨,2944,4.64,N
2005,議員,區域,彰化縣,彰化縣第七選區,8,謝典霖,1,無,10907,17.18,Y
2005,議員,區域,彰化縣,彰化縣第七選區,9,林玉雲,2,無,1199,1.89,N
2005,議員,區域,彰化縣,彰化縣第八選區,1,吳淑娟,2,無,9005,13.32,Y
2005,議員,區域,彰化縣,彰化縣第八選區,2,洪宗熠,1,民主進步黨,8524,12.60,Y
2005,議員,區域,彰化縣,彰化縣第八選區,3,洪和炉,1,無,13024,19.26,Y
2005,議員,區域,彰化縣,彰化縣第八選區,4,洪進南,1,中國國民黨,10619,15.70,Y
2005,議員,區域,彰化縣,彰化縣第八選區,5,許偉林,1,無,6785,10.03,N
2005,議員,區域,彰化縣,彰化縣第八選區,6,陳金水,1,無,959,1.42,N
2005,議員,區域,彰化縣,彰化縣第八選區,7,洪端穗,2,無,7292,10.78,N
2005,議員,區域,彰化縣,彰化縣第八選區,8,張國棟,1,中國國民黨,11418,16.88,Y
2005,議員,區域,南投縣,南投縣第一選區,1,廖淑芳,2,中國國民黨,2976,3.86,N
2005,議員,區域,南投縣,南投縣第一選區,2,蔡明源,1,無,4118,5.34,Y
2005,議員,區域,南投縣,南投縣第一選區,3,游宏達,1,無,4169,5.41,Y
2005,議員,區域,南投縣,南投縣第一選區,4,李添興,1,無,4567,5.92,Y
2005,議員,區域,南投縣,南投縣第一選區,5,林憶如,2,無,4500,5.84,Y
2005,議員,區域,南投縣,南投縣第一選區,6,陳碧霞,2,無,164,0.21,N
2005,議員,區域,南投縣,南投縣第一選區,7,魏清彬,1,中國國民黨,4051,5.25,N
2005,議員,區域,南投縣,南投縣第一選區,8,李長駿,1,無,695,0.90,N
2005,議員,區域,南投縣,南投縣第一選區,9,吳正行,1,無,3931,5.10,N
2005,議員,區域,南投縣,南投縣第一選區,10,曾芳春,1,無,4416,5.73,Y
2005,議員,區域,南投縣,南投縣第一選區,11,宋懷琳,2,中國國民黨,6250,8.11,Y
2005,議員,區域,南投縣,南投縣第一選區,12,洪世耀,1,中國國民黨,3042,3.95,N
2005,議員,區域,南投縣,南投縣第一選區,13,張啟訓,1,無,6388,8.29,Y
2005,議員,區域,南投縣,南投縣第一選區,14,林招伯,2,無,700,0.91,N
2005,議員,區域,南投縣,南投縣第一選區,15,吳棋祥,1,無,6287,8.16,Y
2005,議員,區域,南投縣,南投縣第一選區,16,許孟晪,1,無,3668,4.76,N
2005,議員,區域,南投縣,南投縣第一選區,17,陳翰立,1,台灣團結聯盟,2628,3.41,N
2005,議員,區域,南投縣,南投縣第一選區,18,莊文斌,1,中國國民黨,5315,6.89,Y
2005,議員,區域,南投縣,南投縣第一選區,19,林建營,1,無,2598,3.37,N
2005,議員,區域,南投縣,南投縣第一選區,20,賴燕雪,2,民主進步黨,5943,7.71,Y
2005,議員,區域,南投縣,南投縣第一選區,21,賴三喜,1,無,686,0.89,N
2005,議員,區域,南投縣,南投縣第二選區,1,洪盛雄,1,中國國民黨,6863,11.69,Y
2005,議員,區域,南投縣,南投縣第二選區,2,李合元,1,無,5034,8.58,N
2005,議員,區域,南投縣,南投縣第二選區,3,賴忠政,1,無,6710,11.43,Y
2005,議員,區域,南投縣,南投縣第二選區,4,張永輝,1,無,5405,9.21,Y
2005,議員,區域,南投縣,南投縣第二選區,5,廖梓佑,2,民主進步黨,3265,5.56,Y
2005,議員,區域,南投縣,南投縣第二選區,6,王崇任,1,無,128,0.22,N
2005,議員,區域,南投縣,南投縣第二選區,7,李鎗富,1,無,2480,4.22,N
2005,議員,區域,南投縣,南投縣第二選區,8,黃秀女,2,民主進步黨,4567,7.78,Y
2005,議員,區域,南投縣,南投縣第二選區,9,邱昭煌,1,台灣團結聯盟,4827,8.22,N
2005,議員,區域,南投縣,南投縣第二選區,10,林永鴻,1,民主進步黨,5134,8.75,Y
2005,議員,區域,南投縣,南投縣第二選區,11,張經魁,1,親民黨,5180,8.82,Y
2005,議員,區域,南投縣,南投縣第二選區,12,邱琪仁,1,無,1257,2.14,N
2005,議員,區域,南投縣,南投縣第二選區,13,張文霙,2,無,2552,4.35,N
2005,議員,區域,南投縣,南投縣第二選區,14,簡沛霖,1,無,5298,9.03,Y
2005,議員,區域,南投縣,南投縣第三選區,1,李崇慶,1,中國國民黨,7053,22.66,Y
2005,議員,區域,南投縣,南投縣第三選區,2,陳錦倫,1,民主進步黨,7213,23.17,Y
2005,議員,區域,南投縣,南投縣第三選區,3,陳淑惠,2,中國國民黨,3942,12.66,Y
2005,議員,區域,南投縣,南投縣第三選區,4,陳垂堂,1,無,7127,22.90,Y
2005,議員,區域,南投縣,南投縣第三選區,5,謝明謀,1,中國國民黨,5793,18.61,N
2005,議員,區域,南投縣,南投縣第四選區,1,楊美紅,2,中國國民黨,2379,5.78,N
2005,議員,區域,南投縣,南投縣第四選區,2,何勝豐,1,無,7736,18.80,Y
2005,議員,區域,南投縣,南投縣第四選區,3,曾桂輝,2,中國國民黨,3471,8.43,N
2005,議員,區域,南投縣,南投縣第四選區,4,劉一平,1,民主進步黨,4091,9.94,N
2005,議員,區域,南投縣,南投縣第四選區,5,蔡宜助,1,中國國民黨,5591,13.59,Y
2005,議員,區域,南投縣,南投縣第四選區,6,康誌合,1,民主進步黨,4638,11.27,Y
2005,議員,區域,南投縣,南投縣第四選區,7,許素霞,2,無,4341,10.55,Y
2005,議員,區域,南投縣,南投縣第四選區,8,林民政,1,無,8904,21.64,Y
2005,議員,區域,南投縣,南投縣第五選區,1,鄭文銅,1,無,5582,9.71,Y
2005,議員,區域,南投縣,南投縣第五選區,2,吳國昌,1,無,5578,9.70,Y
2005,議員,區域,南投縣,南投縣第五選區,3,陳永來,1,無,419,0.73,N
2005,議員,區域,南投縣,南投縣第五選區,4,陳貴叁,1,中國國民黨,5097,8.86,N
2005,議員,區域,南投縣,南投縣第五選區,5,李增全,1,中國國民黨,5972,10.38,Y
2005,議員,區域,南投縣,南投縣第五選區,6,周義雄,1,親民黨,5872,10.21,Y
2005,議員,區域,南投縣,南投縣第五選區,7,廖志城,1,民主進步黨,5150,8.95,N
2005,議員,區域,南投縣,南投縣第五選區,8,許阿甘,2,民主進步黨,2516,4.37,Y
2005,議員,區域,南投縣,南投縣第五選區,9,戴世詮,1,無,6529,11.35,Y
2005,議員,區域,南投縣,南投縣第五選區,10,彭成裕,1,台灣團結聯盟,1839,3.20,N
2005,議員,區域,南投縣,南投縣第五選區,11,黃志學,1,中國國民黨,4917,8.55,N
2005,議員,區域,南投縣,南投縣第五選區,12,簡碧枝,2,無,490,0.85,N
2005,議員,區域,南投縣,南投縣第五選區,13,潘一全,1,無,5873,10.21,Y
2005,議員,區域,南投縣,南投縣第五選區,14,王彩雲,2,中國國民黨,1679,2.92,Y
2005,議員,區域,雲林縣,雲林縣第一選區,1,劉建國,1,民主進步黨,13171,16.92,Y
2005,議員,區域,雲林縣,雲林縣第一選區,2,簡明欽,1,中國國民黨,7757,9.97,Y
2005,議員,區域,雲林縣,雲林縣第一選區,3,林錫華,1,無,6881,8.84,Y
2005,議員,區域,雲林縣,雲林縣第一選區,4,李建昇,1,無,4724,6.07,Y
2005,議員,區域,雲林縣,雲林縣第一選區,5,李建志,1,無,5400,6.94,Y
2005,議員,區域,雲林縣,雲林縣第一選區,6,李麗觀,2,台灣團結聯盟,4294,5.52,N
2005,議員,區域,雲林縣,雲林縣第一選區,7,李坤政,1,無,3909,5.02,N
2005,議員,區域,雲林縣,雲林縣第一選區,8,周秀月,2,中國國民黨,4760,6.12,Y
2005,議員,區域,雲林縣,雲林縣第一選區,9,蔡玉霜,2,無,5117,6.57,Y
2005,議員,區域,雲林縣,雲林縣第一選區,10,張振成,1,中國國民黨,4268,5.48,N
2005,議員,區域,雲林縣,雲林縣第一選區,11,陳慶雲,1,無,2874,3.69,N
2005,議員,區域,雲林縣,雲林縣第一選區,12,陳河山,1,中國國民黨,3606,4.63,N
2005,議員,區域,雲林縣,雲林縣第一選區,13,林淑芬,2,無,6581,8.45,Y
2005,議員,區域,雲林縣,雲林縣第一選區,14,黃耀煌,1,民主進步黨,4497,5.78,Y
2005,議員,區域,雲林縣,雲林縣第二選區,1,林再添,1,中國國民黨,6863,12.65,Y
2005,議員,區域,雲林縣,雲林縣第二選區,2,王秋足,2,中國國民黨,5659,10.43,Y
2005,議員,區域,雲林縣,雲林縣第二選區,3,謝淑亜,2,中國國民黨,7966,14.69,Y
2005,議員,區域,雲林縣,雲林縣第二選區,4,林朝寶,1,民主進步黨,2553,4.71,N
2005,議員,區域,雲林縣,雲林縣第二選區,5,鐘俊興,1,中國國民黨,6377,11.76,Y
2005,議員,區域,雲林縣,雲林縣第二選區,6,王秀艷,2,台灣團結聯盟,3563,6.57,N
2005,議員,區域,雲林縣,雲林縣第二選區,7,簡錦全,1,中國國民黨,7169,13.22,Y
2005,議員,區域,雲林縣,雲林縣第二選區,8,李長發,1,無,4682,8.63,N
2005,議員,區域,雲林縣,雲林縣第二選區,9,沈銘恭,1,民主進步黨,7054,13.01,Y
2005,議員,區域,雲林縣,雲林縣第二選區,10,吳滄得,1,無,2350,4.33,N
2005,議員,區域,雲林縣,雲林縣第三選區,1,李美蘭,2,無,2968,3.97,N
2005,議員,區域,雲林縣,雲林縣第三選區,2,陳清秀,1,中國國民黨,8242,11.03,Y
2005,議員,區域,雲林縣,雲林縣第三選區,3,王士壬,1,無,6659,8.91,Y
2005,議員,區域,雲林縣,雲林縣第三選區,4,陳瑞雄,1,中國國民黨,5809,7.77,Y
2005,議員,區域,雲林縣,雲林縣第三選區,5,陳敏華,2,無,6196,8.29,Y
2005,議員,區域,雲林縣,雲林縣第三選區,6,廖宜珍,2,無,3879,5.19,N
2005,議員,區域,雲林縣,雲林縣第三選區,7,沈宗隆,1,中國國民黨,6837,9.15,Y
2005,議員,區域,雲林縣,雲林縣第三選區,8,林美男,1,台灣團結聯盟,1939,2.59,N
2005,議員,區域,雲林縣,雲林縣第三選區,9,謝翠蓮,2,中國國民黨,5213,6.98,Y
2005,議員,區域,雲林縣,雲林縣第三選區,10,李健福,1,民主進步黨,5300,7.09,Y
2005,議員,區域,雲林縣,雲林縣第三選區,11,蔡明水,1,無,6394,8.56,Y
2005,議員,區域,雲林縣,雲林縣第三選區,12,林新丁,1,民主進步黨,2707,3.62,N
2005,議員,區域,雲林縣,雲林縣第三選區,13,許維修,1,無,3031,4.06,N
2005,議員,區域,雲林縣,雲林縣第三選區,14,謝宜津,2,無,232,0.46,N
2005,議員,區域,雲林縣,雲林縣第三選區,15,黃進一,1,無,9328,9.45,Y
2005,議員,區域,雲林縣,雲林縣第四選區,1,鄭玲惠,2,無,5166,9.19,Y
2005,議員,區域,雲林縣,雲林縣第四選區,2,王鐵道,1,無,4719,8.39,N
2005,議員,區域,雲林縣,雲林縣第四選區,3,廖秋萍,2,民主進步黨,4481,7.97,N
2005,議員,區域,雲林縣,雲林縣第四選區,4,林丁財,1,無,129,0.23,N
2005,議員,區域,雲林縣,雲林縣第四選區,5,廖清祥,1,台灣團結聯盟,5741,10.21,Y
2005,議員,區域,雲林縣,雲林縣第四選區,6,李合同,1,中國國民黨,4052,7.21,N
2005,議員,區域,雲林縣,雲林縣第四選區,7,詹文曲,1,無,2741,4.88,N
2005,議員,區域,雲林縣,雲林縣第四選區,8,李佳芬,2,中國國民黨,7184,12.78,Y
2005,議員,區域,雲林縣,雲林縣第四選區,9,廖偉博,1,中國國民黨,4918,8.75,Y
2005,議員,區域,雲林縣,雲林縣第四選區,10,梁銘忠,1,無,5070,9.02,Y
2005,議員,區域,雲林縣,雲林縣第四選區,11,廖錦珠,2,中國國民黨,6571,11.69,Y
2005,議員,區域,雲林縣,雲林縣第四選區,12,詹凱,1,無,5443,9.68,Y
2005,議員,區域,雲林縣,雲林縣第五選區,1,張素蘭,2,中國國民黨,3302,5.82,Y
2005,議員,區域,雲林縣,雲林縣第五選區,2,蘇金煌,1,中國國民黨,7968,14.04,Y
2005,議員,區域,雲林縣,雲林縣第五選區,3,許忠富,1,無,8280,14.59,Y
2005,議員,區域,雲林縣,雲林縣第五選區,4,侯基榮,1,無,1470,2.59,N
2005,議員,區域,雲林縣,雲林縣第五選區,5,林正中,1,中國國民黨,3817,6.73,N
2005,議員,區域,雲林縣,雲林縣第五選區,6,黃淑楨,2,無,852,1.50,N
2005,議員,區域,雲林縣,雲林縣第五選區,7,王清貴,1,中國國民黨,6160,10.85,Y
2005,議員,區域,雲林縣,雲林縣第五選區,8,林宗弘,1,無,5914,10.42,N
2005,議員,區域,雲林縣,雲林縣第五選區,9,陳正忠,1,中國國民黨,6749,11.89,Y
2005,議員,區域,雲林縣,雲林縣第五選區,10,林文新,1,民主進步黨,5064,8.92,N
2005,議員,區域,雲林縣,雲林縣第五選區,11,丁清樂,1,無,750,1.32,N
2005,議員,區域,雲林縣,雲林縣第五選區,12,鄭東來,1,無,6431,11.33,Y
2005,議員,區域,雲林縣,雲林縣第六選區,1,林逢錦,1,無,6457,11.15,Y
2005,議員,區域,雲林縣,雲林縣第六選區,2,王聰明,1,無,4788,8.27,N
2005,議員,區域,雲林縣,雲林縣第六選區,3,翁水上,1,無,6845,11.82,Y
2005,議員,區域,雲林縣,雲林縣第六選區,4,李宗源,1,民主進步黨,3624,6.26,N
2005,議員,區域,雲林縣,雲林縣第六選區,5,林哲凌,1,民主進步黨,6420,11.09,N
2005,議員,區域,雲林縣,雲林縣第六選區,6,蕭慧敏,2,無,2060,3.56,Y
2005,議員,區域,雲林縣,雲林縣第六選區,7,陳劍華,1,無,10190,17.60,Y
2005,議員,區域,雲林縣,雲林縣第六選區,8,吳義道,1,無,2309,3.99,N
2005,議員,區域,雲林縣,雲林縣第六選區,9,蔡岳儒,1,民主進步黨,6798,11.74,Y
2005,議員,區域,雲林縣,雲林縣第六選區,10,蔡永常,1,無,8417,14.54,Y
2005,議員,區域,嘉義縣,嘉義縣第一選區,1,黃江能環,2,中國國民黨,4987,8.92,N
2005,議員,區域,嘉義縣,嘉義縣第一選區,2,楊秀玉,2,無,7680,13.73,Y
2005,議員,區域,嘉義縣,嘉義縣第一選區,3,劉敬祥,1,民主進步黨,5698,10.19,Y
2005,議員,區域,嘉義縣,嘉義縣第一選區,4,官文樹,1,無,7387,13.21,Y
2005,議員,區域,嘉義縣,嘉義縣第一選區,5,林寶瓶,1,中國國民黨,6269,11.21,Y
2005,議員,區域,嘉義縣,嘉義縣第一選區,6,蕭登標,1,無,9244,16.53,Y
2005,議員,區域,嘉義縣,嘉義縣第一選區,7,吳李綠,2,民主進步黨,5254,9.39,Y
2005,議員,區域,嘉義縣,嘉義縣第一選區,8,黃傑,1,民主進步黨,7236,12.94,Y
2005,議員,區域,嘉義縣,嘉義縣第一選區,9,盧春期,1,無,386,0.69,N
2005,議員,區域,嘉義縣,嘉義縣第一選區,10,汪謙仁,1,中國國民黨,1785,3.19,N
2005,議員,區域,嘉義縣,嘉義縣第二選區,1,何宗義,1,民主進步黨,5696,10.79,Y
2005,議員,區域,嘉義縣,嘉義縣第二選區,2,王幸悅,2,民主進步黨,6245,11.83,Y
2005,議員,區域,嘉義縣,嘉義縣第二選區,3,賴朝崙,1,無,6615,12.53,Y
2005,議員,區域,嘉義縣,嘉義縣第二選區,4,林秀琴,2,民主進步黨,6297,11.93,Y
2005,議員,區域,嘉義縣,嘉義縣第二選區,5,張嘉瀧,1,中國國民黨,4017,7.61,N
2005,議員,區域,嘉義縣,嘉義縣第二選區,6,葉日朗,1,無,6677,12.65,Y
2005,議員,區域,嘉義縣,嘉義縣第二選區,7,黃嘉寬,1,民主進步黨,5404,10.24,N
2005,議員,區域,嘉義縣,嘉義縣第二選區,8,林于玲,2,中國國民黨,6421,12.16,Y
2005,議員,區域,嘉義縣,嘉義縣第二選區,9,賴美真,2,中國國民黨,5414,10.26,Y
2005,議員,區域,嘉義縣,嘉義縣第三選區,1,蔡吉輝,1,無,5438,13.60,Y
2005,議員,區域,嘉義縣,嘉義縣第三選區,2,簡泰河,1,中國國民黨,5083,12.71,N
2005,議員,區域,嘉義縣,嘉義縣第三選區,3,劉宏文,1,民主進步黨,5483,13.71,Y
2005,議員,區域,嘉義縣,嘉義縣第三選區,4,陳保仁,1,無,5549,13.87,Y
2005,議員,區域,嘉義縣,嘉義縣第三選區,5,吳思蓉,2,中國國民黨,4729,11.82,N
2005,議員,區域,嘉義縣,嘉義縣第三選區,6,林金敏,2,民主進步黨,7483,18.71,Y
2005,議員,區域,嘉義縣,嘉義縣第三選區,7,詹金繪,2,民主進步黨,6230,15.58,Y
2005,議員,區域,嘉義縣,嘉義縣第四選區,1,王金山,1,民主進步黨,7194,12.60,Y
2005,議員,區域,嘉義縣,嘉義縣第四選區,2,蔡奇璋,1,中國國民黨,5099,8.93,N
2005,議員,區域,嘉義縣,嘉義縣第四選區,3,郭西川,1,無,4196,7.35,N
2005,議員,區域,嘉義縣,嘉義縣第四選區,4,黃世達,1,無,75,0.13,N
2005,議員,區域,嘉義縣,嘉義縣第四選區,5,余政達,1,無,7930,13.89,Y
2005,議員,區域,嘉義縣,嘉義縣第四選區,6,王如經,1,民主進步黨,7649,13.40,Y
2005,議員,區域,嘉義縣,嘉義縣第四選區,7,侯明月,2,無,4679,8.20,N
2005,議員,區域,嘉義縣,嘉義縣第四選區,8,黃品勝,1,無,762,1.33,N
2005,議員,區域,嘉義縣,嘉義縣第四選區,9,角麗卿,2,中國國民黨,602,1.05,N
2005,議員,區域,嘉義縣,嘉義縣第四選區,10,廖正雄,1,民主進步黨,5139,9.00,N
2005,議員,區域,嘉義縣,嘉義縣第四選區,11,李陳秀琴,2,無,5944,10.41,N
2005,議員,區域,嘉義縣,嘉義縣第四選區,12,李國勝,1,中國國民黨,7818,13.69,Y
2005,議員,區域,嘉義縣,嘉義縣第五選區,1,顏蔡淑惠,2,中國國民黨,6347,18.73,Y
2005,議員,區域,嘉義縣,嘉義縣第五選區,2,陳俊宏,1,中國國民黨,7094,20.94,Y
2005,議員,區域,嘉義縣,嘉義縣第五選區,3,陳翁蘭英,2,無,3517,10.38,N
2005,議員,區域,嘉義縣,嘉義縣第五選區,4,翁聰賢,1,民主進步黨,7054,20.82,Y
2005,議員,區域,嘉義縣,嘉義縣第五選區,5,邱再留,1,無,2390,7.05,N
2005,議員,區域,嘉義縣,嘉義縣第五選區,6,陳鳳梅,2,民主進步黨,7476,22.07,Y
2005,議員,區域,嘉義縣,嘉義縣第六選區,1,陳柏麟,1,無,5949,10.91,Y
2005,議員,區域,嘉義縣,嘉義縣第六選區,2,侯清河,1,中國國民黨,7351,13.49,Y
2005,議員,區域,嘉義縣,嘉義縣第六選區,3,蔡文基,1,民主進步黨,5060,9.28,Y
2005,議員,區域,嘉義縣,嘉義縣第六選區,4,張明達,1,民主進步黨,9890,18.14,Y
2005,議員,區域,嘉義縣,嘉義縣第六選區,5,羅士洋,1,民主進步黨,5254,9.64,Y
2005,議員,區域,嘉義縣,嘉義縣第六選區,6,莊竣傑,1,無,4500,8.26,N
2005,議員,區域,嘉義縣,嘉義縣第六選區,7,詹黃素蓮,2,中國國民黨,4306,7.90,N
2005,議員,區域,嘉義縣,嘉義縣第六選區,8,林淑鈴,2,民主進步黨,6626,12.16,Y
2005,議員,區域,嘉義縣,嘉義縣第六選區,9,林劉玉嬌,2,中國國民黨,5576,10.23,Y
2005,議員,區域,臺南縣,臺南縣第一選區,1,黃金鏞,1,中國國民黨,9039,14.08,Y
2005,議員,區域,臺南縣,臺南縣第一選區,2,顏恒通,1,民主進步黨,7186,11.19,N
2005,議員,區域,臺南縣,臺南縣第一選區,3,陳李翠香,2,民主進步黨,7032,10.95,N
2005,議員,區域,臺南縣,臺南縣第一選區,4,劉桂妙,2,中國國民黨,7692,11.98,Y
2005,議員,區域,臺南縣,臺南縣第一選區,5,顏炎釧,1,無,7383,11.50,Y
2005,議員,區域,臺南縣,臺南縣第一選區,6,陳進雄,1,無,7221,11.24,Y
2005,議員,區域,臺南縣,臺南縣第一選區,7,趙昆原,1,無,8201,12.77,Y
2005,議員,區域,臺南縣,臺南縣第一選區,8,丁瑞財,1,無,2098,3.27,N
2005,議員,區域,臺南縣,臺南縣第一選區,9,蔡育輝,1,中國國民黨,8366,13.03,Y
2005,議員,區域,臺南縣,臺南縣第二選區,1,黃月娟,2,中國國民黨,6256,16.46,Y
2005,議員,區域,臺南縣,臺南縣第二選區,2,張世賢,1,中國國民黨,10308,27.12,Y
2005,議員,區域,臺南縣,臺南縣第二選區,3,賴美惠,2,民主進步黨,14846,39.06,Y
2005,議員,區域,臺南縣,臺南縣第二選區,4,詹龍洲,1,中國國民黨,6597,17.36,Y
2005,議員,區域,臺南縣,臺南縣第三選區,1,郭秀珠,2,無,8167,13.46,Y
2005,議員,區域,臺南縣,臺南縣第三選區,2,吳通龍,1,無,6427,10.59,N
2005,議員,區域,臺南縣,臺南縣第三選區,3,陳文賢,1,民主進步黨,9328,15.37,Y
2005,議員,區域,臺南縣,臺南縣第三選區,4,王萬法,1,中國國民黨,5865,9.66,N
2005,議員,區域,臺南縣,臺南縣第三選區,5,楊麗玉,2,民主進步黨,9023,14.87,Y
2005,議員,區域,臺南縣,臺南縣第三選區,6,尤榮智,1,中國國民黨,10778,17.76,Y
2005,議員,區域,臺南縣,臺南縣第三選區,7,姜金堂,1,無,7848,12.93,Y
2005,議員,區域,臺南縣,臺南縣第三選區,8,胡貴鳳,2,無,3260,5.37,N
2005,議員,區域,臺南縣,臺南縣第四選區,1,余榮和,1,中國國民黨,7170,13.55,Y
2005,議員,區域,臺南縣,臺南縣第四選區,2,黃秋柑,2,無,855,1.62,N
2005,議員,區域,臺南縣,臺南縣第四選區,3,王國棟,1,無,153,0.29,N
2005,議員,區域,臺南縣,臺南縣第四選區,4,蔡蘇秋金,2,民主進步黨,6859,12.96,N
2005,議員,區域,臺南縣,臺南縣第四選區,5,方一峰,1,無,7050,13.32,Y
2005,議員,區域,臺南縣,臺南縣第四選區,6,陳朝來,1,民主進步黨,10515,19.87,Y
2005,議員,區域,臺南縣,臺南縣第四選區,7,蔡秋蘭,2,民主進步黨,8710,16.46,Y
2005,議員,區域,臺南縣,臺南縣第四選區,8,方迎,2,無,2982,5.63,N
2005,議員,區域,臺南縣,臺南縣第四選區,9,周賜海,1,中國國民黨,8634,16.31,Y
2005,議員,區域,臺南縣,臺南縣第五選區,1,陳宗興,1,中國國民黨,7974,23.76,Y
2005,議員,區域,臺南縣,臺南縣第五選區,2,李元風,1,無,7231,21.55,Y
2005,議員,區域,臺南縣,臺南縣第五選區,3,王美雲,2,無,6446,19.21,N
2005,議員,區域,臺南縣,臺南縣第五選區,4,洪嘉賓,1,民主進步黨,4170,12.43,N
2005,議員,區域,臺南縣,臺南縣第五選區,5,侯澄財,1,無,7737,23.06,Y
2005,議員,區域,臺南縣,臺南縣第六選區,1,徐茂喬,1,中國國民黨,9059,26.79,Y
2005,議員,區域,臺南縣,臺南縣第六選區,2,林全忠,1,無,9947,29.41,Y
2005,議員,區域,臺南縣,臺南縣第六選區,3,楊登山,1,無,6623,19.58,Y
2005,議員,區域,臺南縣,臺南縣第六選區,4,陳永寬,1,民主進步黨,6557,19.39,N
2005,議員,區域,臺南縣,臺南縣第六選區,5,黃青海,1,無,1633,4.83,N
2005,議員,區域,臺南縣,臺南縣第七選區,1,胡瑞男,1,無,7550,21.49,Y
2005,議員,區域,臺南縣,臺南縣第七選區,2,林丁燦,1,無,9505,27.06,Y
2005,議員,區域,臺南縣,臺南縣第七選區,3,梁順發,1,民主進步黨,10963,31.21,Y
2005,議員,區域,臺南縣,臺南縣第七選區,4,李全富,1,中國國民黨,7112,20.24,N
2005,議員,區域,臺南縣,臺南縣第八選區,1,王峻潭,1,民主進步黨,7298,30.36,N
2005,議員,區域,臺南縣,臺南縣第八選區,2,江仲祥,1,中國國民黨,9211,38.31,Y
2005,議員,區域,臺南縣,臺南縣第八選區,3,廖西仁,1,無,7532,31.33,Y
2005,議員,區域,臺南縣,臺南縣第九選區,1,張伯祿,1,無,10091,11.65,Y
2005,議員,區域,臺南縣,臺南縣第九選區,2,曾王雅雲,2,民主進步黨,11607,13.40,Y
2005,議員,區域,臺南縣,臺南縣第九選區,3,林逢春,1,無,6204,7.16,Y
2005,議員,區域,臺南縣,臺南縣第九選區,4,黃明進,1,中國國民黨,11266,13.01,Y
2005,議員,區域,臺南縣,臺南縣第九選區,5,陳進財,1,無,4671,5.39,N
2005,議員,區域,臺南縣,臺南縣第九選區,6,洪德昆,1,無,6676,7.71,Y
2005,議員,區域,臺南縣,臺南縣第九選區,7,林岡嶔,1,無,2294,2.65,N
2005,議員,區域,臺南縣,臺南縣第九選區,8,吳健保,1,中國國民黨,10716,12.37,Y
2005,議員,區域,臺南縣,臺南縣第九選區,9,劉正昌,1,民主進步黨,9759,11.27,Y
2005,議員,區域,臺南縣,臺南縣第九選區,10,杜素吟,2,無,8886,10.26,Y
2005,議員,區域,臺南縣,臺南縣第九選區,11,邱掬,2,無,4426,5.11,N
2005,議員,區域,臺南縣,臺南縣第十選區,1,王麗華,2,台灣團結聯盟,2246,2.20,N
2005,議員,區域,臺南縣,臺南縣第十選區,2,楊中成,1,無,6753,6.62,Y
2005,議員,區域,臺南縣,臺南縣第十選區,3,林進旺,1,中國國民黨,5331,5.23,Y
2005,議員,區域,臺南縣,臺南縣第十選區,4,蔡崇馨,1,無,762,0.75,N
2005,議員,區域,臺南縣,臺南縣第十選區,5,王彥霖,1,親民黨,2539,2.49,N
2005,議員,區域,臺南縣,臺南縣第十選區,6,洪國燦,1,無,2769,2.72,N
2005,議員,區域,臺南縣,臺南縣第十選區,7,黃來鎰,1,無,3757,3.69,N
2005,議員,區域,臺南縣,臺南縣第十選區,8,鄭宗興,1,無,360,0.35,N
2005,議員,區域,臺南縣,臺南縣第十選區,9,王敏星,1,中國國民黨,6877,6.75,Y
2005,議員,區域,臺南縣,臺南縣第十選區,10,王獻基,1,無,229,0.22,N
2005,議員,區域,臺南縣,臺南縣第十選區,11,李崇智,1,中國國民黨,8281,8.12,Y
2005,議員,區域,臺南縣,臺南縣第十選區,12,林慶鎮,1,無,6190,6.07,Y
2005,議員,區域,臺南縣,臺南縣第十選區,13,李元慶,1,無,2402,2.36,N
2005,議員,區域,臺南縣,臺南縣第十選區,14,周獻珍,1,中國國民黨,3827,3.75,N
2005,議員,區域,臺南縣,臺南縣第十選區,15,陳秋萍,2,民主進步黨,6042,5.93,Y
2005,議員,區域,臺南縣,臺南縣第十選區,16,楊明達,1,無,3486,3.42,N
2005,議員,區域,臺南縣,臺南縣第十選區,17,蔡百祿,1,無,4988,4.89,Y
2005,議員,區域,臺南縣,臺南縣第十選區,18,鄭瑋玨,1,民主進步黨,3072,3.01,N
2005,議員,區域,臺南縣,臺南縣第十選區,19,康進水,1,中國國民黨,5696,5.59,Y
2005,議員,區域,臺南縣,臺南縣第十選區,20,張郁文,1,民主進步黨,1455,1.43,N
2005,議員,區域,臺南縣,臺南縣第十選區,21,林宜瑾,2,民主進步黨,9512,9.33,Y
2005,議員,區域,臺南縣,臺南縣第十選區,22,林子靖,2,無,3403,3.34,N
2005,議員,區域,臺南縣,臺南縣第十選區,23,郭瑞南,1,中國國民黨,4729,4.64,Y
2005,議員,區域,臺南縣,臺南縣第十選區,24,蔡明甫,1,無,4016,3.94,Y
2005,議員,區域,臺南縣,臺南縣第十選區,25,陳麗娟,2,無,3216,3.15,N
2005,議員,區域,高雄縣,高雄縣第一選區,1,劉德林,1,中國國民黨,12502,8.82,Y
2005,議員,區域,高雄縣,高雄縣第一選區,2,蘇炎城,1,無,6564,4.63,Y
2005,議員,區域,高雄縣,高雄縣第一選區,3,江玲君,2,中國國民黨,14187,10.01,Y
2005,議員,區域,高雄縣,高雄縣第一選區,4,陳粹鑾,2,無,6893,4.87,Y
2005,議員,區域,高雄縣,高雄縣第一選區,5,張家儀,2,民主進步黨,1947,1.37,N
2005,議員,區域,高雄縣,高雄縣第一選區,6,鄭復華,2,親民黨,5051,3.57,N
2005,議員,區域,高雄縣,高雄縣第一選區,7,張漢忠,1,民主進步黨,6304,4.45,Y
2005,議員,區域,高雄縣,高雄縣第一選區,8,張坤裕,1,民主進步黨,6425,4.54,Y
2005,議員,區域,高雄縣,高雄縣第一選區,9,盧家蓁,2,無,1196,0.84,N
2005,議員,區域,高雄縣,高雄縣第一選區,10,曾達裕,1,無,1827,1.29,N
2005,議員,區域,高雄縣,高雄縣第一選區,11,郭素桃,2,中國國民黨,8143,5.75,Y
2005,議員,區域,高雄縣,高雄縣第一選區,12,鍾滿生,1,無,2832,2.00,N
2005,議員,區域,高雄縣,高雄縣第一選區,13,錢俊皞,1,無,5787,4.08,Y
2005,議員,區域,高雄縣,高雄縣第一選區,14,陳慧文,2,民主進步黨,8059,5.69,Y
2005,議員,區域,高雄縣,高雄縣第一選區,15,簡海源,1,無,5889,4.16,Y
2005,議員,區域,高雄縣,高雄縣第一選區,16,李鋒斌,1,中國國民黨,5280,3.73,Y
2005,議員,區域,高雄縣,高雄縣第一選區,17,徐榮延,1,中國國民黨,6044,4.27,Y
2005,議員,區域,高雄縣,高雄縣第一選區,18,林景元,1,無,1493,1.05,N
2005,議員,區域,高雄縣,高雄縣第一選區,19,黃璽文,1,無,4736,3.34,N
2005,議員,區域,高雄縣,高雄縣第一選區,20,劉月娥,2,民主進步黨,4022,2.84,N
2005,議員,區域,高雄縣,高雄縣第一選區,21,王榮仁,1,無,6603,4.66,Y
2005,議員,區域,高雄縣,高雄縣第一選區,22,鄭智化,1,民主進步黨,4830,3.41,N
2005,議員,區域,高雄縣,高雄縣第一選區,23,顏曉菁,2,民主進步黨,10970,7.74,Y
2005,議員,區域,高雄縣,高雄縣第一選區,24,方雪玉,2,台灣團結聯盟,4083,2.88,N
2005,議員,區域,高雄縣,高雄縣第二選區,1,何勝雄,1,中國國民黨,6849,8.04,Y
2005,議員,區域,高雄縣,高雄縣第二選區,2,許慧玉,2,中國國民黨,11594,13.61,Y
2005,議員,區域,高雄縣,高雄縣第二選區,3,錢聖武,1,民主進步黨,8857,10.40,Y
2005,議員,區域,高雄縣,高雄縣第二選區,4,吳利成,1,中國國民黨,9781,11.48,Y
2005,議員,區域,高雄縣,高雄縣第二選區,5,陳福財,1,民主進步黨,5392,6.33,N
2005,議員,區域,高雄縣,高雄縣第二選區,6,吳文耀,1,中國國民黨,6233,7.32,N
2005,議員,區域,高雄縣,高雄縣第二選區,7,葉進國,1,無,8459,9.93,Y
2005,議員,區域,高雄縣,高雄縣第二選區,8,黃登丕,1,民主進步黨,7516,8.82,Y
2005,議員,區域,高雄縣,高雄縣第二選區,9,陳泰山,1,無,5004,5.87,N
2005,議員,區域,高雄縣,高雄縣第二選區,10,王慧玲,2,民主進步黨,9456,11.10,Y
2005,議員,區域,高雄縣,高雄縣第二選區,11,黃明河,1,民主進步黨,6046,7.10,N
2005,議員,區域,高雄縣,高雄縣第三選區,1,王耀裕,1,中國國民黨,7178,8.23,Y
2005,議員,區域,高雄縣,高雄縣第三選區,2,孫祈政,1,無,7791,8.94,Y
2005,議員,區域,高雄縣,高雄縣第三選區,3,于淑恩,1,中國國民黨,7999,9.18,Y
2005,議員,區域,高雄縣,高雄縣第三選區,4,蔡昌達,1,民主進步黨,10037,11.51,Y
2005,議員,區域,高雄縣,高雄縣第三選區,5,余聖明,1,中國國民黨,643,0.74,N
2005,議員,區域,高雄縣,高雄縣第三選區,6,李文通,1,民主進步黨,4579,5.25,N
2005,議員,區域,高雄縣,高雄縣第三選區,7,蔡簡美雪,2,無,2645,3.03,N
2005,議員,區域,高雄縣,高雄縣第三選區,8,黃武雄,1,無,494,0.57,N
2005,議員,區域,高雄縣,高雄縣第三選區,9,洪秀錦,2,中國國民黨,6184,7.09,Y
2005,議員,區域,高雄縣,高雄縣第三選區,10,蔡寬興,1,民主進步黨,7233,8.30,Y
2005,議員,區域,高雄縣,高雄縣第三選區,11,吳政勳,1,中國國民黨,7322,8.40,Y
2005,議員,區域,高雄縣,高雄縣第三選區,12,程培弘,1,無,4176,4.79,N
2005,議員,區域,高雄縣,高雄縣第三選區,13,劉兆章,1,無,5796,6.65,N
2005,議員,區域,高雄縣,高雄縣第三選區,14,林祺福,1,中國國民黨,5687,6.52,N
2005,議員,區域,高雄縣,高雄縣第三選區,15,黃夏雪玉,2,中國國民黨,5152,5.91,N
2005,議員,區域,高雄縣,高雄縣第三選區,16,黃炏鈿,1,民主進步黨,4264,4.89,N
2005,議員,區域,高雄縣,高雄縣第四選區,1,曾水文,1,中國國民黨,11297,9.20,Y
2005,議員,區域,高雄縣,高雄縣第四選區,2,方信淵,1,中國國民黨,7692,6.26,Y
2005,議員,區域,高雄縣,高雄縣第四選區,3,許福森,1,中國國民黨,11986,9.76,Y
2005,議員,區域,高雄縣,高雄縣第四選區,4,謝志富,1,民主進步黨,7066,5.75,Y
2005,議員,區域,高雄縣,高雄縣第四選區,5,陳清玉,1,無,5975,4.87,N
2005,議員,區域,高雄縣,高雄縣第四選區,6,李蕙蕙,2,親民黨,8264,6.73,Y
2005,議員,區域,高雄縣,高雄縣第四選區,7,陳致富,1,中國國民黨,6645,5.41,Y
2005,議員,區域,高雄縣,高雄縣第四選區,8,黃萬全,1,台灣團結聯盟,6332,5.16,N
2005,議員,區域,高雄縣,高雄縣第四選區,9,盧謝珊珊,2,中國國民黨,6946,5.66,Y
2005,議員,區域,高雄縣,高雄縣第四選區,10,葉曉樺,2,民主進步黨,5688,4.63,N
2005,議員,區域,高雄縣,高雄縣第四選區,11,陸淑美,2,中國國民黨,10717,8.73,Y
2005,議員,區域,高雄縣,高雄縣第四選區,12,耿雄山,1,中國國民黨,9123,7.43,Y
2005,議員,區域,高雄縣,高雄縣第四選區,13,林連森,1,民主進步黨,9690,7.89,Y
2005,議員,區域,高雄縣,高雄縣第四選區,14,葉麗皇,2,民主進步黨,3617,2.95,N
2005,議員,區域,高雄縣,高雄縣第四選區,15,劉昇穎,1,民主進步黨,5232,4.26,N
2005,議員,區域,高雄縣,高雄縣第四選區,16,蔡婷媚,2,無,6546,5.33,N
2005,議員,區域,高雄縣,高雄縣第五選區,1,陳清明,1,無,924,1.14,N
2005,議員,區域,高雄縣,高雄縣第五選區,2,程進添,1,中國國民黨,7764,9.60,Y
2005,議員,區域,高雄縣,高雄縣第五選區,3,鄭明岳,1,無,6354,7.86,N
2005,議員,區域,高雄縣,高雄縣第五選區,4,陳明澤,1,民主進步黨,10919,13.51,Y
2005,議員,區域,高雄縣,高雄縣第五選區,5,葉香,2,民主進步黨,7715,9.54,N
2005,議員,區域,高雄縣,高雄縣第五選區,6,李長生,1,中國國民黨,13706,16.95,Y
2005,議員,區域,高雄縣,高雄縣第五選區,7,蘇琦莉,2,中國國民黨,10710,13.25,Y
2005,議員,區域,高雄縣,高雄縣第五選區,8,張文瑞,1,民主進步黨,11905,14.73,Y
2005,議員,區域,高雄縣,高雄縣第五選區,9,史萬忠,1,中國國民黨,10850,13.42,Y
2005,議員,區域,高雄縣,高雄縣第六選區,1,曾炳城,1,無,1539,2.18,N
2005,議員,區域,高雄縣,高雄縣第六選區,2,鍾盛有,1,民主進步黨,11421,16.21,Y
2005,議員,區域,高雄縣,高雄縣第六選區,3,林洪愛玉,2,中國國民黨,8974,12.74,Y
2005,議員,區域,高雄縣,高雄縣第六選區,4,張乾德,1,無,9274,13.17,Y
2005,議員,區域,高雄縣,高雄縣第六選區,5,蕭育穎,2,民主進步黨,9373,13.31,Y
2005,議員,區域,高雄縣,高雄縣第六選區,6,卓文後,1,中國國民黨,7111,10.09,N
2005,議員,區域,高雄縣,高雄縣第六選區,7,邱發金,1,無,2686,3.81,N
2005,議員,區域,高雄縣,高雄縣第六選區,8,李鴻鈞,1,中國國民黨,10856,15.41,Y
2005,議員,區域,高雄縣,高雄縣第六選區,9,林富寶,1,民主進步黨,9210,13.07,Y
2005,議員,區域,屏東縣,屏東縣第一選區,1,林錦緞,2,台灣團結聯盟,4633,4.43,N
2005,議員,區域,屏東縣,屏東縣第一選區,2,林明順,1,無,4916,4.70,N
2005,議員,區域,屏東縣,屏東縣第一選區,3,施蘇貴美,2,中國國民黨,6016,5.75,Y
2005,議員,區域,屏東縣,屏東縣第一選區,4,張金文,1,無,6532,6.24,Y
2005,議員,區域,屏東縣,屏東縣第一選區,5,李世斌,1,民主進步黨,8321,7.95,Y
2005,議員,區域,屏東縣,屏東縣第一選區,6,李慧慈,2,無,4874,4.66,N
2005,議員,區域,屏東縣,屏東縣第一選區,7,蘇義峰,1,民主進步黨,5460,5.22,Y
2005,議員,區域,屏東縣,屏東縣第一選區,8,林亞蒓,2,中國國民黨,9882,9.44,Y
2005,議員,區域,屏東縣,屏東縣第一選區,9,洪輝祥,1,無,1029,0.98,N
2005,議員,區域,屏東縣,屏東縣第一選區,10,蔣月惠,2,無,787,0.75,N
2005,議員,區域,屏東縣,屏東縣第一選區,11,簡美麗,2,無,1143,1.09,N
2005,議員,區域,屏東縣,屏東縣第一選區,12,劉坤圖,1,無,636,0.61,N
2005,議員,區域,屏東縣,屏東縣第一選區,13,黃國安,1,無,5622,5.37,Y
2005,議員,區域,屏東縣,屏東縣第一選區,14,鄭賜川,1,無,2128,2.03,N
2005,議員,區域,屏東縣,屏東縣第一選區,15,唐玉琴,2,中國國民黨,6636,6.34,Y
2005,議員,區域,屏東縣,屏東縣第一選區,16,許守道,1,無,664,0.63,N
2005,議員,區域,屏東縣,屏東縣第一選區,17,楊子鵬,1,親民黨,1745,1.67,N
2005,議員,區域,屏東縣,屏東縣第一選區,18,邱名璋,1,民主進步黨,5761,5.50,Y
2005,議員,區域,屏東縣,屏東縣第一選區,19,曾義雄,1,中國國民黨,8210,7.84,Y
2005,議員,區域,屏東縣,屏東縣第一選區,20,蔣家煌,1,無,6231,5.95,Y
2005,議員,區域,屏東縣,屏東縣第一選區,21,潘寶義,1,無,2528,2.42,N
2005,議員,區域,屏東縣,屏東縣第一選區,22,陳美瓊,2,無,3719,3.55,N
2005,議員,區域,屏東縣,屏東縣第一選區,23,楊文雄,1,無,921,0.88,N
2005,議員,區域,屏東縣,屏東縣第一選區,24,李清聖,1,民主進步黨,6283,6.00,Y
2005,議員,區域,屏東縣,屏東縣第二選區,1,梁清旺,1,無,6721,8.16,N
2005,議員,區域,屏東縣,屏東縣第二選區,2,丁煙柱,1,中國國民黨,7064,8.58,Y
2005,議員,區域,屏東縣,屏東縣第二選區,3,陳鴻榮,1,中國國民黨,6131,7.45,N
2005,議員,區域,屏東縣,屏東縣第二選區,4,蘇震清,1,民主進步黨,15408,18.71,Y
2005,議員,區域,屏東縣,屏東縣第二選區,5,何春美,2,無,1676,2.04,Y
2005,議員,區域,屏東縣,屏東縣第二選區,6,吳亮慶,1,無,10125,12.30,Y
2005,議員,區域,屏東縣,屏東縣第二選區,7,許國華,1,民主進步黨,9818,11.92,Y
2005,議員,區域,屏東縣,屏東縣第二選區,8,尤慶賀,1,無,9614,11.68,Y
2005,議員,區域,屏東縣,屏東縣第二選區,9,葉明博,1,無,9545,11.59,Y
2005,議員,區域,屏東縣,屏東縣第二選區,10,江隆貴,1,無,2790,3.39,N
2005,議員,區域,屏東縣,屏東縣第二選區,11,張惠怡,2,中國國民黨,3449,4.19,Y
2005,議員,區域,屏東縣,屏東縣第三選區,1,張王惠雪,2,無,2799,2.74,N
2005,議員,區域,屏東縣,屏東縣第三選區,2,黃明榮,1,民主進步黨,6528,6.38,Y
2005,議員,區域,屏東縣,屏東縣第三選區,3,林郁虹,2,中國國民黨,6730,6.58,Y
2005,議員,區域,屏東縣,屏東縣第三選區,4,賴耀熙,1,無,6425,6.28,Y
2005,議員,區域,屏東縣,屏東縣第三選區,5,蘇志萍,1,中國國民黨,2749,2.69,N
2005,議員,區域,屏東縣,屏東縣第三選區,6,劉淼松,1,中國國民黨,6630,6.48,Y
2005,議員,區域,屏東縣,屏東縣第三選區,7,潘連周,1,無,6787,6.63,Y
2005,議員,區域,屏東縣,屏東縣第三選區,8,沈文傑,1,無,5889,5.75,Y
2005,議員,區域,屏東縣,屏東縣第三選區,9,林燕明,1,民主進步黨,3222,3.15,N
2005,議員,區域,屏東縣,屏東縣第三選區,10,王泰河,1,無,1344,1.31,N
2005,議員,區域,屏東縣,屏東縣第三選區,11,徐榮耀,1,中國國民黨,6934,6.78,Y
2005,議員,區域,屏東縣,屏東縣第三選區,12,曾世郎,1,民主進步黨,6743,6.59,Y
2005,議員,區域,屏東縣,屏東縣第三選區,13,廖正彥,1,無,2638,2.58,N
2005,議員,區域,屏東縣,屏東縣第三選區,14,盧文信,1,無,7415,7.25,Y
2005,議員,區域,屏東縣,屏東縣第三選區,15,潘淑眞,2,民主進步黨,5710,5.58,Y
2005,議員,區域,屏東縣,屏東縣第三選區,16,吳照雄,1,無,2325,2.27,N
2005,議員,區域,屏東縣,屏東縣第三選區,17,潘長成,1,無,5475,5.35,N
2005,議員,區域,屏東縣,屏東縣第三選區,18,梁正金,1,民主進步黨,3302,3.23,N
2005,議員,區域,屏東縣,屏東縣第三選區,19,王志豐,1,中國國民黨,7033,6.87,Y
2005,議員,區域,屏東縣,屏東縣第三選區,20,曾勳任,1,無,5651,5.52,N
2005,議員,區域,屏東縣,屏東縣第四選區,1,朱麗香,2,無,178,0.23,N
2005,議員,區域,屏東縣,屏東縣第四選區,2,鍾量在,1,無,6622,8.66,N
2005,議員,區域,屏東縣,屏東縣第四選區,3,鄭寶川,1,無,7056,9.23,N
2005,議員,區域,屏東縣,屏東縣第四選區,4,林清都,1,無,8016,10.48,Y
2005,議員,區域,屏東縣,屏東縣第四選區,5,周典論,1,中國國民黨,11190,14.63,Y
2005,議員,區域,屏東縣,屏東縣第四選區,6,盧同恊,1,民主進步黨,11600,15.17,Y
2005,議員,區域,屏東縣,屏東縣第四選區,7,黃坤能,1,無,8674,11.34,Y
2005,議員,區域,屏東縣,屏東縣第四選區,8,劉水復,1,無,8942,11.69,Y
2005,議員,區域,屏東縣,屏東縣第四選區,9,林枝讚,1,台灣團結聯盟,7142,9.34,Y
2005,議員,區域,屏東縣,屏東縣第四選區,10,李香蘭,2,中國國民黨,3820,4.99,Y
2005,議員,區域,屏東縣,屏東縣第四選區,11,郭美玉,2,中國國民黨,3243,4.24,Y
2005,議員,區域,屏東縣,屏東縣第五選區,1,王啟敏,1,中國國民黨,8641,22.09,Y
2005,議員,區域,屏東縣,屏東縣第五選區,2,楊嘉慶,1,民主進步黨,8877,22.69,Y
2005,議員,區域,屏東縣,屏東縣第五選區,3,鄭文華,1,無,6308,16.13,Y
2005,議員,區域,屏東縣,屏東縣第五選區,4,陳長源,1,無,904,2.31,N
2005,議員,區域,屏東縣,屏東縣第五選區,5,周碧雲,2,無,8257,21.11,Y
2005,議員,區域,屏東縣,屏東縣第五選區,6,林玉花,2,民主進步黨,6129,15.67,N
2005,議員,區域,屏東縣,屏東縣第六選區,1,林亞相,1,民主進步黨,8179,30.68,Y
2005,議員,區域,屏東縣,屏東縣第六選區,2,徐啟智,1,無,5221,19.59,N
2005,議員,區域,屏東縣,屏東縣第六選區,3,張榮志,1,無,6860,25.74,Y
2005,議員,區域,屏東縣,屏東縣第六選區,4,董啓智,1,中國國民黨,6396,23.99,Y
2005,議員,區域,屏東縣,屏東縣第七選區,1,王林美足,2,中國國民黨,3089,50.39,Y
2005,議員,區域,屏東縣,屏東縣第七選區,2,陳惠琴,2,無,3041,49.61,N
2005,議員,區域,臺東縣,臺東縣第一選區,1,饒慶鈴,2,中國國民黨,3044,6.84,Y
2005,議員,區域,臺東縣,臺東縣第一選區,2,呂源明,1,中國國民黨,363,0.82,N
2005,議員,區域,臺東縣,臺東縣第一選區,3,田石雄,1,無,2979,6.69,Y
2005,議員,區域,臺東縣,臺東縣第一選區,4,劉文等,1,無,1024,2.30,N
2005,議員,區域,臺東縣,臺東縣第一選區,5,謝明珠,2,無,3503,7.87,Y
2005,議員,區域,臺東縣,臺東縣第一選區,6,鄭安定,1,中國國民黨,2559,5.75,N
2005,議員,區域,臺東縣,臺東縣第一選區,7,施向青,1,中國國民黨,3048,6.85,Y
2005,議員,區域,臺東縣,臺東縣第一選區,8,李建智,1,中國國民黨,3985,8.95,Y
2005,議員,區域,臺東縣,臺東縣第一選區,9,林參天,1,民主進步黨,2152,4.83,N
2005,議員,區域,臺東縣,臺東縣第一選區,10,吳穎政,1,無,658,1.48,N
2005,議員,區域,臺東縣,臺東縣第一選區,11,朱建銘,1,無,2151,4.83,N
2005,議員,區域,臺東縣,臺東縣第一選區,12,張國洲,1,無,4678,10.51,Y
2005,議員,區域,臺東縣,臺東縣第一選區,13,徐秋蓉,2,民主進步黨,2597,5.83,N
2005,議員,區域,臺東縣,臺東縣第一選區,14,黃秋,2,無,3315,7.45,Y
2005,議員,區域,臺東縣,臺東縣第一選區,15,王飛龍,1,無,2687,6.04,Y
2005,議員,區域,臺東縣,臺東縣第一選區,16,莊正宏,1,台灣團結聯盟,455,1.02,N
2005,議員,區域,臺東縣,臺東縣第一選區,17,賴嘉祥,1,無,2602,5.84,Y
2005,議員,區域,臺東縣,臺東縣第一選區,18,陳顯興,1,中國國民黨,2717,6.10,Y
2005,議員,區域,臺東縣,臺東縣第二選區,1,曾宏賢,1,中國國民黨,3077,50.52,Y
2005,議員,區域,臺東縣,臺東縣第二選區,2,張卓然,1,中國國民黨,3014,49.48,N
2005,議員,區域,臺東縣,臺東縣第三選區,1,許進榮,1,無,2289,32.23,Y
2005,議員,區域,臺東縣,臺東縣第三選區,2,邱一郎,1,中國國民黨,2106,29.65,N
2005,議員,區域,臺東縣,臺東縣第三選區,3,張順貴,1,中國國民黨,2707,38.12,Y
2005,議員,區域,臺東縣,臺東縣第四選區,1,張茂益,1,中國國民黨,3049,27.47,Y
2005,議員,區域,臺東縣,臺東縣第四選區,2,李振源,1,無,2072,18.67,Y
2005,議員,區域,臺東縣,臺東縣第四選區,3,徐良坤,1,中國國民黨,1904,17.15,N
2005,議員,區域,臺東縣,臺東縣第四選區,4,林惠就,2,中國國民黨,3223,29.04,Y
2005,議員,區域,臺東縣,臺東縣第四選區,5,羅憲宏,1,無,852,7.68,N
2005,議員,區域,臺東縣,臺東縣第五選區,1,李錦慧,1,中國國民黨,3526,68.24,Y
2005,議員,區域,臺東縣,臺東縣第五選區,2,黃茂祥,1,無,1641,31.76,N
2005,議員,區域,花蓮縣,花蓮縣第一選區,1,江奉宜,2,中國國民黨,2047,4.52,N
2005,議員,區域,花蓮縣,花蓮縣第一選區,2,黃憲東,1,民主進步黨,2096,4.63,N
2005,議員,區域,花蓮縣,花蓮縣第一選區,3,楊文值,1,中國國民黨,4078,9.01,Y
2005,議員,區域,花蓮縣,花蓮縣第一選區,4,林連明,1,無黨團結聯盟,2741,6.06,N
2005,議員,區域,花蓮縣,花蓮縣第一選區,5,李建興,1,中國國民黨,2614,5.78,N
2005,議員,區域,花蓮縣,花蓮縣第一選區,6,鍾逸文,1,無,3014,6.66,Y
2005,議員,區域,花蓮縣,花蓮縣第一選區,7,劉曉玫,2,民主進步黨,2669,5.90,Y
2005,議員,區域,花蓮縣,花蓮縣第一選區,8,詹益萬,1,無,296,0.65,N
2005,議員,區域,花蓮縣,花蓮縣第一選區,9,謝國榮,1,中國國民黨,2962,6.54,Y
2005,議員,區域,花蓮縣,花蓮縣第一選區,10,許添旺,1,無,635,1.40,N
2005,議員,區域,花蓮縣,花蓮縣第一選區,11,孟憲國,1,親民黨,1109,2.45,N
2005,議員,區域,花蓮縣,花蓮縣第一選區,12,林鳳旋,2,中國國民黨,2558,5.65,N
2005,議員,區域,花蓮縣,花蓮縣第一選區,13,莊枝財,1,民主進步黨,2269,5.01,N
2005,議員,區域,花蓮縣,花蓮縣第一選區,14,陳凱莉,2,中國國民黨,3181,7.03,Y
2005,議員,區域,花蓮縣,花蓮縣第一選區,15,林有志,1,中國國民黨,3448,7.62,Y
2005,議員,區域,花蓮縣,花蓮縣第一選區,16,魏嘉賢,1,中國國民黨,2941,6.50,Y
2005,議員,區域,花蓮縣,花蓮縣第一選區,17,施金樹,1,民主進步黨,2910,6.43,Y
2005,議員,區域,花蓮縣,花蓮縣第一選區,18,李秋旺,1,中國國民黨,3695,8.16,Y
2005,議員,區域,花蓮縣,花蓮縣第二選區,1,賴進坤,1,無,3644,45.76,N
2005,議員,區域,花蓮縣,花蓮縣第二選區,2,傅朝明,1,中國國民黨,3892,48.87,Y
2005,議員,區域,花蓮縣,花蓮縣第二選區,3,鄭寶秀,2,無,428,5.37,N
2005,議員,區域,花蓮縣,花蓮縣第三選區,1,黃馨,2,中國國民黨,3840,8.11,Y
2005,議員,區域,花蓮縣,花蓮縣第三選區,2,林春生,1,中國國民黨,3430,7.25,Y
2005,議員,區域,花蓮縣,花蓮縣第三選區,3,林建彬,1,無,1526,3.22,N
2005,議員,區域,花蓮縣,花蓮縣第三選區,4,陳文光,1,中國國民黨,2431,5.14,N
2005,議員,區域,花蓮縣,花蓮縣第三選區,5,游美雲,2,民主進步黨,2880,6.08,Y
2005,議員,區域,花蓮縣,花蓮縣第三選區,6,郭國英,1,無,2257,4.77,N
2005,議員,區域,花蓮縣,花蓮縣第三選區,7,趙啟全,1,無,2680,5.66,N
2005,議員,區域,花蓮縣,花蓮縣第三選區,8,蕭文龍,1,中國國民黨,3280,6.93,Y
2005,議員,區域,花蓮縣,花蓮縣第三選區,9,徐雪玉,2,中國國民黨,3456,7.30,Y
2005,議員,區域,花蓮縣,花蓮縣第三選區,10,楊昇達,1,無,2195,4.64,N
2005,議員,區域,花蓮縣,花蓮縣第三選區,11,張懷文,2,中國國民黨,4662,9.85,Y
2005,議員,區域,花蓮縣,花蓮縣第三選區,12,李旭寧,1,民主進步黨,3024,6.39,Y
2005,議員,區域,花蓮縣,花蓮縣第三選區,13,徐建平,1,中國國民黨,1383,2.92,N
2005,議員,區域,花蓮縣,花蓮縣第三選區,14,余榮桂,1,民主進步黨,2120,4.48,N
2005,議員,區域,花蓮縣,花蓮縣第三選區,15,趙世源,1,中國國民黨,3402,7.19,Y
2005,議員,區域,花蓮縣,花蓮縣第三選區,16,張東龍,1,無,1090,2.30,N
2005,議員,區域,花蓮縣,花蓮縣第三選區,17,李金章,1,無,637,1.35,N
2005,議員,區域,花蓮縣,花蓮縣第三選區,18,陳朝松,1,中國國民黨,3044,6.43,Y
2005,議員,區域,花蓮縣,花蓮縣第四選區,1,林慧湄,2,無,1429,7.54,N
2005,議員,區域,花蓮縣,花蓮縣第四選區,2,張錫銘,1,民主進步黨,845,4.46,N
2005,議員,區域,花蓮縣,花蓮縣第四選區,3,林秋香,2,中國國民黨,1636,8.63,N
2005,議員,區域,花蓮縣,花蓮縣第四選區,4,陳榮財,1,無,945,4.98,N
2005,議員,區域,花蓮縣,花蓮縣第四選區,5,黃玲蘭,2,中國國民黨,3296,17.38,Y
2005,議員,區域,花蓮縣,花蓮縣第四選區,6,王燕美,2,無,2511,13.24,Y
2005,議員,區域,花蓮縣,花蓮縣第四選區,7,涂志輝,1,中國國民黨,1483,7.82,N
2005,議員,區域,花蓮縣,花蓮縣第四選區,8,潘富民,1,中國國民黨,2278,12.01,Y
2005,議員,區域,花蓮縣,花蓮縣第四選區,9,張素華,2,無,2422,12.77,Y
2005,議員,區域,花蓮縣,花蓮縣第四選區,10,張智超,1,無,2119,11.17,N
2005,議員,區域,澎湖縣,澎湖縣第一選區,1,陳百川,1,中國國民黨,1271,4.31,N
2005,議員,區域,澎湖縣,澎湖縣第一選區,2,藍俊逸,1,中國國民黨,2047,6.95,Y
2005,議員,區域,澎湖縣,澎湖縣第一選區,3,陳海山,1,無,2009,6.82,Y
2005,議員,區域,澎湖縣,澎湖縣第一選區,4,康義雄,1,無,37,0.13,N
2005,議員,區域,澎湖縣,澎湖縣第一選區,5,劉陳昭玲,2,中國國民黨,1767,6.00,Y
2005,議員,區域,澎湖縣,澎湖縣第一選區,6,蔡光明,1,無,1460,4.95,N
2005,議員,區域,澎湖縣,澎湖縣第一選區,7,蘇文佐,1,無,1650,5.60,Y
2005,議員,區域,澎湖縣,澎湖縣第一選區,8,葉竹林,1,無,2341,7.94,Y
2005,議員,區域,澎湖縣,澎湖縣第一選區,9,顏重慶,1,無,1608,5.46,N
2005,議員,區域,澎湖縣,澎湖縣第一選區,10,吳文相,1,無,1931,6.55,Y
2005,議員,區域,澎湖縣,澎湖縣第一選區,11,黃春燕,2,無,496,1.68,N
2005,議員,區域,澎湖縣,澎湖縣第一選區,12,呂福賢,1,無,1077,3.65,N
2005,議員,區域,澎湖縣,澎湖縣第一選區,13,張再加,1,無,1509,5.12,N
2005,議員,區域,澎湖縣,澎湖縣第一選區,14,呂春茶,2,中國國民黨,1109,3.76,Y
2005,議員,區域,澎湖縣,澎湖縣第一選區,15,鄭清發,1,無,1750,5.94,Y
2005,議員,區域,澎湖縣,澎湖縣第一選區,16,胡松榮,1,中國國民黨,2323,7.88,Y
2005,議員,區域,澎湖縣,澎湖縣第一選區,17,許大石,1,台灣團結聯盟,123,0.42,N
2005,議員,區域,澎湖縣,澎湖縣第一選區,18,張再扶,1,無,722,2.45,N
2005,議員,區域,澎湖縣,澎湖縣第一選區,19,洪長青,1,無,556,1.89,N
2005,議員,區域,澎湖縣,澎湖縣第一選區,20,楊曜,1,民主進步黨,2074,7.04,Y
2005,議員,區域,澎湖縣,澎湖縣第一選區,21,陳雙全,1,中國國民黨,1610,5.46,Y
2005,議員,區域,澎湖縣,澎湖縣第二選區,1,歐陽洲,1,無,1680,24.16,Y
2005,議員,區域,澎湖縣,澎湖縣第二選區,2,陳進兩,1,無,2346,33.73,Y
2005,議員,區域,澎湖縣,澎湖縣第二選區,3,蔡清續,1,無,1389,19.97,N
2005,議員,區域,澎湖縣,澎湖縣第二選區,4,吳政昇,1,中國國民黨,1540,22.14,N
2005,議員,區域,澎湖縣,澎湖縣第三選區,1,魏長源,1,中國國民黨,1508,29.49,Y
2005,議員,區域,澎湖縣,澎湖縣第三選區,2,陳富厚,1,無,2238,43.77,Y
2005,議員,區域,澎湖縣,澎湖縣第三選區,3,方榮一,1,中國國民黨,1367,26.74,N
2005,議員,區域,澎湖縣,澎湖縣第四選區,1,顏美珍,2,無,1051,23.60,N
2005,議員,區域,澎湖縣,澎湖縣第四選區,2,許月里,2,無,1690,37.94,Y
2005,議員,區域,澎湖縣,澎湖縣第四選區,3,李添進,1,無,1713,38.46,Y
2005,議員,區域,澎湖縣,澎湖縣第五選區,1,葉明縣,1,無,1215,53.74,Y
2005,議員,區域,澎湖縣,澎湖縣第五選區,2,陳清對,1,無,1046,46.26,N
2005,議員,區域,澎湖縣,澎湖縣第六選區,1,呂啟俊,1,親民黨,600,35.52,N
2005,議員,區域,澎湖縣,澎湖縣第六選區,2,夏晨榮,1,中國國民黨,741,43.87,Y
2005,議員,區域,澎湖縣,澎湖縣第六選區,3,林麗玉,2,中國國民黨,348,20.60,N
2005,議員,區域,基隆市,基隆市第一選區,1,詹春陽,1,民主進步黨,2872,10.75,Y
2005,議員,區域,基隆市,基隆市第一選區,2,游振昌,1,台灣團結聯盟,1986,7.44,N
2005,議員,區域,基隆市,基隆市第一選區,3,魏君龍,1,無,1822,6.82,N
2005,議員,區域,基隆市,基隆市第一選區,4,謝建政,1,中國國民黨,2241,8.39,N
2005,議員,區域,基隆市,基隆市第一選區,5,謝月霞,2,民主進步黨,1702,6.37,N
2005,議員,區域,基隆市,基隆市第一選區,6,藍敏煌,1,親民黨,2664,9.98,Y
2005,議員,區域,基隆市,基隆市第一選區,7,張通榮,1,中國國民黨,4444,16.64,Y
2005,議員,區域,基隆市,基隆市第一選區,8,謝守男,1,中國國民黨,2861,10.71,Y
2005,議員,區域,基隆市,基隆市第一選區,9,林達欽,1,親民黨,1045,3.91,N
2005,議員,區域,基隆市,基隆市第一選區,10,呂美玲,2,中國國民黨,3042,11.39,Y
2005,議員,區域,基隆市,基隆市第一選區,11,羅富友,1,中國國民黨,2026,7.59,N
2005,議員,區域,基隆市,基隆市第二選區,1,江鑒育,1,中國國民黨,3899,16.56,N
2005,議員,區域,基隆市,基隆市第二選區,2,何淑萍,2,中國國民黨,1394,5.92,Y
2005,議員,區域,基隆市,基隆市第二選區,3,韓良圻,1,無,7239,30.74,Y
2005,議員,區域,基隆市,基隆市第二選區,4,陳東財,1,民主進步黨,4669,19.83,Y
2005,議員,區域,基隆市,基隆市第二選區,5,程偉君,1,無,1221,5.19,N
2005,議員,區域,基隆市,基隆市第二選區,6,張漢土,1,中國國民黨,5126,21.77,Y
2005,議員,區域,基隆市,基隆市第三選區,1,何聖隆,1,無,2338,9.87,N
2005,議員,區域,基隆市,基隆市第三選區,2,李自富,1,台灣團結聯盟,1082,4.57,N
2005,議員,區域,基隆市,基隆市第三選區,3,闕美玉,2,無,2029,8.56,N
2005,議員,區域,基隆市,基隆市第三選區,4,林文祺,1,無,2097,8.85,N
2005,議員,區域,基隆市,基隆市第三選區,5,曾水源,1,中國國民黨,3330,14.05,Y
2005,議員,區域,基隆市,基隆市第三選區,6,張芳麗,2,中國國民黨,2559,10.80,Y
2005,議員,區域,基隆市,基隆市第三選區,7,藍正宗,1,親民黨,2646,11.17,N
2005,議員,區域,基隆市,基隆市第三選區,8,莊榮欽,1,中國國民黨,4248,17.93,Y
2005,議員,區域,基隆市,基隆市第三選區,9,游祥耀,1,民主進步黨,3368,14.21,Y
2005,議員,區域,基隆市,基隆市第四選區,1,游秋臨,1,中國國民黨,2577,10.09,N
2005,議員,區域,基隆市,基隆市第四選區,2,宋瑋莉,2,中國國民黨,4356,17.05,Y
2005,議員,區域,基隆市,基隆市第四選區,3,林毅,1,中國國民黨,2752,10.77,N
2005,議員,區域,基隆市,基隆市第四選區,4,施世明,1,民主進步黨,3516,13.76,Y
2005,議員,區域,基隆市,基隆市第四選區,5,張錦煌,1,民主進步黨,3667,14.35,Y
2005,議員,區域,基隆市,基隆市第四選區,6,林高錦,2,無,2753,10.78,N
2005,議員,區域,基隆市,基隆市第四選區,7,余明郎,1,無,498,1.95,N
2005,議員,區域,基隆市,基隆市第四選區,8,楊石城,1,親民黨,3071,12.02,Y
2005,議員,區域,基隆市,基隆市第四選區,9,馬嘉鴻,1,中國國民黨,2356,9.22,N
2005,議員,區域,基隆市,基隆市第五選區,1,謝偉仁,1,無,1202,3.09,N
2005,議員,區域,基隆市,基隆市第五選區,2,杜張秀鳳,2,中國國民黨,2095,5.39,N
2005,議員,區域,基隆市,基隆市第五選區,3,張銘傑,1,中國國民黨,2034,5.23,N
2005,議員,區域,基隆市,基隆市第五選區,4,蔡適應,1,民主進步黨,3602,9.26,Y
2005,議員,區域,基隆市,基隆市第五選區,5,洪森永,1,台灣團結聯盟,1900,4.88,N
2005,議員,區域,基隆市,基隆市第五選區,6,張保吉,1,無,1422,3.66,N
2005,議員,區域,基隆市,基隆市第五選區,7,林弘和,1,中國國民黨,2750,7.07,Y
2005,議員,區域,基隆市,基隆市第五選區,8,莊錦田,1,親民黨,2648,6.81,Y
2005,議員,區域,基隆市,基隆市第五選區,9,張春雄,1,無,769,1.98,N
2005,議員,區域,基隆市,基隆市第五選區,10,杜家輝,1,無,1663,4.27,N
2005,議員,區域,基隆市,基隆市第五選區,11,鄭林清良,2,中國國民黨,5324,13.69,Y
2005,議員,區域,基隆市,基隆市第五選區,12,陳志成,1,民主進步黨,2374,6.10,N
2005,議員,區域,基隆市,基隆市第五選區,13,李振銘,1,無,1237,3.18,N
2005,議員,區域,基隆市,基隆市第五選區,14,秦鉦,1,親民黨,3290,8.46,Y
2005,議員,區域,基隆市,基隆市第五選區,15,俞叁發,1,中國國民黨,3616,9.30,Y
2005,議員,區域,基隆市,基隆市第五選區,16,沈義傳,1,中國國民黨,2750,7.07,Y
2005,議員,區域,基隆市,基隆市第五選區,17,劉清波,1,無,226,0.58,N
2005,議員,區域,基隆市,基隆市第六選區,1,鄭可熙,1,中國國民黨,3238,18.91,N
2005,議員,區域,基隆市,基隆市第六選區,2,鄭怡信,1,無,3266,19.07,Y
2005,議員,區域,基隆市,基隆市第六選區,3,王文淵,1,台灣團結聯盟,2066,12.07,N
2005,議員,區域,基隆市,基隆市第六選區,4,陳江山,1,中國國民黨,4096,23.92,Y
2005,議員,區域,基隆市,基隆市第六選區,5,黃景泰,1,中國國民黨,4457,26.03,Y
2005,議員,區域,基隆市,基隆市第七選區,1,蔡旺璉,1,無,3003,11.68,Y
2005,議員,區域,基隆市,基隆市第七選區,2,陳金樹,1,中國國民黨,3599,14.00,Y
2005,議員,區域,基隆市,基隆市第七選區,3,蘇財發,1,無,2779,10.81,N
2005,議員,區域,基隆市,基隆市第七選區,4,張耿輝,1,中國國民黨,5094,19.82,Y
2005,議員,區域,基隆市,基隆市第七選區,5,王麗秀,2,台灣團結聯盟,455,1.77,N
2005,議員,區域,基隆市,基隆市第七選區,6,柯金標,1,無,1400,5.45,N
2005,議員,區域,基隆市,基隆市第七選區,7,吳盛宏,1,無,207,0.81,N
2005,議員,區域,基隆市,基隆市第七選區,8,高辜惠珍,2,中國國民黨,2700,10.50,Y
2005,議員,區域,基隆市,基隆市第七選區,9,蔡文德,1,民主進步黨,2503,9.74,N
2005,議員,區域,基隆市,基隆市第七選區,10,楊秀玉,2,無,2071,8.06,N
2005,議員,區域,基隆市,基隆市第七選區,11,蘇涵玉,2,無,1896,7.38,N
2005,議員,區域,新竹市,新竹市第一選區,1,黃元,1,無,1341,2.55,N
2005,議員,區域,新竹市,新竹市第一選區,2,余泉霖,1,無,2776,5.28,Y
2005,議員,區域,新竹市,新竹市第一選區,3,陳文正,1,無,2716,5.17,Y
2005,議員,區域,新竹市,新竹市第一選區,4,羅文熾,1,無,2277,4.33,N
2005,議員,區域,新竹市,新竹市第一選區,5,王立君,1,台灣團結聯盟,1705,3.24,N
2005,議員,區域,新竹市,新竹市第一選區,6,黃世禮,1,無,307,0.58,N
2005,議員,區域,新竹市,新竹市第一選區,7,謝希誠,1,中國國民黨,3786,7.20,Y
2005,議員,區域,新竹市,新竹市第一選區,8,鍾淑英,2,無,3636,6.92,Y
2005,議員,區域,新竹市,新竹市第一選區,9,鄭正鈐,1,無,3312,6.30,Y
2005,議員,區域,新竹市,新竹市第一選區,10,古榮政,1,民主進步黨,3045,5.79,Y
2005,議員,區域,新竹市,新竹市第一選區,11,胡錦龍,1,中國國民黨,1058,2.01,N
2005,議員,區域,新竹市,新竹市第一選區,12,余旺財,1,民主進步黨,1810,3.44,N
2005,議員,區域,新竹市,新竹市第一選區,13,楊玉斌,1,無,2076,3.95,N
2005,議員,區域,新竹市,新竹市第一選區,14,曾仁宗,1,中國國民黨,2301,4.38,N
2005,議員,區域,新竹市,新竹市第一選區,15,張祖琰,2,中國國民黨,6209,11.81,Y
2005,議員,區域,新竹市,新竹市第一選區,16,鄭劉淑妹,2,中國國民黨,3092,5.88,Y
2005,議員,區域,新竹市,新竹市第一選區,17,段孝芳,2,中國國民黨,3955,7.52,Y
2005,議員,區域,新竹市,新竹市第一選區,18,李天正,1,無,932,1.77,N
2005,議員,區域,新竹市,新竹市第一選區,19,李國璋,1,親民黨,2421,4.60,Y
2005,議員,區域,新竹市,新竹市第一選區,20,鄭宏輝,1,民主進步黨,3624,6.89,Y
2005,議員,區域,新竹市,新竹市第一選區,21,施乃元,1,無,202,0.38,N
2005,議員,區域,新竹市,新竹市第二選區,1,徐信芳,1,中國國民黨,4349,21.44,Y
2005,議員,區域,新竹市,新竹市第二選區,2,宋金海,1,中國國民黨,3494,17.23,Y
2005,議員,區域,新竹市,新竹市第二選區,3,鄧秀保,2,台灣團結聯盟,1482,7.31,N
2005,議員,區域,新竹市,新竹市第二選區,4,曾蘭香,2,中國國民黨,2030,10.01,N
2005,議員,區域,新竹市,新竹市第二選區,5,魏秀珍,2,民主進步黨,3156,15.56,Y
2005,議員,區域,新竹市,新竹市第二選區,6,黃燦麟,1,無,1286,6.34,N
2005,議員,區域,新竹市,新竹市第二選區,7,許文棟,1,無,4484,22.11,Y
2005,議員,區域,新竹市,新竹市第三選區,1,鄭正宗,1,民主進步黨,4008,29.29,Y
2005,議員,區域,新竹市,新竹市第三選區,2,王立業,1,無,2143,15.66,N
2005,議員,區域,新竹市,新竹市第三選區,3,駱克銘,1,中國國民黨,3929,28.71,Y
2005,議員,區域,新竹市,新竹市第三選區,4,呂於台,1,中國國民黨,3603,26.33,Y
2005,議員,區域,新竹市,新竹市第四選區,1,孫鍚洲,1,無,3427,7.43,Y
2005,議員,區域,新竹市,新竹市第四選區,2,蕭志潔,2,親民黨,2358,5.11,N
2005,議員,區域,新竹市,新竹市第四選區,3,李妍慧,2,台灣團結聯盟,3484,7.55,Y
2005,議員,區域,新竹市,新竹市第四選區,4,謝政憲,1,無,685,1.48,N
2005,議員,區域,新竹市,新竹市第四選區,5,林飛鵬,1,民主進步黨,2866,6.21,N
2005,議員,區域,新竹市,新竹市第四選區,6,戴炎烘,1,無,1525,3.31,N
2005,議員,區域,新竹市,新竹市第四選區,7,蔡錕鈺,1,無,2938,6.37,Y
2005,議員,區域,新竹市,新竹市第四選區,8,顏政德,1,親民黨,1666,3.61,N
2005,議員,區域,新竹市,新竹市第四選區,9,何志銘,1,無,1941,4.21,N
2005,議員,區域,新竹市,新竹市第四選區,10,陳清全,1,無,2695,5.84,N
2005,議員,區域,新竹市,新竹市第四選區,11,彭憲忠,1,中國國民黨,3584,7.77,Y
2005,議員,區域,新竹市,新竹市第四選區,12,趙福龍,1,無,35,0.08,N
2005,議員,區域,新竹市,新竹市第四選區,13,彭昆耀,1,無,2365,5.13,N
2005,議員,區域,新竹市,新竹市第四選區,14,羅寶玲,2,中國國民黨,2102,4.56,N
2005,議員,區域,新竹市,新竹市第四選區,15,李黃錦燕,2,中國國民黨,3096,6.71,Y
2005,議員,區域,新竹市,新竹市第四選區,16,謝文進,1,無,3688,7.99,Y
2005,議員,區域,新竹市,新竹市第四選區,17,溫明地,1,無,3334,7.23,Y
2005,議員,區域,新竹市,新竹市第四選區,18,吳青山,1,中國國民黨,4350,9.43,Y
2005,議員,區域,新竹市,新竹市第五選區,1,洪建發,1,無,1069,3.72,N
2005,議員,區域,新竹市,新竹市第五選區,2,林耕仁,1,中國國民黨,5422,18.88,Y
2005,議員,區域,新竹市,新竹市第五選區,3,林梅華,2,無,2609,9.08,N
2005,議員,區域,新竹市,新竹市第五選區,4,鄭成光,1,無,4248,14.79,Y
2005,議員,區域,新竹市,新竹市第五選區,5,王明魁,1,中國國民黨,3418,11.90,Y
2005,議員,區域,新竹市,新竹市第五選區,6,賀玉燕,2,中國國民黨,3287,11.44,Y
2005,議員,區域,新竹市,新竹市第五選區,7,吳國寶,1,台灣團結聯盟,3342,11.64,Y
2005,議員,區域,新竹市,新竹市第五選區,8,胡獻忠,1,無,994,3.46,N
2005,議員,區域,新竹市,新竹市第五選區,9,林漢淇,1,民主進步黨,4332,15.08,Y
2005,議員,區域,臺中市,臺中市第一選區,1,賀姿華,2,無,731,1.22,N
2005,議員,區域,臺中市,臺中市第一選區,2,蕭杰,1,民主進步黨,4750,7.92,Y
2005,議員,區域,臺中市,臺中市第一選區,3,張宏年,1,中國國民黨,13821,23.06,Y
2005,議員,區域,臺中市,臺中市第一選區,4,黃英傑,1,民主進步黨,7793,13.00,Y
2005,議員,區域,臺中市,臺中市第一選區,5,林清華,1,中國國民黨,3549,5.92,N
2005,議員,區域,臺中市,臺中市第一選區,6,黃國書,1,民主進步黨,8847,14.76,Y
2005,議員,區域,臺中市,臺中市第一選區,7,彭文和,1,無,1536,2.56,N
2005,議員,區域,臺中市,臺中市第一選區,8,江正吉,1,台灣團結聯盟,4227,7.05,N
2005,議員,區域,臺中市,臺中市第一選區,9,廖美燕,2,無,796,1.33,N
2005,議員,區域,臺中市,臺中市第一選區,10,陳振訓,1,親民黨,1475,2.46,N
2005,議員,區域,臺中市,臺中市第一選區,11,洪嘉鴻,1,中國國民黨,8561,14.28,Y
2005,議員,區域,臺中市,臺中市第一選區,12,莊乃慧,2,無,3856,6.43,Y
2005,議員,區域,臺中市,臺中市第二選區,1,顏志修,1,中國國民黨,6621,10.45,Y
2005,議員,區域,臺中市,臺中市第二選區,2,賴佳微,2,民主進步黨,7139,11.27,Y
2005,議員,區域,臺中市,臺中市第二選區,3,賴裕雄,1,中國國民黨,3934,6.21,N
2005,議員,區域,臺中市,臺中市第二選區,4,陳天汶,1,中國國民黨,9800,15.47,Y
2005,議員,區域,臺中市,臺中市第二選區,5,梁成,1,親民黨,3549,5.60,N
2005,議員,區域,臺中市,臺中市第二選區,6,胡木源,1,中國國民黨,4161,6.57,N
2005,議員,區域,臺中市,臺中市第二選區,7,范淞育,1,民主進步黨,5621,8.87,Y
2005,議員,區域,臺中市,臺中市第二選區,8,紀麗玉,2,民主進步黨,4201,6.63,Y
2005,議員,區域,臺中市,臺中市第二選區,9,廖佩春,2,中國國民黨,3621,5.71,N
2005,議員,區域,臺中市,臺中市第二選區,10,鐘家蔆,2,無,2146,3.39,N
2005,議員,區域,臺中市,臺中市第二選區,11,陳有江,1,中國國民黨,6555,10.34,Y
2005,議員,區域,臺中市,臺中市第二選區,12,劉國隆,1,台灣團結聯盟,6018,9.50,Y
2005,議員,區域,臺中市,臺中市第三選區,1,陳福文,1,民主進步黨,6330,7.92,Y
2005,議員,區域,臺中市,臺中市第三選區,2,林珮涵,2,中國國民黨,9360,11.71,Y
2005,議員,區域,臺中市,臺中市第三選區,3,林威邦,1,無,5262,6.58,N
2005,議員,區域,臺中市,臺中市第三選區,4,廖興生,1,無,2164,2.71,N
2005,議員,區域,臺中市,臺中市第三選區,5,鄭功進,1,民主進步黨,6872,8.59,Y
2005,議員,區域,臺中市,臺中市第三選區,6,林黃玉美,2,中國國民黨,5287,6.61,N
2005,議員,區域,臺中市,臺中市第三選區,7,林淑容,2,保護台灣大聯盟,2368,2.96,N
2005,議員,區域,臺中市,臺中市第三選區,8,李中,1,中國國民黨,9642,12.06,Y
2005,議員,區域,臺中市,臺中市第三選區,9,何敏誠,1,民主進步黨,9043,11.31,Y
2005,議員,區域,臺中市,臺中市第三選區,10,顏英男,1,中國國民黨,5359,6.70,Y
2005,議員,區域,臺中市,臺中市第三選區,11,許慧珠,2,親民黨,3273,4.09,N
2005,議員,區域,臺中市,臺中市第三選區,12,賴頤年,1,中國國民黨,8300,10.38,Y
2005,議員,區域,臺中市,臺中市第三選區,13,邱素貞,2,民主進步黨,6703,8.38,Y
2005,議員,區域,臺中市,臺中市第四選區,1,張廖萬堅,1,民主進步黨,7989,10.05,Y
2005,議員,區域,臺中市,臺中市第四選區,2,陳富德,1,中國國民黨,4705,5.92,N
2005,議員,區域,臺中市,臺中市第四選區,3,廖松柏,1,台灣團結聯盟,4217,5.30,N
2005,議員,區域,臺中市,臺中市第四選區,4,張廖乃綸,2,中國國民黨,8467,10.65,Y
2005,議員,區域,臺中市,臺中市第四選區,5,賴衡垚,1,無,795,1.00,N
2005,議員,區域,臺中市,臺中市第四選區,6,曾木川,1,民主進步黨,5369,6.75,Y
2005,議員,區域,臺中市,臺中市第四選區,7,楊正中,1,中國國民黨,8745,11.00,Y
2005,議員,區域,臺中市,臺中市第四選區,8,吳春夏,1,親民黨,5526,6.95,Y
2005,議員,區域,臺中市,臺中市第四選區,9,陳淑華,2,民主進步黨,8463,10.64,Y
2005,議員,區域,臺中市,臺中市第四選區,10,嚴榮發,1,中國國民黨,4389,5.52,N
2005,議員,區域,臺中市,臺中市第四選區,11,姜紹基,1,中國國民黨,3307,4.16,N
2005,議員,區域,臺中市,臺中市第四選區,12,黃馨慧,2,中國國民黨,9781,12.30,Y
2005,議員,區域,臺中市,臺中市第四選區,13,劉天送,1,無,2459,3.09,N
2005,議員,區域,臺中市,臺中市第四選區,14,陳瑞德,1,中國國民黨,5297,6.66,Y
2005,議員,區域,臺中市,臺中市第五選區,1,何正仁,1,台灣團結聯盟,5477,9.46,N
2005,議員,區域,臺中市,臺中市第五選區,2,張耀中,1,民主進步黨,6566,11.34,Y
2005,議員,區域,臺中市,臺中市第五選區,3,張博威,1,無,582,1.01,N
2005,議員,區域,臺中市,臺中市第五選區,4,陳三井,1,中國國民黨,6384,11.03,Y
2005,議員,區域,臺中市,臺中市第五選區,5,劉士州,1,無,6721,11.61,Y
2005,議員,區域,臺中市,臺中市第五選區,6,何文海,1,無,4553,7.86,N
2005,議員,區域,臺中市,臺中市第五選區,7,王秋冬,1,中國國民黨,12961,22.38,Y
2005,議員,區域,臺中市,臺中市第五選區,8,黃淑芬,2,中國國民黨,4021,6.94,Y
2005,議員,區域,臺中市,臺中市第五選區,9,丁振嘉,1,中國國民黨,8041,13.89,Y
2005,議員,區域,臺中市,臺中市第五選區,10,林川,1,民主進步黨,2596,4.48,N
2005,議員,區域,臺中市,臺中市第六選區,1,林晏賢,1,無,83,0.08,N
2005,議員,區域,臺中市,臺中市第六選區,2,劉春財,1,中國國民黨,5525,5.42,N
2005,議員,區域,臺中市,臺中市第六選區,3,楊山池,1,新黨,3312,3.25,N
2005,議員,區域,臺中市,臺中市第六選區,4,蔡雅玲,2,民主進步黨,6750,6.62,Y
2005,議員,區域,臺中市,臺中市第六選區,5,陳建勇,1,無,1639,1.61,N
2005,議員,區域,臺中市,臺中市第六選區,6,林士堅,1,民主進步黨,5245,5.14,N
2005,議員,區域,臺中市,臺中市第六選區,7,沈佑蓮,2,親民黨,6115,6.00,Y
2005,議員,區域,臺中市,臺中市第六選區,8,陳清景,1,中國國民黨,7486,7.34,Y
2005,議員,區域,臺中市,臺中市第六選區,9,賴順仁,1,中國國民黨,7974,7.82,Y
2005,議員,區域,臺中市,臺中市第六選區,10,陳瑞昌,1,中國國民黨,5203,5.10,N
2005,議員,區域,臺中市,臺中市第六選區,11,魏仕諭,1,無,445,0.44,N
2005,議員,區域,臺中市,臺中市第六選區,12,王岳彬,1,民主進步黨,5640,5.53,Y
2005,議員,區域,臺中市,臺中市第六選區,13,唐國泰,1,中國國民黨,8560,8.40,Y
2005,議員,區域,臺中市,臺中市第六選區,14,陳成添,1,中國國民黨,8192,8.04,Y
2005,議員,區域,臺中市,臺中市第六選區,15,曾朝榮,1,民主進步黨,8315,8.16,Y
2005,議員,區域,臺中市,臺中市第六選區,16,謝黎芳,2,中國國民黨,3674,3.60,N
2005,議員,區域,臺中市,臺中市第六選區,17,林永能,1,中國國民黨,6245,6.13,Y
2005,議員,區域,臺中市,臺中市第六選區,18,游民哲,1,中國國民黨,6674,6.55,Y
2005,議員,區域,臺中市,臺中市第六選區,19,張明昌,1,無,1640,1.61,N
2005,議員,區域,臺中市,臺中市第六選區,20,張桂榮,1,台灣團結聯盟,3233,3.17,N
2005,議員,區域,嘉義市,嘉義市第一選區,1,黃國村,1,中國國民黨,3218,5.01,N
2005,議員,區域,嘉義市,嘉義市第一選區,2,張敏琪,2,中國國民黨,3629,5.65,Y
2005,議員,區域,嘉義市,嘉義市第一選區,3,陳素分,2,無,698,1.09,N
2005,議員,區域,嘉義市,嘉義市第一選區,4,范金俊,1,無,705,1.10,N
2005,議員,區域,嘉義市,嘉義市第一選區,5,洪有仁,1,無,4421,6.89,Y
2005,議員,區域,嘉義市,嘉義市第一選區,6,郭美玲,2,中國國民黨,3758,5.85,Y
2005,議員,區域,嘉義市,嘉義市第一選區,7,林瑞霞,2,無,1619,2.52,N
2005,議員,區域,嘉義市,嘉義市第一選區,8,林聖芬,2,親民黨,4222,6.58,Y
2005,議員,區域,嘉義市,嘉義市第一選區,9,李承翰,1,無,267,0.42,N
2005,議員,區域,嘉義市,嘉義市第一選區,10,黃露慧,2,民主進步黨,3460,5.39,Y
2005,議員,區域,嘉義市,嘉義市第一選區,11,邱芳欽,1,無,3420,5.33,Y
2005,議員,區域,嘉義市,嘉義市第一選區,12,戴建三,1,無,3075,4.79,N
2005,議員,區域,嘉義市,嘉義市第一選區,13,郭明賓,1,中國國民黨,4540,7.07,Y
2005,議員,區域,嘉義市,嘉義市第一選區,14,李允志,1,無,3990,6.21,Y
2005,議員,區域,嘉義市,嘉義市第一選區,15,蔡嘉文,1,無,2099,3.27,N
2005,議員,區域,嘉義市,嘉義市第一選區,16,黃秋澤,1,無,3889,6.06,Y
2005,議員,區域,嘉義市,嘉義市第一選區,17,曾麗吟,2,無,2925,4.56,N
2005,議員,區域,嘉義市,嘉義市第一選區,18,蔡永泉,1,台灣團結聯盟,4331,6.75,Y
2005,議員,區域,嘉義市,嘉義市第一選區,19,傅大偉,1,中國國民黨,4956,7.72,Y
2005,議員,區域,嘉義市,嘉義市第一選區,20,張榮藏,1,無,4980,7.76,Y
2005,議員,區域,嘉義市,嘉義市第二選區,1,吳上明,1,無,4566,6.43,Y
2005,議員,區域,嘉義市,嘉義市第二選區,2,黃正男,1,民主進步黨,4343,6.11,Y
2005,議員,區域,嘉義市,嘉義市第二選區,3,王美惠,2,民主進步黨,4503,6.34,Y
2005,議員,區域,嘉義市,嘉義市第二選區,4,陳文齡,1,中國國民黨,4327,6.09,Y
2005,議員,區域,嘉義市,嘉義市第二選區,5,陳幸枝,2,民主進步黨,5138,7.23,Y
2005,議員,區域,嘉義市,嘉義市第二選區,6,高順能,1,無,1692,2.38,N
2005,議員,區域,嘉義市,嘉義市第二選區,7,陳取寬,1,無,704,0.99,N
2005,議員,區域,嘉義市,嘉義市第二選區,8,張秀華,2,中國國民黨,5696,8.02,Y
2005,議員,區域,嘉義市,嘉義市第二選區,9,李廣二,1,無,4151,5.84,N
2005,議員,區域,嘉義市,嘉義市第二選區,10,廖天隆,1,無,5036,7.09,Y
2005,議員,區域,嘉義市,嘉義市第二選區,11,許茂南,1,無,134,0.19,N
2005,議員,區域,嘉義市,嘉義市第二選區,12,林承勳,1,無,5342,7.52,Y
2005,議員,區域,嘉義市,嘉義市第二選區,13,蔡貴絲,2,無,5755,8.10,Y
2005,議員,區域,嘉義市,嘉義市第二選區,14,陳淨民,1,台灣團結聯盟,611,0.86,N
2005,議員,區域,嘉義市,嘉義市第二選區,15,鄭俊亨,1,中國國民黨,4226,5.95,Y
2005,議員,區域,嘉義市,嘉義市第二選區,16,陳茂德,1,無,3300,4.65,N
2005,議員,區域,嘉義市,嘉義市第二選區,17,郭清桂,1,無,522,0.73,N
2005,議員,區域,嘉義市,嘉義市第二選區,18,蔡文旭,1,民主進步黨,6510,9.17,Y
2005,議員,區域,嘉義市,嘉義市第二選區,19,蔡榮豐,1,無,4467,6.29,Y
2005,議員,區域,臺南市,臺南市第一選區,1,蔣明東,1,中國國民黨,5251,7.20,Y
2005,議員,區域,臺南市,臺南市第一選區,2,楊茂詠,1,無,259,0.33,N
2005,議員,區域,臺南市,臺南市第一選區,3,陳正育,1,無,746,0.96,N
2005,議員,區域,臺南市,臺南市第一選區,4,黃文隆,1,無,366,0.47,N
2005,議員,區域,臺南市,臺南市第一選區,5,李建平,1,中國國民黨,3454,4.43,Y
2005,議員,區域,臺南市,臺南市第一選區,6,許美珍,2,無,2143,2.75,N
2005,議員,區域,臺南市,臺南市第一選區,7,陳柏宏,1,無,3075,3.94,N
2005,議員,區域,臺南市,臺南市第一選區,8,王定宇,1,民主進步黨,12661,16.24,Y
2005,議員,區域,臺南市,臺南市第一選區,9,陳文科,1,中國國民黨,8170,10.48,Y
2005,議員,區域,臺南市,臺南市第一選區,10,曾順良,1,無,6594,8.46,Y
2005,議員,區域,臺南市,臺南市第一選區,11,林易煌,1,無,2849,3.65,N
2005,議員,區域,臺南市,臺南市第一選區,12,許木樹,1,無,3548,4.55,Y
2005,議員,區域,臺南市,臺南市第一選區,13,蔡旺詮,1,民主進步黨,6569,8.43,Y
2005,議員,區域,臺南市,臺南市第一選區,14,陳綱,1,無,2203,2.83,N
2005,議員,區域,臺南市,臺南市第一選區,15,王家貞,2,親民黨,5310,6.81,Y
2005,議員,區域,臺南市,臺南市第一選區,16,朱戎梅,2,中國國民黨,2959,3.80,N
2005,議員,區域,臺南市,臺南市第一選區,17,蕭博仁,1,民主進步黨,5876,7.54,Y
2005,議員,區域,臺南市,臺南市第一選區,18,曾培雅,2,中國國民黨,4317,5.54,Y
2005,議員,區域,臺南市,臺南市第一選區,19,楊信雄,1,無,1612,2.07,N
2005,議員,區域,臺南市,臺南市第二選區,1,蔡淑惠,2,中國國民黨,8407,14.10,Y
2005,議員,區域,臺南市,臺南市第二選區,2,陳進益,1,民主進步黨,4931,8.27,Y
2005,議員,區域,臺南市,臺南市第二選區,3,杜媽政,1,民主進步黨,4411,7.40,N
2005,議員,區域,臺南市,臺南市第二選區,4,杜豐榮,1,中國國民黨,3022,5.07,N
2005,議員,區域,臺南市,臺南市第二選區,5,王璟瑞,1,無,776,1.30,N
2005,議員,區域,臺南市,臺南市第二選區,6,周明德,1,無,4730,7.93,Y
2005,議員,區域,臺南市,臺南市第二選區,7,葉俊良,1,無,5815,9.75,Y
2005,議員,區域,臺南市,臺南市第二選區,8,林美燕,2,親民黨,6280,10.53,Y
2005,議員,區域,臺南市,臺南市第二選區,9,黃秋榮,1,無,4359,7.31,N
2005,議員,區域,臺南市,臺南市第二選區,10,劉懷文,1,無,790,1.32,N
2005,議員,區域,臺南市,臺南市第二選區,11,王保清,1,中國國民黨,2082,3.49,N
2005,議員,區域,臺南市,臺南市第二選區,12,莊玉珠,2,民主進步黨,7306,12.25,Y
2005,議員,區域,臺南市,臺南市第二選區,13,郭和元,1,中國國民黨,4448,7.46,Y
2005,議員,區域,臺南市,臺南市第二選區,14,陳明才,1,無,2273,3.81,N
2005,議員,區域,臺南市,臺南市第三選區,1,蘇金聲,1,無,1110,3.11,N
2005,議員,區域,臺南市,臺南市第三選區,2,林俊憲,1,民主進步黨,7087,19.87,Y
2005,議員,區域,臺南市,臺南市第三選區,3,陳昌輝,1,台灣團結聯盟,3285,9.21,N
2005,議員,區域,臺南市,臺南市第三選區,4,李天佑,1,無,3319,9.31,Y
2005,議員,區域,臺南市,臺南市第三選區,5,邱莉莉,2,民主進步黨,7784,21.83,Y
2005,議員,區域,臺南市,臺南市第三選區,6,洪玉鳳,2,中國國民黨,6317,17.71,Y
2005,議員,區域,臺南市,臺南市第三選區,7,姜滄源,1,中國國民黨,6758,18.95,Y
2005,議員,區域,臺南市,臺南市第四選區,1,楊徽華,2,中國國民黨,2476,4.45,N
2005,議員,區域,臺南市,臺南市第四選區,2,田朝宗,1,民主進步黨,227,0.41,N
2005,議員,區域,臺南市,臺南市第四選區,3,翁榮一,1,中國國民黨,3461,6.22,Y
2005,議員,區域,臺南市,臺南市第四選區,4,陳宗彥,1,民主進步黨,6074,10.91,Y
2005,議員,區域,臺南市,臺南市第四選區,5,翁啟文,1,民主進步黨,2529,4.54,N
2005,議員,區域,臺南市,臺南市第四選區,6,曾文宏,1,無,70,0.13,N
2005,議員,區域,臺南市,臺南市第四選區,7,邱文明,1,民主進步黨,1743,3.13,N
2005,議員,區域,臺南市,臺南市第四選區,8,黃郁文,1,無,3898,7.00,Y
2005,議員,區域,臺南市,臺南市第四選區,9,許至椿,1,中國國民黨,5332,9.58,Y
2005,議員,區域,臺南市,臺南市第四選區,10,辛建明,1,民主進步黨,1446,2.60,N
2005,議員,區域,臺南市,臺南市第四選區,11,林育丘,1,中國國民黨,2362,4.24,N
2005,議員,區域,臺南市,臺南市第四選區,12,趙廣生,1,中國國民黨,3144,5.65,N
2005,議員,區域,臺南市,臺南市第四選區,13,陳亭妃,2,民主進步黨,8527,15.32,Y
2005,議員,區域,臺南市,臺南市第四選區,14,謝龍介,1,中國國民黨,7549,13.57,Y
2005,議員,區域,臺南市,臺南市第四選區,15,李宗富,1,無,3312,5.95,N
2005,議員,區域,臺南市,臺南市第四選區,16,李錦泉,1,親民黨,3500,6.29,Y
2005,議員,區域,臺南市,臺南市第五選區,1,黃麗招,2,中國國民黨,6080,8.29,Y
2005,議員,區域,臺南市,臺南市第五選區,2,陳雪玲,2,無,4281,5.84,N
2005,議員,區域,臺南市,臺南市第五選區,3,吳清遊,1,無,2252,3.07,N
2005,議員,區域,臺南市,臺南市第五選區,4,林炳利,1,無,6295,8.58,Y
2005,議員,區域,臺南市,臺南市第五選區,5,唐儀靜,2,民主進步黨,5484,7.48,Y
2005,議員,區域,臺南市,臺南市第五選區,6,郭信良,1,民主進步黨,12450,16.98,Y
2005,議員,區域,臺南市,臺南市第五選區,7,劉益昌,1,民主進步黨,5613,7.65,Y
2005,議員,區域,臺南市,臺南市第五選區,8,吳坤璉,1,民主進步黨,1968,2.68,N
2005,議員,區域,臺南市,臺南市第五選區,9,吳欽郎,1,無,3028,4.13,N
2005,議員,區域,臺南市,臺南市第五選區,10,李長吉,1,無,4523,6.17,Y
2005,議員,區域,臺南市,臺南市第五選區,11,李慶信,1,中國國民黨,6284,8.57,Y
2005,議員,區域,臺南市,臺南市第五選區,12,郭清華,1,無,4813,6.56,Y
2005,議員,區域,臺南市,臺南市第五選區,13,凃韶芳,2,民主進步黨,6180,8.43,Y
2005,議員,區域,臺南市,臺南市第五選區,14,陳進義,1,無,4080,5.56,N
2005,議員,區域,臺南市,臺南市第六選區,1,許原哲,1,無,1429,6.59,N
2005,議員,區域,臺南市,臺南市第六選區,2,盧崑福,1,中國國民黨,5413,24.98,Y
2005,議員,區域,臺南市,臺南市第六選區,3,馬崇喜,1,中國國民黨,3665,16.91,Y
2005,議員,區域,臺南市,臺南市第六選區,4,楊順茗,1,無,570,2.63,N
2005,議員,區域,臺南市,臺南市第六選區,5,翁朝正,1,無,3556,16.41,N
2005,議員,區域,臺南市,臺南市第六選區,6,李文正,1,民主進步黨,7039,32.48,Y
2005,議員,區域,金門縣,金門縣,1,蔡群生,1,中國國民黨,680,2.12,N
2005,議員,區域,金門縣,金門縣,2,謝宜璋,1,無,1399,4.36,Y
2005,議員,區域,金門縣,金門縣,3,唐麗輝,2,民主進步黨,471,1.47,N
2005,議員,區域,金門縣,金門縣,4,李麗貌,2,中國國民黨,1557,4.86,Y
2005,議員,區域,金門縣,金門縣,5,陳永財,1,中國國民黨,475,1.48,N
2005,議員,區域,金門縣,金門縣,6,董東漢,1,親民黨,1108,3.46,N
2005,議員,區域,金門縣,金門縣,7,陳曉芸,2,無,1017,3.17,N
2005,議員,區域,金門縣,金門縣,8,鄭秀容,2,無,64,0.20,N
2005,議員,區域,金門縣,金門縣,9,莊良時,1,中國國民黨,1351,4.21,Y
2005,議員,區域,金門縣,金門縣,10,王再生,1,中國國民黨,1539,4.80,Y
2005,議員,區域,金門縣,金門縣,11,李沃士,1,新黨,1708,5.33,Y
2005,議員,區域,金門縣,金門縣,12,許建中,1,中國國民黨,1213,3.78,Y
2005,議員,區域,金門縣,金門縣,13,楊永立,1,中國國民黨,1696,5.29,Y
2005,議員,區域,金門縣,金門縣,14,許華玉,2,中國國民黨,1237,3.86,Y
2005,議員,區域,金門縣,金門縣,15,洪成發,1,中國國民黨,1371,4.28,Y
2005,議員,區域,金門縣,金門縣,16,李錫材,1,無,129,0.40,N
2005,議員,區域,金門縣,金門縣,17,洪允典,1,無,1338,4.17,Y
2005,議員,區域,金門縣,金門縣,18,吳增允,1,民主進步黨,464,1.45,N
2005,議員,區域,金門縣,金門縣,19,蔡水游,1,無,1369,4.27,Y
2005,議員,區域,金門縣,金門縣,20,許玉昭,2,中國國民黨,1707,5.32,Y
2005,議員,區域,金門縣,金門縣,21,張雲德,1,中國國民黨,878,2.74,N
2005,議員,區域,金門縣,金門縣,22,李誠智,1,無,1468,4.58,Y
2005,議員,區域,金門縣,金門縣,23,楊應雄,1,新黨,1203,3.75,Y
2005,議員,區域,金門縣,金門縣,24,劉立中,1,無,19,0.06,N
2005,議員,區域,金門縣,金門縣,25,周子傑,1,中國國民黨,1136,3.54,N
2005,議員,區域,金門縣,金門縣,26,顏炳洳,1,無,256,0.80,N
2005,議員,區域,金門縣,金門縣,27,陳玉珍,2,無,1357,4.23,Y
2005,議員,區域,金門縣,金門縣,28,林長耕,1,中國國民黨,1351,4.21,Y
2005,議員,區域,金門縣,金門縣,29,洪麗萍,2,中國國民黨,1136,3.54,Y
2005,議員,區域,金門縣,金門縣,30,許燕道,1,無,1365,4.26,Y
2005,議員,區域,連江縣,連江縣第一選區,1,葉世福,1,中國國民黨,78,2.73,N
2005,議員,區域,連江縣,連江縣第一選區,2,曹以雄,1,無,319,11.17,N
2005,議員,區域,連江縣,連江縣第一選區,3,李金梅,2,中國國民黨,242,8.47,N
2005,議員,區域,連江縣,連江縣第一選區,4,劉志慶,1,中國國民黨,168,5.88,N
2005,議員,區域,連江縣,連江縣第一選區,5,陳書建,1,中國國民黨,409,14.32,Y
2005,議員,區域,連江縣,連江縣第一選區,6,林惠萍,2,無,239,8.37,N
2005,議員,區域,連江縣,連江縣第一選區,7,游桂香,2,無,72,2.52,N
2005,議員,區域,連江縣,連江縣第一選區,8,曹以標,1,無,536,18.76,Y
2005,議員,區域,連江縣,連江縣第一選區,9,陳振清,1,中國國民黨,379,13.27,Y
2005,議員,區域,連江縣,連江縣第一選區,10,林貽祥,1,中國國民黨,415,14.53,Y
2005,議員,區域,連江縣,連江縣第二選區,1,謝承春,1,無,395,41.32,Y
2005,議員,區域,連江縣,連江縣第二選區,2,王朝生,1,中國國民黨,247,25.84,N
2005,議員,區域,連江縣,連江縣第二選區,3,陳貴忠,1,中國國民黨,314,32.85,Y
2005,議員,區域,連江縣,連江縣第三選區,1,林滿國,1,中國國民黨,22,3.79,N
2005,議員,區域,連江縣,連江縣第三選區,2,陳寶官,1,親民黨,184,31.67,N
2005,議員,區域,連江縣,連江縣第三選區,3,劉榮華,1,中國國民黨,178,30.64,N
2005,議員,區域,連江縣,連江縣第三選區,4,陳建光,1,中國國民黨,197,33.91,Y
2005,議員,區域,連江縣,連江縣第四選區,1,張永江,1,無,462,100.00,Y
2005,議員,山地原住民,臺北縣,臺北縣第十二選區,1,陳金明,1,無,1164,30.61,N
2005,議員,山地原住民,臺北縣,臺北縣第十二選區,2,王建章,1,中國國民黨,1612,42.39,Y
2005,議員,山地原住民,臺北縣,臺北縣第十二選區,3,多烈．尤幹,1,民主進步黨,1027,27.00,N
2005,議員,山地原住民,宜蘭縣,宜蘭縣第十一選區,1,潘清池,1,無,1281,46.30,N
2005,議員,山地原住民,宜蘭縣,宜蘭縣第十一選區,2,簡海樹,1,中國國民黨,1486,53.70,N
2005,議員,山地原住民,宜蘭縣,宜蘭縣第十二選區,1,陳波勇,1,親民黨,680,22.64,N
2005,議員,山地原住民,宜蘭縣,宜蘭縣第十二選區,2,陳英明,1,中國國民黨,346,11.52,N
2005,議員,山地原住民,宜蘭縣,宜蘭縣第十二選區,3,陳銘福,1,中國國民黨,1031,34.33,N
2005,議員,山地原住民,宜蘭縣,宜蘭縣第十二選區,4,林長輝,1,中國國民黨,946,31.50,N
2005,議員,山地原住民,桃園縣,桃園縣第十四選區,1,張廷晟,1,無,3580,54.01,N
2005,議員,山地原住民,桃園縣,桃園縣第十四選區,2,林誠榮,1,中國國民黨,3049,45.99,Y
2005,議員,山地原住民,新竹縣,新竹縣第十一選區,1,謝應隆,1,無,2058,51.76,Y
2005,議員,山地原住民,新竹縣,新竹縣第十一選區,2,江瑞乾,1,中國國民黨,1918,48.24,N
2005,議員,山地原住民,新竹縣,新竹縣第十二選區,1,林煌春,1,中國國民黨,1065,31.82,N
2005,議員,山地原住民,新竹縣,新竹縣第十二選區,2,葉賢民,1,中國國民黨,1074,32.09,N
2005,議員,山地原住民,新竹縣,新竹縣第十二選區,3,張益瑞,1,中國國民黨,1208,36.09,Y
2005,議員,山地原住民,苗栗縣,苗栗縣第八選區,1,黃月娥,2,中國國民黨,1417,49.63,N
2005,議員,山地原住民,苗栗縣,苗栗縣第八選區,2,高榮盛,1,中國國民黨,1438,50.37,N
2005,議員,山地原住民,臺中縣,臺中縣第十選區,1,黃永光,1,工教聯盟,915,24.50,Y
2005,議員,山地原住民,臺中縣,臺中縣第十選區,2,劉金生,1,無,1171,31.35,N
2005,議員,山地原住民,臺中縣,臺中縣第十選區,3,林建堂,1,無,1649,44.15,N
2005,議員,山地原住民,南投縣,南投縣第六選區,1,松秋明,1,中國國民黨,2817,100.00,N
2005,議員,山地原住民,南投縣,南投縣第七選區,1,謝汪汕,1,無,3535,36.09,N
2005,議員,山地原住民,南投縣,南投縣第七選區,2,張國華,1,中國國民黨,2748,27.76,Y
2005,議員,山地原住民,南投縣,南投縣第七選區,3,卓上龍,1,無,980,9.59,N
2005,議員,山地原住民,嘉義縣,嘉義縣第七選區,1,鄭義信,1,中國國民黨,808,7.82,N
2005,議員,山地原住民,嘉義縣,嘉義縣第七選區,2,汪志敏,1,無,873,8.45,Y
2005,議員,山地原住民,嘉義縣,嘉義縣第七選區,3,莊立德,1,無,414,4.01,N
2005,議員,山地原住民,高雄縣,高雄縣第八選區,1,宋能正,1,中國國民黨,817,43.50,N
2005,議員,山地原住民,高雄縣,高雄縣第八選區,2,孫慶龍,1,中國國民黨,1061,56.50,N
2005,議員,山地原住民,高雄縣,高雄縣第九選區,1,宋玉清,1,無,340,11.73,Y
2005,議員,山地原住民,高雄縣,高雄縣第九選區,2,謝貴來,1,中國國民黨,1445,49.86,N
2005,議員,山地原住民,高雄縣,高雄縣第九選區,3,曾信義,1,中國國民黨,1113,38.41,N
2005,議員,山地原住民,高雄縣,高雄縣第十選區,1,李德康,1,親民黨,1700,100.00,Y
2005,議員,山地原住民,屏東縣,屏東縣第九選區,1,江菊妹,2,中國國民黨,2117,49.26,N
2005,議員,山地原住民,屏東縣,屏東縣第九選區,2,許阿桃,2,中國國民黨,2181,50.74,Y
2005,議員,山地原住民,屏東縣,屏東縣第十選區,1,林玉如,2,中國國民黨,2784,54.11,N
2005,議員,山地原住民,屏東縣,屏東縣第十選區,2,陸月嬌,2,無,2361,45.89,N
2005,議員,山地原住民,屏東縣,屏東縣第十一選區,1,潘明利,1,中國國民黨,3041,100.00,N
2005,議員,山地原住民,屏東縣,屏東縣第十二選區,1,連正勝,1,中國國民黨,4198,100.00,Y
2005,議員,山地原住民,屏東縣,屏東縣第十三選區,1,沈秋花,2,中國國民黨,1425,49.04,N
2005,議員,山地原住民,屏東縣,屏東縣第十三選區,2,林輝雄,1,中國國民黨,1481,50.96,Y
2005,議員,山地原住民,屏東縣,屏東縣第十四選區,1,簡東明,1,中國國民黨,2428,100.00,N
2005,議員,山地原住民,屏東縣,屏東縣第十五選區,1,陳英銘,1,無,856,28.10,Y
2005,議員,山地原住民,屏東縣,屏東縣第十五選區,2,林明德,1,無,570,18.71,N
2005,議員,山地原住民,屏東縣,屏東縣第十五選區,3,黃順發,1,中國國民黨,988,32.44,N
2005,議員,山地原住民,屏東縣,屏東縣第十五選區,4,王新發,1,無,632,20.75,N
2005,議員,山地原住民,屏東縣,屏東縣第十六選區,1,杜春生,1,中國國民黨,,,N
2005,議員,山地原住民,臺東縣,臺東縣第十選區,1,蔡清德,1,中國國民黨,786,42.58,Y
2005,議員,山地原住民,臺東縣,臺東縣第十選區,2,胡秋金,1,中國國民黨,1060,57.42,N
2005,議員,山地原住民,臺東縣,臺東縣第十一選區,1,余秀芳,2,中國國民黨,569,29.87,N
2005,議員,山地原住民,臺東縣,臺東縣第十一選區,2,邱強永,1,中國國民黨,423,22.20,N
2005,議員,山地原住民,臺東縣,臺東縣第十一選區,3,余忠義,1,無,718,37.69,Y
2005,議員,山地原住民,臺東縣,臺東縣第十一選區,4,胡文仁,1,無,195,10.24,N
2005,議員,山地原住民,臺東縣,臺東縣第十二選區,1,宋賢一,1,無,1652,100.00,N
2005,議員,山地原住民,臺東縣,臺東縣第十三選區,1,林文川,1,無,763,38.99,Y
2005,議員,山地原住民,臺東縣,臺東縣第十三選區,2,張正雄,1,無,424,21.67,N
2005,議員,山地原住民,臺東縣,臺東縣第十三選區,3,朱連濟,2,中國國民黨,770,39.35,N
2005,議員,山地原住民,臺東縣,臺東縣第十四選區,1,江多利,1,親民黨,886,54.83,Y
2005,議員,山地原住民,臺東縣,臺東縣第十四選區,2,鍾趖波,1,中國國民黨,730,45.17,N
2005,議員,山地原住民,花蓮縣,花蓮縣第八選區,1,黃輝寶,1,親民黨,3245,43.75,N
2005,議員,山地原住民,花蓮縣,花蓮縣第八選區,2,李春風,2,中國國民黨,4172,56.25,N
2005,議員,山地原住民,花蓮縣,花蓮縣第九選區,1,林振輝,1,中國國民黨,1361,42.23,Y
2005,議員,山地原住民,花蓮縣,花蓮縣第九選區,2,林榮輝,1,中國國民黨,1862,57.77,N
2005,議員,山地原住民,花蓮縣,花蓮縣第十選區,1,石進燕,1,中國國民黨,1139,37.83,N
2005,議員,山地原住民,花蓮縣,花蓮縣第十選區,2,呂必賢,1,無,1872,62.17,N
2005,議員,平地原住民,臺北縣,臺北縣第十一選區,1,張天明,1,無,954,10.84,N
2005,議員,平地原住民,臺北縣,臺北縣第十一選區,2,田春枝,2,民主進步黨,1792,20.37,Y
2005,議員,平地原住民,臺北縣,臺北縣第十一選區,3,林忠仁,1,無,2424,27.55,N
2005,議員,平地原住民,臺北縣,臺北縣第十一選區,4,宋進財,1,中國國民黨,3629,41.24,N
2005,議員,平地原住民,桃園縣,桃園縣第十三選區,1,洪國治,1,中國國民黨,3502,55.40,N
2005,議員,平地原住民,桃園縣,桃園縣第十三選區,2,吳春芳,2,中國國民黨,2819,44.60,N
2005,議員,平地原住民,新竹縣,新竹縣第十選區,1,林光榮,1,無,556,100.00,Y
2005,議員,平地原住民,苗栗縣,苗栗縣第七選區,1,潘秋榮,1,無,453,30.06,Y
2005,議員,平地原住民,苗栗縣,苗栗縣第七選區,2,楊文昌,1,無,1054,69.94,N
2005,議員,平地原住民,臺中縣,臺中縣第九選區,1,潘居雄,1,中國國民黨,689,37.30,N
2005,議員,平地原住民,臺中縣,臺中縣第九選區,2,洪金福,1,親民黨,1158,62.70,N
2005,議員,平地原住民,彰化縣,彰化縣第九選區,1,李金水,1,親民黨,48,5.37,Y
2005,議員,平地原住民,彰化縣,彰化縣第九選區,2,張新男,1,中國國民黨,416,46.53,N
2005,議員,平地原住民,彰化縣,彰化縣第九選區,3,孫子茜,2,無黨團結聯盟,198,22.15,N
2005,議員,平地原住民,彰化縣,彰化縣第九選區,4,高福炎,1,無,27,3.02,Y
2005,議員,平地原住民,彰化縣,彰化縣第九選區,5,卡照．撒都,1,民主進步黨,205,22.93,N
2005,議員,平地原住民,高雄縣,高雄縣第七選區,1,石天賜,1,無,150,1.45,N
2005,議員,平地原住民,高雄縣,高雄縣第七選區,2,洪天盛,1,無,287,2.78,N
2005,議員,平地原住民,高雄縣,高雄縣第七選區,3,陳明清,1,無,103,1.00,N
2005,議員,平地原住民,高雄縣,高雄縣第七選區,4,詹金福,1,親民黨,322,3.12,Y
2005,議員,平地原住民,高雄縣,高雄縣第七選區,5,高文化,1,無,115,1.11,N
2005,議員,平地原住民,屏東縣,屏東縣第八選區,1,潘裕隆,1,中國國民黨,1430,100.00,N
2005,議員,平地原住民,臺東縣,臺東縣第六選區,1,陳‧藍姆洛,1,台灣團結聯盟,1453,22.71,Y
2005,議員,平地原住民,臺東縣,臺東縣第六選區,2,洪玫璉,2,中國國民黨,1473,23.02,N
2005,議員,平地原住民,臺東縣,臺東縣第六選區,3,王清堅,1,無,1473,23.02,N
2005,議員,平地原住民,臺東縣,臺東縣第六選區,4,陳來福,1,中國國民黨,1069,16.71,N
2005,議員,平地原住民,臺東縣,臺東縣第六選區,5,田賢生,1,中國國民黨,931,14.55,Y
2005,議員,平地原住民,臺東縣,臺東縣第七選區,1,余明德,1,中國國民黨,895,14.31,N
2005,議員,平地原住民,臺東縣,臺東縣第七選區,2,林光義,1,中國國民黨,276,4.41,N
2005,議員,平地原住民,臺東縣,臺東縣第七選區,3,許秋清,1,中國國民黨,561,8.97,Y
2005,議員,平地原住民,臺東縣,臺東縣第七選區,4,林秀芳,2,中國國民黨,1339,21.40,N
2005,議員,平地原住民,臺東縣,臺東縣第七選區,5,蔡義勇,1,無,1663,26.58,Y
2005,議員,平地原住民,臺東縣,臺東縣第七選區,6,江堅壽,1,中國國民黨,1522,24.33,N
2005,議員,平地原住民,臺東縣,臺東縣第八選區,1,林錦章,1,中國國民黨,1650,60.80,N
2005,議員,平地原住民,臺東縣,臺東縣第八選區,2,林光雄,1,中國國民黨,1064,39.20,N
2005,議員,平地原住民,臺東縣,臺東縣第九選區,1,陳幸民,1,中國國民黨,1276,17.42,Y
2005,議員,平地原住民,臺東縣,臺東縣第九選區,2,曾金福,1,中國國民黨,1019,13.91,N
2005,議員,平地原住民,臺東縣,臺東縣第九選區,3,劉純歌,2,中國國民黨,1084,14.80,Y
2005,議員,平地原住民,臺東縣,臺東縣第九選區,4,嚴亞美,2,中國國民黨,1884,25.72,N
2005,議員,平地原住民,臺東縣,臺東縣第九選區,5,林富雄,1,無,1401,19.13,Y
2005,議員,平地原住民,臺東縣,臺東縣第九選區,6,余文博,1,中國國民黨,660,9.01,N
2005,議員,平地原住民,花蓮縣,花蓮縣第五選區,1,曾玉霞,2,親民黨,1530,19.04,N
2005,議員,平地原住民,花蓮縣,花蓮縣第五選區,2,林銘興,1,中國國民黨,1188,14.78,N
2005,議員,平地原住民,花蓮縣,花蓮縣第五選區,3,余夏夫,1,無,1364,16.97,N
2005,議員,平地原住民,花蓮縣,花蓮縣第五選區,4,田美華,2,中國國民黨,1145,14.25,Y
2005,議員,平地原住民,花蓮縣,花蓮縣第五選區,5,夏游騰傑,1,無,54,0.67,N
2005,議員,平地原住民,花蓮縣,花蓮縣第五選區,6,笛布斯．顗賚,2,無,1262,15.70,N
2005,議員,平地原住民,花蓮縣,花蓮縣第五選區,7,周利根,1,中國國民黨,1493,18.58,N
2005,議員,平地原住民,花蓮縣,花蓮縣第六選區,1,馬其三,1,中國國民黨,1364,15.83,Y
2005,議員,平地原住民,花蓮縣,花蓮縣第六選區,2,簡德輝,1,無,583,6.77,N
2005,議員,平地原住民,花蓮縣,花蓮縣第六選區,3,林勝智,1,中國國民黨,1408,16.34,N
2005,議員,平地原住民,花蓮縣,花蓮縣第六選區,4,孫永昌,1,中國國民黨,1693,19.65,Y
2005,議員,平地原住民,花蓮縣,花蓮縣第六選區,5,黃新福,1,無,630,7.31,N
2005,議員,平地原住民,花蓮縣,花蓮縣第六選區,6,楊德金,1,親民黨,1490,17.29,N
2005,議員,平地原住民,花蓮縣,花蓮縣第六選區,7,江強民,1,無,1448,16.81,Y
2005,議員,平地原住民,花蓮縣,花蓮縣第七選區,1,葉志生,1,中國國民黨,1108,20.55,N
2005,議員,平地原住民,花蓮縣,花蓮縣第七選區,2,陳英妹,2,中國國民黨,1654,30.68,N
2005,議員,平地原住民,花蓮縣,花蓮縣第七選區,3,陳忠孝,1,無,1307,24.24,N
2005,議員,平地原住民,花蓮縣,花蓮縣第七選區,4,林進富,1,中國國民黨,1322,24.52,Y
2005,議員,平地原住民,基隆市,基隆市第八選區,1,馬賢生,1,中國國民黨,1335,48.56,N
2005,議員,平地原住民,基隆市,基隆市第八選區,2,賴永清,1,民主進步黨,172,6.26,N
2005,議員,平地原住民,基隆市,基隆市第八選區,3,陳明建,1,親民黨,1242,45.18,N
2005,議員,平地原住民,臺中市,臺中市第七選區,1,黃仁,1,親民黨,304,35.72,Y
2005,議員,平地原住民,臺中市,臺中市第七選區,2,羅春蘭,2,中國國民黨,408,47.94,N
2005,議員,平地原住民,臺中市,臺中市第七選區,3,陳天斯,1,無,139,16.33,Y
2006,議員,區域,臺北市,臺北市第1選區,1,陳國棟,1,無,4021,1.51,N
2006,議員,區域,臺北市,臺北市第1選區,2,張耀華,1,無,245,0.09,N
2006,議員,區域,臺北市,臺北市第1選區,3,陳建銘,1,台灣團結聯盟,28698,10.77,Y
2006,議員,區域,臺北市,臺北市第1選區,4,吳碧珠,2,中國國民黨,25122,9.43,Y
2006,議員,區域,臺北市,臺北市第1選區,5,林瑞圖,1,無,16571,6.22,Y
2006,議員,區域,臺北市,臺北市第1選區,6,陳壽彭,1,中國國民黨,14806,5.56,N
2006,議員,區域,臺北市,臺北市第1選區,7,王育誠,1,親民黨,8038,3.02,N
2006,議員,區域,臺北市,臺北市第1選區,8,邱志山,1,無,373,0.14,N
2006,議員,區域,臺北市,臺北市第1選區,9,潘懷宗,1,新黨,19598,7.36,Y
2006,議員,區域,臺北市,臺北市第1選區,10,許博喬,1,無,701,0.26,N
2006,議員,區域,臺北市,臺北市第1選區,11,賴素如,2,中國國民黨,24692,9.27,Y
2006,議員,區域,臺北市,臺北市第1選區,12,莊瑞雄,1,民主進步黨,25171,9.45,Y
2006,議員,區域,臺北市,臺北市第1選區,13,張聿文,1,無,1918,0.72,N
2006,議員,區域,臺北市,臺北市第1選區,14,陳碧峰,1,民主進步黨,16541,6.21,Y
2006,議員,區域,臺北市,臺北市第1選區,15,陳政忠,1,無,17190,6.45,Y
2006,議員,區域,臺北市,臺北市第1選區,16,許純美,2,無,1384,0.52,N
2006,議員,區域,臺北市,臺北市第1選區,17,呂瀅瀅,2,民主進步黨,11762,4.41,N
2006,議員,區域,臺北市,臺北市第1選區,18,汪志冰,2,中國國民黨,17641,6.62,Y
2006,議員,區域,臺北市,臺北市第1選區,19,吳思瑤,2,民主進步黨,17437,6.54,Y
2006,議員,區域,臺北市,臺北市第1選區,20,陳正德,1,民主進步黨,14534,5.45,N
2006,議員,區域,臺北市,臺北市第2選區,1,顏守禮,1,無,105,0.06,N
2006,議員,區域,臺北市,臺北市第2選區,2,陳宣靜,2,無,469,0.27,N
2006,議員,區域,臺北市,臺北市第2選區,3,李建昌,1,民主進步黨,17740,10.04,Y
2006,議員,區域,臺北市,臺北市第2選區,4,黃世杰,1,無,3228,1.83,N
2006,議員,區域,臺北市,臺北市第2選區,5,常中天,1,無,2165,1.23,N
2006,議員,區域,臺北市,臺北市第2選區,6,黃珊珊,2,親民黨,17710,10.02,Y
2006,議員,區域,臺北市,臺北市第2選區,7,江志銘,1,民主進步黨,13482,7.63,N
2006,議員,區域,臺北市,臺北市第2選區,8,陳彥勳,1,無,2038,1.15,N
2006,議員,區域,臺北市,臺北市第2選區,9,吳世正,1,中國國民黨,23599,13.35,Y
2006,議員,區域,臺北市,臺北市第2選區,10,李彥秀,2,中國國民黨,26208,14.83,Y
2006,議員,區域,臺北市,臺北市第2選區,11,陳義洲,1,中國國民黨,16524,9.35,Y
2006,議員,區域,臺北市,臺北市第2選區,12,王孝維,1,民主進步黨,16239,9.19,Y
2006,議員,區域,臺北市,臺北市第2選區,13,闕枚莎,2,中國國民黨,33132,18.75,Y
2006,議員,區域,臺北市,臺北市第2選區,14,廖林麗玲,2,台灣團結聯盟,4072,2.3,N
2006,議員,區域,臺北市,臺北市第3選區,1,潘翰聲,1,綠黨,1971,0.93,N
2006,議員,區域,臺北市,臺北市第3選區,2,王正德,1,中國國民黨,19441,9.17,Y
2006,議員,區域,臺北市,臺北市第3選區,3,洪士奇,1,親民黨,11424,5.39,N
2006,議員,區域,臺北市,臺北市第3選區,4,陳燦鴻,1,台灣團結聯盟,4778,2.25,N
2006,議員,區域,臺北市,臺北市第3選區,5,陳孋輝,2,中國國民黨,21367,10.08,Y
2006,議員,區域,臺北市,臺北市第3選區,6,陳淑華,2,民主進步黨,12422,5.86,N
2006,議員,區域,臺北市,臺北市第3選區,7,許淑華,2,民主進步黨,23411,11.05,Y
2006,議員,區域,臺北市,臺北市第3選區,8,陳永德,1,中國國民黨,16808,7.93,Y
2006,議員,區域,臺北市,臺北市第3選區,9,陳維祥,1,無,827,0.39,N
2006,議員,區域,臺北市,臺北市第3選區,10,洪健益,1,民主進步黨,14589,6.88,Y
2006,議員,區域,臺北市,臺北市第3選區,11,戴錫欽,1,中國國民黨,14598,6.89,Y
2006,議員,區域,臺北市,臺北市第3選區,12,王鴻薇,2,新黨,17022,8.03,Y
2006,議員,區域,臺北市,臺北市第3選區,13,陳勇志,1,無,1527,0.72,N
2006,議員,區域,臺北市,臺北市第3選區,14,張茂楠,1,民主進步黨,20091,9.48,Y
2006,議員,區域,臺北市,臺北市第3選區,15,黃幼中,2,親民黨,10091,4.76,N
2006,議員,區域,臺北市,臺北市第3選區,16,楊實秋,1,中國國民黨,21545,10.17,Y
2006,議員,區域,臺北市,臺北市第4選區,1,黃向羣,1,民主進步黨,13866,8.26,Y
2006,議員,區域,臺北市,臺北市第4選區,2,李文英,2,民主進步黨,17781,10.6,Y
2006,議員,區域,臺北市,臺北市第4選區,3,林國成,1,親民黨,8377,4.99,N
2006,議員,區域,臺北市,臺北市第4選區,4,羅宗勝,1,無,7709,4.59,N
2006,議員,區域,臺北市,臺北市第4選區,5,蔡坤龍,1,民主進步黨,11344,6.76,Y
2006,議員,區域,臺北市,臺北市第4選區,6,陳玉梅,2,中國國民黨,35244,21,Y
2006,議員,區域,臺北市,臺北市第4選區,7,洪正雄,1,無,1561,0.93,N
2006,議員,區域,臺北市,臺北市第4選區,8,簡余晏,2,台灣團結聯盟,20379,12.15,Y
2006,議員,區域,臺北市,臺北市第4選區,9,林晉章,1,中國國民黨,17006,10.14,Y
2006,議員,區域,臺北市,臺北市第4選區,10,李偉民,1,民主進步黨,7963,4.75,N
2006,議員,區域,臺北市,臺北市第4選區,11,王浩,1,中國國民黨,23396,13.94,Y
2006,議員,區域,臺北市,臺北市第4選區,12,林定勇,1,無,3167,1.89,N
2006,議員,區域,臺北市,臺北市第5選區,1,鍾小平,1,無,9685,5.62,N
2006,議員,區域,臺北市,臺北市第5選區,2,蔡鴻鵬,1,無,2187,1.27,N
2006,議員,區域,臺北市,臺北市第5選區,3,陳惠敏,1,中國國民黨,14147,8.21,N
2006,議員,區域,臺北市,臺北市第5選區,4,梁熾誠,1,無,121,0.07,N
2006,議員,區域,臺北市,臺北市第5選區,5,林御紹,1,無,296,0.17,N
2006,議員,區域,臺北市,臺北市第5選區,6,曹鵬山,1,親民黨,8038,4.67,N
2006,議員,區域,臺北市,臺北市第5選區,7,陳光,1,無,7143,4.15,N
2006,議員,區域,臺北市,臺北市第5選區,8,侯冠群,1,新黨,16572,9.62,Y
2006,議員,區域,臺北市,臺北市第5選區,9,蕭炳賢,1,無黨團結聯盟,197,0.11,N
2006,議員,區域,臺北市,臺北市第5選區,10,周威佑,1,民主進步黨,16118,9.36,Y
2006,議員,區域,臺北市,臺北市第5選區,11,陳嘉銘,1,民主進步黨,16097,9.35,Y
2006,議員,區域,臺北市,臺北市第5選區,12,李仁人,2,中國國民黨,20293,11.78,Y
2006,議員,區域,臺北市,臺北市第5選區,13,劉耀仁,1,民主進步黨,14169,8.23,Y
2006,議員,區域,臺北市,臺北市第5選區,14,詹銘洲,1,無,336,0.2,N
2006,議員,區域,臺北市,臺北市第5選區,15,顏聖冠,2,民主進步黨,19844,11.52,Y
2006,議員,區域,臺北市,臺北市第5選區,16,吳志剛,1,中國國民黨,23149,13.44,Y
2006,議員,區域,臺北市,臺北市第5選區,17,杜淑觀,2,台灣團結聯盟,3858,2.24,N
2006,議員,區域,臺北市,臺北市第6選區,1,歐陽龍,1,中國國民黨,22698,8.28,Y
2006,議員,區域,臺北市,臺北市第6選區,2,徐佳青,2,民主進步黨,24168,8.82,Y
2006,議員,區域,臺北市,臺北市第6選區,3,王小玉,2,中國民眾黨,416,0.15,N
2006,議員,區域,臺北市,臺北市第6選區,4,張幸松,1,無,2402,0.88,N
2006,議員,區域,臺北市,臺北市第6選區,5,厲耿桂芳,2,中國國民黨,18445,6.73,Y
2006,議員,區域,臺北市,臺北市第6選區,6,林奕華,2,中國國民黨,33568,12.25,Y
2006,議員,區域,臺北市,臺北市第6選區,7,許懷台,1,無,960,0.35,N
2006,議員,區域,臺北市,臺北市第6選區,8,謝公秉,1,親民黨,11267,4.11,N
2006,議員,區域,臺北市,臺北市第6選區,9,張宏林,1,綠黨,3410,1.24,N
2006,議員,區域,臺北市,臺北市第6選區,10,王欣儀,2,中國國民黨,12993,4.74,N
2006,議員,區域,臺北市,臺北市第6選區,11,李慶鋒,1,民主進步黨,21434,7.82,Y
2006,議員,區域,臺北市,臺北市第6選區,12,盧靜儀,2,台灣團結聯盟,3412,1.24,N
2006,議員,區域,臺北市,臺北市第6選區,13,秦儷舫,2,中國國民黨,16846,6.15,Y
2006,議員,區域,臺北市,臺北市第6選區,14,周柏雅,1,民主進步黨,16613,6.06,Y
2006,議員,區域,臺北市,臺北市第6選區,15,蔣乃辛,1,中國國民黨,24115,8.8,Y
2006,議員,區域,臺北市,臺北市第6選區,16,方景鈞,1,無,526,0.19,N
2006,議員,區域,臺北市,臺北市第6選區,17,蕭亞譚,1,無,890,0.32,N
2006,議員,區域,臺北市,臺北市第6選區,18,陳錦祥,1,中國國民黨,15395,5.62,Y
2006,議員,區域,臺北市,臺北市第6選區,19,林新建,1,民主進步黨,8858,3.23,N
2006,議員,區域,臺北市,臺北市第6選區,20,何妙真,2,無,181,0.07,N
2006,議員,區域,臺北市,臺北市第6選區,21,李新,1,親民黨,13907,5.07,Y
2006,議員,區域,臺北市,臺北市第6選區,22,李慶元,1,新黨,21560,7.87,Y
2006,議員,區域,高雄市,高雄市第1選區,1,陳漢昇,1,中國國民黨,14241,15.09,Y
2006,議員,區域,高雄市,高雄市第1選區,2,李喬如,2,民主進步黨,15970,16.92,Y
2006,議員,區域,高雄市,高雄市第1選區,3,張省吾,1,無,14089,14.93,Y
2006,議員,區域,高雄市,高雄市第1選區,4,連立堅,1,民主進步黨,13151,13.94,Y
2006,議員,區域,高雄市,高雄市第1選區,5,趙偉伶,2,親民黨,3620,3.84,N
2006,議員,區域,高雄市,高雄市第1選區,6,蔡松雄,1,無,11528,12.22,N
2006,議員,區域,高雄市,高雄市第1選區,7,戴榮聖,1,台灣團結聯盟,3488,3.7,N
2006,議員,區域,高雄市,高雄市第1選區,8,陳美雅,2,中國國民黨,18043,19.12,Y
2006,議員,區域,高雄市,高雄市第1選區,9,王榮源,1,保護台灣大聯盟,232,0.25,N
2006,議員,區域,高雄市,高雄市第2選區,1,黃石龍,1,無,12173,7.24,Y
2006,議員,區域,高雄市,高雄市第2選區,2,王秀珍,2,無,2187,1.3,N
2006,議員,區域,高雄市,高雄市第2選區,3,戴德銘,1,中國國民黨,18692,11.12,Y
2006,議員,區域,高雄市,高雄市第2選區,4,蔡長根,1,無,8836,5.26,N
2006,議員,區域,高雄市,高雄市第2選區,5,柳淑芳,2,無,550,0.33,N
2006,議員,區域,高雄市,高雄市第2選區,6,楊色玉,2,親民黨,8876,5.28,Y
2006,議員,區域,高雄市,高雄市第2選區,7,劉俊雄,1,民主進步黨,7818,4.65,N
2006,議員,區域,高雄市,高雄市第2選區,8,黃昭星,1,民主進步黨,9265,5.51,Y
2006,議員,區域,高雄市,高雄市第2選區,9,林瑩蓉,2,民主進步黨,21609,12.85,Y
2006,議員,區域,高雄市,高雄市第2選區,10,謝天助,1,無,810,0.48,N
2006,議員,區域,高雄市,高雄市第2選區,11,柳信福,1,保護台灣大聯盟,608,0.36,N
2006,議員,區域,高雄市,高雄市第2選區,12,藍健菖,1,台灣團結聯盟,9326,5.55,Y
2006,議員,區域,高雄市,高雄市第2選區,13,藍星木,1,中國國民黨,15387,9.15,Y
2006,議員,區域,高雄市,高雄市第2選區,14,陳玫娟,2,中國國民黨,16413,9.76,Y
2006,議員,區域,高雄市,高雄市第2選區,15,陳麗珍,2,中國國民黨,14243,8.47,Y
2006,議員,區域,高雄市,高雄市第2選區,16,周鍾,1,中國國民黨,14695,8.74,Y
2006,議員,區域,高雄市,高雄市第2選區,17,李眉蓁,2,親民黨,6639,3.95,N
2006,議員,區域,高雄市,高雄市第3選區,1,黃柏霖,1,中國國民黨,31288,17.82,Y
2006,議員,區域,高雄市,高雄市第3選區,2,黃淑美,2,民主進步黨,12595,7.17,Y
2006,議員,區域,高雄市,高雄市第3選區,3,黃添財,1,中國國民黨,11512,6.56,Y
2006,議員,區域,高雄市,高雄市第3選區,4,陳聰明,1,保護台灣大聯盟,369,0.21,N
2006,議員,區域,高雄市,高雄市第3選區,5,童燕珍,2,親民黨,8573,4.88,Y
2006,議員,區域,高雄市,高雄市第3選區,6,洪平朗,1,民主進步黨,10837,6.17,Y
2006,議員,區域,高雄市,高雄市第3選區,7,林武忠,1,民主進步黨,12994,7.4,Y
2006,議員,區域,高雄市,高雄市第3選區,8,楊定國,1,無,7832,4.46,N
2006,議員,區域,高雄市,高雄市第3選區,9,曾俊傑,1,中國國民黨,10311,5.87,Y
2006,議員,區域,高雄市,高雄市第3選區,10,陳英燦,1,台灣團結聯盟,5429,3.09,N
2006,議員,區域,高雄市,高雄市第3選區,11,陳武勳,1,無,1163,0.66,N
2006,議員,區域,高雄市,高雄市第3選區,12,梅再興,1,中國國民黨,15544,8.85,Y
2006,議員,區域,高雄市,高雄市第3選區,13,康裕成,2,民主進步黨,19213,10.94,Y
2006,議員,區域,高雄市,高雄市第3選區,14,蔡見興,1,無,8375,4.77,N
2006,議員,區域,高雄市,高雄市第3選區,15,黃萬閎,1,台灣建國聯盟,6013,3.42,N
2006,議員,區域,高雄市,高雄市第3選區,16,陳春生,1,無,674,0.38,N
2006,議員,區域,高雄市,高雄市第3選區,17,鄭新助,1,無,12860,7.32,Y
2006,議員,區域,高雄市,高雄市第4選區,1,張禾宜,2,無,2044,1.41,N
2006,議員,區域,高雄市,高雄市第4選區,2,林崑山,1,無,3770,2.6,N
2006,議員,區域,高雄市,高雄市第4選區,3,周玲妏,2,民主進步黨,15793,10.91,Y
2006,議員,區域,高雄市,高雄市第4選區,4,王友蘭,2,中國國民黨,7958,5.5,N
2006,議員,區域,高雄市,高雄市第4選區,5,許崑源,1,無,14619,10.1,Y
2006,議員,區域,高雄市,高雄市第4選區,6,李文良,1,民主進步黨,13082,9.04,Y
2006,議員,區域,高雄市,高雄市第4選區,7,莊啟旺,1,中國國民黨,19089,13.18,Y
2006,議員,區域,高雄市,高雄市第4選區,8,郭建盟,1,台灣團結聯盟,9302,6.42,N
2006,議員,區域,高雄市,高雄市第4選區,9,王齡嬌,2,親民黨,8148,5.63,Y
2006,議員,區域,高雄市,高雄市第4選區,10,楊文禮,1,保護台灣大聯盟,573,0.4,N
2006,議員,區域,高雄市,高雄市第4選區,11,吳益政,1,親民黨,12083,8.35,Y
2006,議員,區域,高雄市,高雄市第4選區,12,蕭永達,1,民主進步黨,12152,8.39,Y
2006,議員,區域,高雄市,高雄市第4選區,13,黃紹庭,1,中國國民黨,15457,10.68,Y
2006,議員,區域,高雄市,高雄市第4選區,14,趙天麟,1,台灣團結聯盟,10712,7.4,N
2006,議員,區域,高雄市,高雄市第5選區,1,曾麗燕,2,無,13107,7.59,Y
2006,議員,區域,高雄市,高雄市第5選區,2,陳麗娜,2,中國國民黨,16827,9.74,Y
2006,議員,區域,高雄市,高雄市第5選區,3,朱挺玗,2,無,11439,6.62,Y
2006,議員,區域,高雄市,高雄市第5選區,4,林宛蓉,2,民主進步黨,19733,11.42,Y
2006,議員,區域,高雄市,高雄市第5選區,5,蔡武宏,1,無,8157,4.72,N
2006,議員,區域,高雄市,高雄市第5選區,6,葉彩燕,2,無,291,0.17,N
2006,議員,區域,高雄市,高雄市第5選區,7,黃慶林,1,台灣建國聯盟,902,0.52,N
2006,議員,區域,高雄市,高雄市第5選區,8,李順進,1,無,15621,9.04,Y
2006,議員,區域,高雄市,高雄市第5選區,9,吳銘賜,1,民主進步黨,14996,8.68,Y
2006,議員,區域,高雄市,高雄市第5選區,10,蔡媽福,1,中國國民黨,11562,6.69,Y
2006,議員,區域,高雄市,高雄市第5選區,11,黃祺緯,1,保護台灣大聯盟,615,0.36,N
2006,議員,區域,高雄市,高雄市第5選區,12,陳信瑜,2,民主進步黨,16242,9.4,Y
2006,議員,區域,高雄市,高雄市第5選區,13,王福成,1,親民黨,3286,1.9,N
2006,議員,區域,高雄市,高雄市第5選區,14,林國正,1,中國國民黨,20017,11.59,Y
2006,議員,區域,高雄市,高雄市第5選區,15,葉津鈴,2,台灣團結聯盟,5307,3.07,N
2006,議員,區域,高雄市,高雄市第5選區,16,鄭光峰,1,民主進步黨,14631,8.47,Y
2006,議員,原住民,臺北市,臺北市,1,余光妹,2,無,,,N
2006,議員,原住民,臺北市,臺北市,2,李銀來,1,中國國民黨,,,Y
2006,議員,原住民,高雄市,高雄市,1,林國權,1,中國國民黨,,,Y
2006,議員,原住民,高雄市,高雄市,2,曾夏娃,2,新黨,,,N
2006,議員,原住民,高雄市,高雄市,3,詹蓓蕾,2,親民黨,,,N
2006,議員,原住民,高雄市,高雄市,4,俄鄧‧殷艾,1,民主進步黨,,,N
2008,立委,區域,臺北市,臺北市第01選區,1,張歷元,1,台灣農民黨,336,0.21,N
2008,立委,區域,臺北市,臺北市第01選區,2,高建智,1,民主進步黨,61408,38.79,N
2008,立委,區域,臺北市,臺北市第01選區,3,丁守中,1,中國國民黨,94694,59.81,Y
2008,立委,區域,臺北市,臺北市第01選區,4,曾瑾珮,2,綠黨,1862,1.17,N
2008,立委,區域,臺北市,臺北市第02選區,1,周奕成,1,第三社會黨,2812,1.81,N
2008,立委,區域,臺北市,臺北市第02選區,2,周守訓,1,中國國民黨,81386,52.39,Y
2008,立委,區域,臺北市,臺北市第02選區,3,王世堅,1,民主進步黨,71119,45.78,N
2008,立委,區域,臺北市,臺北市第03選區,1,蔣孝嚴,1,中國國民黨,99959,60.25,Y
2008,立委,區域,臺北市,臺北市第03選區,2,李林耀,1,制憲聯盟,128,0.07,N
2008,立委,區域,臺北市,臺北市第03選區,3,謝馥米,2,台灣團結聯盟,1854,1.11,N
2008,立委,區域,臺北市,臺北市第03選區,4,簡瑞寬,1,制憲聯盟,176,0.1,N
2008,立委,區域,臺北市,臺北市第03選區,5,郭正亮,1,民主進步黨,63773,38.44,N
2008,立委,區域,臺北市,臺北市第04選區,1,莊婉均,2,無黨籍及未經政黨推薦,1684,0.99,N
2008,立委,區域,臺北市,臺北市第04選區,2,張慶源,1,無黨籍及未經政黨推薦,470,0.27,N
2008,立委,區域,臺北市,臺北市第04選區,3,蔡正元,1,中國國民黨,105375,62.25,Y
2008,立委,區域,臺北市,臺北市第04選區,4,許家琛,1,無黨籍及未經政黨推薦,159,0.09,N
2008,立委,區域,臺北市,臺北市第04選區,5,柯逸民,1,綠黨,1580,0.93,N
2008,立委,區域,臺北市,臺北市第04選區,6,徐國勇,1,民主進步黨,60004,35.44,N
2008,立委,區域,臺北市,臺北市第05選區,1,葉玫,2,紅黨,324,0.21,N
2008,立委,區域,臺北市,臺北市第05選區,2,吳建毅,1,台灣農民黨,251,0.16,N
2008,立委,區域,臺北市,臺北市第05選區,3,魏志中,1,無黨籍及未經政黨推薦,284,0.18,N
2008,立委,區域,臺北市,臺北市第05選區,4,林郁方,1,中國國民黨,87448,58.24,Y
2008,立委,區域,臺北市,臺北市第05選區,5,黃啟彬,1,制憲聯盟,360,0.23,N
2008,立委,區域,臺北市,臺北市第05選區,6,段宜康,1,民主進步黨,61480,40.94,N
2008,立委,區域,臺北市,臺北市第06選區,1,樂可銘,1,制憲聯盟,89,0.05,N
2008,立委,區域,臺北市,臺北市第06選區,2,李慶安,2,中國國民黨,99294,66.8,Y
2008,立委,區域,臺北市,臺北市第06選區,3,王保善,1,紅黨,417,0.28,N
2008,立委,區域,臺北市,臺北市第06選區,4,余少鈞,1,客家黨,131,0.08,N
2008,立委,區域,臺北市,臺北市第06選區,5,羅文嘉,1,民主進步黨,48240,32.45,N
2008,立委,區域,臺北市,臺北市第06選區,6,古文發,1,民主自由黨,155,0.1,N
2008,立委,區域,臺北市,臺北市第06選區,7,林俊賢,1,台灣農民黨,221,0.14,N
2008,立委,區域,臺北市,臺北市第06選區,8,林裕發,1,制憲聯盟,87,0.05,N
2008,立委,區域,臺北市,臺北市第07選區,1,張國慶,1,台灣團結聯盟,1350,0.93,N
2008,立委,區域,臺北市,臺北市第07選區,2,連石磊,1,客家黨,241,0.16,N
2008,立委,區域,臺北市,臺北市第07選區,3,陳源奇,1,大道慈悲濟世黨,229,0.15,N
2008,立委,區域,臺北市,臺北市第07選區,4,潘翰聲,1,綠黨,1275,0.88,N
2008,立委,區域,臺北市,臺北市第07選區,5,費鴻泰,1,中國國民黨,95145,65.79,Y
2008,立委,區域,臺北市,臺北市第07選區,6,田欣,1,民主進步黨,46059,31.85,N
2008,立委,區域,臺北市,臺北市第07選區,7,秦政德,1,第三社會黨,313,0.21,N
2008,立委,區域,臺北市,臺北市第08選區,1,梅峯,1,無黨籍及未經政黨推薦,171,0.11,N
2008,立委,區域,臺北市,臺北市第08選區,2,任立民,1,紅黨,234,0.16,N
2008,立委,區域,臺北市,臺北市第08選區,3,周柏雅,1,民主進步黨,38261,26.35,N
2008,立委,區域,臺北市,臺北市第08選區,4,賴士葆,1,中國國民黨,104257,71.81,Y
2008,立委,區域,臺北市,臺北市第08選區,5,史美延,1,第三社會黨,492,0.33,N
2008,立委,區域,臺北市,臺北市第08選區,6,方景鈞,1,無黨籍及未經政黨推薦,277,0.19,N
2008,立委,區域,臺北市,臺北市第08選區,7,彭渰雯,2,綠黨,1481,1.02,N
2008,立委,區域,高雄市,高雄市第01選區,1,黃昭順,2,中國國民黨,92417,58.29,Y
2008,立委,區域,高雄市,高雄市第01選區,2,姚文智,1,民主進步黨,65266,41.17,N
2008,立委,區域,高雄市,高雄市第01選區,3,錢彙穎,2,公民黨,841,0.53,N
2008,立委,區域,高雄市,高雄市第02選區,1,羅世雄,1,中國國民黨,63410,48.84,N
2008,立委,區域,高雄市,高雄市第02選區,2,李凈瑜,2,紅黨,424,0.32,N
2008,立委,區域,高雄市,高雄市第02選區,3,曾文聖,1,制憲聯盟,186,0.14,N
2008,立委,區域,高雄市,高雄市第02選區,4,林稱雄,1,無黨籍及未經政黨推薦,184,0.14,N
2008,立委,區域,高雄市,高雄市第02選區,5,管碧玲,2,民主進步黨,65604,50.53,Y
2008,立委,區域,高雄市,高雄市第03選區,1,莊繡慈,2,台灣農民黨,777,0.67,N
2008,立委,區域,高雄市,高雄市第03選區,2,侯彩鳳,2,中國國民黨,56826,49.13,Y
2008,立委,區域,高雄市,高雄市第03選區,3,李昆澤,1,民主進步黨,49392,42.7,N
2008,立委,區域,高雄市,高雄市第03選區,4,吳春香,2,客家黨,249,0.21,N
2008,立委,區域,高雄市,高雄市第03選區,5,林進興,1,無黨籍及未經政黨推薦,8225,7.11,N
2008,立委,區域,高雄市,高雄市第03選區,6,蘇經孟,1,公民黨,178,0.15,N
2008,立委,區域,高雄市,高雄市第04選區,1,黃昭輝,1,民主進步黨,67663,46.61,N
2008,立委,區域,高雄市,高雄市第04選區,2,林景元,1,無黨籍及未經政黨推薦,1626,1.12,N
2008,立委,區域,高雄市,高雄市第04選區,3,劉慧雯,2,台灣農民黨,1105,0.76,N
2008,立委,區域,高雄市,高雄市第04選區,4,林志聰,1,公民黨,257,0.17,N
2008,立委,區域,高雄市,高雄市第04選區,5,李復興,1,中國國民黨,74502,51.32,Y
2008,立委,區域,高雄市,高雄市第05選區,1,郭玟成,1,民主進步黨,70576,51.98,Y
2008,立委,區域,高雄市,高雄市第05選區,2,曹文玟,2,客家黨,444,0.32,N
2008,立委,區域,高雄市,高雄市第05選區,3,楊掌朝,1,洪運忠義黨,581,0.42,N
2008,立委,區域,高雄市,高雄市第05選區,4,趙連出,1,大道慈悲濟世黨,1098,0.8,N
2008,立委,區域,高雄市,高雄市第05選區,5,楊美蘭,2,公民黨,596,0.43,N
2008,立委,區域,高雄市,高雄市第05選區,6,林國正,1,中國國民黨,62480,46.01,N
2008,立委,區域,臺北縣,臺北縣第01選區,1,王天裕,1,紅黨,242,0.17,N
2008,立委,區域,臺北縣,臺北縣第01選區,2,莊孟學,1,台灣團結聯盟,1598,1.12,N
2008,立委,區域,臺北縣,臺北縣第01選區,3,楊仁清,1,客家黨,325,0.22,N
2008,立委,區域,臺北縣,臺北縣第01選區,4,吳育昇,1,中國國民黨,82949,58.38,Y
2008,立委,區域,臺北縣,臺北縣第01選區,5,李顯榮,1,民主進步黨,56594,39.83,N
2008,立委,區域,臺北縣,臺北縣第01選區,6,吳金治,1,第三社會黨,366,0.25,N
2008,立委,區域,臺北縣,臺北縣第02選區,1,林志嘉,1,台灣團結聯盟,8242,6,N
2008,立委,區域,臺北縣,臺北縣第02選區,2,林淑芬,2,民主進步黨,59225,43.17,Y
2008,立委,區域,臺北縣,臺北縣第02選區,3,柯淑敏,2,中國國民黨,54774,39.92,N
2008,立委,區域,臺北縣,臺北縣第02選區,4,楊蓮福,1,無黨籍及未經政黨推薦,14948,10.89,N
2008,立委,區域,臺北縣,臺北縣第03選區,1,朱俊曉,1,中國國民黨,73286,48.24,N
2008,立委,區域,臺北縣,臺北縣第03選區,2,蘇卿彥,1,無黨籍及未經政黨推薦,767,0.5,N
2008,立委,區域,臺北縣,臺北縣第03選區,3,余天,1,民主進步黨,75212,49.51,Y
2008,立委,區域,臺北縣,臺北縣第03選區,4,劉一德,1,台灣團結聯盟,1645,1.08,N
2008,立委,區域,臺北縣,臺北縣第03選區,5,劉英芮,2,紅黨,990,0.65,N
2008,立委,區域,臺北縣,臺北縣第04選區,1,李鴻鈞,1,中國國民黨,77122,51.73,Y
2008,立委,區域,臺北縣,臺北縣第04選區,2,鄭余豪,1,台灣團結聯盟,969,0.64,N
2008,立委,區域,臺北縣,臺北縣第04選區,3,吳秉叡,1,民主進步黨,70265,47.13,N
2008,立委,區域,臺北縣,臺北縣第04選區,4,徐文彥,1,綠黨,721,0.48,N
2008,立委,區域,臺北縣,臺北縣第05選區,1,溫炳原,1,綠黨,507,0.42,N
2008,立委,區域,臺北縣,臺北縣第05選區,2,陳誠鈞,1,無黨籍及未經政黨推薦,154,0.13,N
2008,立委,區域,臺北縣,臺北縣第05選區,3,王文秀,2,紅黨,338,0.28,N
2008,立委,區域,臺北縣,臺北縣第05選區,4,黃志雄,1,中國國民黨,61948,52.32,Y
2008,立委,區域,臺北縣,臺北縣第05選區,5,廖本煙,1,民主進步黨,55444,46.83,N
2008,立委,區域,臺北縣,臺北縣第06選區,1,王淑慧,2,民主進步黨,51775,42.66,N
2008,立委,區域,臺北縣,臺北縣第06選區,2,林鴻池,1,中國國民黨,69097,56.93,Y
2008,立委,區域,臺北縣,臺北縣第06選區,3,林景松,1,世界和平黨,489,0.4,N
2008,立委,區域,臺北縣,臺北縣第07選區,1,莊碩漢,1,民主進步黨,49008,41.61,N
2008,立委,區域,臺北縣,臺北縣第07選區,2,林淑慧,2,第三社會黨,1436,1.21,N
2008,立委,區域,臺北縣,臺北縣第07選區,3,林育任,1,台灣團結聯盟,1583,1.34,N
2008,立委,區域,臺北縣,臺北縣第07選區,4,吳清池,1,中國國民黨,65752,55.82,Y
2008,立委,區域,臺北縣,臺北縣第08選區,1,張慶忠,1,中國國民黨,94785,59.55,Y
2008,立委,區域,臺北縣,臺北縣第08選區,2,甘郡榮,1,無黨籍及未經政黨推薦,1255,0.78,N
2008,立委,區域,臺北縣,臺北縣第08選區,3,趙永清,1,民主進步黨,63123,39.65,N
2008,立委,區域,臺北縣,臺北縣第09選區,1,楊錫周,1,制憲聯盟,338,0.23,N
2008,立委,區域,臺北縣,臺北縣第09選區,2,周倪安,2,台灣團結聯盟,15669,11.05,N
2008,立委,區域,臺北縣,臺北縣第09選區,3,洪一平,1,無黨籍及未經政黨推薦,27044,19.08,N
2008,立委,區域,臺北縣,臺北縣第09選區,4,林德福,1,中國國民黨,98634,69.61,Y
2008,立委,區域,臺北縣,臺北縣第10選區,1,盧嘉辰,1,中國國民黨,77656,60.1,Y
2008,立委,區域,臺北縣,臺北縣第10選區,2,李恢先,1,紅黨,669,0.51,N
2008,立委,區域,臺北縣,臺北縣第10選區,3,李文忠,1,民主進步黨,50869,39.37,N
2008,立委,區域,臺北縣,臺北縣第11選區,1,葛彰台,1,無黨籍及未經政黨推薦,246,0.16,N
2008,立委,區域,臺北縣,臺北縣第11選區,2,陳永福,1,民主進步黨,43580,28.76,N
2008,立委,區域,臺北縣,臺北縣第11選區,3,林美秀,2,台灣農民黨,696,0.45,N
2008,立委,區域,臺北縣,臺北縣第11選區,4,許玫茵,2,紅黨,1390,0.91,N
2008,立委,區域,臺北縣,臺北縣第11選區,5,羅明才,1,中國國民黨,105601,69.69,Y
2008,立委,區域,臺北縣,臺北縣第12選區,1,陳朝龍,1,民主進步黨,46590,38.24,N
2008,立委,區域,臺北縣,臺北縣第12選區,2,蕭振珉,1,制憲聯盟,573,0.47,N
2008,立委,區域,臺北縣,臺北縣第12選區,3,廖學廣,1,無黨籍及未經政黨推薦,11348,9.31,N
2008,立委,區域,臺北縣,臺北縣第12選區,4,李慶華,1,中國國民黨,63297,51.96,Y
2008,立委,區域,宜蘭縣,宜蘭縣第01選區,1,陳金德,1,民主進步黨,81984,45.86,N
2008,立委,區域,宜蘭縣,宜蘭縣第01選區,2,林建榮,1,中國國民黨,94965,53.12,Y
2008,立委,區域,宜蘭縣,宜蘭縣第01選區,3,謝李靜宜,2,民主自由黨,1795,1,N
2008,立委,區域,桃園縣,桃園縣第01選區,1,陳根德,1,中國國民黨,75973,61.76,Y
2008,立委,區域,桃園縣,桃園縣第01選區,2,陳志明,1,客家黨,647,0.52,N
2008,立委,區域,桃園縣,桃園縣第01選區,3,李鎮楠,1,民主進步黨,45257,36.79,N
2008,立委,區域,桃園縣,桃園縣第01選區,4,姚毅君,1,第三社會黨,1118,0.9,N
2008,立委,區域,桃園縣,桃園縣第02選區,1,郭榮宗,1,民主進步黨,58577,44.91,N
2008,立委,區域,桃園縣,桃園縣第02選區,2,廖正井,1,中國國民黨,71174,54.57,Y
2008,立委,區域,桃園縣,桃園縣第02選區,3,蔡楊如松,2,台灣農民黨,672,0.51,N
2008,立委,區域,桃園縣,桃園縣第03選區,1,吳志揚,1,中國國民黨,85821,63.22,Y
2008,立委,區域,桃園縣,桃園縣第03選區,2,彭添富,1,民主進步黨,49305,36.32,N
2008,立委,區域,桃園縣,桃園縣第03選區,3,張明松,1,客家黨,618,0.45,N
2008,立委,區域,桃園縣,桃園縣第04選區,1,楊麗環,2,中國國民黨,80769,62.42,Y
2008,立委,區域,桃園縣,桃園縣第04選區,2,黃宗源,1,民主進步黨,47966,37.07,N
2008,立委,區域,桃園縣,桃園縣第04選區,3,蔡佩宜,2,紅黨,645,0.49,N
2008,立委,區域,桃園縣,桃園縣第05選區,1,劉俊儀,1,無黨籍及未經政黨推薦,6214,4.97,N
2008,立委,區域,桃園縣,桃園縣第05選區,2,黃嘉華,1,制憲聯盟,382,0.3,N
2008,立委,區域,桃園縣,桃園縣第05選區,3,朱鳳芝,2,中國國民黨,79671,63.76,Y
2008,立委,區域,桃園縣,桃園縣第05選區,4,李月琴,2,民主進步黨,38671,30.95,N
2008,立委,區域,桃園縣,桃園縣第06選區,1,姚吉鴻,1,台灣團結聯盟,3147,2.57,N
2008,立委,區域,桃園縣,桃園縣第06選區,2,邱創良,1,民主進步黨,39660,32.4,N
2008,立委,區域,桃園縣,桃園縣第06選區,3,孫大千,1,中國國民黨,79593,65.02,Y
2008,立委,區域,新竹縣,新竹縣第01選區,1,徐欣瑩,2,無黨籍及未經政黨推薦,60209,31.31,N
2008,立委,區域,新竹縣,新竹縣第01選區,2,余玉池,1,客家黨,4152,2.15,N
2008,立委,區域,新竹縣,新竹縣第01選區,3,邱鏡淳,1,中國國民黨,127892,66.52,Y
2008,立委,區域,苗栗縣,苗栗縣第01選區,1,杜文卿,1,民主進步黨,46905,41.98,N
2008,立委,區域,苗栗縣,苗栗縣第01選區,2,李乙廷,1,中國國民黨,64817,58.01,Y
2008,立委,區域,苗栗縣,苗栗縣第02選區,1,何智輝,1,中國國民黨,48290,38.06,N
2008,立委,區域,苗栗縣,苗栗縣第02選區,2,郭玉枝,2,客家黨,975,0.76,N
2008,立委,區域,苗栗縣,苗栗縣第02選區,3,莊嚴,1,民主自由黨,474,0.37,N
2008,立委,區域,苗栗縣,苗栗縣第02選區,4,詹運喜,1,民主進步黨,18905,14.9,N
2008,立委,區域,苗栗縣,苗栗縣第02選區,5,賴金明,1,大道慈悲濟世黨,335,0.26,N
2008,立委,區域,苗栗縣,苗栗縣第02選區,6,徐耀昌,1,中國國民黨,57880,45.62,Y
2008,立委,區域,臺中縣,臺中縣第01選區,1,蔡其昌,1,民主進步黨,51624,46.4,N
2008,立委,區域,臺中縣,臺中縣第01選區,2,劉銓忠,1,中國國民黨,59632,53.59,Y
2008,立委,區域,臺中縣,臺中縣第02選區,1,李順涼,1,無黨籍及未經政黨推薦,14611,10.5,N
2008,立委,區域,臺中縣,臺中縣第02選區,2,劉瑞龍,1,民主進步黨,41093,29.55,N
2008,立委,區域,臺中縣,臺中縣第02選區,3,顏清標,1,無黨團結聯盟,83349,59.94,Y
2008,立委,區域,臺中縣,臺中縣第03選區,1,江連福,1,中國國民黨,75563,54.95,Y
2008,立委,區域,臺中縣,臺中縣第03選區,2,簡肇棟,1,民主進步黨,61927,45.04,N
2008,立委,區域,臺中縣,臺中縣第04選區,1,高基讚,1,台灣團結聯盟,38368,35.99,N
2008,立委,區域,臺中縣,臺中縣第04選區,2,徐中雄,1,中國國民黨,68216,64,Y
2008,立委,區域,臺中縣,臺中縣第05選區,1,楊瓊瓔,2,中國國民黨,72270,57.68,Y
2008,立委,區域,臺中縣,臺中縣第05選區,2,郭俊銘,1,民主進步黨,53012,42.31,N
2008,立委,區域,彰化縣,彰化縣第01選區,1,陳秀卿,2,中國國民黨,67236,44.96,Y
2008,立委,區域,彰化縣,彰化縣第01選區,2,柯金德,1,民主進步黨,31516,21.07,N
2008,立委,區域,彰化縣,彰化縣第01選區,3,陳進丁,1,無黨團結聯盟,50771,33.95,N
2008,立委,區域,彰化縣,彰化縣第02選區,1,邱創進,1,民主進步黨,47809,36.85,N
2008,立委,區域,彰化縣,彰化縣第02選區,2,林滄敏,1,中國國民黨,77871,60.02,Y
2008,立委,區域,彰化縣,彰化縣第02選區,3,林招膨,1,台灣團結聯盟,4047,3.11,N
2008,立委,區域,彰化縣,彰化縣第03選區,1,鄭汝芬,2,中國國民黨,68486,45.33,Y
2008,立委,區域,彰化縣,彰化縣第03選區,2,楊宗哲,1,無黨籍及未經政黨推薦,35989,23.82,N
2008,立委,區域,彰化縣,彰化縣第03選區,3,林重謨,1,民主進步黨,46595,30.84,N
2008,立委,區域,彰化縣,彰化縣第04選區,1,陳朝容,1,無黨籍及未經政黨推薦,20690,14,N
2008,立委,區域,彰化縣,彰化縣第04選區,2,謝章捷,1,無黨籍及未經政黨推薦,11302,7.64,N
2008,立委,區域,彰化縣,彰化縣第04選區,3,江昭儀,1,民主進步黨,54808,37.08,N
2008,立委,區域,彰化縣,彰化縣第04選區,4,蕭景田,1,中國國民黨,60980,41.26,Y
2008,立委,區域,南投縣,南投縣第01選區,1,吳敦義,1,中國國民黨,64295,67.12,Y
2008,立委,區域,南投縣,南投縣第01選區,2,林耘生,1,民主進步黨,31489,32.87,N
2008,立委,區域,南投縣,南投縣第02選區,1,林明溱,1,中國國民黨,62344,57.93,Y
2008,立委,區域,南投縣,南投縣第02選區,2,湯火聖,1,民主進步黨,44397,41.25,N
2008,立委,區域,南投縣,南投縣第02選區,3,陳翠容,2,大道慈悲濟世黨,873,0.81,N
2008,立委,區域,雲林縣,雲林縣第01選區,1,黃山谷,1,綠黨,779,0.5,N
2008,立委,區域,雲林縣,雲林縣第01選區,2,蔡桓生,1,無黨籍及未經政黨推薦,1648,1.07,N
2008,立委,區域,雲林縣,雲林縣第01選區,3,張嘉郡,2,中國國民黨,86571,56.24,Y
2008,立委,區域,雲林縣,雲林縣第01選區,4,陳憲中,1,民主進步黨,64921,42.17,N
2008,立委,區域,雲林縣,雲林縣第02選區,1,尹伶瑛,2,無黨籍及未經政黨推薦,17282,10.72,N
2008,立委,區域,雲林縣,雲林縣第02選區,2,張碩文,1,中國國民黨,79138,49.11,Y
2008,立委,區域,雲林縣,雲林縣第02選區,3,黃國華,1,制憲聯盟,499,0.3,N
2008,立委,區域,雲林縣,雲林縣第02選區,4,張昆煌,1,大道慈悲濟世黨,454,0.28,N
2008,立委,區域,雲林縣,雲林縣第02選區,5,廖珪如,2,第三社會黨,2055,1.27,N
2008,立委,區域,雲林縣,雲林縣第02選區,6,劉建國,1,民主進步黨,61703,38.29,N
2008,立委,區域,嘉義縣,嘉義縣第01選區,1,蔡啟芳,1,民主進步黨,55860,42.52,N
2008,立委,區域,嘉義縣,嘉義縣第01選區,2,翁重鈞,1,中國國民黨,75489,57.47,Y
2008,立委,區域,嘉義縣,嘉義縣第02選區,1,張花冠,2,民主進步黨,65192,57.05,Y
2008,立委,區域,嘉義縣,嘉義縣第02選區,2,黃茂,1,制憲聯盟,940,0.82,N
2008,立委,區域,嘉義縣,嘉義縣第02選區,3,涂文生,1,中國國民黨,48131,42.12,N
2008,立委,區域,臺南縣,臺南縣第01選區,1,葉宜津,2,民主進步黨,83909,54.57,Y
2008,立委,區域,臺南縣,臺南縣第01選區,2,陳俊倫,1,公民黨,1048,0.68,N
2008,立委,區域,臺南縣,臺南縣第01選區,3,洪玉欽,1,中國國民黨,68796,44.74,N
2008,立委,區域,臺南縣,臺南縣第02選區,1,李和順,1,無黨團結聯盟,65601,40.83,N
2008,立委,區域,臺南縣,臺南縣第02選區,2,黃偉哲,1,民主進步黨,95061,59.16,Y
2008,立委,區域,臺南縣,臺南縣第03選區,1,吳健保,1,中國國民黨,76285,47.33,N
2008,立委,區域,臺南縣,臺南縣第03選區,2,李俊毅,1,民主進步黨,84873,52.66,Y
2008,立委,區域,高雄縣,高雄縣第01選區,1,鍾紹和,1,中國國民黨,72309,53.55,Y
2008,立委,區域,高雄縣,高雄縣第01選區,2,江嘉盛,1,公民黨,1025,0.75,N
2008,立委,區域,高雄縣,高雄縣第01選區,3,顏文章,1,民主進步黨,61679,45.68,N
2008,立委,區域,高雄縣,高雄縣第02選區,1,劉政瑋,1,台灣農民黨,3250,2.12,N
2008,立委,區域,高雄縣,高雄縣第02選區,2,余政憲,1,民主進步黨,65257,42.6,N
2008,立委,區域,高雄縣,高雄縣第02選區,3,林益世,1,中國國民黨,84659,55.27,Y
2008,立委,區域,高雄縣,高雄縣第03選區,1,陳啟昱,1,民主進步黨,55848,45.13,Y
2008,立委,區域,高雄縣,高雄縣第03選區,2,黃憲南,1,無黨籍及未經政黨推薦,317,0.25,N
2008,立委,區域,高雄縣,高雄縣第03選區,3,吳光訓,1,中國國民黨,53205,43,N
2008,立委,區域,高雄縣,高雄縣第03選區,4,徐慶煌,1,無黨籍及未經政黨推薦,13158,10.63,N
2008,立委,區域,高雄縣,高雄縣第03選區,5,簡宏德,1,台灣農民黨,996,0.8,N
2008,立委,區域,高雄縣,高雄縣第03選區,6,簡家弘,1,無黨籍及未經政黨推薦,199,0.16,N
2008,立委,區域,高雄縣,高雄縣第04選區,1,陳明政,1,第三社會黨,204,0.13,N
2008,立委,區域,高雄縣,高雄縣第04選區,2,吳隆傑,1,台灣團結聯盟,1095,0.74,N
2008,立委,區域,高雄縣,高雄縣第04選區,3,張美嫻,2,公民黨,266,0.18,N
2008,立委,區域,高雄縣,高雄縣第04選區,4,楊東杰,1,台灣農民黨,377,0.25,N
2008,立委,區域,高雄縣,高雄縣第04選區,5,林岱樺,2,民主進步黨,71450,48.45,N
2008,立委,區域,高雄縣,高雄縣第04選區,6,江玲君,2,中國國民黨,74062,50.22,Y
2008,立委,區域,屏東縣,屏東縣第01選區,1,王樹圍,1,無黨籍及未經政黨推薦,2355,1.74,N
2008,立委,區域,屏東縣,屏東縣第01選區,2,蕭立應,1,第三社會黨,470,0.34,N
2008,立委,區域,屏東縣,屏東縣第01選區,3,蔡豪,1,無黨籍及未經政黨推薦,58727,43.41,N
2008,立委,區域,屏東縣,屏東縣第01選區,4,藍群傑,1,無黨籍及未經政黨推薦,6656,4.92,N
2008,立委,區域,屏東縣,屏東縣第01選區,5,蘇震清,1,民主進步黨,63453,46.9,Y
2008,立委,區域,屏東縣,屏東縣第01選區,6,張惠怡,2,無黨籍及未經政黨推薦,3617,2.67,N
2008,立委,區域,屏東縣,屏東縣第02選區,1,李世斌,1,民主進步黨,52441,43.17,N
2008,立委,區域,屏東縣,屏東縣第02選區,2,王進士,1,中國國民黨,69027,56.82,Y
2008,立委,區域,屏東縣,屏東縣第03選區,1,潘孟安,1,民主進步黨,59896,51.3,Y
2008,立委,區域,屏東縣,屏東縣第03選區,2,蘇清泉,1,中國國民黨,50195,42.99,N
2008,立委,區域,屏東縣,屏東縣第03選區,3,周碧雲,2,無黨籍及未經政黨推薦,6653,5.69,N
2008,立委,區域,臺東縣,臺東縣第01選區,1,許志雄,1,無黨籍及未經政黨推薦,21080,37.01,N
2008,立委,區域,臺東縣,臺東縣第01選區,2,黃健庭,1,中國國民黨,34794,61.09,Y
2008,立委,區域,臺東縣,臺東縣第01選區,3,劉昀筑,2,客家黨,1078,1.89,N
2008,立委,區域,花蓮縣,花蓮縣第01選區,1,鍾寶珠,2,綠黨,2473,2.62,N
2008,立委,區域,花蓮縣,花蓮縣第01選區,2,盧博基,1,民主進步黨,27207,28.88,N
2008,立委,區域,花蓮縣,花蓮縣第01選區,3,傅崐萁,1,中國國民黨,62548,66.39,Y
2008,立委,區域,花蓮縣,花蓮縣第01選區,4,何智弘,1,大道慈悲濟世黨,172,0.18,N
2008,立委,區域,花蓮縣,花蓮縣第01選區,5,詹益萬,1,紅黨,682,0.72,N
2008,立委,區域,花蓮縣,花蓮縣第01選區,6,鍾尚廷,1,無黨籍及未經政黨推薦,1119,1.18,N
2008,立委,區域,澎湖縣,澎湖縣第01選區,1,歐中慨,1,無黨籍及未經政黨推薦,3373,8.73,N
2008,立委,區域,澎湖縣,澎湖縣第01選區,2,黃中陽,1,大道慈悲濟世黨,300,0.77,N
2008,立委,區域,澎湖縣,澎湖縣第01選區,3,陳光復,1,民主進步黨,15356,39.76,N
2008,立委,區域,澎湖縣,澎湖縣第01選區,4,林炳坤,1,無黨團結聯盟,19584,50.71,Y
2008,立委,區域,基隆市,基隆市第01選區,1,游祥耀,1,民主進步黨,41709,28.58,N
2008,立委,區域,基隆市,基隆市第01選區,2,呂貞中,1,公民黨,1869,1.28,N
2008,立委,區域,基隆市,基隆市第01選區,3,王醒之,1,綠黨,3426,2.34,N
2008,立委,區域,基隆市,基隆市第01選區,4,謝國樑,1,中國國民黨,98926,67.79,Y
2008,立委,區域,新竹市,新竹市第01選區,1,呂學樟,1,中國國民黨,99124,60.61,Y
2008,立委,區域,新竹市,新竹市第01選區,2,鄭宏輝,1,民主進步黨,62334,38.12,N
2008,立委,區域,新竹市,新竹市第01選區,3,鄧秀寶,2,民主自由黨,2059,1.25,N
2008,立委,區域,臺中市,臺中市第01選區,1,蔡明憲,1,民主進步黨,53471,38.7,N
2008,立委,區域,臺中市,臺中市第01選區,2,蔡錦隆,1,中國國民黨,84664,61.29,Y
2008,立委,區域,臺中市,臺中市第02選區,1,楊宗澧,1,第三社會黨,791,0.47,N
2008,立委,區域,臺中市,臺中市第02選區,2,沈智慧,2,無黨籍及未經政黨推薦,10714,6.37,N
2008,立委,區域,臺中市,臺中市第02選區,3,謝明源,1,民主進步黨,60582,36.06,N
2008,立委,區域,臺中市,臺中市第02選區,4,盧秀燕,2,中國國民黨,95873,57.08,Y
2008,立委,區域,臺中市,臺中市第03選區,1,賀姿華,2,無黨籍及未經政黨推薦,1673,1.2,N
2008,立委,區域,臺中市,臺中市第03選區,2,何敏豪,1,民主進步黨,59969,43.21,N
2008,立委,區域,臺中市,臺中市第03選區,3,林振東,1,民主自由黨,611,0.44,N
2008,立委,區域,臺中市,臺中市第03選區,4,王名江,1,大道慈悲濟世黨,322,0.23,N
2008,立委,區域,臺中市,臺中市第03選區,5,黃義交,1,中國國民黨,76209,54.91,Y
2008,立委,區域,嘉義市,嘉義市第01選區,1,凌子楚,1,台灣團結聯盟,14273,12.63,N
2008,立委,區域,嘉義市,嘉義市第01選區,2,江義雄,1,中國國民黨,52774,46.7,Y
2008,立委,區域,嘉義市,嘉義市第01選區,3,莊和子,2,民主進步黨,45293,40.08,N
2008,立委,區域,嘉義市,嘉義市第01選區,4,林瑞霞,2,綠黨,663,0.58,N
2008,立委,區域,臺南市,臺南市第01選區,1,陳亭妃,2,民主進步黨,86983,50.27,Y
2008,立委,區域,臺南市,臺南市第01選區,2,王昱婷,2,中國國民黨,86040,49.72,N
2008,立委,區域,臺南市,臺南市第02選區,1,高思博,1,中國國民黨,82566,48.35,N
2008,立委,區域,臺南市,臺南市第02選區,2,賴清德,1,民主進步黨,88172,51.64,Y
2008,立委,區域,金門縣,金門縣第01選區,1,陳福海,1,無黨籍及未經政黨推薦,9912,37.31,Y
2008,立委,區域,金門縣,金門縣第01選區,2,李沃士,1,無黨籍及未經政黨推薦,5274,19.85,N
2008,立委,區域,金門縣,金門縣第01選區,3,高絃騰,1,公民黨,39,0.14,N
2008,立委,區域,金門縣,金門縣第01選區,4,胡偉生,1,無黨籍及未經政黨推薦,1070,4.02,N
2008,立委,區域,金門縣,金門縣第01選區,5,唐惠霈,1,民主進步黨,431,1.62,N
2008,立委,區域,金門縣,金門縣第01選區,6,吳成典,1,中國國民黨,9838,37.03,N
2008,立委,區域,連江縣,連江縣第01選區,1,曹成俤,1,民主進步黨,142,3.23,N
2008,立委,區域,連江縣,連江縣第01選區,2,林惠官,1,親民黨,2064,47.03,N
2008,立委,區域,連江縣,連江縣第01選區,3,曹爾忠,1,中國國民黨,2182,49.72,Y
2008,立委,山地原住民,全國,01,1,薛宜蓁,2,公民黨,443,0.52,N
2008,立委,山地原住民,全國,01,2,孔文吉,1,中國國民黨,22391,26.54,Y
2008,立委,山地原住民,全國,01,3,簡東明,1,中國國民黨,22659,26.86,Y
2008,立委,山地原住民,全國,01,4,侯金助,1,民主進步黨,4420,5.23,N
2008,立委,山地原住民,全國,01,5,高金素梅,2,無黨團結聯盟,20012,23.72,Y
2008,立委,山地原住民,全國,01,6,林春德,1,親民黨,14265,16.91,N
2008,立委,山地原住民,全國,01,7,宋仁和,1,制憲聯盟,168,0.19,N
2008,立委,平地原住民,全國,01,1,林正二,1,親民黨,11925,18.19,Y
2008,立委,平地原住民,全國,01,2,廖國棟,1,中國國民黨,20156,30.76,Y
2008,立委,平地原住民,全國,01,3,宋進財,1,無黨籍及未經政黨推薦,10662,16.27,N
2008,立委,平地原住民,全國,01,4,陳秀惠,2,民主進步黨,5710,8.71,N
2008,立委,平地原住民,全國,01,5,楊仁福,1,中國國民黨,17069,26.05,Y
2009,議員,區域,宜蘭縣,宜蘭縣第01選區,1,江聰淵,1,民主進步黨,6056,12.54,Y
2009,議員,區域,宜蘭縣,宜蘭縣第01選區,2,林錫明,1,無黨籍及未經政黨推薦,4695,9.72,N
2009,議員,區域,宜蘭縣,宜蘭縣第01選區,3,余美雪,2,民主進步黨,3706,7.67,N
2009,議員,區域,宜蘭縣,宜蘭縣第01選區,4,唐璟誼,1,中國國民黨,949,1.96,N
2009,議員,區域,宜蘭縣,宜蘭縣第01選區,5,莊淑如,2,中國國民黨,2795,5.78,N
2009,議員,區域,宜蘭縣,宜蘭縣第01選區,6,賴瑞鼎,1,無黨籍及未經政黨推薦,5949,12.32,Y
2009,議員,區域,宜蘭縣,宜蘭縣第01選區,7,張建榮,1,中國國民黨,6560,13.58,Y
2009,議員,區域,宜蘭縣,宜蘭縣第01選區,8,林岳賢,1,中國國民黨,5857,12.13,Y
2009,議員,區域,宜蘭縣,宜蘭縣第01選區,9,江碧華,2,中國國民黨,6162,12.76,Y
2009,議員,區域,宜蘭縣,宜蘭縣第01選區,10,吳福田,1,民主進步黨,5546,11.48,Y
2009,議員,區域,宜蘭縣,宜蘭縣第02選區,1,蔡文益,1,中國國民黨,6226,38.77,Y
2009,議員,區域,宜蘭縣,宜蘭縣第02選區,2,林連春,1,民主進步黨,4084,25.43,N
2009,議員,區域,宜蘭縣,宜蘭縣第02選區,3,曹乾舜,1,中國國民黨,5243,32.65,Y
2009,議員,區域,宜蘭縣,宜蘭縣第02選區,4,吳幸義,1,無黨籍及未經政黨推薦,502,3.12,N
2009,議員,區域,宜蘭縣,宜蘭縣第03選區,1,李清林,1,中國國民黨,8054,45.74,Y
2009,議員,區域,宜蘭縣,宜蘭縣第03選區,2,吳宏謀,1,民主進步黨,9551,54.25,Y
2009,議員,區域,宜蘭縣,宜蘭縣第04選區,1,林萬春,1,無黨籍及未經政黨推薦,3027,18.26,N
2009,議員,區域,宜蘭縣,宜蘭縣第04選區,2,張漢東,1,民主進步黨,7262,43.82,Y
2009,議員,區域,宜蘭縣,宜蘭縣第04選區,3,黃浴沂,1,中國國民黨,6282,37.9,Y
2009,議員,區域,宜蘭縣,宜蘭縣第05選區,1,陳福山,1,民主進步黨,5255,34,Y
2009,議員,區域,宜蘭縣,宜蘭縣第05選區,2,歐耀北,1,中國國民黨,4480,28.99,N
2009,議員,區域,宜蘭縣,宜蘭縣第05選區,3,林水金,1,無黨籍及未經政黨推薦,5717,36.99,Y
2009,議員,區域,宜蘭縣,宜蘭縣第06選區,1,黃素琴,2,民主進步黨,6736,18.99,Y
2009,議員,區域,宜蘭縣,宜蘭縣第06選區,2,吳秋齡,2,中國國民黨,6177,17.41,Y
2009,議員,區域,宜蘭縣,宜蘭縣第06選區,3,陳鴻禧,1,中國國民黨,6753,19.03,Y
2009,議員,區域,宜蘭縣,宜蘭縣第06選區,4,謝志得,1,民主進步黨,5027,14.17,Y
2009,議員,區域,宜蘭縣,宜蘭縣第06選區,5,劉添梧,1,民主進步黨,6179,17.42,Y
2009,議員,區域,宜蘭縣,宜蘭縣第06選區,6,陳漢鍾,1,中國國民黨,4596,12.95,N
2009,議員,區域,宜蘭縣,宜蘭縣第07選區,1,黃適超,1,民主進步黨,7102,33.38,Y
2009,議員,區域,宜蘭縣,宜蘭縣第07選區,2,林富美,2,無黨籍及未經政黨推薦,3247,15.26,N
2009,議員,區域,宜蘭縣,宜蘭縣第07選區,3,沈德茂,1,民主進步黨,4728,22.22,Y
2009,議員,區域,宜蘭縣,宜蘭縣第07選區,4,林朝旺,1,中國國民黨,4334,20.37,Y
2009,議員,區域,宜蘭縣,宜蘭縣第07選區,5,陳長義,1,無黨籍及未經政黨推薦,1860,8.74,N
2009,議員,區域,宜蘭縣,宜蘭縣第08選區,1,楊政誠,1,中國國民黨,5766,20.33,Y
2009,議員,區域,宜蘭縣,宜蘭縣第08選區,2,余玫,2,中國國民黨,2560,9.02,N
2009,議員,區域,宜蘭縣,宜蘭縣第08選區,3,邱素梅,2,民主進步黨,4121,14.53,Y
2009,議員,區域,宜蘭縣,宜蘭縣第08選區,4,張秋明,1,民主進步黨,4499,15.86,Y
2009,議員,區域,宜蘭縣,宜蘭縣第08選區,5,林定國,1,中國國民黨,2977,10.49,N
2009,議員,區域,宜蘭縣,宜蘭縣第08選區,6,陳慧珠,2,無黨籍及未經政黨推薦,1579,5.56,N
2009,議員,區域,宜蘭縣,宜蘭縣第08選區,7,游祥德,1,民主進步黨,6857,24.17,Y
2009,議員,區域,宜蘭縣,宜蘭縣第09選區,1,曾茂照,1,無黨籍及未經政黨推薦,1437,11.09,N
2009,議員,區域,宜蘭縣,宜蘭縣第09選區,2,李志鏞,1,中國國民黨,4813,37.17,Y
2009,議員,區域,宜蘭縣,宜蘭縣第09選區,3,陳坤,1,無黨籍及未經政黨推薦,2341,18.08,N
2009,議員,區域,宜蘭縣,宜蘭縣第09選區,4,簡德旺,1,民主進步黨,4357,33.64,Y
2009,議員,區域,宜蘭縣,宜蘭縣第10選區,1,陳正男,1,民主進步黨,4865,21.71,Y
2009,議員,區域,宜蘭縣,宜蘭縣第10選區,2,李芳村,1,民主進步黨,3618,16.14,N
2009,議員,區域,宜蘭縣,宜蘭縣第10選區,3,陳金麟,1,中國國民黨,7339,32.75,Y
2009,議員,區域,宜蘭縣,宜蘭縣第10選區,4,林棋山,1,中國國民黨,6583,29.38,Y
2009,議員,區域,桃園縣,桃園縣第01選區,1,黃景熙,1,無黨籍及未經政黨推薦,11642,8.27,Y
2009,議員,區域,桃園縣,桃園縣第01選區,2,林政賢,1,中國國民黨,8581,6.1,Y
2009,議員,區域,桃園縣,桃園縣第01選區,3,詹江村,1,中國國民黨,8113,5.76,Y
2009,議員,區域,桃園縣,桃園縣第01選區,4,卓德樹,1,中國國民黨,4817,3.42,N
2009,議員,區域,桃園縣,桃園縣第01選區,5,黃婉如,2,中國國民黨,10562,7.5,Y
2009,議員,區域,桃園縣,桃園縣第01選區,6,甘乃迪,1,台灣國民黨,208,0.14,N
2009,議員,區域,桃園縣,桃園縣第01選區,8,黃婷鈺,2,無黨籍及未經政黨推薦,6101,4.33,N
2009,議員,區域,桃園縣,桃園縣第01選區,9,黃哲鍾,1,無黨籍及未經政黨推薦,6318,4.49,Y
2009,議員,區域,桃園縣,桃園縣第01選區,10,廖輝星,1,民主進步黨,12691,9.02,Y
2009,議員,區域,桃園縣,桃園縣第01選區,11,黃智銘,1,無黨籍及未經政黨推薦,7462,5.3,Y
2009,議員,區域,桃園縣,桃園縣第01選區,12,萬美玲,2,中國國民黨,13414,9.53,Y
2009,議員,區域,桃園縣,桃園縣第01選區,13,陳美梅,2,無黨籍及未經政黨推薦,6162,4.38,Y
2009,議員,區域,桃園縣,桃園縣第01選區,14,林國政,1,無黨籍及未經政黨推薦,3784,2.69,N
2009,議員,區域,桃園縣,桃園縣第01選區,15,郭貴香,2,無黨籍及未經政黨推薦,4341,3.08,N
2009,議員,區域,桃園縣,桃園縣第01選區,16,高世嘉,1,中國國民黨,4455,3.16,N
2009,議員,區域,桃園縣,桃園縣第01選區,17,呂秀紋,2,無黨籍及未經政黨推薦,2696,1.91,N
2009,議員,區域,桃園縣,桃園縣第01選區,18,陳宗義,1,民主進步黨,9593,6.82,Y
2009,議員,區域,桃園縣,桃園縣第01選區,19,李曉鐘,1,無黨籍及未經政黨推薦,8114,5.76,Y
2009,議員,區域,桃園縣,桃園縣第01選區,20,邱素芬,2,民主進步黨,11589,8.24,Y
2009,議員,區域,桃園縣,桃園縣第02選區,1,蔡炤正,1,無黨籍及未經政黨推薦,3313,6.9,N
2009,議員,區域,桃園縣,桃園縣第02選區,2,許森能,1,民主進步黨,9174,19.13,Y
2009,議員,區域,桃園縣,桃園縣第02選區,3,林明義,1,中國國民黨,7532,15.7,N
2009,議員,區域,桃園縣,桃園縣第02選區,4,李雲強,1,中國國民黨,8336,17.38,Y
2009,議員,區域,桃園縣,桃園縣第02選區,5,李麗珠,2,中國國民黨,7979,16.63,Y
2009,議員,區域,桃園縣,桃園縣第02選區,6,林俐玲,2,民主進步黨,10568,22.03,Y
2009,議員,區域,桃園縣,桃園縣第02選區,7,謝章侃,1,無黨籍及未經政黨推薦,1049,2.18,N
2009,議員,區域,桃園縣,桃園縣第03選區,1,呂林小鳳,2,民主進步黨,12633,19.56,Y
2009,議員,區域,桃園縣,桃園縣第03選區,2,邱奕澄,1,無黨籍及未經政黨推薦,4249,6.58,N
2009,議員,區域,桃園縣,桃園縣第03選區,3,劉茂羣,2,中國國民黨,9005,13.94,Y
2009,議員,區域,桃園縣,桃園縣第03選區,4,呂淑真,2,中國國民黨,10045,15.55,Y
2009,議員,區域,桃園縣,桃園縣第03選區,5,張文瑜,2,民主進步黨,10520,16.29,Y
2009,議員,區域,桃園縣,桃園縣第03選區,6,鄭銀福,1,中國國民黨,7291,11.29,N
2009,議員,區域,桃園縣,桃園縣第03選區,7,趙正宇,1,中國國民黨,10818,16.75,Y
2009,議員,區域,桃園縣,桃園縣第04選區,1,郭麗華,2,無黨籍及未經政黨推薦,3481,7.06,N
2009,議員,區域,桃園縣,桃園縣第04選區,2,黃淑芬,2,無黨籍及未經政黨推薦,3661,7.43,N
2009,議員,區域,桃園縣,桃園縣第04選區,3,許清順,1,民主進步黨,14542,29.52,Y
2009,議員,區域,桃園縣,桃園縣第04選區,5,呂宏仁,1,中國國民黨,6265,12.72,Y
2009,議員,區域,桃園縣,桃園縣第04選區,6,李訓求,1,無黨籍及未經政黨推薦,9183,18.64,Y
2009,議員,區域,桃園縣,桃園縣第04選區,7,陳宇桓,1,無黨籍及未經政黨推薦,3131,6.35,N
2009,議員,區域,桃園縣,桃園縣第04選區,8,陳麗莉,2,中國國民黨,8985,18.24,Y
2009,議員,區域,桃園縣,桃園縣第05選區,1,徐其萬,1,中國國民黨,10032,28.79,Y
2009,議員,區域,桃園縣,桃園縣第05選區,2,陳瑞昌,1,中國國民黨,8509,24.42,N
2009,議員,區域,桃園縣,桃園縣第05選區,3,楊謙讓,1,民主進步黨,6292,18.06,N
2009,議員,區域,桃園縣,桃園縣第05選區,4,王淳長,1,無黨籍及未經政黨推薦,10004,28.71,Y
2009,議員,區域,桃園縣,桃園縣第06選區,1,邱伶樺,2,無黨籍及未經政黨推薦,2363,5.93,N
2009,議員,區域,桃園縣,桃園縣第06選區,2,陳治文,2,民主進步黨,14816,37.22,Y
2009,議員,區域,桃園縣,桃園縣第06選區,3,楊朝偉,1,中國國民黨,8571,21.53,Y
2009,議員,區域,桃園縣,桃園縣第06選區,4,李柏坊,1,中國國民黨,9571,24.04,Y
2009,議員,區域,桃園縣,桃園縣第06選區,5,黃德隆,1,民主進步黨,4476,11.24,N
2009,議員,區域,桃園縣,桃園縣第07選區,1,張運炳,1,無黨籍及未經政黨推薦,10510,7.4,Y
2009,議員,區域,桃園縣,桃園縣第07選區,2,梁新武,1,民主進步黨,10766,7.58,Y
2009,議員,區域,桃園縣,桃園縣第07選區,3,葉明月,2,中國國民黨,9160,6.45,Y
2009,議員,區域,桃園縣,桃園縣第07選區,4,徐景文,1,民主進步黨,11539,8.13,Y
2009,議員,區域,桃園縣,桃園縣第07選區,5,陳富豐,1,無黨籍及未經政黨推薦,5173,3.64,N
2009,議員,區域,桃園縣,桃園縣第07選區,6,蔡勝烘,1,中國國民黨,4684,3.3,N
2009,議員,區域,桃園縣,桃園縣第07選區,7,蔣中千,1,無黨籍及未經政黨推薦,7460,5.25,Y
2009,議員,區域,桃園縣,桃園縣第07選區,8,王興業,1,無黨籍及未經政黨推薦,7132,5.02,N
2009,議員,區域,桃園縣,桃園縣第07選區,9,傅淑香,2,民主進步黨,13736,9.68,Y
2009,議員,區域,桃園縣,桃園縣第07選區,10,葉連燈,1,親民黨,1054,0.74,N
2009,議員,區域,桃園縣,桃園縣第07選區,11,鍾和貴,1,中國國民黨,6407,4.51,N
2009,議員,區域,桃園縣,桃園縣第07選區,12,邱奕勝,1,中國國民黨,11875,8.37,Y
2009,議員,區域,桃園縣,桃園縣第07選區,13,洪奕巔,1,中國國民黨,7279,5.13,N
2009,議員,區域,桃園縣,桃園縣第07選區,14,劉曾玉春,2,無黨籍及未經政黨推薦,12820,9.03,Y
2009,議員,區域,桃園縣,桃園縣第07選區,15,梁為超,1,中國國民黨,10837,7.63,Y
2009,議員,區域,桃園縣,桃園縣第07選區,16,沐平波,2,中國國民黨,11441,8.06,Y
2009,議員,區域,桃園縣,桃園縣第08選區,1,舒翠玲,2,中國國民黨,9088,12.28,Y
2009,議員,區域,桃園縣,桃園縣第08選區,2,劉邦鉉,1,中國國民黨,6979,9.43,Y
2009,議員,區域,桃園縣,桃園縣第08選區,3,鄧仁艾,1,中國國民黨,7389,9.98,Y
2009,議員,區域,桃園縣,桃園縣第08選區,4,劉俊儀,1,無黨籍及未經政黨推薦,3848,5.2,N
2009,議員,區域,桃園縣,桃園縣第08選區,5,謝彰文,2,中國國民黨,10032,13.55,Y
2009,議員,區域,桃園縣,桃園縣第08選區,6,林德忠,1,中國國民黨,5774,7.8,N
2009,議員,區域,桃園縣,桃園縣第08選區,7,羅文欽,1,民主進步黨,11352,15.34,Y
2009,議員,區域,桃園縣,桃園縣第08選區,8,李月琴,2,無黨籍及未經政黨推薦,6802,9.19,N
2009,議員,區域,桃園縣,桃園縣第08選區,9,莊玉輝,1,無黨籍及未經政黨推薦,8740,11.81,Y
2009,議員,區域,桃園縣,桃園縣第08選區,10,陳美玉,2,無黨籍及未經政黨推薦,3981,5.38,N
2009,議員,區域,桃園縣,桃園縣第09選區,1,彭盛山,1,無黨籍及未經政黨推薦,5893,10.74,N
2009,議員,區域,桃園縣,桃園縣第09選區,2,陳賴素美,2,民主進步黨,13078,23.83,Y
2009,議員,區域,桃園縣,桃園縣第09選區,3,張火爐,1,民主進步黨,11019,20.08,Y
2009,議員,區域,桃園縣,桃園縣第09選區,4,李家興,1,中國國民黨,9692,17.66,Y
2009,議員,區域,桃園縣,桃園縣第09選區,5,古秀烽,1,無黨籍及未經政黨推薦,2806,5.11,N
2009,議員,區域,桃園縣,桃園縣第09選區,6,周玉琴,2,中國國民黨,12371,22.55,Y
2009,議員,區域,桃園縣,桃園縣第10選區,1,魏雪卿,2,中國國民黨,10088,22.98,Y
2009,議員,區域,桃園縣,桃園縣第10選區,2,張肇良,1,民主進步黨,15178,34.58,Y
2009,議員,區域,桃園縣,桃園縣第10選區,3,徐玉樹,1,無黨籍及未經政黨推薦,8010,18.25,N
2009,議員,區域,桃園縣,桃園縣第10選區,4,𨶒中傑,1,中國國民黨,10608,24.17,Y
2009,議員,區域,桃園縣,桃園縣第11選區,1,謝浩來,1,無黨籍及未經政黨推薦,5523,23.2,N
2009,議員,區域,桃園縣,桃園縣第11選區,2,邱佳亮,1,無黨籍及未經政黨推薦,9367,39.35,Y
2009,議員,區域,桃園縣,桃園縣第11選區,3,許國楣,1,無黨籍及未經政黨推薦,8912,37.44,N
2009,議員,區域,桃園縣,桃園縣第12選區,1,莊阿松,1,無黨籍及未經政黨推薦,7170,27.43,N
2009,議員,區域,桃園縣,桃園縣第12選區,2,吳宗憲,1,中國國民黨,10199,39.03,Y
2009,議員,區域,桃園縣,桃園縣第12選區,3,郭蔡美英,2,民主進步黨,8762,33.53,Y
2009,議員,區域,新竹縣,新竹縣第01選區,1,陳凱榮,1,中國國民黨,3145,5.14,N
2009,議員,區域,新竹縣,新竹縣第01選區,2,徐欣瑩,2,中國國民黨,8117,13.28,Y
2009,議員,區域,新竹縣,新竹縣第01選區,3,蔡志環,2,中國國民黨,2461,4.02,N
2009,議員,區域,新竹縣,新竹縣第01選區,4,蘇明輝,1,無黨籍及未經政黨推薦,3359,5.49,Y
2009,議員,區域,新竹縣,新竹縣第01選區,5,鄭美琴,2,無黨籍及未經政黨推薦,5025,8.22,Y
2009,議員,區域,新竹縣,新竹縣第01選區,6,高偉凱,1,勞動黨,4736,7.75,Y
2009,議員,區域,新竹縣,新竹縣第01選區,7,林為洲,1,無黨籍及未經政黨推薦,4580,7.49,Y
2009,議員,區域,新竹縣,新竹縣第01選區,8,陳見賢,1,中國國民黨,5149,8.43,Y
2009,議員,區域,新竹縣,新竹縣第01選區,9,張葉芬英,2,民主進步黨,5648,9.24,Y
2009,議員,區域,新竹縣,新竹縣第01選區,10,杜文中,1,中國國民黨,2982,4.88,N
2009,議員,區域,新竹縣,新竹縣第01選區,11,何淦銘,1,無黨籍及未經政黨推薦,5698,9.32,Y
2009,議員,區域,新竹縣,新竹縣第01選區,12,林保光,1,中國國民黨,4699,7.69,Y
2009,議員,區域,新竹縣,新竹縣第01選區,13,黃齡慧,2,無黨籍及未經政黨推薦,2741,4.48,N
2009,議員,區域,新竹縣,新竹縣第01選區,14,陳榮燦,1,中國國民黨,2736,4.47,N
2009,議員,區域,新竹縣,新竹縣第02選區,1,吳菊花,2,中國國民黨,5614,14.97,Y
2009,議員,區域,新竹縣,新竹縣第02選區,2,甄克堅,1,中國國民黨,4975,13.27,N
2009,議員,區域,新竹縣,新竹縣第02選區,3,林志華,1,中國國民黨,10090,26.91,Y
2009,議員,區域,新竹縣,新竹縣第02選區,4,吳淑君,2,中國國民黨,5857,15.62,Y
2009,議員,區域,新竹縣,新竹縣第02選區,5,黃永傳,1,中國國民黨,5086,13.56,Y
2009,議員,區域,新竹縣,新竹縣第02選區,6,陳栢維,1,無黨籍及未經政黨推薦,5865,15.64,Y
2009,議員,區域,新竹縣,新竹縣第03選區,1,吳寀璇,2,無黨籍及未經政黨推薦,2894,12.58,N
2009,議員,區域,新竹縣,新竹縣第03選區,2,羅春蘭,2,無黨籍及未經政黨推薦,2304,10.01,N
2009,議員,區域,新竹縣,新竹縣第03選區,3,黃金樓,1,中國國民黨,4325,18.8,Y
2009,議員,區域,新竹縣,新竹縣第03選區,4,蘇雯英,2,無黨籍及未經政黨推薦,1304,5.66,N
2009,議員,區域,新竹縣,新竹縣第03選區,5,吳淑女,2,中國國民黨,3383,14.7,Y
2009,議員,區域,新竹縣,新竹縣第03選區,6,鄭清漢,1,無黨籍及未經政黨推薦,3606,15.67,Y
2009,議員,區域,新竹縣,新竹縣第03選區,7,史金象,1,民主進步黨,5186,22.54,Y
2009,議員,區域,新竹縣,新竹縣第04選區,1,嚴永秋,1,無黨籍及未經政黨推薦,5262,30.56,Y
2009,議員,區域,新竹縣,新竹縣第04選區,2,羅吉坤,1,中國國民黨,5011,29.1,N
2009,議員,區域,新竹縣,新竹縣第04選區,3,劉良彬,1,中國國民黨,6942,40.32,Y
2009,議員,區域,新竹縣,新竹縣第05選區,1,陳英樓,1,中國國民黨,7157,36.88,Y
2009,議員,區域,新竹縣,新竹縣第05選區,2,林保祿,1,無黨籍及未經政黨推薦,6388,32.92,Y
2009,議員,區域,新竹縣,新竹縣第05選區,3,陳英西,1,無黨籍及未經政黨推薦,741,3.81,N
2009,議員,區域,新竹縣,新竹縣第05選區,4,范曰富,1,中國國民黨,5118,26.37,N
2009,議員,區域,新竹縣,新竹縣第06選區,1,張志弘,1,中國國民黨,8111,100,Y
2009,議員,區域,新竹縣,新竹縣第07選區,1,林政良,1,中國國民黨,6467,55.69,Y
2009,議員,區域,新竹縣,新竹縣第07選區,2,林礽俊,1,中國國民黨,5144,44.3,N
2009,議員,區域,新竹縣,新竹縣第08選區,1,盧東文,1,中國國民黨,5970,13.64,Y
2009,議員,區域,新竹縣,新竹縣第08選區,2,上官秋燕,2,無黨籍及未經政黨推薦,2430,5.55,N
2009,議員,區域,新竹縣,新竹縣第08選區,3,林思銘,1,中國國民黨,6094,13.93,Y
2009,議員,區域,新竹縣,新竹縣第08選區,4,羅吉祥,1,中國國民黨,6632,15.16,Y
2009,議員,區域,新竹縣,新竹縣第08選區,6,鄭朝鐘,1,無黨籍及未經政黨推薦,4067,9.29,N
2009,議員,區域,新竹縣,新竹縣第08選區,7,郭遠彰,1,中國國民黨,6044,13.81,Y
2009,議員,區域,新竹縣,新竹縣第08選區,8,吳勝松,1,中國國民黨,7891,18.03,Y
2009,議員,區域,新竹縣,新竹縣第08選區,9,彭余美玲,2,中國國民黨,4616,10.55,Y
2009,議員,區域,新竹縣,新竹縣第09選區,1,徐振烽,1,中國國民黨,3345,44.53,N
2009,議員,區域,新竹縣,新竹縣第09選區,2,邱振瑋,1,無黨籍及未經政黨推薦,4166,55.46,Y
2009,議員,區域,新竹縣,新竹縣第10選區,1,陳正順,1,中國國民黨,3715,39.06,Y
2009,議員,區域,新竹縣,新竹縣第10選區,2,劉國貞,1,無黨籍及未經政黨推薦,3460,36.37,N
2009,議員,區域,新竹縣,新竹縣第10選區,3,彭德照,1,中國國民黨,2336,24.56,N
2009,議員,區域,苗栗縣,苗栗縣第01選區,1,胡忠勇,1,無黨籍及未經政黨推薦,4872,7.05,Y
2009,議員,區域,苗栗縣,苗栗縣第01選區,2,謝文禓,1,中國國民黨,3490,5.05,N
2009,議員,區域,苗栗縣,苗栗縣第01選區,3,孫素娥,2,中國國民黨,5222,7.55,Y
2009,議員,區域,苗栗縣,苗栗縣第01選區,4,詹運喜,1,民主進步黨,6412,9.28,Y
2009,議員,區域,苗栗縣,苗栗縣第01選區,5,楊燕梅,2,中國國民黨,1039,1.5,N
2009,議員,區域,苗栗縣,苗栗縣第01選區,6,徐集明,1,中國國民黨,5846,8.46,Y
2009,議員,區域,苗栗縣,苗栗縣第01選區,7,涂春榮,1,中國國民黨,4861,7.03,Y
2009,議員,區域,苗栗縣,苗栗縣第01選區,8,禹耀東,1,中國國民黨,4985,7.21,Y
2009,議員,區域,苗栗縣,苗栗縣第01選區,9,賴源順,1,無黨籍及未經政黨推薦,4828,6.98,Y
2009,議員,區域,苗栗縣,苗栗縣第01選區,10,王培珠,2,中國國民黨,3765,5.45,N
2009,議員,區域,苗栗縣,苗栗縣第01選區,11,鄭碧玉,2,中國國民黨,4424,6.4,N
2009,議員,區域,苗栗縣,苗栗縣第01選區,12,湯范秀妃,2,無黨籍及未經政黨推薦,3803,5.5,N
2009,議員,區域,苗栗縣,苗栗縣第01選區,13,湯維岳,1,無黨籍及未經政黨推薦,4281,6.19,N
2009,議員,區域,苗栗縣,苗栗縣第01選區,14,傅學煥,1,中國國民黨,4557,6.59,N
2009,議員,區域,苗栗縣,苗栗縣第01選區,15,王士毅,1,中國國民黨,4765,6.89,Y
2009,議員,區域,苗栗縣,苗栗縣第01選區,16,陳富興,1,中國國民黨,1928,2.79,N
2009,議員,區域,苗栗縣,苗栗縣第02選區,1,黎旭欽,1,中國國民黨,5345,20.35,N
2009,議員,區域,苗栗縣,苗栗縣第02選區,2,韓茂賢,1,中國國民黨,6582,25.06,Y
2009,議員,區域,苗栗縣,苗栗縣第02選區,3,吳昌運,1,無黨籍及未經政黨推薦,7597,28.92,Y
2009,議員,區域,苗栗縣,苗栗縣第02選區,4,張家靜,2,中國國民黨,6736,25.65,Y
2009,議員,區域,苗栗縣,苗栗縣第03選區,1,張太陽,1,無黨籍及未經政黨推薦,7036,15.33,Y
2009,議員,區域,苗栗縣,苗栗縣第03選區,2,劉秋東,1,中國國民黨,6739,14.69,Y
2009,議員,區域,苗栗縣,苗栗縣第03選區,3,李聰祥,1,民主進步黨,6262,13.65,Y
2009,議員,區域,苗栗縣,苗栗縣第03選區,4,葉益男,1,無黨籍及未經政黨推薦,3671,8,N
2009,議員,區域,苗栗縣,苗栗縣第03選區,5,邱紹俊,1,無黨籍及未經政黨推薦,4435,9.66,N
2009,議員,區域,苗栗縣,苗栗縣第03選區,6,林淑惠,2,無黨籍及未經政黨推薦,2638,5.75,N
2009,議員,區域,苗栗縣,苗栗縣第03選區,7,巫恒昭,1,無黨籍及未經政黨推薦,5869,12.79,Y
2009,議員,區域,苗栗縣,苗栗縣第03選區,8,劉寶鈴,2,無黨籍及未經政黨推薦,3126,6.81,N
2009,議員,區域,苗栗縣,苗栗縣第03選區,9,呂木鈿,1,中國國民黨,6092,13.28,Y
2009,議員,區域,苗栗縣,苗栗縣第04選區,1,林寶珠,2,中國國民黨,5631,8.88,Y
2009,議員,區域,苗栗縣,苗栗縣第04選區,2,洪水桔,1,中國國民黨,4164,6.57,N
2009,議員,區域,苗栗縣,苗栗縣第04選區,3,鄭秋風,1,中國國民黨,6890,10.87,Y
2009,議員,區域,苗栗縣,苗栗縣第04選區,4,謝芳紋,2,民主進步黨,6843,10.8,Y
2009,議員,區域,苗栗縣,苗栗縣第04選區,5,林清錦,1,無黨籍及未經政黨推薦,3686,5.81,N
2009,議員,區域,苗栗縣,苗栗縣第04選區,6,解萬安,1,無黨籍及未經政黨推薦,1811,2.85,N
2009,議員,區域,苗栗縣,苗栗縣第04選區,7,林樹文,1,中國國民黨,3955,6.24,N
2009,議員,區域,苗栗縣,苗栗縣第04選區,8,陳明朝,1,中國國民黨,6933,10.94,Y
2009,議員,區域,苗栗縣,苗栗縣第04選區,9,李文斌,1,中國國民黨,6727,10.61,Y
2009,議員,區域,苗栗縣,苗栗縣第04選區,10,陳志平,1,無黨籍及未經政黨推薦,861,1.35,N
2009,議員,區域,苗栗縣,苗栗縣第04選區,11,陳碧華,2,中國國民黨,4690,7.4,Y
2009,議員,區域,苗栗縣,苗栗縣第04選區,12,謝端容,2,無黨籍及未經政黨推薦,5862,9.25,Y
2009,議員,區域,苗栗縣,苗栗縣第04選區,13,蔡平偉,1,無黨籍及未經政黨推薦,5292,8.35,Y
2009,議員,區域,苗栗縣,苗栗縣第05選區,1,羅雪珠,2,無黨籍及未經政黨推薦,5225,9.9,Y
2009,議員,區域,苗栗縣,苗栗縣第05選區,2,劉福明,1,中國國民黨,3527,6.68,N
2009,議員,區域,苗栗縣,苗栗縣第05選區,3,陳月娥,2,無黨籍及未經政黨推薦,857,1.62,N
2009,議員,區域,苗栗縣,苗栗縣第05選區,4,陳永賢,1,中國國民黨,4858,9.2,Y
2009,議員,區域,苗栗縣,苗栗縣第05選區,5,陳秀龍,1,無黨籍及未經政黨推薦,2895,5.48,N
2009,議員,區域,苗栗縣,苗栗縣第05選區,6,李清枝,1,中國國民黨,3930,7.44,N
2009,議員,區域,苗栗縣,苗栗縣第05選區,7,邱秋琴,2,無黨籍及未經政黨推薦,4175,7.91,Y
2009,議員,區域,苗栗縣,苗栗縣第05選區,8,饒鴻奇,1,無黨籍及未經政黨推薦,2929,5.55,N
2009,議員,區域,苗栗縣,苗栗縣第05選區,9,游忠鈿,1,中國國民黨,6087,11.53,Y
2009,議員,區域,苗栗縣,苗栗縣第05選區,10,練錫忠,1,中國國民黨,2488,4.71,N
2009,議員,區域,苗栗縣,苗栗縣第05選區,11,溫志強,1,中國國民黨,5727,10.85,Y
2009,議員,區域,苗栗縣,苗栗縣第05選區,12,鍾福貴,1,中國國民黨,4567,8.65,Y
2009,議員,區域,苗栗縣,苗栗縣第05選區,13,李貴富,1,民主進步黨,5504,10.43,Y
2009,議員,區域,苗栗縣,苗栗縣第06選區,1,楊恭林,1,無黨籍及未經政黨推薦,6245,27.24,Y
2009,議員,區域,苗栗縣,苗栗縣第06選區,2,朱泰平,1,無黨籍及未經政黨推薦,482,2.1,N
2009,議員,區域,苗栗縣,苗栗縣第06選區,3,徐欽鴻,1,無黨籍及未經政黨推薦,6883,30.03,Y
2009,議員,區域,苗栗縣,苗栗縣第06選區,4,陳春暖,2,無黨籍及未經政黨推薦,4295,18.74,N
2009,議員,區域,苗栗縣,苗栗縣第06選區,5,楊慶汶,1,無黨籍及未經政黨推薦,5013,21.87,Y
2009,議員,區域,彰化縣,彰化縣第01選區,1,白閔傑,1,無黨籍及未經政黨推薦,11525,7.8,Y
2009,議員,區域,彰化縣,彰化縣第01選區,2,陳慧敏,2,無黨籍及未經政黨推薦,3796,2.56,N
2009,議員,區域,彰化縣,彰化縣第01選區,3,涂元生,1,中國國民黨,3579,2.42,N
2009,議員,區域,彰化縣,彰化縣第01選區,4,許原龍,1,無黨籍及未經政黨推薦,8593,5.81,Y
2009,議員,區域,彰化縣,彰化縣第01選區,5,黃秀芳,2,民主進步黨,12732,8.61,Y
2009,議員,區域,彰化縣,彰化縣第01選區,6,張東正,1,無黨籍及未經政黨推薦,5451,3.68,N
2009,議員,區域,彰化縣,彰化縣第01選區,7,曾世勇,1,中國國民黨,6824,4.61,Y
2009,議員,區域,彰化縣,彰化縣第01選區,8,唐鎮林,1,無黨籍及未經政黨推薦,5619,3.8,N
2009,議員,區域,彰化縣,彰化縣第01選區,9,白玉如,2,中國國民黨,7788,5.27,Y
2009,議員,區域,彰化縣,彰化縣第01選區,10,黃千宴,2,中國國民黨,6260,4.23,Y
2009,議員,區域,彰化縣,彰化縣第01選區,11,顧黃水花,2,中國國民黨,6875,4.65,Y
2009,議員,區域,彰化縣,彰化縣第01選區,12,盧盈宏,1,無黨籍及未經政黨推薦,9823,6.64,Y
2009,議員,區域,彰化縣,彰化縣第01選區,13,施淑珍,2,無黨籍及未經政黨推薦,2232,1.51,N
2009,議員,區域,彰化縣,彰化縣第01選區,14,黃健彰,1,無黨籍及未經政黨推薦,8948,6.05,Y
2009,議員,區域,彰化縣,彰化縣第01選區,15,賴岸璋,1,民主進步黨,12858,8.7,Y
2009,議員,區域,彰化縣,彰化縣第01選區,16,許加慧,2,無黨籍及未經政黨推薦,2191,1.48,N
2009,議員,區域,彰化縣,彰化縣第01選區,17,黃育寬,1,民主進步黨,6744,4.56,Y
2009,議員,區域,彰化縣,彰化縣第01選區,18,林維浩,1,民主進步黨,5110,3.45,N
2009,議員,區域,彰化縣,彰化縣第01選區,19,林滄喜,1,無黨籍及未經政黨推薦,9803,6.63,Y
2009,議員,區域,彰化縣,彰化縣第01選區,20,林茂明,1,無黨籍及未經政黨推薦,6101,4.12,Y
2009,議員,區域,彰化縣,彰化縣第01選區,21,林招膨,1,台灣團結聯盟,4885,3.3,N
2009,議員,區域,彰化縣,彰化縣第02選區,1,林聖哲,1,中國國民黨,9861,11.31,Y
2009,議員,區域,彰化縣,彰化縣第02選區,2,梁禎祥,1,民主進步黨,11015,12.63,Y
2009,議員,區域,彰化縣,彰化縣第02選區,3,葉寧鋒,1,無黨籍及未經政黨推薦,11199,12.84,Y
2009,議員,區域,彰化縣,彰化縣第02選區,4,施性鍾,1,中國國民黨,7998,9.17,N
2009,議員,區域,彰化縣,彰化縣第02選區,5,凃淑媚,2,中國國民黨,10608,12.16,Y
2009,議員,區域,彰化縣,彰化縣第02選區,6,楊竣程,1,中國國民黨,8614,9.88,Y
2009,議員,區域,彰化縣,彰化縣第02選區,7,陳益昌,1,無黨籍及未經政黨推薦,4992,5.72,N
2009,議員,區域,彰化縣,彰化縣第02選區,8,黃振彥,1,民主進步黨,13221,15.16,Y
2009,議員,區域,彰化縣,彰化縣第02選區,9,陳秀寶,2,無黨籍及未經政黨推薦,9666,11.08,Y
2009,議員,區域,彰化縣,彰化縣第03選區,1,柯振杯,1,中國國民黨,7515,11.64,Y
2009,議員,區域,彰化縣,彰化縣第03選區,2,阮厚爵,1,中國國民黨,13860,21.47,Y
2009,議員,區域,彰化縣,彰化縣第03選區,3,王文東,1,台灣團結聯盟,2073,3.21,N
2009,議員,區域,彰化縣,彰化縣第03選區,4,王國忠,1,無黨籍及未經政黨推薦,4270,6.61,N
2009,議員,區域,彰化縣,彰化縣第03選區,5,黃寶隆,1,無黨籍及未經政黨推薦,4849,7.51,Y
2009,議員,區域,彰化縣,彰化縣第03選區,6,蔡端欉,1,中國國民黨,3830,5.93,N
2009,議員,區域,彰化縣,彰化縣第03選區,7,賴清美,2,民主進步黨,11001,17.04,Y
2009,議員,區域,彰化縣,彰化縣第03選區,8,陳錦玉,2,中國國民黨,5867,9.08,Y
2009,議員,區域,彰化縣,彰化縣第03選區,9,羅文保,1,無黨籍及未經政黨推薦,2827,4.37,N
2009,議員,區域,彰化縣,彰化縣第03選區,10,尤瑞春,2,民主進步黨,8455,13.09,Y
2009,議員,區域,彰化縣,彰化縣第04選區,1,黃正盛,1,無黨籍及未經政黨推薦,8189,8.88,Y
2009,議員,區域,彰化縣,彰化縣第04選區,2,陳素月,2,民主進步黨,13888,15.06,Y
2009,議員,區域,彰化縣,彰化縣第04選區,3,張錦昆,1,中國國民黨,10786,11.7,Y
2009,議員,區域,彰化縣,彰化縣第04選區,4,黃建彰,1,無黨籍及未經政黨推薦,6749,7.32,N
2009,議員,區域,彰化縣,彰化縣第04選區,5,江瑞演,1,民主進步黨,13032,14.13,Y
2009,議員,區域,彰化縣,彰化縣第04選區,6,張雪如,2,中國國民黨,8812,9.55,Y
2009,議員,區域,彰化縣,彰化縣第04選區,7,游振雄,1,中國國民黨,7151,7.75,Y
2009,議員,區域,彰化縣,彰化縣第04選區,8,賴炳輝,1,中國國民黨,7097,7.69,Y
2009,議員,區域,彰化縣,彰化縣第04選區,9,張仁城,1,中國國民黨,2058,2.23,N
2009,議員,區域,彰化縣,彰化縣第04選區,10,葉麗娟,2,中國國民黨,6295,6.82,N
2009,議員,區域,彰化縣,彰化縣第04選區,11,曹明正,1,中國國民黨,8128,8.81,Y
2009,議員,區域,彰化縣,彰化縣第05選區,1,陳玉姬,2,無黨籍及未經政黨推薦,7712,12.46,Y
2009,議員,區域,彰化縣,彰化縣第05選區,2,楊鴻振,1,無黨籍及未經政黨推薦,2938,4.74,N
2009,議員,區域,彰化縣,彰化縣第05選區,3,楊福建,1,民主進步黨,10011,16.18,Y
2009,議員,區域,彰化縣,彰化縣第05選區,4,張永泉,1,中國國民黨,8809,14.24,Y
2009,議員,區域,彰化縣,彰化縣第05選區,5,歐陽蓁珠,2,民主進步黨,6705,10.83,N
2009,議員,區域,彰化縣,彰化縣第05選區,6,楊淑鳳,2,中國國民黨,8257,13.34,Y
2009,議員,區域,彰化縣,彰化縣第05選區,7,黃錦滄,1,中國國民黨,6575,10.62,N
2009,議員,區域,彰化縣,彰化縣第05選區,8,陳重嘉,1,無黨籍及未經政黨推薦,10848,17.53,Y
2009,議員,區域,彰化縣,彰化縣第06選區,1,劉錦昌,1,民主進步黨,15708,30.68,Y
2009,議員,區域,彰化縣,彰化縣第06選區,2,蕭淑芬,2,無黨籍及未經政黨推薦,8452,16.51,Y
2009,議員,區域,彰化縣,彰化縣第06選區,3,洪麗娜,2,中國國民黨,8259,16.13,Y
2009,議員,區域,彰化縣,彰化縣第06選區,4,劉景滄,1,中國國民黨,7020,13.71,N
2009,議員,區域,彰化縣,彰化縣第06選區,5,蕭永源,1,無黨籍及未經政黨推薦,132,0.25,N
2009,議員,區域,彰化縣,彰化縣第06選區,6,蕭延青,1,中國國民黨,7136,13.94,Y
2009,議員,區域,彰化縣,彰化縣第06選區,7,陳奭堯,1,中國國民黨,4479,8.75,N
2009,議員,區域,彰化縣,彰化縣第07選區,1,劉淑芳,2,中國國民黨,11678,18.11,Y
2009,議員,區域,彰化縣,彰化縣第07選區,2,謝成家,1,中國國民黨,7513,11.65,N
2009,議員,區域,彰化縣,彰化縣第07選區,3,謝典霖,1,中國國民黨,10650,16.51,Y
2009,議員,區域,彰化縣,彰化縣第07選區,4,李俊諭,1,民主進步黨,11583,17.96,Y
2009,議員,區域,彰化縣,彰化縣第07選區,5,蘇逸凱,1,中國國民黨,2639,4.09,N
2009,議員,區域,彰化縣,彰化縣第07選區,6,李浩誠,1,中國國民黨,8930,13.84,Y
2009,議員,區域,彰化縣,彰化縣第07選區,7,江熊一楓,2,民主進步黨,11490,17.81,Y
2009,議員,區域,彰化縣,彰化縣第08選區,1,洪文程,1,中國國民黨,5915,9.15,N
2009,議員,區域,彰化縣,彰化縣第08選區,2,林柱,1,無黨籍及未經政黨推薦,1862,2.88,N
2009,議員,區域,彰化縣,彰化縣第08選區,3,洪和炉,1,中國國民黨,8336,12.89,Y
2009,議員,區域,彰化縣,彰化縣第08選區,4,洪進南,1,中國國民黨,11155,17.26,Y
2009,議員,區域,彰化縣,彰化縣第08選區,5,陳一惇,1,中國國民黨,10756,16.64,Y
2009,議員,區域,彰化縣,彰化縣第08選區,6,洪宗熠,1,民主進步黨,15712,24.31,Y
2009,議員,區域,彰化縣,彰化縣第08選區,7,吳淑娟,2,無黨籍及未經政黨推薦,10890,16.85,Y
2009,議員,區域,南投縣,南投縣第01選區,1,游宏達,1,無黨籍及未經政黨推薦,5208,6.93,Y
2009,議員,區域,南投縣,南投縣第01選區,2,曾芳春,1,無黨籍及未經政黨推薦,3765,5.01,N
2009,議員,區域,南投縣,南投縣第01選區,3,莊文斌,1,中國國民黨,5547,7.38,Y
2009,議員,區域,南投縣,南投縣第01選區,4,于秀英,2,無黨籍及未經政黨推薦,6486,8.63,Y
2009,議員,區域,南投縣,南投縣第01選區,5,宋懷琳,2,中國國民黨,6542,8.71,Y
2009,議員,區域,南投縣,南投縣第01選區,6,吳正行,1,無黨籍及未經政黨推薦,1263,1.68,N
2009,議員,區域,南投縣,南投縣第01選區,7,蔡明源,1,中國國民黨,5812,7.74,Y
2009,議員,區域,南投縣,南投縣第01選區,8,吳棋祥,1,中國國民黨,7813,10.4,Y
2009,議員,區域,南投縣,南投縣第01選區,9,林憶如,2,中國國民黨,6330,8.43,Y
2009,議員,區域,南投縣,南投縣第01選區,10,李添興,1,無黨籍及未經政黨推薦,4806,6.4,Y
2009,議員,區域,南投縣,南投縣第01選區,11,曾錦韓,1,無黨籍及未經政黨推薦,177,0.23,N
2009,議員,區域,南投縣,南投縣第01選區,12,謝明憲,1,無黨籍及未經政黨推薦,3312,4.41,N
2009,議員,區域,南投縣,南投縣第01選區,13,賴燕雪,2,民主進步黨,10330,13.76,Y
2009,議員,區域,南投縣,南投縣第01選區,14,史祝賢,1,無黨籍及未經政黨推薦,2832,3.77,N
2009,議員,區域,南投縣,南投縣第01選區,15,陳翰立,1,無黨籍及未經政黨推薦,4849,6.45,Y
2009,議員,區域,南投縣,南投縣第02選區,1,林昆熠,1,無黨籍及未經政黨推薦,7105,11.53,Y
2009,議員,區域,南投縣,南投縣第02選區,2,張經魁,1,中國國民黨,6228,10.11,Y
2009,議員,區域,南投縣,南投縣第02選區,3,洪盛雄,1,中國國民黨,4023,6.53,N
2009,議員,區域,南投縣,南投縣第02選區,4,許粧,2,中國國民黨,7294,11.84,Y
2009,議員,區域,南投縣,南投縣第02選區,5,簡景賢,1,無黨籍及未經政黨推薦,7004,11.37,Y
2009,議員,區域,南投縣,南投縣第02選區,6,林永鴻,1,無黨籍及未經政黨推薦,5352,8.69,Y
2009,議員,區域,南投縣,南投縣第02選區,7,簡沛霖,1,無黨籍及未經政黨推薦,5942,9.64,Y
2009,議員,區域,南投縣,南投縣第02選區,8,廖宜賢,1,無黨籍及未經政黨推薦,6892,11.19,Y
2009,議員,區域,南投縣,南投縣第02選區,9,廖梓佑,2,民主進步黨,6674,10.83,Y
2009,議員,區域,南投縣,南投縣第02選區,10,黃秀女,2,民主進步黨,5063,8.22,N
2009,議員,區域,南投縣,南投縣第03選區,1,黃順昱,1,無黨籍及未經政黨推薦,926,3.07,N
2009,議員,區域,南投縣,南投縣第03選區,2,陳昭煜,1,民主進步黨,5141,17.06,Y
2009,議員,區域,南投縣,南投縣第03選區,3,陳淑惠,2,中國國民黨,5391,17.89,Y
2009,議員,區域,南投縣,南投縣第03選區,4,林儒彬,1,中國國民黨,4748,15.75,N
2009,議員,區域,南投縣,南投縣第03選區,5,謝明謀,1,中國國民黨,5179,17.18,Y
2009,議員,區域,南投縣,南投縣第03選區,6,陳倩月,2,無黨籍及未經政黨推薦,6457,21.43,Y
2009,議員,區域,南投縣,南投縣第03選區,7,李素紅,2,中國國民黨,2286,7.58,N
2009,議員,區域,南投縣,南投縣第04選區,1,曾萬定,1,無黨籍及未經政黨推薦,4470,10.6,N
2009,議員,區域,南投縣,南投縣第04選區,2,林宗立,1,無黨籍及未經政黨推薦,3692,8.75,N
2009,議員,區域,南投縣,南投縣第04選區,3,蔡宜助,1,中國國民黨,4695,11.13,Y
2009,議員,區域,南投縣,南投縣第04選區,4,林本立,1,無黨籍及未經政黨推薦,4821,11.43,Y
2009,議員,區域,南投縣,南投縣第04選區,5,何勝豐,1,無黨籍及未經政黨推薦,5763,13.67,Y
2009,議員,區域,南投縣,南投縣第04選區,6,劉一平,1,民主進步黨,3346,7.93,N
2009,議員,區域,南投縣,南投縣第04選區,7,許素霞,2,中國國民黨,5370,12.74,Y
2009,議員,區域,南投縣,南投縣第04選區,8,吳瑞芳,2,無黨籍及未經政黨推薦,5973,14.17,Y
2009,議員,區域,南投縣,南投縣第04選區,9,康誌合,1,民主進步黨,4019,9.53,N
2009,議員,區域,南投縣,南投縣第05選區,1,黃志學,1,中國國民黨,4983,9.69,Y
2009,議員,區域,南投縣,南投縣第05選區,2,陳永來,1,無黨籍及未經政黨推薦,1589,3.09,N
2009,議員,區域,南投縣,南投縣第05選區,3,潘一全,1,無黨籍及未經政黨推薦,5379,10.46,Y
2009,議員,區域,南投縣,南投縣第05選區,4,林芳伃,2,中國國民黨,4024,7.83,N
2009,議員,區域,南投縣,南投縣第05選區,5,王彩雲,2,中國國民黨,4238,8.24,Y
2009,議員,區域,南投縣,南投縣第05選區,6,戴世詮,1,無黨籍及未經政黨推薦,5796,11.27,Y
2009,議員,區域,南投縣,南投縣第05選區,7,廖志城,1,民主進步黨,8927,17.37,Y
2009,議員,區域,南投縣,南投縣第05選區,8,吳翰賢,1,無黨籍及未經政黨推薦,828,1.61,N
2009,議員,區域,南投縣,南投縣第05選區,9,許阿甘,2,民主進步黨,6045,11.76,Y
2009,議員,區域,南投縣,南投縣第05選區,10,李增全,1,中國國民黨,4044,7.86,Y
2009,議員,區域,南投縣,南投縣第05選區,11,吳國昌,1,無黨籍及未經政黨推薦,5537,10.77,Y
2009,議員,區域,雲林縣,雲林縣第01選區,1,黃耀煌,1,民主進步黨,6717,9,Y
2009,議員,區域,雲林縣,雲林縣第01選區,2,周秀月,2,中國國民黨,3229,4.33,N
2009,議員,區域,雲林縣,雲林縣第01選區,3,蔡玉霜,2,無黨籍及未經政黨推薦,2905,3.89,N
2009,議員,區域,雲林縣,雲林縣第01選區,4,林琨富,1,無黨籍及未經政黨推薦,5680,7.61,Y
2009,議員,區域,雲林縣,雲林縣第01選區,5,李建昇,1,民主進步黨,9012,12.08,Y
2009,議員,區域,雲林縣,雲林縣第01選區,6,張振成,1,無黨籍及未經政黨推薦,2567,3.44,N
2009,議員,區域,雲林縣,雲林縣第01選區,7,蔡孟岳,1,無黨籍及未經政黨推薦,3860,5.17,N
2009,議員,區域,雲林縣,雲林縣第01選區,8,陳河山,1,中國國民黨,4227,5.66,Y
2009,議員,區域,雲林縣,雲林縣第01選區,9,李建志,1,無黨籍及未經政黨推薦,5288,7.09,Y
2009,議員,區域,雲林縣,雲林縣第01選區,10,林聖爵,1,無黨籍及未經政黨推薦,8384,11.24,Y
2009,議員,區域,雲林縣,雲林縣第01選區,11,張和平,1,中國國民黨,4059,5.44,N
2009,議員,區域,雲林縣,雲林縣第01選區,12,王又民,1,中國國民黨,3967,5.31,N
2009,議員,區域,雲林縣,雲林縣第01選區,13,江文登,1,民主進步黨,7574,10.15,Y
2009,議員,區域,雲林縣,雲林縣第01選區,14,賴淑娞,2,中國國民黨,7099,9.52,Y
2009,議員,區域,雲林縣,雲林縣第02選區,1,李長發,1,中國國民黨,3707,7.53,N
2009,議員,區域,雲林縣,雲林縣第02選區,2,簡慈坊,2,無黨籍及未經政黨推薦,8645,17.58,Y
2009,議員,區域,雲林縣,雲林縣第02選區,3,陳文山,1,無黨籍及未經政黨推薦,2823,5.74,N
2009,議員,區域,雲林縣,雲林縣第02選區,4,蔡東富,1,無黨籍及未經政黨推薦,4559,9.27,Y
2009,議員,區域,雲林縣,雲林縣第02選區,5,沈銘恭,1,民主進步黨,6861,13.95,Y
2009,議員,區域,雲林縣,雲林縣第02選區,6,鐘俊興,1,中國國民黨,5884,11.96,Y
2009,議員,區域,雲林縣,雲林縣第02選區,7,黃淑芬,2,無黨籍及未經政黨推薦,853,1.73,N
2009,議員,區域,雲林縣,雲林縣第02選區,8,王秋足,2,中國國民黨,4609,9.37,Y
2009,議員,區域,雲林縣,雲林縣第02選區,9,陳樹吉,1,無黨籍及未經政黨推薦,4200,8.54,N
2009,議員,區域,雲林縣,雲林縣第02選區,10,林朝寶,1,民主進步黨,6576,13.37,Y
2009,議員,區域,雲林縣,雲林縣第02選區,11,廖文瑞,1,無黨籍及未經政黨推薦,454,0.92,N
2009,議員,區域,雲林縣,雲林縣第03選區,1,許維修,1,無黨籍及未經政黨推薦,2786,3.82,N
2009,議員,區域,雲林縣,雲林縣第03選區,2,陳瑞雄,1,中國國民黨,4739,6.5,Y
2009,議員,區域,雲林縣,雲林縣第03選區,3,黃進一,1,無黨籍及未經政黨推薦,6233,8.55,Y
2009,議員,區域,雲林縣,雲林縣第03選區,4,林明添,1,無黨籍及未經政黨推薦,2703,3.71,N
2009,議員,區域,雲林縣,雲林縣第03選區,5,謝翠蓮,2,中國國民黨,3588,4.92,N
2009,議員,區域,雲林縣,雲林縣第03選區,6,沈宗隆,1,中國國民黨,7811,10.72,Y
2009,議員,區域,雲林縣,雲林縣第03選區,7,王士壬,1,台灣團結聯盟,6569,9.01,Y
2009,議員,區域,雲林縣,雲林縣第03選區,8,林新丁,1,民主進步黨,5660,7.77,Y
2009,議員,區域,雲林縣,雲林縣第03選區,9,陳俊龍,1,無黨籍及未經政黨推薦,4681,6.42,N
2009,議員,區域,雲林縣,雲林縣第03選區,10,李健福,1,民主進步黨,6060,8.31,Y
2009,議員,區域,雲林縣,雲林縣第03選區,11,黃凱,1,無黨籍及未經政黨推薦,8936,12.26,Y
2009,議員,區域,雲林縣,雲林縣第03選區,12,蔡桓生,1,無黨籍及未經政黨推薦,615,0.84,N
2009,議員,區域,雲林縣,雲林縣第03選區,13,陳敏華,2,中國國民黨,2834,3.89,N
2009,議員,區域,雲林縣,雲林縣第03選區,14,蔡秋敏,2,民主進步黨,9629,13.21,Y
2009,議員,區域,雲林縣,雲林縣第04選區,1,廖錦珠,2,中國國民黨,5536,10.59,Y
2009,議員,區域,雲林縣,雲林縣第04選區,2,廖偉博,1,中國國民黨,4015,7.68,N
2009,議員,區域,雲林縣,雲林縣第04選區,3,詹㨗凱,1,無黨籍及未經政黨推薦,4545,8.69,N
2009,議員,區域,雲林縣,雲林縣第04選區,4,王鐵道,1,無黨籍及未經政黨推薦,5001,9.56,Y
2009,議員,區域,雲林縣,雲林縣第04選區,5,廖秋萍,2,民主進步黨,7263,13.89,Y
2009,議員,區域,雲林縣,雲林縣第04選區,6,廖清祥,1,民主進步黨,8354,15.98,Y
2009,議員,區域,雲林縣,雲林縣第04選區,7,鄭玲惠,2,無黨籍及未經政黨推薦,5985,11.44,Y
2009,議員,區域,雲林縣,雲林縣第04選區,8,李合同,1,無黨籍及未經政黨推薦,5197,9.94,Y
2009,議員,區域,雲林縣,雲林縣第04選區,9,李明哲,1,中國國民黨,6378,12.2,Y
2009,議員,區域,雲林縣,雲林縣第05選區,1,黃淑鈴,2,無黨籍及未經政黨推薦,5033,9.65,N
2009,議員,區域,雲林縣,雲林縣第05選區,2,林易徵,1,無黨籍及未經政黨推薦,240,0.46,N
2009,議員,區域,雲林縣,雲林縣第05選區,3,鄭東來,1,民主進步黨,7593,14.56,Y
2009,議員,區域,雲林縣,雲林縣第05選區,4,林建鴻,1,無黨籍及未經政黨推薦,6969,13.36,Y
2009,議員,區域,雲林縣,雲林縣第05選區,5,張素蘭,2,中國國民黨,5317,10.2,Y
2009,議員,區域,雲林縣,雲林縣第05選區,6,王清貴,1,中國國民黨,6759,12.96,Y
2009,議員,區域,雲林縣,雲林縣第05選區,7,林深,1,無黨籍及未經政黨推薦,7082,13.58,Y
2009,議員,區域,雲林縣,雲林縣第05選區,8,丁麗秋,2,無黨籍及未經政黨推薦,258,0.49,N
2009,議員,區域,雲林縣,雲林縣第05選區,9,蘇金煌,1,中國國民黨,9118,17.49,Y
2009,議員,區域,雲林縣,雲林縣第05選區,10,林宗弘,1,無黨籍及未經政黨推薦,3757,7.2,N
2009,議員,區域,雲林縣,雲林縣第06選區,1,黃文祥,1,無黨籍及未經政黨推薦,8653,15.94,Y
2009,議員,區域,雲林縣,雲林縣第06選區,2,林逢錦,1,無黨籍及未經政黨推薦,6585,12.13,Y
2009,議員,區域,雲林縣,雲林縣第06選區,3,林哲凌,1,民主進步黨,9265,17.07,Y
2009,議員,區域,雲林縣,雲林縣第06選區,4,蕭慧敏,2,無黨籍及未經政黨推薦,5723,10.54,N
2009,議員,區域,雲林縣,雲林縣第06選區,5,蔡孟真,2,無黨籍及未經政黨推薦,7342,13.52,Y
2009,議員,區域,雲林縣,雲林縣第06選區,6,王春環,2,無黨籍及未經政黨推薦,877,1.61,N
2009,議員,區域,雲林縣,雲林縣第06選區,7,翁水上,1,無黨籍及未經政黨推薦,7305,13.46,Y
2009,議員,區域,雲林縣,雲林縣第06選區,8,蔡岳儒,1,民主進步黨,8515,15.69,Y
2009,議員,區域,嘉義縣,嘉義縣第01選區,1,林寶瓶,1,中國國民黨,6464,10.95,Y
2009,議員,區域,嘉義縣,嘉義縣第01選區,2,劉敬祥,1,民主進步黨,8020,13.59,Y
2009,議員,區域,嘉義縣,嘉義縣第01選區,3,陳進文,1,無黨籍及未經政黨推薦,612,1.03,N
2009,議員,區域,嘉義縣,嘉義縣第01選區,4,黃傑,1,民主進步黨,7117,12.06,Y
2009,議員,區域,嘉義縣,嘉義縣第01選區,5,賴瓊如,2,無黨籍及未經政黨推薦,7285,12.34,Y
2009,議員,區域,嘉義縣,嘉義縣第01選區,6,官文樹,1,無黨籍及未經政黨推薦,7254,12.29,Y
2009,議員,區域,嘉義縣,嘉義縣第01選區,7,楊秀玉,2,民主進步黨,7501,12.71,Y
2009,議員,區域,嘉義縣,嘉義縣第01選區,8,吳李綠,2,民主進步黨,6165,10.44,N
2009,議員,區域,嘉義縣,嘉義縣第01選區,9,詹家甄,2,中國國民黨,8594,14.56,Y
2009,議員,區域,嘉義縣,嘉義縣第02選區,1,賴朝崙,1,無黨籍及未經政黨推薦,5871,9.91,Y
2009,議員,區域,嘉義縣,嘉義縣第02選區,2,王幸悅,2,民主進步黨,8722,14.72,Y
2009,議員,區域,嘉義縣,嘉義縣第02選區,3,許能通,1,無黨籍及未經政黨推薦,3110,5.25,N
2009,議員,區域,嘉義縣,嘉義縣第02選區,4,葉孟龍,1,無黨籍及未經政黨推薦,6596,11.13,Y
2009,議員,區域,嘉義縣,嘉義縣第02選區,5,張嘉瀧,1,中國國民黨,4512,7.61,N
2009,議員,區域,嘉義縣,嘉義縣第02選區,6,黃嘉寬,1,民主進步黨,9396,15.86,Y
2009,議員,區域,嘉義縣,嘉義縣第02選區,7,林秀琴,2,民主進步黨,7133,12.04,Y
2009,議員,區域,嘉義縣,嘉義縣第02選區,8,林于玲,2,中國國民黨,7345,12.4,Y
2009,議員,區域,嘉義縣,嘉義縣第02選區,9,林明記,1,中國國民黨,1163,1.96,N
2009,議員,區域,嘉義縣,嘉義縣第02選區,10,何旭昇,1,無黨籍及未經政黨推薦,5376,9.07,Y
2009,議員,區域,嘉義縣,嘉義縣第03選區,1,葉和平,1,民主進步黨,7423,17.35,Y
2009,議員,區域,嘉義縣,嘉義縣第03選區,2,詹金繪,2,民主進步黨,6660,15.56,Y
2009,議員,區域,嘉義縣,嘉義縣第03選區,3,陳保仁,1,中國國民黨,6557,15.32,Y
2009,議員,區域,嘉義縣,嘉義縣第03選區,4,簡泰河,1,中國國民黨,4801,11.22,N
2009,議員,區域,嘉義縣,嘉義縣第03選區,5,江安邦,1,無黨籍及未經政黨推薦,3880,9.06,N
2009,議員,區域,嘉義縣,嘉義縣第03選區,6,郭芳宜,1,民主進步黨,6587,15.39,Y
2009,議員,區域,嘉義縣,嘉義縣第03選區,7,吳思蓉,2,中國國民黨,6873,16.06,Y
2009,議員,區域,嘉義縣,嘉義縣第04選區,1,陳永法,1,中國國民黨,4343,7.53,N
2009,議員,區域,嘉義縣,嘉義縣第04選區,2,李國勝,1,中國國民黨,7064,12.25,Y
2009,議員,區域,嘉義縣,嘉義縣第04選區,3,陳怡岳,1,民主進步黨,5589,9.69,Y
2009,議員,區域,嘉義縣,嘉義縣第04選區,4,蔡奇璋,1,中國國民黨,5618,9.74,Y
2009,議員,區域,嘉義縣,嘉義縣第04選區,5,蔡鼎三,1,民主進步黨,8232,14.28,Y
2009,議員,區域,嘉義縣,嘉義縣第04選區,6,雷其玫,2,無黨籍及未經政黨推薦,459,0.79,N
2009,議員,區域,嘉義縣,嘉義縣第04選區,7,余政達,1,無黨籍及未經政黨推薦,8161,14.15,Y
2009,議員,區域,嘉義縣,嘉義縣第04選區,8,郭西川,1,無黨籍及未經政黨推薦,4752,8.24,Y
2009,議員,區域,嘉義縣,嘉義縣第04選區,9,侯明月,2,無黨籍及未經政黨推薦,4319,7.49,N
2009,議員,區域,嘉義縣,嘉義縣第04選區,10,黃嫈珺,2,民主進步黨,9106,15.79,Y
2009,議員,區域,嘉義縣,嘉義縣第05選區,1,陳鳳梅,2,民主進步黨,9476,28.2,Y
2009,議員,區域,嘉義縣,嘉義縣第05選區,2,陳俊宏,1,中國國民黨,7104,21.14,N
2009,議員,區域,嘉義縣,嘉義縣第05選區,3,翁聰賢,1,民主進步黨,8620,25.65,Y
2009,議員,區域,嘉義縣,嘉義縣第05選區,4,顏蔡淑惠,2,中國國民黨,8395,24.98,Y
2009,議員,區域,嘉義縣,嘉義縣第06選區,1,張明達,1,民主進步黨,9075,14.73,Y
2009,議員,區域,嘉義縣,嘉義縣第06選區,2,詹黃素蓮,2,中國國民黨,8196,13.3,Y
2009,議員,區域,嘉義縣,嘉義縣第06選區,3,林劉玉嬌,2,中國國民黨,4412,7.16,N
2009,議員,區域,嘉義縣,嘉義縣第06選區,4,曾亮哲,1,無黨籍及未經政黨推薦,7705,12.5,Y
2009,議員,區域,嘉義縣,嘉義縣第06選區,5,何子凡,1,台灣團結聯盟,2078,3.37,N
2009,議員,區域,嘉義縣,嘉義縣第06選區,6,羅士洋,1,民主進步黨,6208,10.07,Y
2009,議員,區域,嘉義縣,嘉義縣第06選區,7,陳柏麟,1,無黨籍及未經政黨推薦,5464,8.87,Y
2009,議員,區域,嘉義縣,嘉義縣第06選區,8,蔡文基,1,民主進步黨,5323,8.64,N
2009,議員,區域,嘉義縣,嘉義縣第06選區,9,連鳳齊,2,無黨籍及未經政黨推薦,6010,9.75,Y
2009,議員,區域,嘉義縣,嘉義縣第06選區,10,侯清河,1,中國國民黨,7127,11.57,Y
2009,議員,區域,屏東縣,屏東縣第01選區,1,蔣月惠,2,無黨籍及未經政黨推薦,2156,2.11,N
2009,議員,區域,屏東縣,屏東縣第01選區,2,蘇義峰,1,民主進步黨,7226,7.07,Y
2009,議員,區域,屏東縣,屏東縣第01選區,3,黃國安,1,中國國民黨,6143,6.01,Y
2009,議員,區域,屏東縣,屏東縣第01選區,4,王偉華,1,中國國民黨,2803,2.74,N
2009,議員,區域,屏東縣,屏東縣第01選區,5,曾義雄,1,中國國民黨,6955,6.8,Y
2009,議員,區域,屏東縣,屏東縣第01選區,6,林亞蒓,2,中國國民黨,6627,6.48,Y
2009,議員,區域,屏東縣,屏東縣第01選區,7,李清聖,1,民主進步黨,7248,7.09,Y
2009,議員,區域,屏東縣,屏東縣第01選區,8,施蘇貴美,2,中國國民黨,4159,4.07,N
2009,議員,區域,屏東縣,屏東縣第01選區,9,黃茂銘,1,無黨籍及未經政黨推薦,353,0.34,N
2009,議員,區域,屏東縣,屏東縣第01選區,10,陳玉蘭,2,無黨籍及未經政黨推薦,2617,2.56,N
2009,議員,區域,屏東縣,屏東縣第01選區,11,劉育豪,1,民主進步黨,4563,4.46,N
2009,議員,區域,屏東縣,屏東縣第01選區,12,蔣家煌,1,無黨籍及未經政黨推薦,7481,7.32,Y
2009,議員,區域,屏東縣,屏東縣第01選區,13,陳美瓊,2,中國國民黨,3123,3.05,N
2009,議員,區域,屏東縣,屏東縣第01選區,14,唐玉琴,2,中國國民黨,3886,3.8,N
2009,議員,區域,屏東縣,屏東縣第01選區,15,蔡豪,1,無黨籍及未經政黨推薦,7436,7.27,Y
2009,議員,區域,屏東縣,屏東縣第01選區,16,林淑香,2,無黨籍及未經政黨推薦,2344,2.29,N
2009,議員,區域,屏東縣,屏東縣第01選區,17,邱名璋,1,民主進步黨,6140,6,Y
2009,議員,區域,屏東縣,屏東縣第01選區,18,林明順,1,無黨籍及未經政黨推薦,5067,4.95,N
2009,議員,區域,屏東縣,屏東縣第01選區,19,張金文,1,中國國民黨,5454,5.33,Y
2009,議員,區域,屏東縣,屏東縣第01選區,20,李世斌,1,民主進步黨,10389,10.16,Y
2009,議員,區域,屏東縣,屏東縣第02選區,1,許國華,1,民主進步黨,12608,15.58,Y
2009,議員,區域,屏東縣,屏東縣第02選區,2,王景山,1,無黨籍及未經政黨推薦,5562,6.87,N
2009,議員,區域,屏東縣,屏東縣第02選區,3,何春美,2,中國國民黨,6248,7.72,Y
2009,議員,區域,屏東縣,屏東縣第02選區,4,尤慶賀,1,無黨籍及未經政黨推薦,8296,10.25,Y
2009,議員,區域,屏東縣,屏東縣第02選區,5,江維屏,1,無黨籍及未經政黨推薦,9006,11.13,Y
2009,議員,區域,屏東縣,屏東縣第02選區,6,葉明博,1,中國國民黨,8824,10.9,Y
2009,議員,區域,屏東縣,屏東縣第02選區,7,吳亮慶,1,無黨籍及未經政黨推薦,8957,11.07,Y
2009,議員,區域,屏東縣,屏東縣第02選區,8,王樹圍,1,無黨籍及未經政黨推薦,6786,8.38,Y
2009,議員,區域,屏東縣,屏東縣第02選區,9,張惠怡,2,中國國民黨,3340,4.12,N
2009,議員,區域,屏東縣,屏東縣第02選區,10,盧靖雯,2,無黨籍及未經政黨推薦,1391,1.71,N
2009,議員,區域,屏東縣,屏東縣第02選區,11,宋麗華,2,中國國民黨,9875,12.2,Y
2009,議員,區域,屏東縣,屏東縣第03選區,1,賴耀熙,1,無黨籍及未經政黨推薦,5569,5.63,N
2009,議員,區域,屏東縣,屏東縣第03選區,2,潘政治,1,無黨籍及未經政黨推薦,463,0.46,N
2009,議員,區域,屏東縣,屏東縣第03選區,3,徐榮耀,1,中國國民黨,7615,7.71,Y
2009,議員,區域,屏東縣,屏東縣第03選區,4,潘淑真,2,民主進步黨,9428,9.54,Y
2009,議員,區域,屏東縣,屏東縣第03選區,5,潘長成,1,無黨籍及未經政黨推薦,9210,9.32,Y
2009,議員,區域,屏東縣,屏東縣第03選區,6,劉淼松,1,中國國民黨,5988,6.06,Y
2009,議員,區域,屏東縣,屏東縣第03選區,7,徐統盛,1,無黨籍及未經政黨推薦,2919,2.95,N
2009,議員,區域,屏東縣,屏東縣第03選區,8,許馨勻,2,中國國民黨,7139,7.22,Y
2009,議員,區域,屏東縣,屏東縣第03選區,9,曾勳任,1,民主進步黨,7443,7.53,Y
2009,議員,區域,屏東縣,屏東縣第03選區,10,盧文信,1,無黨籍及未經政黨推薦,7400,7.49,Y
2009,議員,區域,屏東縣,屏東縣第03選區,11,李世淦,1,無黨籍及未經政黨推薦,5377,5.44,N
2009,議員,區域,屏東縣,屏東縣第03選區,12,王志豐,1,中國國民黨,6215,6.29,Y
2009,議員,區域,屏東縣,屏東縣第03選區,13,潘連周,1,無黨籍及未經政黨推薦,8841,8.95,Y
2009,議員,區域,屏東縣,屏東縣第03選區,14,黃明榮,1,民主進步黨,9334,9.45,Y
2009,議員,區域,屏東縣,屏東縣第03選區,15,林郁虹,2,中國國民黨,5820,5.89,N
2009,議員,區域,屏東縣,屏東縣第04選區,1,何輝能,1,民主進步黨,5997,7.74,N
2009,議員,區域,屏東縣,屏東縣第04選區,2,李香蘭,2,中國國民黨,8131,10.49,Y
2009,議員,區域,屏東縣,屏東縣第04選區,3,黃纓桔,2,民主進步黨,3676,4.74,N
2009,議員,區域,屏東縣,屏東縣第04選區,4,盧同恊,1,民主進步黨,11913,15.37,Y
2009,議員,區域,屏東縣,屏東縣第04選區,5,郭美玉,2,中國國民黨,6528,8.42,Y
2009,議員,區域,屏東縣,屏東縣第04選區,6,鄭寶川,1,無黨籍及未經政黨推薦,8686,11.21,Y
2009,議員,區域,屏東縣,屏東縣第04選區,7,洪合詳,1,無黨籍及未經政黨推薦,152,0.19,N
2009,議員,區域,屏東縣,屏東縣第04選區,8,劉水復,1,無黨籍及未經政黨推薦,7200,9.29,Y
2009,議員,區域,屏東縣,屏東縣第04選區,9,劉新乎,1,台灣團結聯盟,2673,3.45,N
2009,議員,區域,屏東縣,屏東縣第04選區,10,黃斯平,2,無黨籍及未經政黨推薦,6072,7.83,Y
2009,議員,區域,屏東縣,屏東縣第04選區,11,林清都,1,無黨籍及未經政黨推薦,9268,11.96,Y
2009,議員,區域,屏東縣,屏東縣第04選區,12,郭再添,1,無黨籍及未經政黨推薦,7167,9.25,Y
2009,議員,區域,屏東縣,屏東縣第05選區,1,楊嘉慶,1,民主進步黨,7425,20.2,Y
2009,議員,區域,屏東縣,屏東縣第05選區,2,鄭文華,1,無黨籍及未經政黨推薦,6989,19.02,N
2009,議員,區域,屏東縣,屏東縣第05選區,3,王啟敏,1,中國國民黨,7642,20.8,Y
2009,議員,區域,屏東縣,屏東縣第05選區,4,林玉花,2,民主進步黨,6991,19.02,Y
2009,議員,區域,屏東縣,屏東縣第05選區,5,周碧雲,2,無黨籍及未經政黨推薦,7693,20.93,Y
2009,議員,區域,屏東縣,屏東縣第06選區,1,林顯水,1,中國國民黨,4026,16.16,Y
2009,議員,區域,屏東縣,屏東縣第06選區,2,張榮志,1,中國國民黨,6473,25.99,Y
2009,議員,區域,屏東縣,屏東縣第06選區,3,曾瓊慧,2,無黨籍及未經政黨推薦,3052,12.25,N
2009,議員,區域,屏東縣,屏東縣第06選區,4,鍾乙豪,1,台灣團結聯盟,1141,4.58,N
2009,議員,區域,屏東縣,屏東縣第06選區,5,林亞相,1,民主進步黨,10213,41,Y
2009,議員,區域,屏東縣,屏東縣第07選區,1,李慶裕,1,無黨籍及未經政黨推薦,2400,36.13,N
2009,議員,區域,屏東縣,屏東縣第07選區,2,陳惠琴,2,無黨籍及未經政黨推薦,681,10.25,N
2009,議員,區域,屏東縣,屏東縣第07選區,3,王薇茗,2,無黨籍及未經政黨推薦,3561,53.61,Y
2009,議員,區域,臺東縣,臺東縣第01選區,1,鄭安定,1,中國國民黨,2642,5.89,N
2009,議員,區域,臺東縣,臺東縣第01選區,2,謝明珠,2,無黨籍及未經政黨推薦,3445,7.68,Y
2009,議員,區域,臺東縣,臺東縣第01選區,3,黃秋,2,無黨籍及未經政黨推薦,2838,6.33,Y
2009,議員,區域,臺東縣,臺東縣第01選區,4,陳顯興,1,中國國民黨,3300,7.36,Y
2009,議員,區域,臺東縣,臺東縣第01選區,5,陳志峰,1,無黨籍及未經政黨推薦,4674,10.43,Y
2009,議員,區域,臺東縣,臺東縣第01選區,6,林參天,1,民主進步黨,4130,9.21,Y
2009,議員,區域,臺東縣,臺東縣第01選區,7,李建智,1,中國國民黨,3746,8.36,Y
2009,議員,區域,臺東縣,臺東縣第01選區,8,饒慶鈴,2,中國國民黨,3406,7.6,Y
2009,議員,區域,臺東縣,臺東縣第01選區,9,田石雄,1,中國國民黨,3402,7.59,Y
2009,議員,區域,臺東縣,臺東縣第01選區,10,王飛龍,1,無黨籍及未經政黨推薦,2494,5.56,N
2009,議員,區域,臺東縣,臺東縣第01選區,11,彭權英,2,無黨籍及未經政黨推薦,585,1.3,N
2009,議員,區域,臺東縣,臺東縣第01選區,12,張國洲,1,中國國民黨,4868,10.86,Y
2009,議員,區域,臺東縣,臺東縣第01選區,13,吳景槐,1,中國國民黨,2886,6.44,Y
2009,議員,區域,臺東縣,臺東縣第01選區,14,李榮福,1,中國國民黨,1961,4.37,N
2009,議員,區域,臺東縣,臺東縣第01選區,15,林文隆,1,中國國民黨,430,0.95,N
2009,議員,區域,臺東縣,臺東縣第02選區,1,張清忠,1,中國國民黨,2563,47.19,Y
2009,議員,區域,臺東縣,臺東縣第02選區,2,張卓然,1,中國國民黨,2868,52.8,Y
2009,議員,區域,臺東縣,臺東縣第03選區,1,許進榮,1,無黨籍及未經政黨推薦,3086,39.47,Y
2009,議員,區域,臺東縣,臺東縣第03選區,2,林東滿,1,中國國民黨,2461,31.48,Y
2009,議員,區域,臺東縣,臺東縣第03選區,3,張順貴,1,中國國民黨,2270,29.03,N
2009,議員,區域,臺東縣,臺東縣第04選區,1,陳宏宗,1,中國國民黨,2667,25.37,Y
2009,議員,區域,臺東縣,臺東縣第04選區,2,葉寶山,1,無黨籍及未經政黨推薦,1630,15.51,N
2009,議員,區域,臺東縣,臺東縣第04選區,3,徐良坤,1,中國國民黨,1893,18.01,N
2009,議員,區域,臺東縣,臺東縣第04選區,4,林惠就,2,中國國民黨,2037,19.38,N
2009,議員,區域,臺東縣,臺東縣第04選區,5,李振源,1,無黨籍及未經政黨推薦,2282,21.71,Y
2009,議員,區域,臺東縣,臺東縣第05選區,1,張順福,1,民主進步黨,2944,49.28,N
2009,議員,區域,臺東縣,臺東縣第05選區,2,李錦慧,1,中國國民黨,3029,50.71,Y
2009,議員,區域,花蓮縣,花蓮縣第01選區,1,陳瓊玉,2,中國國民黨,1546,3.55,N
2009,議員,區域,花蓮縣,花蓮縣第01選區,2,蔡啟塔,1,中國國民黨,6622,15.21,Y
2009,議員,區域,花蓮縣,花蓮縣第01選區,3,施金樹,1,民主進步黨,4097,9.41,Y
2009,議員,區域,花蓮縣,花蓮縣第01選區,4,劉曉玫,2,民主進步黨,3367,7.73,Y
2009,議員,區域,花蓮縣,花蓮縣第01選區,5,莊枝財,1,民主進步黨,4356,10,Y
2009,議員,區域,花蓮縣,花蓮縣第01選區,6,施慧萍,2,中國國民黨,1790,4.11,N
2009,議員,區域,花蓮縣,花蓮縣第01選區,7,栗國軫,1,中國國民黨,2373,5.45,N
2009,議員,區域,花蓮縣,花蓮縣第01選區,8,魏嘉賢,1,中國國民黨,4715,10.83,Y
2009,議員,區域,花蓮縣,花蓮縣第01選區,9,楊文值,1,中國國民黨,3938,9.04,Y
2009,議員,區域,花蓮縣,花蓮縣第01選區,10,李秋旺,1,中國國民黨,3480,7.99,Y
2009,議員,區域,花蓮縣,花蓮縣第01選區,11,謝國榮,1,中國國民黨,3783,8.69,Y
2009,議員,區域,花蓮縣,花蓮縣第01選區,12,林連明,1,中國國民黨,3458,7.94,N
2009,議員,區域,花蓮縣,花蓮縣第02選區,1,林再川,1,中國國民黨,391,5.14,N
2009,議員,區域,花蓮縣,花蓮縣第02選區,2,賴進坤,1,中國國民黨,2224,29.26,Y
2009,議員,區域,花蓮縣,花蓮縣第02選區,3,何禮臺,1,中國國民黨,3155,41.51,Y
2009,議員,區域,花蓮縣,花蓮縣第02選區,4,鄧可平,2,中國國民黨,1830,24.07,N
2009,議員,區域,花蓮縣,花蓮縣第03選區,1,邱美雲,2,中國國民黨,2265,4.82,N
2009,議員,區域,花蓮縣,花蓮縣第03選區,2,葉鯤璟,1,中國國民黨,3279,6.98,Y
2009,議員,區域,花蓮縣,花蓮縣第03選區,3,張峻,1,無黨籍及未經政黨推薦,3932,8.37,Y
2009,議員,區域,花蓮縣,花蓮縣第03選區,4,蕭文龍,1,中國國民黨,3816,8.13,Y
2009,議員,區域,花蓮縣,花蓮縣第03選區,5,吳建志,1,中國國民黨,2411,5.13,N
2009,議員,區域,花蓮縣,花蓮縣第03選區,6,游美雲,2,民主進步黨,2747,5.85,N
2009,議員,區域,花蓮縣,花蓮縣第03選區,7,邱永双,1,中國國民黨,3414,7.27,Y
2009,議員,區域,花蓮縣,花蓮縣第03選區,8,徐雪玉,2,中國國民黨,3412,7.26,Y
2009,議員,區域,花蓮縣,花蓮縣第03選區,9,黃振富,1,民主進步黨,3631,7.73,Y
2009,議員,區域,花蓮縣,花蓮縣第03選區,10,陳泰州,1,中國國民黨,2240,4.77,N
2009,議員,區域,花蓮縣,花蓮縣第03選區,11,楊添丁,1,無黨籍及未經政黨推薦,529,1.12,N
2009,議員,區域,花蓮縣,花蓮縣第03選區,12,黃聖庭,1,無黨籍及未經政黨推薦,572,1.21,N
2009,議員,區域,花蓮縣,花蓮縣第03選區,13,張正治,1,中國國民黨,3674,7.82,Y
2009,議員,區域,花蓮縣,花蓮縣第03選區,14,鄭乾龍,1,無黨籍及未經政黨推薦,3098,6.6,N
2009,議員,區域,花蓮縣,花蓮縣第03選區,15,趙世源,1,中國國民黨,3043,6.48,N
2009,議員,區域,花蓮縣,花蓮縣第03選區,16,林春生,1,中國國民黨,3249,6.92,Y
2009,議員,區域,花蓮縣,花蓮縣第03選區,17,簡妙芬,2,中國國民黨,1622,3.45,N
2009,議員,區域,花蓮縣,花蓮縣第04選區,1,潘富民,1,中國國民黨,4520,25.69,Y
2009,議員,區域,花蓮縣,花蓮縣第04選區,2,鄧國祥,1,中國國民黨,3904,22.18,N
2009,議員,區域,花蓮縣,花蓮縣第04選區,3,龔文俊,1,中國國民黨,4143,23.54,Y
2009,議員,區域,花蓮縣,花蓮縣第04選區,4,王燕美,2,無黨籍及未經政黨推薦,5027,28.57,Y
2009,議員,區域,澎湖縣,澎湖縣第01選區,1,林長興,1,綠黨,843,2.97,N
2009,議員,區域,澎湖縣,澎湖縣第01選區,2,陳雙全,1,中國國民黨,2908,10.26,Y
2009,議員,區域,澎湖縣,澎湖縣第01選區,3,譚蘭芬,2,中國國民黨,676,2.38,N
2009,議員,區域,澎湖縣,澎湖縣第01選區,4,黃春燕,2,民主進步黨,847,2.99,N
2009,議員,區域,澎湖縣,澎湖縣第01選區,5,陳海山,1,無黨籍及未經政黨推薦,1977,6.98,Y
2009,議員,區域,澎湖縣,澎湖縣第01選區,6,楊曜,1,民主進步黨,2420,8.54,Y
2009,議員,區域,澎湖縣,澎湖縣第01選區,7,蘇文佐,1,無黨籍及未經政黨推薦,2444,8.62,Y
2009,議員,區域,澎湖縣,澎湖縣第01選區,8,胡松榮,1,中國國民黨,2307,8.14,Y
2009,議員,區域,澎湖縣,澎湖縣第01選區,9,王建傑,1,無黨籍及未經政黨推薦,77,0.27,N
2009,議員,區域,澎湖縣,澎湖縣第01選區,10,藍俊逸,1,中國國民黨,1840,6.49,Y
2009,議員,區域,澎湖縣,澎湖縣第01選區,11,吳文相,1,中國國民黨,1656,5.84,N
2009,議員,區域,澎湖縣,澎湖縣第01選區,12,劉陳昭玲,2,中國國民黨,2414,8.52,Y
2009,議員,區域,澎湖縣,澎湖縣第01選區,13,葉竹林,1,中國國民黨,2372,8.37,Y
2009,議員,區域,澎湖縣,澎湖縣第01選區,14,鄭清發,1,中國國民黨,2305,8.13,Y
2009,議員,區域,澎湖縣,澎湖縣第01選區,15,歐中慨,1,中國國民黨,3235,11.42,Y
2009,議員,區域,澎湖縣,澎湖縣第02選區,1,歐陽洲,1,無黨籍及未經政黨推薦,1898,30.8,Y
2009,議員,區域,澎湖縣,澎湖縣第02選區,2,成萬貫,1,無黨籍及未經政黨推薦,2393,38.83,Y
2009,議員,區域,澎湖縣,澎湖縣第02選區,3,陳進兩,1,無黨籍及未經政黨推薦,1871,30.36,N
2009,議員,區域,澎湖縣,澎湖縣第03選區,1,鄭來得,1,民主進步黨,1239,29.93,N
2009,議員,區域,澎湖縣,澎湖縣第03選區,2,宋國進,1,中國國民黨,1492,36.04,Y
2009,議員,區域,澎湖縣,澎湖縣第03選區,3,魏長源,1,中國國民黨,1408,34.01,Y
2009,議員,區域,澎湖縣,澎湖縣第04選區,1,李添進,1,無黨籍及未經政黨推薦,1589,50.52,Y
2009,議員,區域,澎湖縣,澎湖縣第04選區,2,許月里,2,無黨籍及未經政黨推薦,1556,49.47,Y
2009,議員,區域,澎湖縣,澎湖縣第05選區,1,俞寶貴,1,無黨籍及未經政黨推薦,1259,49.19,N
2009,議員,區域,澎湖縣,澎湖縣第05選區,2,葉明縣,1,無黨籍及未經政黨推薦,1300,50.8,Y
2009,議員,區域,澎湖縣,澎湖縣第06選區,1,呂明廣,1,無黨籍及未經政黨推薦,886,45.59,N
2009,議員,區域,澎湖縣,澎湖縣第06選區,2,夏晨榮,1,中國國民黨,1057,54.4,Y
2009,議員,區域,基隆市,基隆市第01選區,1,呂美玲,2,中國國民黨,2522,11.95,Y
2009,議員,區域,基隆市,基隆市第01選區,2,羅富友,1,中國國民黨,2358,11.17,N
2009,議員,區域,基隆市,基隆市第01選區,3,簡曉東,1,中國國民黨,1580,7.49,N
2009,議員,區域,基隆市,基隆市第01選區,4,詹春陽,1,民主進步黨,4801,22.76,Y
2009,議員,區域,基隆市,基隆市第01選區,5,謝守男,1,中國國民黨,3158,14.97,Y
2009,議員,區域,基隆市,基隆市第01選區,6,藍敏煌,1,中國國民黨,5463,25.89,Y
2009,議員,區域,基隆市,基隆市第01選區,7,丁玉玲,2,台灣團結聯盟,1211,5.74,N
2009,議員,區域,基隆市,基隆市第02選區,1,韓良圻,1,中國國民黨,6030,29.34,Y
2009,議員,區域,基隆市,基隆市第02選區,2,張漢土,1,中國國民黨,5070,24.67,Y
2009,議員,區域,基隆市,基隆市第02選區,3,陳東財,1,民主進步黨,4757,23.15,Y
2009,議員,區域,基隆市,基隆市第02選區,4,江鑒育,1,中國國民黨,3998,19.45,N
2009,議員,區域,基隆市,基隆市第02選區,5,何淑萍,2,中國國民黨,693,3.37,N
2009,議員,區域,基隆市,基隆市第03選區,1,邱三元,1,台灣團結聯盟,1207,6.38,N
2009,議員,區域,基隆市,基隆市第03選區,2,駱智仁,1,中國國民黨,2709,14.33,N
2009,議員,區域,基隆市,基隆市第03選區,3,曾水源,1,中國國民黨,3873,20.49,Y
2009,議員,區域,基隆市,基隆市第03選區,4,張芳麗,2,中國國民黨,3069,16.23,Y
2009,議員,區域,基隆市,基隆市第03選區,5,莊榮欽,1,中國國民黨,3257,17.23,Y
2009,議員,區域,基隆市,基隆市第03選區,6,游祥耀,1,民主進步黨,4783,25.3,Y
2009,議員,區域,基隆市,基隆市第04選區,1,林毅,1,中國國民黨,2762,12.37,N
2009,議員,區域,基隆市,基隆市第04選區,2,宋瑋莉,2,中國國民黨,1234,5.52,N
2009,議員,區域,基隆市,基隆市第04選區,3,游秋臨,1,中國國民黨,2020,9.04,N
2009,議員,區域,基隆市,基隆市第04選區,4,施世明,1,民主進步黨,3953,17.7,Y
2009,議員,區域,基隆市,基隆市第04選區,5,馬嘉鴻,1,中國國民黨,1883,8.43,N
2009,議員,區域,基隆市,基隆市第04選區,6,張錦煌,1,民主進步黨,5069,22.7,Y
2009,議員,區域,基隆市,基隆市第04選區,7,楊石城,1,中國國民黨,5402,24.19,Y
2009,議員,區域,基隆市,基隆市第05選區,1,張保吉,1,中國國民黨,1538,4.5,N
2009,議員,區域,基隆市,基隆市第05選區,2,秦鉦,1,中國國民黨,2929,8.57,Y
2009,議員,區域,基隆市,基隆市第05選區,3,洪森永,1,民主進步黨,3081,9.01,Y
2009,議員,區域,基隆市,基隆市第05選區,4,俞叁發,1,中國國民黨,2690,7.87,N
2009,議員,區域,基隆市,基隆市第05選區,5,郭光能,1,無黨籍及未經政黨推薦,317,0.92,N
2009,議員,區域,基隆市,基隆市第05選區,6,顏厚廣,1,無黨籍及未經政黨推薦,748,2.18,N
2009,議員,區域,基隆市,基隆市第05選區,7,莊錦田,1,親民黨,3099,9.07,Y
2009,議員,區域,基隆市,基隆市第05選區,8,林弘和,1,中國國民黨,2603,7.61,N
2009,議員,區域,基隆市,基隆市第05選區,9,蔡適應,1,民主進步黨,3767,11.02,Y
2009,議員,區域,基隆市,基隆市第05選區,10,沈義傳,1,中國國民黨,3687,10.79,Y
2009,議員,區域,基隆市,基隆市第05選區,11,陳志成,1,民主進步黨,3529,10.32,Y
2009,議員,區域,基隆市,基隆市第05選區,12,鄭林清良,2,中國國民黨,2683,7.85,N
2009,議員,區域,基隆市,基隆市第05選區,13,李振銘,1,中國國民黨,1193,3.49,N
2009,議員,區域,基隆市,基隆市第05選區,14,杜家輝,1,無黨籍及未經政黨推薦,1185,3.46,N
2009,議員,區域,基隆市,基隆市第05選區,15,張銘傑,1,中國國民黨,1116,3.26,N
2009,議員,區域,基隆市,基隆市第06選區,1,陳江山,1,中國國民黨,4237,27.19,Y
2009,議員,區域,基隆市,基隆市第06選區,2,鄭可熙,1,無黨籍及未經政黨推薦,4136,26.54,Y
2009,議員,區域,基隆市,基隆市第06選區,3,鄭怡信,1,中國國民黨,3007,19.3,N
2009,議員,區域,基隆市,基隆市第06選區,4,黃景泰,1,中國國民黨,4199,26.95,Y
2009,議員,區域,基隆市,基隆市第07選區,1,張耿輝,1,中國國民黨,4533,21.47,Y
2009,議員,區域,基隆市,基隆市第07選區,2,高辜惠珍,2,中國國民黨,1214,5.75,N
2009,議員,區域,基隆市,基隆市第07選區,3,蘇仁和,1,民主進步黨,4733,22.42,Y
2009,議員,區域,基隆市,基隆市第07選區,4,陳金樹,1,中國國民黨,3108,14.72,N
2009,議員,區域,基隆市,基隆市第07選區,5,蔡旺璉,1,中國國民黨,3681,17.43,Y
2009,議員,區域,基隆市,基隆市第07選區,6,蘇財發,1,中國國民黨,3840,18.19,Y
2009,議員,區域,新竹市,新竹市第01選區,1,鄭貴元,1,無黨籍及未經政黨推薦,2311,4.34,N
2009,議員,區域,新竹市,新竹市第01選區,2,陳文正,1,無黨籍及未經政黨推薦,3246,6.1,Y
2009,議員,區域,新竹市,新竹市第01選區,3,曾浿茹,2,中國國民黨,1642,3.08,N
2009,議員,區域,新竹市,新竹市第01選區,4,謝希誠,1,中國國民黨,2798,5.25,Y
2009,議員,區域,新竹市,新竹市第01選區,5,羅文熾,1,無黨籍及未經政黨推薦,2807,5.27,Y
2009,議員,區域,新竹市,新竹市第01選區,6,段孝芳,2,中國國民黨,2859,5.37,Y
2009,議員,區域,新竹市,新竹市第01選區,7,李國璋,1,中國國民黨,2700,5.07,N
2009,議員,區域,新竹市,新竹市第01選區,8,黃源甫,1,無黨籍及未經政黨推薦,635,1.19,N
2009,議員,區域,新竹市,新竹市第01選區,9,鄭宏輝,1,民主進步黨,4799,9.02,Y
2009,議員,區域,新竹市,新竹市第01選區,10,陳世明,1,無黨籍及未經政黨推薦,1463,2.75,N
2009,議員,區域,新竹市,新竹市第01選區,11,林志雅,1,無黨籍及未經政黨推薦,1016,1.9,N
2009,議員,區域,新竹市,新竹市第01選區,12,鍾淑英,2,中國國民黨,3195,6,Y
2009,議員,區域,新竹市,新竹市第01選區,13,楊玉斌,1,無黨籍及未經政黨推薦,2333,4.38,N
2009,議員,區域,新竹市,新竹市第01選區,14,余邦彥,1,中國國民黨,3636,6.83,Y
2009,議員,區域,新竹市,新竹市第01選區,15,余旺財,1,無黨籍及未經政黨推薦,641,1.2,N
2009,議員,區域,新竹市,新竹市第01選區,16,林智堅,1,民主進步黨,4711,8.85,Y
2009,議員,區域,新竹市,新竹市第01選區,17,張祖琰,2,中國國民黨,3916,7.36,Y
2009,議員,區域,新竹市,新竹市第01選區,18,鄭劉淑妹,2,中國國民黨,1965,3.69,N
2009,議員,區域,新竹市,新竹市第01選區,19,曾資程,1,民主進步黨,2982,5.6,Y
2009,議員,區域,新竹市,新竹市第01選區,20,鄭正鈐,1,中國國民黨,3540,6.65,Y
2009,議員,區域,新竹市,新竹市第02選區,1,林建宏,1,無黨籍及未經政黨推薦,441,2.14,N
2009,議員,區域,新竹市,新竹市第02選區,2,曾蘭香,2,無黨籍及未經政黨推薦,747,3.64,N
2009,議員,區域,新竹市,新竹市第02選區,3,許修睿,1,無黨籍及未經政黨推薦,4525,22.06,Y
2009,議員,區域,新竹市,新竹市第02選區,4,許文棟,1,無黨籍及未經政黨推薦,3597,17.53,Y
2009,議員,區域,新竹市,新竹市第02選區,5,魏秀珍,2,民主進步黨,4675,22.79,Y
2009,議員,區域,新竹市,新竹市第02選區,6,徐信芳,1,中國國民黨,3242,15.8,N
2009,議員,區域,新竹市,新竹市第02選區,7,田雅芳,2,無黨籍及未經政黨推薦,3285,16.01,Y
2009,議員,區域,新竹市,新竹市第03選區,1,杜德弘,1,無黨籍及未經政黨推薦,1646,12.17,N
2009,議員,區域,新竹市,新竹市第03選區,2,陳治雄,1,無黨籍及未經政黨推薦,2320,17.16,N
2009,議員,區域,新竹市,新竹市第03選區,3,鄭正宗,1,民主進步黨,3885,28.73,Y
2009,議員,區域,新竹市,新竹市第03選區,4,呂於台,1,中國國民黨,2348,17.36,Y
2009,議員,區域,新竹市,新竹市第03選區,5,駱克銘,1,中國國民黨,3320,24.55,Y
2009,議員,區域,新竹市,新竹市第04選區,1,蕭志潔,2,無黨籍及未經政黨推薦,2870,5.95,Y
2009,議員,區域,新竹市,新竹市第04選區,2,謝文進,1,無黨籍及未經政黨推薦,5017,10.4,Y
2009,議員,區域,新竹市,新竹市第04選區,3,蔡錕鈺,1,無黨籍及未經政黨推薦,4494,9.32,Y
2009,議員,區域,新竹市,新竹市第04選區,4,彭昆耀,1,無黨籍及未經政黨推薦,5442,11.28,Y
2009,議員,區域,新竹市,新竹市第04選區,5,彭憲忠,1,中國國民黨,2541,5.26,N
2009,議員,區域,新竹市,新竹市第04選區,6,江福湘,1,無黨籍及未經政黨推薦,2066,4.28,N
2009,議員,區域,新竹市,新竹市第04選區,7,李妍慧,2,無黨籍及未經政黨推薦,3642,7.55,Y
2009,議員,區域,新竹市,新竹市第04選區,8,吳秋穀,1,民主進步黨,4837,10.03,Y
2009,議員,區域,新竹市,新竹市第04選區,9,陳清全,1,無黨籍及未經政黨推薦,3754,7.78,Y
2009,議員,區域,新竹市,新竹市第04選區,10,吳青山,1,中國國民黨,4845,10.04,Y
2009,議員,區域,新竹市,新竹市第04選區,11,顏政德,1,無黨籍及未經政黨推薦,2239,4.64,N
2009,議員,區域,新竹市,新竹市第04選區,12,孫鍚洲,1,中國國民黨,3736,7.74,Y
2009,議員,區域,新竹市,新竹市第04選區,13,李黃錦燕,2,中國國民黨,2735,5.67,N
2009,議員,區域,新竹市,新竹市第05選區,1,黃燦麟,1,無黨籍及未經政黨推薦,181,0.57,N
2009,議員,區域,新竹市,新竹市第05選區,2,鄭成光,1,中國國民黨,3589,11.44,Y
2009,議員,區域,新竹市,新竹市第05選區,3,陳文彬,1,無黨籍及未經政黨推薦,913,2.91,N
2009,議員,區域,新竹市,新竹市第05選區,4,林梅華,2,無黨籍及未經政黨推薦,2897,9.24,Y
2009,議員,區域,新竹市,新竹市第05選區,5,王寶文,2,無黨籍及未經政黨推薦,2005,6.39,N
2009,議員,區域,新竹市,新竹市第05選區,6,陳啟源,1,無黨籍及未經政黨推薦,4097,13.06,Y
2009,議員,區域,新竹市,新竹市第05選區,7,張憲堂,1,無黨籍及未經政黨推薦,412,1.31,N
2009,議員,區域,新竹市,新竹市第05選區,8,林耕仁,1,中國國民黨,4417,14.09,Y
2009,議員,區域,新竹市,新竹市第05選區,9,胡獻忠,1,無黨籍及未經政黨推薦,1456,4.64,N
2009,議員,區域,新竹市,新竹市第05選區,10,林漢淇,1,民主進步黨,4481,14.29,Y
2009,議員,區域,新竹市,新竹市第05選區,11,賀玉燕,2,中國國民黨,2423,7.72,N
2009,議員,區域,新竹市,新竹市第05選區,12,吳國寶,1,無黨籍及未經政黨推薦,4477,14.28,Y
2009,議員,區域,嘉義市,嘉義市第01選區,1,傅大偉,1,中國國民黨,5422,8.72,Y
2009,議員,區域,嘉義市,嘉義市第01選區,2,洪有仁,1,無黨籍及未經政黨推薦,3463,5.57,N
2009,議員,區域,嘉義市,嘉義市第01選區,3,黃秋澤,1,無黨籍及未經政黨推薦,4348,6.99,Y
2009,議員,區域,嘉義市,嘉義市第01選區,4,郭美玲,2,中國國民黨,3658,5.88,N
2009,議員,區域,嘉義市,嘉義市第01選區,5,戴寧,2,無黨籍及未經政黨推薦,3849,6.19,Y
2009,議員,區域,嘉義市,嘉義市第01選區,6,黃露慧,2,民主進步黨,5278,8.49,Y
2009,議員,區域,嘉義市,嘉義市第01選區,7,黃盈智,1,民主進步黨,7345,11.82,Y
2009,議員,區域,嘉義市,嘉義市第01選區,8,張榮藏,1,無黨籍及未經政黨推薦,4135,6.65,Y
2009,議員,區域,嘉義市,嘉義市第01選區,9,邱芳欽,1,無黨籍及未經政黨推薦,4488,7.22,Y
2009,議員,區域,嘉義市,嘉義市第01選區,10,郭明賓,1,中國國民黨,4930,7.93,Y
2009,議員,區域,嘉義市,嘉義市第01選區,11,張敏琪,2,中國國民黨,4055,6.52,Y
2009,議員,區域,嘉義市,嘉義市第01選區,12,蔡永泉,1,台灣團結聯盟,3734,6,Y
2009,議員,區域,嘉義市,嘉義市第01選區,13,林瑞霞,2,無黨籍及未經政黨推薦,1834,2.95,N
2009,議員,區域,嘉義市,嘉義市第01選區,14,黃國村,1,中國國民黨,5597,9,Y
2009,議員,區域,嘉義市,嘉義市第02選區,1,王美惠,2,民主進步黨,7647,10.73,Y
2009,議員,區域,嘉義市,嘉義市第02選區,2,張志成,1,中國國民黨,2953,4.14,N
2009,議員,區域,嘉義市,嘉義市第02選區,3,鄭俊亨,1,中國國民黨,4053,5.68,Y
2009,議員,區域,嘉義市,嘉義市第02選區,4,譚國華,1,中國國民黨,1451,2.03,N
2009,議員,區域,嘉義市,嘉義市第02選區,5,廖天隆,1,無黨籍及未經政黨推薦,5444,7.63,Y
2009,議員,區域,嘉義市,嘉義市第02選區,6,陳幸枝,2,民主進步黨,4285,6.01,Y
2009,議員,區域,嘉義市,嘉義市第02選區,7,吳上明,1,無黨籍及未經政黨推薦,4644,6.51,Y
2009,議員,區域,嘉義市,嘉義市第02選區,8,李忠曆,1,無黨籍及未經政黨推薦,5433,7.62,Y
2009,議員,區域,嘉義市,嘉義市第02選區,9,蔡文旭,1,民主進步黨,5771,8.09,Y
2009,議員,區域,嘉義市,嘉義市第02選區,10,蔡坤龍,1,無黨籍及未經政黨推薦,1339,1.87,N
2009,議員,區域,嘉義市,嘉義市第02選區,11,黃正男,1,民主進步黨,4312,6.05,Y
2009,議員,區域,嘉義市,嘉義市第02選區,12,蔡榮豐,1,無黨籍及未經政黨推薦,3563,4.99,Y
2009,議員,區域,嘉義市,嘉義市第02選區,13,林承勳,1,無黨籍及未經政黨推薦,6691,9.38,Y
2009,議員,區域,嘉義市,嘉義市第02選區,14,張秀華,2,中國國民黨,4239,5.94,Y
2009,議員,區域,嘉義市,嘉義市第02選區,15,陳文齡,1,中國國民黨,3248,4.55,Y
2009,議員,區域,嘉義市,嘉義市第02選區,16,蔡貴絲,2,中國國民黨,6190,8.68,Y
2009,議員,區域,金門縣,金門縣第01選區,1,洪麗萍,2,中國國民黨,1632,6.81,Y
2009,議員,區域,金門縣,金門縣第01選區,2,李誠智,1,中國國民黨,1357,5.66,Y
2009,議員,區域,金門縣,金門縣第01選區,3,胡偉生,1,中國國民黨,717,2.99,N
2009,議員,區域,金門縣,金門縣第01選區,4,陳滄江,1,民主進步黨,1187,4.95,N
2009,議員,區域,金門縣,金門縣第01選區,5,洪篤全,1,無黨籍及未經政黨推薦,174,0.72,N
2009,議員,區域,金門縣,金門縣第01選區,6,王碧珍,2,無黨籍及未經政黨推薦,1645,6.86,Y
2009,議員,區域,金門縣,金門縣第01選區,7,楊永立,1,無黨籍及未經政黨推薦,2021,8.43,Y
2009,議員,區域,金門縣,金門縣第01選區,8,許燕道,1,無黨籍及未經政黨推薦,1492,6.22,Y
2009,議員,區域,金門縣,金門縣第01選區,9,許玉昭,2,中國國民黨,1629,6.79,Y
2009,議員,區域,金門縣,金門縣第01選區,10,李錫添,1,中國國民黨,1002,4.18,N
2009,議員,區域,金門縣,金門縣第01選區,11,唐麗輝,2,無黨籍及未經政黨推薦,1396,5.82,Y
2009,議員,區域,金門縣,金門縣第01選區,12,許華玉,2,中國國民黨,1211,5.05,N
2009,議員,區域,金門縣,金門縣第01選區,13,歐陽儀雄,1,無黨籍及未經政黨推薦,1714,7.15,Y
2009,議員,區域,金門縣,金門縣第01選區,14,許建中,1,中國國民黨,1933,8.06,Y
2009,議員,區域,金門縣,金門縣第01選區,15,洪允典,1,中國國民黨,2103,8.77,Y
2009,議員,區域,金門縣,金門縣第01選區,16,林金量,1,中國國民黨,1285,5.36,Y
2009,議員,區域,金門縣,金門縣第01選區,17,林孫全,1,中國國民黨,1462,6.1,Y
2009,議員,區域,金門縣,金門縣第02選區,1,李麗貌,2,中國國民黨,2144,15.24,Y
2009,議員,區域,金門縣,金門縣第02選區,2,王再生,1,無黨籍及未經政黨推薦,1320,9.38,Y
2009,議員,區域,金門縣,金門縣第02選區,3,楊應雄,1,中國國民黨,1384,9.84,Y
2009,議員,區域,金門縣,金門縣第02選區,4,陳向鑫,1,中國國民黨,801,5.69,N
2009,議員,區域,金門縣,金門縣第02選區,5,蔡春生,1,無黨籍及未經政黨推薦,1270,9.03,Y
2009,議員,區域,金門縣,金門縣第02選區,6,鄭根本,1,無黨籍及未經政黨推薦,161,1.14,N
2009,議員,區域,金門縣,金門縣第02選區,7,李應文,1,中國國民黨,672,4.77,N
2009,議員,區域,金門縣,金門縣第02選區,8,周子傑,1,無黨籍及未經政黨推薦,1182,8.4,N
2009,議員,區域,金門縣,金門縣第02選區,9,謝東龍,1,無黨籍及未經政黨推薦,1762,12.53,Y
2009,議員,區域,金門縣,金門縣第02選區,10,張志凱,1,無黨籍及未經政黨推薦,113,0.8,N
2009,議員,區域,金門縣,金門縣第02選區,11,陳玉珍,2,無黨籍及未經政黨推薦,117,0.83,N
2009,議員,區域,金門縣,金門縣第02選區,12,李成義,1,無黨籍及未經政黨推薦,1372,9.75,Y
2009,議員,區域,金門縣,金門縣第02選區,13,蔡水游,1,無黨籍及未經政黨推薦,1764,12.54,Y
2009,議員,區域,連江縣,連江縣第01選區,1,曹丞君,2,無黨籍及未經政黨推薦,391,11.84,Y
2009,議員,區域,連江縣,連江縣第01選區,2,李金梅,2,中國國民黨,520,15.75,Y
2009,議員,區域,連江縣,連江縣第01選區,3,曹爾章,1,中國國民黨,538,16.29,Y
2009,議員,區域,連江縣,連江縣第01選區,4,林惠萍,2,中國國民黨,565,17.11,Y
2009,議員,區域,連江縣,連江縣第01選區,5,陳書建,1,中國國民黨,370,11.2,N
2009,議員,區域,連江縣,連江縣第01選區,6,曹以標,1,無黨籍及未經政黨推薦,533,16.14,Y
2009,議員,區域,連江縣,連江縣第01選區,7,林貽祥,1,中國國民黨,384,11.63,N
2009,議員,區域,連江縣,連江縣第02選區,1,謝承春,1,無黨籍及未經政黨推薦,429,40.66,Y
2009,議員,區域,連江縣,連江縣第02選區,2,王長明,1,無黨籍及未經政黨推薦,249,23.6,N
2009,議員,區域,連江縣,連江縣第02選區,3,陳貴忠,1,無黨籍及未經政黨推薦,377,35.73,Y
2009,議員,區域,連江縣,連江縣第03選區,1,陳建光,1,中國國民黨,412,100,Y
2009,議員,區域,連江縣,連江縣第04選區,1,張永江,1,無黨籍及未經政黨推薦,531,100,Y
2009,議員,山地原住民,宜蘭縣,宜蘭縣第11選區,1,簡海樹,1,中國國民黨,1611,50.24,Y
2009,議員,山地原住民,宜蘭縣,宜蘭縣第11選區,2,陳傑麟,1,親民黨,1595,49.75,N
2009,議員,山地原住民,宜蘭縣,宜蘭縣第12選區,1,陳煜麟,1,中國國民黨,609,18.23,N
2009,議員,山地原住民,宜蘭縣,宜蘭縣第12選區,2,陳孝仁,1,中國國民黨,1431,42.85,Y
2009,議員,山地原住民,宜蘭縣,宜蘭縣第12選區,3,吳榮富,1,中國國民黨,1299,38.9,N
2009,議員,山地原住民,桃園縣,桃園縣第14選區,1,陳瑛,2,中國國民黨,2766,38.26,Y
2009,議員,山地原住民,桃園縣,桃園縣第14選區,2,張廷晟,1,無黨籍及未經政黨推薦,2017,27.9,N
2009,議員,山地原住民,桃園縣,桃園縣第14選區,3,蘇志強,1,中國國民黨,2445,33.82,N
2009,議員,山地原住民,新竹縣,新竹縣第12選區,1,曾安勝,1,中國國民黨,950,23.37,N
2009,議員,山地原住民,新竹縣,新竹縣第12選區,2,許阿勇,1,中國國民黨,1729,42.53,Y
2009,議員,山地原住民,新竹縣,新竹縣第12選區,3,謝應隆,1,無黨籍及未經政黨推薦,1386,34.09,N
2009,議員,山地原住民,新竹縣,新竹縣第13選區,1,趙一先,1,中國國民黨,1429,40.48,Y
2009,議員,山地原住民,新竹縣,新竹縣第13選區,2,林祥馨,1,無黨籍及未經政黨推薦,1028,29.12,N
2009,議員,山地原住民,新竹縣,新竹縣第13選區,3,陳世文,1,中國國民黨,1073,30.39,N
2009,議員,山地原住民,苗栗縣,苗栗縣第08選區,1,黃月娥,2,中國國民黨,1678,50.74,Y
2009,議員,山地原住民,苗栗縣,苗栗縣第08選區,2,高榮盛,1,中國國民黨,1629,49.25,N
2009,議員,山地原住民,南投縣,南投縣第06選區,1,史清水,1,中國國民黨,1669,34.56,Y
2009,議員,山地原住民,南投縣,南投縣第06選區,2,全正明,1,中國國民黨,1588,32.88,N
2009,議員,山地原住民,南投縣,南投縣第06選區,3,松秋明,1,中國國民黨,1572,32.55,N
2009,議員,山地原住民,南投縣,南投縣第07選區,1,陳國雄,1,無黨籍及未經政黨推薦,3172,46.05,Y
2009,議員,山地原住民,南投縣,南投縣第07選區,2,姜義智,1,無黨籍及未經政黨推薦,998,14.49,N
2009,議員,山地原住民,南投縣,南投縣第07選區,3,潘佩琪,2,中國國民黨,2717,39.45,N
2009,議員,山地原住民,嘉義縣,嘉義縣第07選區,1,汪大華,1,中國國民黨,596,27.26,N
2009,議員,山地原住民,嘉義縣,嘉義縣第07選區,2,汪志敏,1,無黨籍及未經政黨推薦,1192,54.52,Y
2009,議員,山地原住民,嘉義縣,嘉義縣第07選區,3,楊貴榮,1,無黨籍及未經政黨推薦,398,18.2,N
2009,議員,山地原住民,屏東縣,屏東縣第09選區,1,柯富國,1,中國國民黨,2858,63.88,Y
2009,議員,山地原住民,屏東縣,屏東縣第09選區,2,包水生Pacekelj Cigaw,1,中國國民黨,1616,36.11,N
2009,議員,山地原住民,屏東縣,屏東縣第10選區,1,林玉如,2,中國國民黨,2927,53.37,Y
2009,議員,山地原住民,屏東縣,屏東縣第10選區,2,陸月嬌,2,無黨籍及未經政黨推薦,2557,46.62,N
2009,議員,山地原住民,屏東縣,屏東縣第11選區,1,潘政治,1,無黨籍及未經政黨推薦,1505,51.29,Y
2009,議員,山地原住民,屏東縣,屏東縣第11選區,2,潘明利,1,中國國民黨,1429,48.7,N
2009,議員,山地原住民,屏東縣,屏東縣第12選區,1,連正勝,1,中國國民黨,4321,100,Y
2009,議員,山地原住民,屏東縣,屏東縣第13選區,1,林輝雄,1,中國國民黨,2187,100,Y
2009,議員,山地原住民,屏東縣,屏東縣第14選區,1,李冀香,2,中國國民黨,2308,100,Y
2009,議員,山地原住民,屏東縣,屏東縣第15選區,1,林傑西,1,中國國民黨,1437,46.36,N
2009,議員,山地原住民,屏東縣,屏東縣第15選區,2,洪明輝,1,無黨籍及未經政黨推薦,1662,53.63,Y
2009,議員,山地原住民,屏東縣,屏東縣第16選區,1,杜傳,1,中國國民黨,871,44.59,N
2009,議員,山地原住民,屏東縣,屏東縣第16選區,2,杜春生,1,中國國民黨,1082,55.4,Y
2009,議員,山地原住民,臺東縣,臺東縣第10選區,1,胡秋金,1,中國國民黨,1066,54.8,Y
2009,議員,山地原住民,臺東縣,臺東縣第10選區,2,余賢德,1,中國國民黨,879,45.19,N
2009,議員,山地原住民,臺東縣,臺東縣第11選區,1,余忠義,1,中國國民黨,1054,54.38,Y
2009,議員,山地原住民,臺東縣,臺東縣第11選區,2,余秀芳,2,中國國民黨,884,45.61,N
2009,議員,山地原住民,臺東縣,臺東縣第12選區,1,宋賢一,1,中國國民黨,1430,100,Y
2009,議員,山地原住民,臺東縣,臺東縣第13選區,1,朱連濟,2,中國國民黨,1072,50.3,Y
2009,議員,山地原住民,臺東縣,臺東縣第13選區,2,蔡玉玲,2,無黨籍及未經政黨推薦,1059,49.69,N
2009,議員,山地原住民,臺東縣,臺東縣第14選區,1,夏曼‧瑪德能,1,中國國民黨,903,54.36,Y
2009,議員,山地原住民,臺東縣,臺東縣第14選區,2,周貴光,1,中國國民黨,758,45.63,N
2009,議員,山地原住民,花蓮縣,花蓮縣第08選區,1,連美惠,2,無黨籍及未經政黨推薦,1922,25.94,N
2009,議員,山地原住民,花蓮縣,花蓮縣第08選區,2,林素美,2,無黨籍及未經政黨推薦,2598,35.07,N
2009,議員,山地原住民,花蓮縣,花蓮縣第08選區,3,黃輝寶,1,中國國民黨,2887,38.97,Y
2009,議員,山地原住民,花蓮縣,花蓮縣第09選區,1,陳長明,1,中國國民黨,1658,51.34,Y
2009,議員,山地原住民,花蓮縣,花蓮縣第09選區,2,林榮輝,1,無黨籍及未經政黨推薦,1571,48.65,N
2009,議員,山地原住民,花蓮縣,花蓮縣第10選區,1,川福義,1,無黨籍及未經政黨推薦,1298,45.22,N
2009,議員,山地原住民,花蓮縣,花蓮縣第10選區,2,呂必賢,1,中國國民黨,1572,54.77,Y
2009,議員,平地原住民,宜蘭縣,宜蘭縣第13選區,1,林裕臺,1,中國國民黨,296,41.63,N
2009,議員,平地原住民,宜蘭縣,宜蘭縣第13選區,2,陳來賜,1,中國國民黨,333,46.83,Y
2009,議員,平地原住民,宜蘭縣,宜蘭縣第13選區,3,林幸輝,1,無黨籍及未經政黨推薦,82,11.53,N
2009,議員,平地原住民,桃園縣,桃園縣第13選區,1,陳泰宇,1,無黨籍及未經政黨推薦,2076,23.74,Y
2009,議員,平地原住民,桃園縣,桃園縣第13選區,2,楊進福,1,中國國民黨,1680,19.21,N
2009,議員,平地原住民,桃園縣,桃園縣第13選區,3,洪國治,1,中國國民黨,1851,21.17,Y
2009,議員,平地原住民,桃園縣,桃園縣第13選區,4,吳春芳,2,中國國民黨,2005,22.93,Y
2009,議員,平地原住民,桃園縣,桃園縣第13選區,5,林志強,1,無黨籍及未經政黨推薦,1131,12.93,N
2009,議員,平地原住民,新竹縣,新竹縣第11選區,1,林光榮,1,中國國民黨,646,100,Y
2009,議員,平地原住民,苗栗縣,苗栗縣第07選區,1,朱仁貴,1,中國國民黨,400,22,N
2009,議員,平地原住民,苗栗縣,苗栗縣第07選區,2,風英雄,1,中國國民黨,494,27.17,N
2009,議員,平地原住民,苗栗縣,苗栗縣第07選區,3,風勝華,1,中國國民黨,425,23.37,N
2009,議員,平地原住民,苗栗縣,苗栗縣第07選區,4,潘秋榮,1,無黨籍及未經政黨推薦,499,27.44,Y
2009,議員,平地原住民,彰化縣,彰化縣第09選區,1,陳榮妹,2,中國國民黨,647,81.28,Y
2009,議員,平地原住民,彰化縣,彰化縣第09選區,2,彭孝隆,1,無黨籍及未經政黨推薦,149,18.71,N
2009,議員,平地原住民,屏東縣,屏東縣第08選區,1,潘裕隆,1,中國國民黨,1572,100,Y
2009,議員,平地原住民,臺東縣,臺東縣第06選區,1,王清堅,1,中國國民黨,1531,22.3,Y
2009,議員,平地原住民,臺東縣,臺東縣第06選區,2,林琮翰,1,中國國民黨,2160,31.46,Y
2009,議員,平地原住民,臺東縣,臺東縣第06選區,3,陳‧藍姆洛,1,台灣團結聯盟,1715,24.98,Y
2009,議員,平地原住民,臺東縣,臺東縣第06選區,4,洪玫璉,2,中國國民黨,1458,21.24,N
2009,議員,平地原住民,臺東縣,臺東縣第07選區,1,蔡義勇,1,中國國民黨,2713,43.59,Y
2009,議員,平地原住民,臺東縣,臺東縣第07選區,2,江堅壽,1,中國國民黨,3510,56.4,Y
2009,議員,平地原住民,臺東縣,臺東縣第08選區,1,張萬生,1,中國國民黨,1465,55.66,Y
2009,議員,平地原住民,臺東縣,臺東縣第08選區,2,林錦章,1,中國國民黨,1167,44.33,N
2009,議員,平地原住民,臺東縣,臺東縣第09選區,1,陳幸民,1,無黨籍及未經政黨推薦,1065,13.54,N
2009,議員,平地原住民,臺東縣,臺東縣第09選區,2,劉純歌,2,中國國民黨,1551,19.72,N
2009,議員,平地原住民,臺東縣,臺東縣第09選區,3,林富雄,1,中國國民黨,1686,21.44,N
2009,議員,平地原住民,臺東縣,臺東縣第09選區,4,葉榮福,1,中國國民黨,1460,18.57,N
2009,議員,平地原住民,臺東縣,臺東縣第09選區,5,嚴惠美,2,無黨籍及未經政黨推薦,2100,26.71,Y
2009,議員,平地原住民,花蓮縣,花蓮縣第05選區,1,余夏夫,1,中國國民黨,2207,25.3,Y
2009,議員,平地原住民,花蓮縣,花蓮縣第05選區,2,林秋美,2,無黨籍及未經政黨推薦,2100,24.07,Y
2009,議員,平地原住民,花蓮縣,花蓮縣第05選區,3,吳德聖,1,中國國民黨,691,7.92,N
2009,議員,平地原住民,花蓮縣,花蓮縣第05選區,4,笛布斯．顗賚,2,中國國民黨,2380,27.28,Y
2009,議員,平地原住民,花蓮縣,花蓮縣第05選區,5,張金生,1,中國國民黨,1345,15.41,N
2009,議員,平地原住民,花蓮縣,花蓮縣第06選區,1,楊德金,1,中國國民黨,2593,30.58,Y
2009,議員,平地原住民,花蓮縣,花蓮縣第06選區,2,孫永昌,1,中國國民黨,2321,27.37,Y
2009,議員,平地原住民,花蓮縣,花蓮縣第06選區,3,馬其山,1,無黨籍及未經政黨推薦,1382,16.29,N
2009,議員,平地原住民,花蓮縣,花蓮縣第06選區,4,林勝智,1,中國國民黨,2183,25.74,N
2009,議員,平地原住民,花蓮縣,花蓮縣第07選區,1,陳英妹,2,中國國民黨,2001,39.67,Y
2009,議員,平地原住民,花蓮縣,花蓮縣第07選區,2,陳修福,1,中國國民黨,1540,30.53,Y
2009,議員,平地原住民,花蓮縣,花蓮縣第07選區,3,林進富,1,中國國民黨,1502,29.78,N
2009,議員,平地原住民,基隆市,基隆市第08選區,1,馬賢生,1,中國國民黨,1214,44.48,N
2009,議員,平地原住民,基隆市,基隆市第08選區,2,朱瑞祥,1,無黨籍及未經政黨推薦,1515,55.51,Y
2010,議員,區域,臺北市,臺北市第01選區,1,林世宗,1,民主進步黨,13345,4.48,Y
2010,議員,區域,臺北市,臺北市第01選區,2,林瑞圖,1,無黨籍及未經政黨推薦,19815,6.65,Y
2010,議員,區域,臺北市,臺北市第01選區,3,陳碧峰,1,民主進步黨,16367,5.49,Y
2010,議員,區域,臺北市,臺北市第01選區,4,藍世聰,1,民主進步黨,9955,3.34,N
2010,議員,區域,臺北市,臺北市第01選區,5,陳正德,1,民主進步黨,10724,3.6,N
2010,議員,區域,臺北市,臺北市第01選區,6,賴素如,2,中國國民黨,29093,9.76,Y
2010,議員,區域,臺北市,臺北市第01選區,7,陳政忠,1,無黨籍及未經政黨推薦,18733,6.28,Y
2010,議員,區域,臺北市,臺北市第01選區,8,吳思瑤,2,民主進步黨,17528,5.88,Y
2010,議員,區域,臺北市,臺北市第01選區,9,陳重文,1,中國國民黨,12362,4.15,N
2010,議員,區域,臺北市,臺北市第01選區,10,王育誠,1,親民黨,5022,1.68,N
2010,議員,區域,臺北市,臺北市第01選區,11,陳建銘,1,台灣團結聯盟,17136,5.75,Y
2010,議員,區域,臺北市,臺北市第01選區,12,吳碧珠,2,中國國民黨,23253,7.8,Y
2010,議員,區域,臺北市,臺北市第01選區,13,汪志冰,2,無黨籍及未經政黨推薦,12599,4.23,N
2010,議員,區域,臺北市,臺北市第01選區,14,莊瑞雄,1,民主進步黨,34250,11.49,Y
2010,議員,區域,臺北市,臺北市第01選區,15,黃平洋,1,中國國民黨,15618,5.24,Y
2010,議員,區域,臺北市,臺北市第01選區,16,潘懷宗,1,新黨,25600,8.59,Y
2010,議員,區域,臺北市,臺北市第01選區,17,何志偉,1,民主進步黨,16433,5.51,Y
2010,議員,區域,臺北市,臺北市第02選區,1,李建昌,1,民主進步黨,13863,6.78,Y
2010,議員,區域,臺北市,臺北市第02選區,2,李亦杜,1,新黨,6259,3.06,N
2010,議員,區域,臺北市,臺北市第02選區,3,李彥秀,2,中國國民黨,27952,13.67,Y
2010,議員,區域,臺北市,臺北市第02選區,4,高嘉瑜,2,民主進步黨,21798,10.66,Y
2010,議員,區域,臺北市,臺北市第02選區,5,劉珮如,2,無黨籍及未經政黨推薦,831,0.4,N
2010,議員,區域,臺北市,臺北市第02選區,6,李盈萱,2,綠黨,4939,2.41,N
2010,議員,區域,臺北市,臺北市第02選區,7,吳世正,1,中國國民黨,21785,10.66,Y
2010,議員,區域,臺北市,臺北市第02選區,8,陳義洲,1,中國國民黨,20492,10.02,Y
2010,議員,區域,臺北市,臺北市第02選區,9,侯衍泰,1,中國國民黨,4296,2.1,N
2010,議員,區域,臺北市,臺北市第02選區,10,黃珊珊,2,親民黨,25518,12.48,Y
2010,議員,區域,臺北市,臺北市第02選區,11,闕枚莎,2,中國國民黨,21866,10.69,Y
2010,議員,區域,臺北市,臺北市第02選區,12,王孝維,1,民主進步黨,16867,8.25,Y
2010,議員,區域,臺北市,臺北市第02選區,13,洪連佐,1,無黨籍及未經政黨推薦,265,0.12,N
2010,議員,區域,臺北市,臺北市第02選區,14,江志銘,1,民主進步黨,17627,8.62,Y
2010,議員,區域,臺北市,臺北市第03選區,1,戴錫欽,1,中國國民黨,16600,7.12,Y
2010,議員,區域,臺北市,臺北市第03選區,2,許淑華,2,民主進步黨,21182,9.09,Y
2010,議員,區域,臺北市,臺北市第03選區,3,陳淑華,2,民主進步黨,9170,3.93,N
2010,議員,區域,臺北市,臺北市第03選區,4,洪士奇,1,親民黨,11278,4.83,N
2010,議員,區域,臺北市,臺北市第03選區,5,潘翰聲,1,綠黨,5011,2.15,N
2010,議員,區域,臺北市,臺北市第03選區,6,洪健益,1,民主進步黨,21694,9.3,Y
2010,議員,區域,臺北市,臺北市第03選區,7,王正德,1,中國國民黨,15379,6.59,Y
2010,議員,區域,臺北市,臺北市第03選區,8,許家蓓,2,民主進步黨,13945,5.98,N
2010,議員,區域,臺北市,臺北市第03選區,9,陳永德,1,中國國民黨,16728,7.17,Y
2010,議員,區域,臺北市,臺北市第03選區,10,楊實秋,1,中國國民黨,14235,6.1,Y
2010,議員,區域,臺北市,臺北市第03選區,11,唐高炫風,1,制憲聯盟,188,0.08,N
2010,議員,區域,臺北市,臺北市第03選區,12,王鴻薇,2,新黨,16957,7.27,Y
2010,議員,區域,臺北市,臺北市第03選區,13,陳孋輝,2,中國國民黨,15841,6.79,Y
2010,議員,區域,臺北市,臺北市第03選區,14,張茂楠,1,民主進步黨,19777,8.48,Y
2010,議員,區域,臺北市,臺北市第03選區,15,秦慧珠,2,中國國民黨,35037,15.03,Y
2010,議員,區域,臺北市,臺北市第04選區,1,葉林傳,1,中國國民黨,19128,10.18,Y
2010,議員,區域,臺北市,臺北市第04選區,2,王浩,1,中國國民黨,18081,9.62,Y
2010,議員,區域,臺北市,臺北市第04選區,3,鄭政崇,1,無黨籍及未經政黨推薦,717,0.38,N
2010,議員,區域,臺北市,臺北市第04選區,4,陳德賢,1,台灣團結聯盟,4222,2.24,N
2010,議員,區域,臺北市,臺北市第04選區,5,王世堅,1,民主進步黨,24546,13.06,Y
2010,議員,區域,臺北市,臺北市第04選區,6,簡余晏,2,民主進步黨,23190,12.34,Y
2010,議員,區域,臺北市,臺北市第04選區,7,梁文傑,1,民主進步黨,21111,11.23,Y
2010,議員,區域,臺北市,臺北市第04選區,8,林晉章,1,中國國民黨,16832,8.96,Y
2010,議員,區域,臺北市,臺北市第04選區,9,黃向羣,1,民主進步黨,8065,4.29,N
2010,議員,區域,臺北市,臺北市第04選區,10,李文英,2,民主進步黨,11363,6.04,N
2010,議員,區域,臺北市,臺北市第04選區,11,陳玉梅,2,中國國民黨,28991,15.43,Y
2010,議員,區域,臺北市,臺北市第04選區,12,林國成,1,親民黨,11591,6.17,Y
2010,議員,區域,臺北市,臺北市第05選區,1,郭昭巖,2,中國國民黨,19674,10.37,Y
2010,議員,區域,臺北市,臺北市第05選區,2,王碧華,2,無黨籍及未經政黨推薦,2078,1.09,N
2010,議員,區域,臺北市,臺北市第05選區,3,應曉薇,2,中國國民黨,18764,9.89,Y
2010,議員,區域,臺北市,臺北市第05選區,4,宋佳倫,2,綠黨,2215,1.16,N
2010,議員,區域,臺北市,臺北市第05選區,5,陳嘉銘,1,台灣團結聯盟,10852,5.72,N
2010,議員,區域,臺北市,臺北市第05選區,6,童仲彥,1,民主進步黨,15832,8.34,Y
2010,議員,區域,臺北市,臺北市第05選區,7,陳光,1,無黨籍及未經政黨推薦,5384,2.83,N
2010,議員,區域,臺北市,臺北市第05選區,8,吳志剛,1,中國國民黨,27003,14.23,Y
2010,議員,區域,臺北市,臺北市第05選區,9,侯冠群,1,新黨,9835,5.18,N
2010,議員,區域,臺北市,臺北市第05選區,10,顏聖冠,2,民主進步黨,16843,8.87,Y
2010,議員,區域,臺北市,臺北市第05選區,11,鍾小平,1,中國國民黨,21160,11.15,Y
2010,議員,區域,臺北市,臺北市第05選區,12,李振光,1,親民黨,3017,1.59,N
2010,議員,區域,臺北市,臺北市第05選區,13,鍾君竺,2,無黨籍及未經政黨推薦,443,0.23,N
2010,議員,區域,臺北市,臺北市第05選區,14,劉耀仁,1,民主進步黨,21843,11.51,Y
2010,議員,區域,臺北市,臺北市第05選區,15,周威佑,1,民主進步黨,14762,7.78,Y
2010,議員,區域,臺北市,臺北市第06選區,1,王蘋,2,無黨籍及未經政黨推薦,921,0.3,N
2010,議員,區域,臺北市,臺北市第06選區,2,周倪安,2,台灣團結聯盟,4092,1.36,N
2010,議員,區域,臺北市,臺北市第06選區,3,陳彥伯,1,新黨,15465,5.14,Y
2010,議員,區域,臺北市,臺北市第06選區,4,李慶鋒,1,民主進步黨,15757,5.24,Y
2010,議員,區域,臺北市,臺北市第06選區,5,王欣儀,2,中國國民黨,16608,5.53,Y
2010,議員,區域,臺北市,臺北市第06選區,6,阮昭雄,1,民主進步黨,16008,5.33,Y
2010,議員,區域,臺北市,臺北市第06選區,7,李新,1,中國國民黨,24181,8.05,Y
2010,議員,區域,臺北市,臺北市第06選區,8,翁金飛,1,無黨籍及未經政黨推薦,197,0.06,N
2010,議員,區域,臺北市,臺北市第06選區,9,徐佳青,2,民主進步黨,23040,7.67,Y
2010,議員,區域,臺北市,臺北市第06選區,10,張宏林,1,綠黨,4164,1.38,N
2010,議員,區域,臺北市,臺北市第06選區,11,陳錦祥,1,中國國民黨,16086,5.35,Y
2010,議員,區域,臺北市,臺北市第06選區,12,林慶隆,1,無黨籍及未經政黨推薦,8089,2.69,N
2010,議員,區域,臺北市,臺北市第06選區,13,林奕華,2,中國國民黨,37198,12.38,Y
2010,議員,區域,臺北市,臺北市第06選區,14,李慶元,1,中國國民黨,22915,7.63,Y
2010,議員,區域,臺北市,臺北市第06選區,15,歐陽龍,1,中國國民黨,23133,7.7,Y
2010,議員,區域,臺北市,臺北市第06選區,16,李大華,1,親民黨,9008,2.99,N
2010,議員,區域,臺北市,臺北市第06選區,17,李碧玉,2,無黨籍及未經政黨推薦,141,0.04,N
2010,議員,區域,臺北市,臺北市第06選區,18,秦儷舫,2,中國國民黨,17559,5.84,Y
2010,議員,區域,臺北市,臺北市第06選區,19,周柏雅,1,民主進步黨,18708,6.22,Y
2010,議員,區域,臺北市,臺北市第06選區,20,柯景昇,1,民主進步黨,10547,3.51,N
2010,議員,區域,臺北市,臺北市第06選區,21,厲耿桂芳,2,中國國民黨,16500,5.49,Y
2010,議員,區域,新北市,新北市第01選區,1,王鐘銘,1,綠黨,8321,7.49,N
2010,議員,區域,新北市,新北市第01選區,2,蔡錦賢,1,無黨籍及未經政黨推薦,24179,21.78,Y
2010,議員,區域,新北市,新北市第01選區,3,鄭戴麗香,2,中國國民黨,30122,27.13,Y
2010,議員,區域,新北市,新北市第01選區,4,呂子昌,1,民主進步黨,28707,25.86,Y
2010,議員,區域,新北市,新北市第01選區,5,李文德,1,中國國民黨,17509,15.77,N
2010,議員,區域,新北市,新北市第01選區,6,練瑞農,1,無黨籍及未經政黨推薦,2166,1.95,N
2010,議員,區域,新北市,新北市第02選區,1,陳文治,1,民主進步黨,26695,8.08,Y
2010,議員,區域,新北市,新北市第02選區,2,宋明宗,1,中國國民黨,19621,5.93,Y
2010,議員,區域,新北市,新北市第02選區,3,張晉婷,2,民主進步黨,24155,7.31,Y
2010,議員,區域,新北市,新北市第02選區,4,何淑峯,2,民主進步黨,25885,7.83,Y
2010,議員,區域,新北市,新北市第02選區,5,蔣根煌,1,中國國民黨,25078,7.59,Y
2010,議員,區域,新北市,新北市第02選區,6,蔡淑君,2,中國國民黨,21789,6.59,Y
2010,議員,區域,新北市,新北市第02選區,7,王月櫻,2,無黨籍及未經政黨推薦,3669,1.11,N
2010,議員,區域,新北市,新北市第02選區,8,黃林玲玲,2,中國國民黨,24693,7.47,Y
2010,議員,區域,新北市,新北市第02選區,9,李國書,1,中國國民黨,13652,4.13,N
2010,議員,區域,新北市,新北市第02選區,10,蘇立傑,1,無黨籍及未經政黨推薦,10927,3.3,N
2010,議員,區域,新北市,新北市第02選區,11,陳科名,1,民主進步黨,20475,6.19,Y
2010,議員,區域,新北市,新北市第02選區,12,劉新龍,1,無黨籍及未經政黨推薦,10266,3.1,N
2010,議員,區域,新北市,新北市第02選區,13,葉正森,1,無黨籍及未經政黨推薦,8096,2.45,N
2010,議員,區域,新北市,新北市第02選區,14,賴秋媚,2,民主進步黨,19808,5.99,Y
2010,議員,區域,新北市,新北市第02選區,15,陳明義,1,中國國民黨,20206,6.11,Y
2010,議員,區域,新北市,新北市第02選區,16,許主峯,1,無黨籍及未經政黨推薦,2680,0.81,N
2010,議員,區域,新北市,新北市第02選區,17,吳原豪,1,中國國民黨,19209,5.81,N
2010,議員,區域,新北市,新北市第02選區,18,蔡健棠,1,無黨籍及未經政黨推薦,15943,4.82,N
2010,議員,區域,新北市,新北市第02選區,19,蔡昌碩,1,無黨籍及未經政黨推薦,11914,3.6,N
2010,議員,區域,新北市,新北市第02選區,20,黃厚經,1,台灣團結聯盟,5575,1.68,N
2010,議員,區域,新北市,新北市第03選區,1,林金層,1,無黨籍及未經政黨推薦,2023,0.63,N
2010,議員,區域,新北市,新北市第03選區,2,林秋貴,1,無黨籍及未經政黨推薦,9759,3.04,N
2010,議員,區域,新北市,新北市第03選區,3,李余典,1,民主進步黨,26136,8.16,Y
2010,議員,區域,新北市,新北市第03選區,4,陳幸進,1,中國國民黨,25558,7.98,Y
2010,議員,區域,新北市,新北市第03選區,5,陳啟能,1,民主進步黨,22910,7.15,Y
2010,議員,區域,新北市,新北市第03選區,6,蘇卿彥,1,無黨籍及未經政黨推薦,480,0.14,N
2010,議員,區域,新北市,新北市第03選區,7,何仰山,1,無黨籍及未經政黨推薦,9211,2.87,N
2010,議員,區域,新北市,新北市第03選區,8,顏仁宣,1,台灣團結聯盟,7249,2.26,N
2010,議員,區域,新北市,新北市第03選區,9,李世東,1,無黨籍及未經政黨推薦,4377,1.36,N
2010,議員,區域,新北市,新北市第03選區,10,邱婷蔚,2,民主進步黨,19022,5.94,N
2010,議員,區域,新北市,新北市第03選區,11,胡淑蓉,2,中國國民黨,19070,5.95,Y
2010,議員,區域,新北市,新北市第03選區,12,鄭金隆,1,民主進步黨,24219,7.56,Y
2010,議員,區域,新北市,新北市第03選區,13,鄭世維,1,中國國民黨,16692,5.21,N
2010,議員,區域,新北市,新北市第03選區,14,黃秀玉,2,無黨籍及未經政黨推薦,5117,1.59,N
2010,議員,區域,新北市,新北市第03選區,15,張家偉,1,無黨籍及未經政黨推薦,15364,4.8,N
2010,議員,區域,新北市,新北市第03選區,16,蔡明堂,1,中國國民黨,18858,5.89,N
2010,議員,區域,新北市,新北市第03選區,17,黃桂蘭,2,中國國民黨,21733,6.79,Y
2010,議員,區域,新北市,新北市第03選區,18,陳忠,1,無黨籍及未經政黨推薦,337,0.1,N
2010,議員,區域,新北市,新北市第03選區,19,李翁月娥,2,無黨籍及未經政黨推薦,26621,8.31,Y
2010,議員,區域,新北市,新北市第03選區,20,李坤城,1,民主進步黨,21409,6.68,Y
2010,議員,區域,新北市,新北市第03選區,21,李倩萍,2,民主進步黨,23875,7.46,Y
2010,議員,區域,新北市,新北市第04選區,1,王淑惠,2,無黨籍及未經政黨推薦,10190,3.32,N
2010,議員,區域,新北市,新北市第04選區,2,林水山,1,民主進步黨,16425,5.36,N
2010,議員,區域,新北市,新北市第04選區,3,黃俊哲,1,民主進步黨,17879,5.83,Y
2010,議員,區域,新北市,新北市第04選區,4,吳金宗,1,親民黨,9319,3.04,N
2010,議員,區域,新北市,新北市第04選區,5,曾煥嘉,1,中國國民黨,24484,7.99,Y
2010,議員,區域,新北市,新北市第04選區,6,廖裕德,1,無黨籍及未經政黨推薦,17173,5.6,Y
2010,議員,區域,新北市,新北市第04選區,7,林國春,1,中國國民黨,33419,10.91,Y
2010,議員,區域,新北市,新北市第04選區,8,周勝考,1,中國國民黨,18631,6.08,Y
2010,議員,區域,新北市,新北市第04選區,9,張宏陸,1,民主進步黨,27601,9.01,Y
2010,議員,區域,新北市,新北市第04選區,10,王月明,2,無黨籍及未經政黨推薦,8857,2.89,N
2010,議員,區域,新北市,新北市第04選區,11,蕭貫譽,1,台灣團結聯盟,11207,3.65,N
2010,議員,區域,新北市,新北市第04選區,12,王淑慧,2,民主進步黨,26161,8.54,Y
2010,議員,區域,新北市,新北市第04選區,13,張宏銘,1,中國國民黨,15034,4.9,N
2010,議員,區域,新北市,新北市第04選區,14,王景源,1,無黨籍及未經政黨推薦,16257,5.3,N
2010,議員,區域,新北市,新北市第04選區,15,汪成華,2,無黨籍及未經政黨推薦,1165,0.38,N
2010,議員,區域,新北市,新北市第04選區,16,李婉鈺,2,民主進步黨,20961,6.84,Y
2010,議員,區域,新北市,新北市第04選區,17,趙燕昭,1,無黨籍及未經政黨推薦,9515,3.1,N
2010,議員,區域,新北市,新北市第04選區,18,劉美芳,2,中國國民黨,21953,7.16,Y
2010,議員,區域,新北市,新北市第05選區,1,戴德成,1,新黨,14113,6.11,N
2010,議員,區域,新北市,新北市第05選區,2,簡文劉,1,中國國民黨,15077,6.53,N
2010,議員,區域,新北市,新北市第05選區,3,呂萬煜,1,無黨籍及未經政黨推薦,6209,2.68,N
2010,議員,區域,新北市,新北市第05選區,4,金瑞龍,1,中國國民黨,23444,10.15,Y
2010,議員,區域,新北市,新北市第05選區,5,江永昌,1,無黨籍及未經政黨推薦,26469,11.46,Y
2010,議員,區域,新北市,新北市第05選區,6,許進勝,1,中國國民黨,17499,7.57,N
2010,議員,區域,新北市,新北市第05選區,7,游輝廷,1,無黨籍及未經政黨推薦,18244,7.9,Y
2010,議員,區域,新北市,新北市第05選區,8,張瑞山,1,民主進步黨,23844,10.32,Y
2010,議員,區域,新北市,新北市第05選區,9,林秀惠,2,民主進步黨,26200,11.34,Y
2010,議員,區域,新北市,新北市第05選區,10,李肇南,1,親民黨,13672,5.92,N
2010,議員,區域,新北市,新北市第05選區,11,楊宗翰,1,無黨籍及未經政黨推薦,6627,2.87,N
2010,議員,區域,新北市,新北市第05選區,12,邱烽堯,1,中國國民黨,17604,7.62,Y
2010,議員,區域,新北市,新北市第05選區,13,陳錦錠,2,中國國民黨,21875,9.47,Y
2010,議員,區域,新北市,新北市第06選區,1,連斐璠,2,中國國民黨,21597,17.24,Y
2010,議員,區域,新北市,新北市第06選區,2,洪一平,1,無黨籍及未經政黨推薦,18224,14.54,N
2010,議員,區域,新北市,新北市第06選區,3,李素楨,2,無黨籍及未經政黨推薦,1476,1.17,N
2010,議員,區域,新北市,新北市第06選區,4,廖筱清,2,民主進步黨,16115,12.86,N
2010,議員,區域,新北市,新北市第06選區,5,陳鴻源,1,中國國民黨,20854,16.64,Y
2010,議員,區域,新北市,新北市第06選區,6,金介壽,1,中國國民黨,21982,17.54,Y
2010,議員,區域,新北市,新北市第06選區,7,許昭興,2,民主進步黨,19887,15.87,Y
2010,議員,區域,新北市,新北市第06選區,8,黃錫麟,1,親民黨,5136,4.09,N
2010,議員,區域,新北市,新北市第07選區,1,高敏慧,2,民主進步黨,18732,6.15,Y
2010,議員,區域,新北市,新北市第07選區,2,江定謙,1,無黨籍及未經政黨推薦,583,0.19,N
2010,議員,區域,新北市,新北市第07選區,3,薛永華,1,親民黨,6619,2.17,N
2010,議員,區域,新北市,新北市第07選區,4,黃永昌,1,中國國民黨,20820,6.84,Y
2010,議員,區域,新北市,新北市第07選區,5,蘇有仁,1,無黨籍及未經政黨推薦,17954,5.9,Y
2010,議員,區域,新北市,新北市第07選區,6,陳白霞,2,台灣團結聯盟,9758,3.2,N
2010,議員,區域,新北市,新北市第07選區,7,歐金獅,1,民主進步黨,14438,4.74,N
2010,議員,區域,新北市,新北市第07選區,8,陳誠鈞,1,無黨籍及未經政黨推薦,172,0.05,N
2010,議員,區域,新北市,新北市第07選區,9,王明麗,2,中國國民黨,14798,4.86,Y
2010,議員,區域,新北市,新北市第07選區,10,洪佳君,2,中國國民黨,34441,11.32,Y
2010,議員,區域,新北市,新北市第07選區,11,王金芬,2,中國國民黨,10643,3.49,N
2010,議員,區域,新北市,新北市第07選區,12,廖進入,1,無黨籍及未經政黨推薦,1861,0.61,N
2010,議員,區域,新北市,新北市第07選區,13,彭成龍,1,民主進步黨,21107,6.93,Y
2010,議員,區域,新北市,新北市第07選區,14,何玉枝,2,中國國民黨,9984,3.28,N
2010,議員,區域,新北市,新北市第07選區,15,陳文錄,1,無黨籍及未經政黨推薦,12358,4.06,N
2010,議員,區域,新北市,新北市第07選區,16,蔡黃隆,1,中國國民黨,18609,6.11,Y
2010,議員,區域,新北市,新北市第07選區,17,吳琪銘,1,民主進步黨,33978,11.16,Y
2010,議員,區域,新北市,新北市第07選區,18,吳麗香,2,無黨籍及未經政黨推薦,6792,2.23,N
2010,議員,區域,新北市,新北市第07選區,19,林銘仁,1,民主進步黨,21519,7.07,Y
2010,議員,區域,新北市,新北市第07選區,20,陳世榮,1,民主進步黨,29034,9.54,Y
2010,議員,區域,新北市,新北市第08選區,1,陳儀君,2,中國國民黨,24400,13.27,Y
2010,議員,區域,新北市,新北市第08選區,2,曾正和,1,中國國民黨,18104,9.84,N
2010,議員,區域,新北市,新北市第08選區,3,鄒元中,1,親民黨,5630,3.06,N
2010,議員,區域,新北市,新北市第08選區,4,高世輝,1,無黨籍及未經政黨推薦,2566,1.39,N
2010,議員,區域,新北市,新北市第08選區,5,王至芬,2,無黨籍及未經政黨推薦,2370,1.28,N
2010,議員,區域,新北市,新北市第08選區,6,李欣芳,2,民主進步黨,17609,9.57,N
2010,議員,區域,新北市,新北市第08選區,7,蔡明璋,1,新黨,4694,2.55,N
2010,議員,區域,新北市,新北市第08選區,8,金中玉,1,無黨籍及未經政黨推薦,25670,13.96,Y
2010,議員,區域,新北市,新北市第08選區,9,許正鴻,1,中國國民黨,22618,12.3,Y
2010,議員,區域,新北市,新北市第08選區,10,劉哲彰,1,中國國民黨,24862,13.52,Y
2010,議員,區域,新北市,新北市第08選區,11,陳永福,1,民主進步黨,35298,19.2,Y
2010,議員,區域,新北市,新北市第09選區,1,石翊靖,1,無黨籍及未經政黨推薦,1109,2.77,N
2010,議員,區域,新北市,新北市第09選區,2,趙國棟,1,無黨籍及未經政黨推薦,7078,17.72,N
2010,議員,區域,新北市,新北市第09選區,3,廖秀雄,1,無黨籍及未經政黨推薦,13754,34.43,N
2010,議員,區域,新北市,新北市第09選區,4,顏世雄,1,民主進步黨,17996,45.06,Y
2010,議員,區域,新北市,新北市第10選區,1,黃建清,1,中國國民黨,12261,9.94,N
2010,議員,區域,新北市,新北市第10選區,2,沈發惠,1,民主進步黨,18487,15,Y
2010,議員,區域,新北市,新北市第10選區,3,周雅玲,2,民主進步黨,16245,13.18,Y
2010,議員,區域,新北市,新北市第10選區,4,廖正良,1,中國國民黨,17166,13.92,Y
2010,議員,區域,新北市,新北市第10選區,5,唐有吉,1,中國國民黨,10709,8.68,N
2010,議員,區域,新北市,新北市第10選區,6,廖學廣,1,無黨籍及未經政黨推薦,15580,12.64,N
2010,議員,區域,新北市,新北市第10選區,7,白珮茹,2,中國國民黨,19444,15.77,Y
2010,議員,區域,新北市,新北市第10選區,8,許春財,1,無黨籍及未經政黨推薦,13350,10.83,N
2010,議員,區域,臺中市,臺中市第01選區,1,林素眞,2,中國國民黨,11054,14.47,N
2010,議員,區域,臺中市,臺中市第01選區,2,易錦隆,1,無黨籍及未經政黨推薦,5491,7.19,N
2010,議員,區域,臺中市,臺中市第01選區,3,吳敏濟,1,民主進步黨,11892,15.57,Y
2010,議員,區域,臺中市,臺中市第01選區,4,陳源智,1,無黨籍及未經政黨推薦,772,1.01,N
2010,議員,區域,臺中市,臺中市第01選區,5,李榮鴻,1,中國國民黨,12964,16.97,Y
2010,議員,區域,臺中市,臺中市第01選區,6,王世清,1,無黨籍及未經政黨推薦,9241,12.1,N
2010,議員,區域,臺中市,臺中市第01選區,7,紀昭印,1,無黨籍及未經政黨推薦,3467,4.54,N
2010,議員,區域,臺中市,臺中市第01選區,8,顏榮燦,1,無黨籍及未經政黨推薦,10044,13.15,N
2010,議員,區域,臺中市,臺中市第01選區,9,楊永昌,1,無黨籍及未經政黨推薦,11437,14.97,Y
2010,議員,區域,臺中市,臺中市第02選區,1,王立任,1,民主進步黨,12316,9.78,N
2010,議員,區域,臺中市,臺中市第02選區,2,蘇麗華,2,中國國民黨,15246,12.11,Y
2010,議員,區域,臺中市,臺中市第02選區,3,周賜福,1,無黨籍及未經政黨推薦,2065,1.64,N
2010,議員,區域,臺中市,臺中市第02選區,4,尤碧鈴,2,無黨籍及未經政黨推薦,15334,12.18,Y
2010,議員,區域,臺中市,臺中市第02選區,5,張清堂,1,無黨籍及未經政黨推薦,19528,15.52,Y
2010,議員,區域,臺中市,臺中市第02選區,6,趙朝琴,1,無黨籍及未經政黨推薦,8854,7.03,N
2010,議員,區域,臺中市,臺中市第02選區,7,楊秋雲,2,中國國民黨,12804,10.17,N
2010,議員,區域,臺中市,臺中市第02選區,8,楊典忠,1,民主進步黨,15210,12.09,Y
2010,議員,區域,臺中市,臺中市第02選區,9,陳年添,1,無黨籍及未經政黨推薦,10012,7.95,N
2010,議員,區域,臺中市,臺中市第02選區,10,陳詩哲,1,無黨籍及未經政黨推薦,14435,11.47,Y
2010,議員,區域,臺中市,臺中市第03選區,1,林士昌,1,中國國民黨,12079,10.89,Y
2010,議員,區域,臺中市,臺中市第03選區,2,何端格,1,無黨籍及未經政黨推薦,9433,8.5,N
2010,議員,區域,臺中市,臺中市第03選區,3,林汝洲,1,中國國民黨,14688,13.24,Y
2010,議員,區域,臺中市,臺中市第03選區,4,黃錫嘉,1,無黨籍及未經政黨推薦,11201,10.1,Y
2010,議員,區域,臺中市,臺中市第03選區,5,張正興,1,無黨籍及未經政黨推薦,9852,8.88,N
2010,議員,區域,臺中市,臺中市第03選區,6,陳世凱,1,民主進步黨,15194,13.7,Y
2010,議員,區域,臺中市,臺中市第03選區,7,劉淑蘭,2,民主進步黨,10158,9.16,N
2010,議員,區域,臺中市,臺中市第03選區,8,謝蒼海,1,無黨籍及未經政黨推薦,5151,4.64,N
2010,議員,區域,臺中市,臺中市第03選區,9,林增貴,1,無黨籍及未經政黨推薦,3903,3.51,N
2010,議員,區域,臺中市,臺中市第03選區,10,吳瓊華,2,中國國民黨,11027,9.94,Y
2010,議員,區域,臺中市,臺中市第03選區,11,楊忠諺,1,無黨籍及未經政黨推薦,8205,7.39,N
2010,議員,區域,臺中市,臺中市第04選區,1,王朝坤,1,中國國民黨,10386,8.6,N
2010,議員,區域,臺中市,臺中市第04選區,2,張溢城,1,中國國民黨,10179,8.43,N
2010,議員,區域,臺中市,臺中市第04選區,3,吳富亭,1,民主進步黨,11958,9.91,N
2010,議員,區域,臺中市,臺中市第04選區,4,翁美春,2,民主進步黨,13052,10.81,Y
2010,議員,區域,臺中市,臺中市第04選區,5,陳本添,1,中國國民黨,12891,10.68,Y
2010,議員,區域,臺中市,臺中市第04選區,6,謝志忠,1,民主進步黨,17326,14.35,Y
2010,議員,區域,臺中市,臺中市第04選區,7,車淑娟,2,中國國民黨,11026,9.13,N
2010,議員,區域,臺中市,臺中市第04選區,8,陳清龍,1,無黨籍及未經政黨推薦,13172,10.91,Y
2010,議員,區域,臺中市,臺中市第04選區,9,尤介成,1,無黨籍及未經政黨推薦,7904,6.55,N
2010,議員,區域,臺中市,臺中市第04選區,10,高基讚,1,台灣團結聯盟,12769,10.58,Y
2010,議員,區域,臺中市,臺中市第05選區,1,王永通,1,無黨籍及未經政黨推薦,7606,5.66,N
2010,議員,區域,臺中市,臺中市第05選區,2,林竹旺,1,民主進步黨,13205,9.83,N
2010,議員,區域,臺中市,臺中市第05選區,3,吳顯森,1,中國國民黨,14611,10.88,Y
2010,議員,區域,臺中市,臺中市第05選區,4,蕭隆澤,1,無黨籍及未經政黨推薦,13654,10.17,Y
2010,議員,區域,臺中市,臺中市第05選區,5,許水彬,1,民主進步黨,14000,10.42,Y
2010,議員,區域,臺中市,臺中市第05選區,6,羅永珍,2,中國國民黨,12671,9.43,N
2010,議員,區域,臺中市,臺中市第05選區,7,張立傑,1,無黨籍及未經政黨推薦,11689,8.7,N
2010,議員,區域,臺中市,臺中市第05選區,8,王加佳,2,中國國民黨,10637,7.92,N
2010,議員,區域,臺中市,臺中市第05選區,9,廖述鎮,1,民主進步黨,17854,13.3,Y
2010,議員,區域,臺中市,臺中市第05選區,10,賴朝國,1,中國國民黨,15169,11.3,Y
2010,議員,區域,臺中市,臺中市第05選區,11,何秀香,2,無黨籍及未經政黨推薦,3140,2.33,N
2010,議員,區域,臺中市,臺中市第06選區,1,吳春夏,1,無黨籍及未經政黨推薦,8799,8.66,N
2010,議員,區域,臺中市,臺中市第06選區,2,楊正中,1,中國國民黨,14679,14.45,Y
2010,議員,區域,臺中市,臺中市第06選區,3,張廖乃綸,2,中國國民黨,11151,10.98,Y
2010,議員,區域,臺中市,臺中市第06選區,4,陳富德,1,無黨籍及未經政黨推薦,5162,5.08,N
2010,議員,區域,臺中市,臺中市第06選區,5,黃馨慧,2,中國國民黨,16779,16.52,Y
2010,議員,區域,臺中市,臺中市第06選區,6,張廖萬堅,1,民主進步黨,21585,21.26,Y
2010,議員,區域,臺中市,臺中市第06選區,7,留峰甫,1,無黨籍及未經政黨推薦,4011,3.95,N
2010,議員,區域,臺中市,臺中市第06選區,8,陳淑華,2,民主進步黨,19359,19.06,Y
2010,議員,區域,臺中市,臺中市第07選區,1,丁振嘉,1,中國國民黨,9552,12.78,N
2010,議員,區域,臺中市,臺中市第07選區,2,黃淑芬,2,無黨籍及未經政黨推薦,6753,9.04,N
2010,議員,區域,臺中市,臺中市第07選區,3,何文海,1,民主進步黨,12295,16.46,Y
2010,議員,區域,臺中市,臺中市第07選區,4,劉士州,1,中國國民黨,13167,17.62,Y
2010,議員,區域,臺中市,臺中市第07選區,5,張耀中,1,民主進步黨,12902,17.27,Y
2010,議員,區域,臺中市,臺中市第07選區,6,張博威,1,無黨籍及未經政黨推薦,864,1.15,N
2010,議員,區域,臺中市,臺中市第07選區,7,陳三井,1,無黨籍及未經政黨推薦,7648,10.23,N
2010,議員,區域,臺中市,臺中市第07選區,8,朱暖英,2,中國國民黨,11515,15.41,Y
2010,議員,區域,臺中市,臺中市第08選區,1,陳成添,1,中國國民黨,13689,10.94,Y
2010,議員,區域,臺中市,臺中市第08選區,2,吳敏,2,中國國民黨,9355,7.48,N
2010,議員,區域,臺中市,臺中市第08選區,3,林永能,1,無黨籍及未經政黨推薦,6087,4.86,N
2010,議員,區域,臺中市,臺中市第08選區,4,王岳彬,1,民主進步黨,13971,11.17,Y
2010,議員,區域,臺中市,臺中市第08選區,5,沈佑蓮,2,中國國民黨,19906,15.91,Y
2010,議員,區域,臺中市,臺中市第08選區,6,蔡雅玲,2,民主進步黨,12760,10.2,Y
2010,議員,區域,臺中市,臺中市第08選區,7,賴順仁,1,中國國民黨,13166,10.52,Y
2010,議員,區域,臺中市,臺中市第08選區,8,黃代珩,1,無黨籍及未經政黨推薦,662,0.52,N
2010,議員,區域,臺中市,臺中市第08選區,9,洪樹和,1,無黨籍及未經政黨推薦,324,0.25,N
2010,議員,區域,臺中市,臺中市第08選區,10,曾朝榮,1,民主進步黨,19961,15.96,Y
2010,議員,區域,臺中市,臺中市第08選區,11,魏雲菱,2,無黨籍及未經政黨推薦,9633,7.7,N
2010,議員,區域,臺中市,臺中市第08選區,12,謝黎芳,2,無黨籍及未經政黨推薦,5552,4.43,N
2010,議員,區域,臺中市,臺中市第09選區,1,賴佳微,2,民主進步黨,13683,18.3,Y
2010,議員,區域,臺中市,臺中市第09選區,2,范淞育,1,民主進步黨,12888,17.23,N
2010,議員,區域,臺中市,臺中市第09選區,3,陳有江,1,中國國民黨,14955,20,Y
2010,議員,區域,臺中市,臺中市第09選區,4,劉國隆,1,台灣團結聯盟,11627,15.55,N
2010,議員,區域,臺中市,臺中市第09選區,5,顏志修,1,無黨籍及未經政黨推薦,5102,6.82,N
2010,議員,區域,臺中市,臺中市第09選區,6,陳天汶,1,中國國民黨,16506,22.07,Y
2010,議員,區域,臺中市,臺中市第10選區,1,江正吉,1,民主進步黨,10092,14.75,N
2010,議員,區域,臺中市,臺中市第10選區,2,洪嘉鴻,1,中國國民黨,12321,18,Y
2010,議員,區域,臺中市,臺中市第10選區,3,熊英芝,2,無黨籍及未經政黨推薦,1450,2.11,N
2010,議員,區域,臺中市,臺中市第10選區,4,張宏年,1,中國國民黨,17022,24.88,Y
2010,議員,區域,臺中市,臺中市第10選區,5,黃國書,1,民主進步黨,20020,29.26,Y
2010,議員,區域,臺中市,臺中市第10選區,6,賀姿華,2,無黨籍及未經政黨推薦,598,0.87,N
2010,議員,區域,臺中市,臺中市第10選區,7,王允伶,2,無黨籍及未經政黨推薦,6438,9.41,N
2010,議員,區域,臺中市,臺中市第10選區,8,蔡和興,1,無黨籍及未經政黨推薦,471,0.68,N
2010,議員,區域,臺中市,臺中市第11選區,1,李中,1,中國國民黨,12289,12.5,Y
2010,議員,區域,臺中市,臺中市第11選區,2,鄭功進,1,民主進步黨,11688,11.88,N
2010,議員,區域,臺中市,臺中市第11選區,3,賴頤年,1,中國國民黨,12264,12.47,N
2010,議員,區域,臺中市,臺中市第11選區,4,林珮涵,2,中國國民黨,15255,15.51,Y
2010,議員,區域,臺中市,臺中市第11選區,5,林家揚,1,無黨籍及未經政黨推薦,4970,5.05,N
2010,議員,區域,臺中市,臺中市第11選區,6,何敏誠,1,民主進步黨,15222,15.48,Y
2010,議員,區域,臺中市,臺中市第11選區,7,廖興生,1,無黨籍及未經政黨推薦,2940,2.99,N
2010,議員,區域,臺中市,臺中市第11選區,8,顏妏真,2,無黨籍及未經政黨推薦,8430,8.57,N
2010,議員,區域,臺中市,臺中市第11選區,9,邱素貞,2,民主進步黨,15248,15.51,Y
2010,議員,區域,臺中市,臺中市第12選區,1,何明杰,1,民主進步黨,15078,16.66,Y
2010,議員,區域,臺中市,臺中市第12選區,2,賴瑞珠,2,中國國民黨,11593,12.81,N
2010,議員,區域,臺中市,臺中市第12選區,3,江連福,1,無黨籍及未經政黨推薦,9410,10.39,N
2010,議員,區域,臺中市,臺中市第12選區,4,李麗華,2,中國國民黨,14137,15.62,Y
2010,議員,區域,臺中市,臺中市第12選區,5,詹敏豐,1,中國國民黨,11561,12.77,N
2010,議員,區域,臺中市,臺中市第12選區,6,賴義鍠,1,無黨籍及未經政黨推薦,13746,15.18,Y
2010,議員,區域,臺中市,臺中市第12選區,7,黃秀珠,2,民主進步黨,14972,16.54,Y
2010,議員,區域,臺中市,臺中市第13選區,1,李天生,1,民主進步黨,15130,10.8,Y
2010,議員,區域,臺中市,臺中市第13選區,2,鄭伯其,1,無黨籍及未經政黨推薦,5643,4.03,N
2010,議員,區域,臺中市,臺中市第13選區,3,蘇柏興,1,中國國民黨,8872,6.33,N
2010,議員,區域,臺中市,臺中市第13選區,4,林育潤,1,無黨籍及未經政黨推薦,7849,5.6,N
2010,議員,區域,臺中市,臺中市第13選區,5,張滄沂,1,無黨籍及未經政黨推薦,9655,6.89,Y
2010,議員,區域,臺中市,臺中市第13選區,6,戴萬福,1,中國國民黨,7004,5,N
2010,議員,區域,臺中市,臺中市第13選區,7,段緯宇,1,親民黨,9247,6.6,Y
2010,議員,區域,臺中市,臺中市第13選區,8,劉錦和,1,民主進步黨,11988,8.56,Y
2010,議員,區域,臺中市,臺中市第13選區,9,許榮良,1,無黨籍及未經政黨推薦,4717,3.36,N
2010,議員,區域,臺中市,臺中市第13選區,10,劉東圓,1,無黨籍及未經政黨推薦,209,0.14,N
2010,議員,區域,臺中市,臺中市第13選區,11,何欣純,2,民主進步黨,22582,16.12,Y
2010,議員,區域,臺中市,臺中市第13選區,12,鄭照新,1,無黨籍及未經政黨推薦,2064,1.47,N
2010,議員,區域,臺中市,臺中市第13選區,13,江勝雄,1,無黨籍及未經政黨推薦,11507,8.21,Y
2010,議員,區域,臺中市,臺中市第13選區,14,林碧秀,2,中國國民黨,9232,6.59,N
2010,議員,區域,臺中市,臺中市第13選區,15,蔡黃金雀,2,中國國民黨,8373,5.97,N
2010,議員,區域,臺中市,臺中市第13選區,16,林仲毅,1,無黨籍及未經政黨推薦,5950,4.24,N
2010,議員,區域,臺中市,臺中市第14選區,1,林明鍾,1,無黨籍及未經政黨推薦,7594,12.72,N
2010,議員,區域,臺中市,臺中市第14選區,2,陳萬通,1,中國國民黨,12053,20.19,N
2010,議員,區域,臺中市,臺中市第14選區,3,李月梅,2,無黨籍及未經政黨推薦,4509,7.55,N
2010,議員,區域,臺中市,臺中市第14選區,4,詹益乾,1,無黨籍及未經政黨推薦,1880,3.15,N
2010,議員,區域,臺中市,臺中市第14選區,5,蔡成圭,1,民主進步黨,16756,28.07,Y
2010,議員,區域,臺中市,臺中市第14選區,6,蘇慶雲,1,中國國民黨,16884,28.29,Y
2010,議員,區域,臺南市,臺南市第01選區,1,賴美惠,2,民主進步黨,15947,35.32,Y
2010,議員,區域,臺南市,臺南市第01選區,2,張世賢,1,中國國民黨,13046,28.89,Y
2010,議員,區域,臺南市,臺南市第01選區,3,黃月娟,2,中國國民黨,4233,9.37,N
2010,議員,區域,臺南市,臺南市第01選區,4,尤連發,1,無黨籍及未經政黨推薦,11917,26.39,N
2010,議員,區域,臺南市,臺南市第02選區,1,李退之,1,民主進步黨,9749,13.73,Y
2010,議員,區域,臺南市,臺南市第02選區,2,蔡育輝,1,中國國民黨,8374,11.79,N
2010,議員,區域,臺南市,臺南市第02選區,3,趙昆原,1,無黨籍及未經政黨推薦,8061,11.35,N
2010,議員,區域,臺南市,臺南市第02選區,4,顏炎釧,1,無黨籍及未經政黨推薦,9322,13.12,Y
2010,議員,區域,臺南市,臺南市第02選區,5,陳進雄,1,無黨籍及未經政黨推薦,11101,15.63,Y
2010,議員,區域,臺南市,臺南市第02選區,6,劉桂妙,2,中國國民黨,7970,11.22,N
2010,議員,區域,臺南市,臺南市第02選區,7,黃金鏞,1,中國國民黨,4474,6.3,N
2010,議員,區域,臺南市,臺南市第02選區,8,賴惠員,2,民主進步黨,11947,16.82,Y
2010,議員,區域,臺南市,臺南市第03選區,1,陳宗興,1,中國國民黨,11711,32.02,N
2010,議員,區域,臺南市,臺南市第03選區,2,謝財旺,1,無黨籍及未經政黨推薦,11846,32.38,Y
2010,議員,區域,臺南市,臺南市第03選區,3,侯澄財,1,民主進步黨,13017,35.59,Y
2010,議員,區域,臺南市,臺南市第04選區,1,郭秀珠,2,無黨籍及未經政黨推薦,12717,18.84,Y
2010,議員,區域,臺南市,臺南市第04選區,2,陳文賢,1,民主進步黨,11819,17.51,Y
2010,議員,區域,臺南市,臺南市第04選區,3,何培齊,2,無黨籍及未經政黨推薦,251,0.37,N
2010,議員,區域,臺南市,臺南市第04選區,4,楊麗玉,2,民主進步黨,10385,15.39,Y
2010,議員,區域,臺南市,臺南市第04選區,5,吳通龍,1,無黨籍及未經政黨推薦,12215,18.1,Y
2010,議員,區域,臺南市,臺南市第04選區,6,蔡和靖,1,無黨籍及未經政黨推薦,1386,2.05,N
2010,議員,區域,臺南市,臺南市第04選區,7,尤榮智,1,中國國民黨,9452,14,N
2010,議員,區域,臺南市,臺南市第04選區,8,謝總茹,2,中國國民黨,9246,13.7,N
2010,議員,區域,臺南市,臺南市第05選區,1,方一峰,1,中國國民黨,11723,18.56,N
2010,議員,區域,臺南市,臺南市第05選區,2,蔡蘇秋金,2,民主進步黨,14039,22.23,Y
2010,議員,區域,臺南市,臺南市第05選區,3,余榮和,1,中國國民黨,11234,17.79,N
2010,議員,區域,臺南市,臺南市第05選區,4,陳朝來,1,民主進步黨,13686,21.67,Y
2010,議員,區域,臺南市,臺南市第05選區,5,蔡秋蘭,2,民主進步黨,12459,19.73,Y
2010,議員,區域,臺南市,臺南市第06選區,1,梁順發,1,民主進步黨,15992,38.65,Y
2010,議員,區域,臺南市,臺南市第06選區,2,林丁燦,1,無黨籍及未經政黨推薦,11923,28.81,N
2010,議員,區域,臺南市,臺南市第06選區,3,李文俊,1,中國國民黨,13457,32.52,Y
2010,議員,區域,臺南市,臺南市第07選區,1,吳德強,1,中國國民黨,9583,26.32,N
2010,議員,區域,臺南市,臺南市第07選區,2,林志聰,1,民主進步黨,11830,32.5,Y
2010,議員,區域,臺南市,臺南市第07選區,3,楊登山,1,無黨籍及未經政黨推薦,5093,13.99,N
2010,議員,區域,臺南市,臺南市第07選區,4,林全忠,1,無黨籍及未經政黨推薦,9891,27.17,Y
2010,議員,區域,臺南市,臺南市第08選區,1,江仲祥,1,中國國民黨,7250,29.15,N
2010,議員,區域,臺南市,臺南市第08選區,2,王峻潭,1,民主進步黨,9650,38.8,Y
2010,議員,區域,臺南市,臺南市第08選區,3,葉枝成,1,無黨籍及未經政黨推薦,7965,32.03,N
2010,議員,區域,臺南市,臺南市第09選區,1,林慶鎮,1,無黨籍及未經政黨推薦,7741,6.01,Y
2010,議員,區域,臺南市,臺南市第09選區,2,康進水,1,中國國民黨,6452,5,N
2010,議員,區域,臺南市,臺南市第09選區,3,陳秋萍,2,民主進步黨,7698,5.97,Y
2010,議員,區域,臺南市,臺南市第09選區,4,李坤煌,1,中國國民黨,13239,10.27,Y
2010,議員,區域,臺南市,臺南市第09選區,5,周獻珍,1,無黨籍及未經政黨推薦,3677,2.85,N
2010,議員,區域,臺南市,臺南市第09選區,6,林阳乙,1,無黨籍及未經政黨推薦,7265,5.64,N
2010,議員,區域,臺南市,臺南市第09選區,7,李崇智,1,無黨籍及未經政黨推薦,2575,1.99,N
2010,議員,區域,臺南市,臺南市第09選區,8,邱奕龍,1,無黨籍及未經政黨推薦,4946,3.84,N
2010,議員,區域,臺南市,臺南市第09選區,9,王敏星,1,中國國民黨,7051,5.47,N
2010,議員,區域,臺南市,臺南市第09選區,10,郭瑞南,1,中國國民黨,5385,4.18,N
2010,議員,區域,臺南市,臺南市第09選區,11,林燕祝,2,中國國民黨,9358,7.26,Y
2010,議員,區域,臺南市,臺南市第09選區,12,施重男,1,無黨籍及未經政黨推薦,9110,7.07,Y
2010,議員,區域,臺南市,臺南市第09選區,13,郭國文,1,民主進步黨,15443,11.99,Y
2010,議員,區域,臺南市,臺南市第09選區,14,楊明達,1,無黨籍及未經政黨推薦,3647,2.83,N
2010,議員,區域,臺南市,臺南市第09選區,15,楊中成,1,無黨籍及未經政黨推薦,7494,5.81,N
2010,議員,區域,臺南市,臺南市第09選區,16,林宜瑾,2,民主進步黨,12697,9.85,Y
2010,議員,區域,臺南市,臺南市第09選區,17,蔡百祿,1,無黨籍及未經政黨推薦,5014,3.89,N
2010,議員,區域,臺南市,臺南市第10選區,1,陳進義,1,中國國民黨,10784,11.12,Y
2010,議員,區域,臺南市,臺南市第10選區,2,王錦德,1,民主進步黨,10041,10.35,N
2010,議員,區域,臺南市,臺南市第10選區,3,郭清華,1,民主進步黨,10975,11.32,Y
2010,議員,區域,臺南市,臺南市第10選區,4,黃麗招,2,中國國民黨,10320,10.64,Y
2010,議員,區域,臺南市,臺南市第10選區,5,林炳利,1,無黨籍及未經政黨推薦,10127,10.44,Y
2010,議員,區域,臺南市,臺南市第10選區,6,黃永田,1,無黨籍及未經政黨推薦,4250,4.38,N
2010,議員,區域,臺南市,臺南市第10選區,7,郭信良,1,民主進步黨,16921,17.45,Y
2010,議員,區域,臺南市,臺南市第10選區,8,李長吉,1,無黨籍及未經政黨推薦,4626,4.77,N
2010,議員,區域,臺南市,臺南市第10選區,9,凃韶芳,2,民主進步黨,7461,7.69,N
2010,議員,區域,臺南市,臺南市第10選區,10,唐瑞明,1,無黨籍及未經政黨推薦,3588,3.7,N
2010,議員,區域,臺南市,臺南市第10選區,11,李中岑,2,無黨籍及未經政黨推薦,7835,8.08,N
2010,議員,區域,臺南市,臺南市第11選區,1,黃郁文,1,無黨籍及未經政黨推薦,7810,11.19,N
2010,議員,區域,臺南市,臺南市第11選區,2,李宗富,1,無黨籍及未經政黨推薦,8522,12.21,Y
2010,議員,區域,臺南市,臺南市第11選區,3,唐碧娥,2,民主進步黨,8888,12.74,Y
2010,議員,區域,臺南市,臺南市第11選區,4,許至椿,1,中國國民黨,7072,10.13,N
2010,議員,區域,臺南市,臺南市第11選區,5,翁若珊,2,中國國民黨,4773,6.84,N
2010,議員,區域,臺南市,臺南市第11選區,6,謝龍介,1,中國國民黨,10451,14.98,Y
2010,議員,區域,臺南市,臺南市第11選區,7,吳杰,1,無黨籍及未經政黨推薦,998,1.43,N
2010,議員,區域,臺南市,臺南市第11選區,8,陳怡珍,2,民主進步黨,15296,21.93,Y
2010,議員,區域,臺南市,臺南市第11選區,9,李錦泉,1,親民黨,5774,8.27,N
2010,議員,區域,臺南市,臺南市第11選區,10,黃建欣,1,無黨籍及未經政黨推薦,163,0.23,N
2010,議員,區域,臺南市,臺南市第12選區,1,洪玉鳳,2,無黨籍及未經政黨推薦,10503,25,Y
2010,議員,區域,臺南市,臺南市第12選區,2,姜滄源,1,無黨籍及未經政黨推薦,9073,21.6,N
2010,議員,區域,臺南市,臺南市第12選區,3,陳昌輝,1,台灣團結聯盟,4701,11.19,N
2010,議員,區域,臺南市,臺南市第12選區,4,邱莉莉,2,民主進步黨,17719,42.19,Y
2010,議員,區域,臺南市,臺南市第13選區,1,李文正,1,民主進步黨,10226,34.79,Y
2010,議員,區域,臺南市,臺南市第13選區,2,馬崇喜,1,中國國民黨,5153,17.53,N
2010,議員,區域,臺南市,臺南市第13選區,3,盧崑福,1,中國國民黨,7742,26.34,Y
2010,議員,區域,臺南市,臺南市第13選區,4,翁朝正,1,民主進步黨,6268,21.32,N
2010,議員,區域,臺南市,臺南市第14選區,1,蔡旺詮,1,民主進步黨,10143,10.83,Y
2010,議員,區域,臺南市,臺南市第14選區,2,黃文隆,1,無黨籍及未經政黨推薦,346,0.36,N
2010,議員,區域,臺南市,臺南市第14選區,3,吳政樺,2,無黨籍及未經政黨推薦,2273,2.42,N
2010,議員,區域,臺南市,臺南市第14選區,4,楊景斌,1,無黨籍及未經政黨推薦,924,0.98,N
2010,議員,區域,臺南市,臺南市第14選區,5,李建平,1,無黨籍及未經政黨推薦,1469,1.56,N
2010,議員,區域,臺南市,臺南市第14選區,6,楊海鷺,2,無黨籍及未經政黨推薦,112,0.11,N
2010,議員,區域,臺南市,臺南市第14選區,7,許木樹,1,中國國民黨,5965,6.37,N
2010,議員,區域,臺南市,臺南市第14選區,8,陸美祈,2,民主進步黨,9609,10.26,Y
2010,議員,區域,臺南市,臺南市第14選區,9,陳正育,1,新黨,810,0.86,N
2010,議員,區域,臺南市,臺南市第14選區,10,朱戎梅,2,無黨籍及未經政黨推薦,681,0.72,N
2010,議員,區域,臺南市,臺南市第14選區,11,李奎典,1,無黨籍及未經政黨推薦,237,0.25,N
2010,議員,區域,臺南市,臺南市第14選區,12,王定宇,1,民主進步黨,15640,16.7,Y
2010,議員,區域,臺南市,臺南市第14選區,13,曾順良,1,無黨籍及未經政黨推薦,11677,12.47,Y
2010,議員,區域,臺南市,臺南市第14選區,14,王家貞,2,中國國民黨,8741,9.33,N
2010,議員,區域,臺南市,臺南市第14選區,15,曾培雅,2,中國國民黨,9300,9.93,Y
2010,議員,區域,臺南市,臺南市第14選區,16,陳金鐘,1,無黨籍及未經政黨推薦,5349,5.71,N
2010,議員,區域,臺南市,臺南市第14選區,17,陳文科,1,中國國民黨,10357,11.06,Y
2010,議員,區域,臺南市,臺南市第15選區,1,林美燕,2,中國國民黨,12575,17.84,Y
2010,議員,區域,臺南市,臺南市第15選區,2,杜媽政,1,無黨籍及未經政黨推薦,3417,4.84,N
2010,議員,區域,臺南市,臺南市第15選區,3,葉俊良,1,無黨籍及未經政黨推薦,5559,7.88,N
2010,議員,區域,臺南市,臺南市第15選區,4,郭和元,1,無黨籍及未經政黨推薦,5402,7.66,N
2010,議員,區域,臺南市,臺南市第15選區,5,蔡淑惠,2,中國國民黨,12341,17.5,Y
2010,議員,區域,臺南市,臺南市第15選區,6,陳進益,1,民主進步黨,9578,13.58,Y
2010,議員,區域,臺南市,臺南市第15選區,7,周明德,1,無黨籍及未經政黨推薦,8320,11.8,N
2010,議員,區域,臺南市,臺南市第15選區,8,莊玉珠,2,民主進步黨,13292,18.85,Y
2010,議員,區域,臺南市,臺南市第16選區,1,吳健保,1,無黨籍及未經政黨推薦,14805,14.44,Y
2010,議員,區域,臺南市,臺南市第16選區,2,曾王雅雲,2,民主進步黨,10813,10.54,Y
2010,議員,區域,臺南市,臺南市第16選區,3,張伯祿,1,無黨籍及未經政黨推薦,14405,14.05,Y
2010,議員,區域,臺南市,臺南市第16選區,4,劉正昌,1,民主進步黨,9859,9.61,N
2010,議員,區域,臺南市,臺南市第16選區,5,陳特清,1,無黨籍及未經政黨推薦,13844,13.5,Y
2010,議員,區域,臺南市,臺南市第16選區,6,李來基,1,無黨籍及未經政黨推薦,1743,1.7,N
2010,議員,區域,臺南市,臺南市第16選區,7,陳文清,1,民主進步黨,8803,8.58,N
2010,議員,區域,臺南市,臺南市第16選區,8,杜素吟,2,無黨籍及未經政黨推薦,13319,12.99,Y
2010,議員,區域,臺南市,臺南市第16選區,9,洪德昆,1,無黨籍及未經政黨推薦,5891,5.74,N
2010,議員,區域,臺南市,臺南市第16選區,10,黃明進,1,中國國民黨,9037,8.81,N
2010,議員,區域,高雄市,高雄市第01選區,1,朱信強,1,無黨籍及未經政黨推薦,14668,18.62,Y
2010,議員,區域,高雄市,高雄市第01選區,2,蕭育穎,2,民主進步黨,7863,9.98,N
2010,議員,區域,高雄市,高雄市第01選區,3,林義迪,1,中國國民黨,10153,12.89,N
2010,議員,區域,高雄市,高雄市第01選區,4,林洪愛玉,2,無黨籍及未經政黨推薦,5431,6.89,N
2010,議員,區域,高雄市,高雄市第01選區,5,鍾盛有,1,無黨籍及未經政黨推薦,11893,15.1,N
2010,議員,區域,高雄市,高雄市第01選區,6,林富寶,1,民主進步黨,15837,20.11,Y
2010,議員,區域,高雄市,高雄市第01選區,7,李鴻鈞,1,中國國民黨,12890,16.37,Y
2010,議員,區域,高雄市,高雄市第02選區,1,陳東海,1,無黨籍及未經政黨推薦,3355,3.7,N
2010,議員,區域,高雄市,高雄市第02選區,2,張文瑞,1,民主進步黨,14023,15.49,Y
2010,議員,區域,高雄市,高雄市第02選區,3,陳明澤,1,民主進步黨,13642,15.07,Y
2010,議員,區域,高雄市,高雄市第02選區,4,蘇琦莉,2,中國國民黨,11854,13.09,Y
2010,議員,區域,高雄市,高雄市第02選區,5,程啓龍,1,中國國民黨,5606,6.19,N
2010,議員,區域,高雄市,高雄市第02選區,6,葉香,2,民主進步黨,9804,10.83,N
2010,議員,區域,高雄市,高雄市第02選區,7,朱聖蕙,2,無黨籍及未經政黨推薦,9851,10.88,N
2010,議員,區域,高雄市,高雄市第02選區,8,李長生,1,中國國民黨,18356,20.28,Y
2010,議員,區域,高雄市,高雄市第02選區,9,薛明和,1,無黨籍及未經政黨推薦,4011,4.43,N
2010,議員,區域,高雄市,高雄市第03選區,1,許福森,1,中國國民黨,19928,14.18,Y
2010,議員,區域,高雄市,高雄市第03選區,2,謝志富,1,無黨籍及未經政黨推薦,7622,5.42,N
2010,議員,區域,高雄市,高雄市第03選區,3,陳政聞,1,民主進步黨,23730,16.88,Y
2010,議員,區域,高雄市,高雄市第03選區,4,方信淵,1,中國國民黨,12664,9.01,N
2010,議員,區域,高雄市,高雄市第03選區,5,陸淑美,2,中國國民黨,18338,13.05,Y
2010,議員,區域,高雄市,高雄市第03選區,6,曾水文,1,中國國民黨,14072,10.01,Y
2010,議員,區域,高雄市,高雄市第03選區,7,盧謝珊珊,2,中國國民黨,10957,7.79,N
2010,議員,區域,高雄市,高雄市第03選區,8,翁瑞珠,2,民主進步黨,19124,13.61,Y
2010,議員,區域,高雄市,高雄市第03選區,9,李蕙蕙,2,親民黨,14068,10.01,N
2010,議員,區域,高雄市,高雄市第04選區,1,藍健菖,1,台灣團結聯盟,11928,6.43,N
2010,議員,區域,高雄市,高雄市第04選區,2,蔡長根,1,無黨籍及未經政黨推薦,8211,4.43,N
2010,議員,區域,高雄市,高雄市第04選區,3,黃石龍,1,無黨籍及未經政黨推薦,16624,8.96,Y
2010,議員,區域,高雄市,高雄市第04選區,4,李眉蓁,2,中國國民黨,16511,8.9,Y
2010,議員,區域,高雄市,高雄市第04選區,5,王貴雄,1,無黨籍及未經政黨推薦,195,0.1,N
2010,議員,區域,高雄市,高雄市第04選區,6,陳麗珍,2,中國國民黨,27273,14.71,Y
2010,議員,區域,高雄市,高雄市第04選區,7,張豐藤,1,民主進步黨,18577,10.02,Y
2010,議員,區域,高雄市,高雄市第04選區,8,藍星木,1,中國國民黨,16322,8.8,Y
2010,議員,區域,高雄市,高雄市第04選區,9,黃昭星,1,民主進步黨,12433,6.7,N
2010,議員,區域,高雄市,高雄市第04選區,10,陳玫娟,2,中國國民黨,17263,9.31,Y
2010,議員,區域,高雄市,高雄市第04選區,11,楊統一,1,無黨籍及未經政黨推薦,369,0.19,N
2010,議員,區域,高雄市,高雄市第04選區,12,周鍾㴴,1,中國國民黨,16245,8.76,Y
2010,議員,區域,高雄市,高雄市第04選區,13,林瑩蓉,2,民主進步黨,23391,12.62,Y
2010,議員,區域,高雄市,高雄市第05選區,1,吳利成,1,中國國民黨,14801,13.61,Y
2010,議員,區域,高雄市,高雄市第05選區,2,許慧玉,2,中國國民黨,13446,12.36,N
2010,議員,區域,高雄市,高雄市第05選區,3,林芳如,2,民主進步黨,20394,18.76,Y
2010,議員,區域,高雄市,高雄市第05選區,4,陳秋東,1,無黨籍及未經政黨推薦,6579,6.05,N
2010,議員,區域,高雄市,高雄市第05選區,5,吳文耀,1,中國國民黨,7629,7.01,N
2010,議員,區域,高雄市,高雄市第05選區,6,劉義雄,1,無黨籍及未經政黨推薦,344,0.31,N
2010,議員,區域,高雄市,高雄市第05選區,7,張勝富,1,民主進步黨,13971,12.85,Y
2010,議員,區域,高雄市,高雄市第05選區,8,何堅心,1,無黨籍及未經政黨推薦,2746,2.52,N
2010,議員,區域,高雄市,高雄市第05選區,9,葉進國,1,無黨籍及未經政黨推薦,12114,11.14,N
2010,議員,區域,高雄市,高雄市第05選區,10,錢聖武,1,民主進步黨,16678,15.34,Y
2010,議員,區域,高雄市,高雄市第06選區,1,張省吾,1,無黨籍及未經政黨推薦,14430,13.94,N
2010,議員,區域,高雄市,高雄市第06選區,2,李喬如,2,民主進步黨,22141,21.39,Y
2010,議員,區域,高雄市,高雄市第06選區,3,陳漢昇,1,無黨籍及未經政黨推薦,11735,11.34,N
2010,議員,區域,高雄市,高雄市第06選區,4,蔡金晏,1,中國國民黨,18769,18.14,Y
2010,議員,區域,高雄市,高雄市第06選區,5,陳美雅,2,中國國民黨,15077,14.57,Y
2010,議員,區域,高雄市,高雄市第06選區,6,連立堅,1,民主進步黨,21315,20.6,Y
2010,議員,區域,高雄市,高雄市第07選區,1,曾俊傑,1,中國國民黨,15927,8.41,Y
2010,議員,區域,高雄市,高雄市第07選區,2,童燕珍,2,中國國民黨,15933,8.42,Y
2010,議員,區域,高雄市,高雄市第07選區,3,黃添財,1,中國國民黨,12100,6.39,N
2010,議員,區域,高雄市,高雄市第07選區,4,康裕成,2,民主進步黨,20451,10.8,Y
2010,議員,區域,高雄市,高雄市第07選區,5,鄭新助,1,無黨籍及未經政黨推薦,18283,9.66,Y
2010,議員,區域,高雄市,高雄市第07選區,6,林宏明,1,無黨籍及未經政黨推薦,901,0.47,N
2010,議員,區域,高雄市,高雄市第07選區,7,黃淑美,2,民主進步黨,22502,11.89,Y
2010,議員,區域,高雄市,高雄市第07選區,8,朱朝興,1,無黨籍及未經政黨推薦,901,0.47,N
2010,議員,區域,高雄市,高雄市第07選區,9,洪平朗,1,民主進步黨,16185,8.55,Y
2010,議員,區域,高雄市,高雄市第07選區,10,楊定國,1,台灣團結聯盟,9331,4.93,N
2010,議員,區域,高雄市,高雄市第07選區,11,黃柏霖,1,中國國民黨,26772,14.15,Y
2010,議員,區域,高雄市,高雄市第07選區,12,林武忠,1,民主進步黨,15452,8.16,Y
2010,議員,區域,高雄市,高雄市第07選區,13,張美瑛,2,無黨籍及未經政黨推薦,509,0.26,N
2010,議員,區域,高雄市,高雄市第07選區,14,梅再興,1,中國國民黨,13949,7.37,N
2010,議員,區域,高雄市,高雄市第08選區,1,莊啟旺,1,中國國民黨,22043,14.74,Y
2010,議員,區域,高雄市,高雄市第08選區,2,黃紹庭,1,無黨籍及未經政黨推薦,10268,6.86,N
2010,議員,區域,高雄市,高雄市第08選區,3,許崑源,1,中國國民黨,18628,12.46,Y
2010,議員,區域,高雄市,高雄市第08選區,4,蕭永達,1,民主進步黨,18778,12.56,Y
2010,議員,區域,高雄市,高雄市第08選區,5,周玲妏,2,民主進步黨,22852,15.28,Y
2010,議員,區域,高雄市,高雄市第08選區,6,王齡嬌,2,中國國民黨,15612,10.44,N
2010,議員,區域,高雄市,高雄市第08選區,7,吳益政,1,親民黨,16267,10.88,Y
2010,議員,區域,高雄市,高雄市第08選區,8,郭建盟,1,民主進步黨,25020,16.73,Y
2010,議員,區域,高雄市,高雄市第09選區,1,簡海源,1,無黨籍及未經政黨推薦,9408,5.14,N
2010,議員,區域,高雄市,高雄市第09選區,2,徐榮延,1,無黨籍及未經政黨推薦,9663,5.28,N
2010,議員,區域,高雄市,高雄市第09選區,3,錢俊暤,1,無黨籍及未經政黨推薦,3060,1.67,N
2010,議員,區域,高雄市,高雄市第09選區,4,程培弘,1,新黨,1317,0.72,N
2010,議員,區域,高雄市,高雄市第09選區,5,李雅靜,2,中國國民黨,13381,7.31,Y
2010,議員,區域,高雄市,高雄市第09選區,6,郭素桃,2,中國國民黨,9382,5.13,N
2010,議員,區域,高雄市,高雄市第09選區,7,陳慧文,2,民主進步黨,24545,13.42,Y
2010,議員,區域,高雄市,高雄市第09選區,8,劉德林,1,中國國民黨,17991,9.83,Y
2010,議員,區域,高雄市,高雄市第09選區,9,吳思恭,1,無黨籍及未經政黨推薦,1941,1.06,N
2010,議員,區域,高雄市,高雄市第09選區,10,黃福昌,1,無黨籍及未經政黨推薦,3150,1.72,N
2010,議員,區域,高雄市,高雄市第09選區,11,王榮仁,1,無黨籍及未經政黨推薦,9286,5.07,N
2010,議員,區域,高雄市,高雄市第09選區,12,楊見福,1,無黨籍及未經政黨推薦,12329,6.74,Y
2010,議員,區域,高雄市,高雄市第09選區,13,顏曉菁,2,民主進步黨,24617,13.46,Y
2010,議員,區域,高雄市,高雄市第09選區,14,陳粹鑾,2,中國國民黨,11793,6.44,Y
2010,議員,區域,高雄市,高雄市第09選區,15,蘇炎城,1,無黨籍及未經政黨推薦,10153,5.55,Y
2010,議員,區域,高雄市,高雄市第09選區,16,張漢忠,1,民主進步黨,18615,10.17,Y
2010,議員,區域,高雄市,高雄市第09選區,17,李鋒斌,1,無黨籍及未經政黨推薦,1222,0.66,N
2010,議員,區域,高雄市,高雄市第09選區,18,陳宥良,1,無黨籍及未經政黨推薦,1015,0.55,N
2010,議員,區域,高雄市,高雄市第10選區,1,蔡媽福,1,無黨籍及未經政黨推薦,5624,2.87,N
2010,議員,區域,高雄市,高雄市第10選區,2,莊政博,1,無黨籍及未經政黨推薦,3566,1.82,N
2010,議員,區域,高雄市,高雄市第10選區,3,蔡武宏,1,中國國民黨,10087,5.15,N
2010,議員,區域,高雄市,高雄市第10選區,4,王進忠,1,無黨籍及未經政黨推薦,3542,1.8,N
2010,議員,區域,高雄市,高雄市第10選區,5,鄭光峰,1,民主進步黨,17941,9.16,Y
2010,議員,區域,高雄市,高雄市第10選區,6,李順進,1,無黨籍及未經政黨推薦,18053,9.22,Y
2010,議員,區域,高雄市,高雄市第10選區,7,林國正,1,中國國民黨,21074,10.76,Y
2010,議員,區域,高雄市,高雄市第10選區,8,林宛蓉,2,民主進步黨,16667,8.51,Y
2010,議員,區域,高雄市,高雄市第10選區,9,吳銘賜,1,民主進步黨,13634,6.96,N
2010,議員,區域,高雄市,高雄市第10選區,10,劉欣宜,2,台灣團結聯盟,3491,1.78,N
2010,議員,區域,高雄市,高雄市第10選區,11,鄭炳輝,1,無黨籍及未經政黨推薦,167,0.08,N
2010,議員,區域,高雄市,高雄市第10選區,12,陳麗娜,2,中國國民黨,15444,7.89,Y
2010,議員,區域,高雄市,高雄市第10選區,13,陳致中,1,無黨籍及未經政黨推薦,32947,16.83,Y
2010,議員,區域,高雄市,高雄市第10選區,14,陳信瑜,2,民主進步黨,14473,7.39,Y
2010,議員,區域,高雄市,高雄市第10選區,15,曾麗燕,2,中國國民黨,18990,9.7,Y
2010,議員,區域,高雄市,高雄市第11選區,1,黃武雄,1,無黨籍及未經政黨推薦,222,0.22,N
2010,議員,區域,高雄市,高雄市第11選區,2,黃順成,1,無黨籍及未經政黨推薦,3291,3.27,N
2010,議員,區域,高雄市,高雄市第11選區,3,王耀裕,1,中國國民黨,11638,11.57,N
2010,議員,區域,高雄市,高雄市第11選區,4,孫祈政,1,中國國民黨,6871,6.83,N
2010,議員,區域,高雄市,高雄市第11選區,5,韓賜村,1,民主進步黨,19691,19.58,Y
2010,議員,區域,高雄市,高雄市第11選區,6,吳淑芬,2,台灣團結聯盟,2421,2.4,N
2010,議員,區域,高雄市,高雄市第11選區,7,洪簡金祝,2,無黨籍及未經政黨推薦,4722,4.69,N
2010,議員,區域,高雄市,高雄市第11選區,8,黃兆呈,1,無黨籍及未經政黨推薦,6846,6.8,N
2010,議員,區域,高雄市,高雄市第11選區,9,于淑恩,1,無黨籍及未經政黨推薦,6352,6.31,N
2010,議員,區域,高雄市,高雄市第11選區,10,黃天煌,1,中國國民黨,12426,12.36,Y
2010,議員,區域,高雄市,高雄市第11選區,11,蔡昌達,1,民主進步黨,17764,17.66,Y
2010,議員,區域,高雄市,高雄市第11選區,12,洪秀錦,2,中國國民黨,4948,4.92,N
2010,議員,區域,高雄市,高雄市第11選區,13,李雨庭,2,無黨籍及未經政黨推薦,3340,3.32,N
2010,議員,山地原住民,臺北市,臺北市第08選區,1,高金建華,1,無黨籍及未經政黨推薦,205,9.33,N
2010,議員,山地原住民,臺北市,臺北市第08選區,2,高正尚,1,無黨籍及未經政黨推薦,483,21.98,N
2010,議員,山地原住民,臺北市,臺北市第08選區,3,黃鶴敏,1,無黨籍及未經政黨推薦,118,5.37,N
2010,議員,山地原住民,臺北市,臺北市第08選區,4,高李茂俊,1,親民黨,116,5.27,N
2010,議員,山地原住民,臺北市,臺北市第08選區,5,李傅中武,1,中國國民黨,1275,58.03,Y
2010,議員,山地原住民,新北市,新北市第12選區,1,張金榮,1,無黨籍及未經政黨推薦,1772,34.44,N
2010,議員,山地原住民,新北市,新北市第12選區,2,王建章,1,中國國民黨,1939,37.68,Y
2010,議員,山地原住民,新北市,新北市第12選區,3,陳勝榮,1,無黨籍及未經政黨推薦,1434,27.87,N
2010,議員,山地原住民,臺中市,臺中市第16選區,1,林榮進,1,中國國民黨,3316,50.26,Y
2010,議員,山地原住民,臺中市,臺中市第16選區,2,林建堂,1,中國國民黨,1893,28.69,N
2010,議員,山地原住民,臺中市,臺中市第16選區,3,江世大,1,中國國民黨,1388,21.03,N
2010,議員,山地原住民,臺南市,臺南市第18選區,1,顏明仁,1,民主進步黨,111,8.98,N
2010,議員,山地原住民,臺南市,臺南市第18選區,2,曾秀娟,2,無黨籍及未經政黨推薦,464,37.54,Y
2010,議員,山地原住民,臺南市,臺南市第18選區,3,孫曉萍,2,無黨籍及未經政黨推薦,160,12.94,N
2010,議員,山地原住民,臺南市,臺南市第18選區,4,李志宏,1,中國國民黨,265,21.44,N
2010,議員,山地原住民,臺南市,臺南市第18選區,5,許玉美,2,中國國民黨,236,19.09,N
2010,議員,山地原住民,高雄市,高雄市第13選區,1,柯路加Istanba Ciban,1,中國國民黨,1736,63.1,Y
2010,議員,山地原住民,高雄市,高雄市第13選區,2,林國權,1,中國國民黨,1015,36.89,N
2010,議員,山地原住民,高雄市,高雄市第14選區,1,宋玉清,1,無黨籍及未經政黨推薦,443,13.87,N
2010,議員,山地原住民,高雄市,高雄市第14選區,2,謝貴來Istanda．Salizan,1,中國國民黨,687,21.51,N
2010,議員,山地原住民,高雄市,高雄市第14選區,3,顏金得,1,中國國民黨,823,25.77,N
2010,議員,山地原住民,高雄市,高雄市第14選區,4,伊斯坦大‧貝雅夫‧正福Istanda．Paingav,1,無黨籍及未經政黨推薦,1240,38.83,Y
2010,議員,山地原住民,高雄市,高雄市第15選區,1,張正信,1,民主進步黨,411,13.9,N
2010,議員,山地原住民,高雄市,高雄市第15選區,2,唐惠美,2,中國國民黨,1035,35.02,N
2010,議員,山地原住民,高雄市,高雄市第15選區,3,孫慶龍Tanobake．Apaolithi,1,中國國民黨,1509,51.06,Y
2010,議員,平地原住民,臺北市,臺北市第07選區,1,萬美芳,2,無黨籍及未經政黨推薦,814,26.54,N
2010,議員,平地原住民,臺北市,臺北市第07選區,2,林照玉,2,無黨籍及未經政黨推薦,415,13.53,N
2010,議員,平地原住民,臺北市,臺北市第07選區,3,李芳儒,1,中國國民黨,1630,53.16,Y
2010,議員,平地原住民,臺北市,臺北市第07選區,4,祿子．高露,2,無黨籍及未經政黨推薦,207,6.75,N
2010,議員,平地原住民,新北市,新北市第11選區,1,夷將．拔路兒Icyang．Parod,1,民主進步黨,1995,16.14,Y
2010,議員,平地原住民,新北市,新北市第11選區,2,楊春妹,2,無黨籍及未經政黨推薦,1767,14.3,N
2010,議員,平地原住民,新北市,新北市第11選區,3,黃來富,1,無黨籍及未經政黨推薦,642,5.19,N
2010,議員,平地原住民,新北市,新北市第11選區,4,陳家梅,2,中國國民黨,1687,13.65,N
2010,議員,平地原住民,新北市,新北市第11選區,5,田春枝,2,無黨籍及未經政黨推薦,693,5.6,N
2010,議員,平地原住民,新北市,新北市第11選區,6,黃宸鈺,2,無黨籍及未經政黨推薦,561,4.54,N
2010,議員,平地原住民,新北市,新北市第11選區,7,張天明,1,親民黨,379,3.06,N
2010,議員,平地原住民,新北市,新北市第11選區,8,宋進財Falong．Opa,1,無黨籍及未經政黨推薦,2590,20.96,Y
2010,議員,平地原住民,新北市,新北市第11選區,9,忠仁．達祿斯,1,中國國民黨,1862,15.07,Y
2010,議員,平地原住民,新北市,新北市第11選區,10,拔耐．茹妮老王,2,無黨籍及未經政黨推薦,177,1.43,N
2010,議員,平地原住民,臺中市,臺中市第15選區,1,黃仁,1,中國國民黨,1619,39.91,Y
2010,議員,平地原住民,臺中市,臺中市第15選區,2,洪金福,1,中國國民黨,1369,33.75,N
2010,議員,平地原住民,臺中市,臺中市第15選區,3,溫建華,1,中國國民黨,1068,26.33,N
2010,議員,平地原住民,臺南市,臺南市第17選區,1,蔡玉枝,2,中國國民黨,271,26.1,Y
2010,議員,平地原住民,臺南市,臺南市第17選區,2,曾錦海,1,無黨籍及未經政黨推薦,98,9.44,N
2010,議員,平地原住民,臺南市,臺南市第17選區,3,李美素,2,民主進步黨,138,13.29,N
2010,議員,平地原住民,臺南市,臺南市第17選區,4,簡德輝,1,中國國民黨,240,23.12,N
2010,議員,平地原住民,臺南市,臺南市第17選區,5,陳郁珺,1,無黨籍及未經政黨推薦,153,14.73,N
2010,議員,平地原住民,臺南市,臺南市第17選區,6,李昌國,1,台灣民意黨,138,13.29,N
2010,議員,平地原住民,高雄市,高雄市第12選區,1,詹金福,1,中國國民黨,1135,28.55,N
2010,議員,平地原住民,高雄市,高雄市第12選區,2,王義雄,1,無黨籍及未經政黨推薦,964,24.25,N
2010,議員,平地原住民,高雄市,高雄市第12選區,3,俄鄧‧殷艾Eteng．Ingay,1,民主進步黨,1876,47.19,Y
2012,立委,區域,臺北市,臺北市第01選區,1,張育憬,2,綠黨,4733,2.33,N
2012,立委,區域,臺北市,臺北市第01選區,2,張志傑,1,台灣國民會議,2236,1.1,N
2012,立委,區域,臺北市,臺北市第01選區,3,鄭光照,1,中華民國臺灣基本法連線,690,0.34,N
2012,立委,區域,臺北市,臺北市第01選區,4,丁守中,1,中國國民黨,112571,55.65,Y
2012,立委,區域,臺北市,臺北市第01選區,5,楊烈,1,民主進步黨,82040,40.55,N
2012,立委,區域,臺北市,臺北市第02選區,1,周守訓,1,中國國民黨,96119,48.47,N
2012,立委,區域,臺北市,臺北市第02選區,2,王美崴,2,人民最大黨,1154,0.58,N
2012,立委,區域,臺北市,臺北市第02選區,3,姚文智,1,民主進步黨,99229,50.04,Y
2012,立委,區域,臺北市,臺北市第02選區,4,夏林清,2,人民民主陣線,1364,0.68,N
2012,立委,區域,臺北市,臺北市第02選區,5,傅文忠,1,人民最大黨,405,0.2,N
2012,立委,區域,臺北市,臺北市第03選區,1,簡余晏,2,民主進步黨,89417,42.3,N
2012,立委,區域,臺北市,臺北市第03選區,2,楊長燕,2,台灣國民會議,3423,1.61,N
2012,立委,區域,臺北市,臺北市第03選區,3,羅淑蕾,2,中國國民黨,118503,56.07,Y
2012,立委,區域,臺北市,臺北市第04選區,1,臧家宜,2,人民最大黨,1745,0.75,N
2012,立委,區域,臺北市,臺北市第04選區,2,黃珊珊,2,親民黨,39593,17.16,N
2012,立委,區域,臺北市,臺北市第04選區,3,李建昌,1,民主進步黨,78097,33.85,N
2012,立委,區域,臺北市,臺北市第04選區,4,蔡正元,1,中國國民黨,111260,48.22,Y
2012,立委,區域,臺北市,臺北市第05選區,1,陳彥甫,1,健保免費連線,1461,0.8,N
2012,立委,區域,臺北市,臺北市第05選區,2,楊烱煌,1,無黨籍及未經政黨推薦,703,0.38,N
2012,立委,區域,臺北市,臺北市第05選區,3,劉美娟,2,中華民國臺灣基本法連線,572,0.31,N
2012,立委,區域,臺北市,臺北市第05選區,4,顏聖冠,2,民主進步黨,77013,42.42,N
2012,立委,區域,臺北市,臺北市第05選區,5,葉玫,2,台灣國民會議,1014,0.55,N
2012,立委,區域,臺北市,臺北市第05選區,6,周志文,1,人民民主陣線,461,0.25,N
2012,立委,區域,臺北市,臺北市第05選區,7,林郁方,1,中國國民黨,100292,55.25,Y
2012,立委,區域,臺北市,臺北市第06選區,1,葉邦宗,1,無黨籍及未經政黨推薦,354,0.19,N
2012,立委,區域,臺北市,臺北市第06選區,2,周佩民,1,台灣主義黨,469,0.25,N
2012,立委,區域,臺北市,臺北市第06選區,3,陳振盛,1,親民黨,11966,6.62,N
2012,立委,區域,臺北市,臺北市第06選區,4,趙衍慶,1,無黨籍及未經政黨推薦,181,0.1,N
2012,立委,區域,臺北市,臺北市第06選區,5,王雲怡,2,台灣國民會議,2128,1.17,N
2012,立委,區域,臺北市,臺北市第06選區,6,陳福民,1,無黨籍及未經政黨推薦,2286,1.26,N
2012,立委,區域,臺北市,臺北市第06選區,7,趙士強,1,民主進步黨,54113,29.94,N
2012,立委,區域,臺北市,臺北市第06選區,8,蔣乃辛,1,中國國民黨,108488,60.02,Y
2012,立委,區域,臺北市,臺北市第06選區,9,王秀珠,2,人民最大黨,747,0.41,N
2012,立委,區域,臺北市,臺北市第07選區,1,潘翰聲,1,綠黨,43449,23.99,N
2012,立委,區域,臺北市,臺北市第07選區,2,胡光慈,1,人民最大黨,1718,0.94,N
2012,立委,區域,臺北市,臺北市第07選區,3,霍汶琳,2,台灣主義黨,2619,1.44,N
2012,立委,區域,臺北市,臺北市第07選區,4,黎俊廷,1,無黨籍及未經政黨推薦,19260,10.63,N
2012,立委,區域,臺北市,臺北市第07選區,5,費鴻泰,1,中國國民黨,114009,62.96,Y
2012,立委,區域,臺北市,臺北市第08選區,1,阮昭雄,1,民主進步黨,53917,29,N
2012,立委,區域,臺北市,臺北市第08選區,2,方景鈞,1,無黨籍及未經政黨推薦,907,0.48,N
2012,立委,區域,臺北市,臺北市第08選區,3,李敖,1,親民黨,9436,5.07,N
2012,立委,區域,臺北市,臺北市第08選區,4,余宛如,2,綠黨,3715,1.99,N
2012,立委,區域,臺北市,臺北市第08選區,5,賴士葆,1,中國國民黨,117892,63.42,Y
2012,立委,區域,新北市,新北市第01選區,1,何博文,1,民主進步黨,90125,42.44,N
2012,立委,區域,新北市,新北市第01選區,2,余宗珮,2,親民黨,9359,4.4,N
2012,立委,區域,新北市,新北市第01選區,3,王鐘銘,1,綠黨,5038,2.37,N
2012,立委,區域,新北市,新北市第01選區,4,吳育昇,1,中國國民黨,107821,50.77,Y
2012,立委,區域,新北市,新北市第02選區,1,王安娜,2,台灣國民會議,1292,0.66,N
2012,立委,區域,新北市,新北市第02選區,2,錢薇娟,2,中國國民黨,76768,39.51,N
2012,立委,區域,新北市,新北市第02選區,3,林淑芬,2,民主進步黨,114091,58.72,Y
2012,立委,區域,新北市,新北市第02選區,4,龔尤倩,2,人民民主陣線,1428,0.73,N
2012,立委,區域,新北市,新北市第02選區,5,計京生,1,中華民國臺灣基本法連線,700,0.36,N
2012,立委,區域,新北市,新北市第03選區,1,李乾龍,1,中國國民黨,94634,48.73,N
2012,立委,區域,新北市,新北市第03選區,2,吳清,1,中華民國臺灣基本法連線,1059,0.54,N
2012,立委,區域,新北市,新北市第03選區,3,高志鵬,1,民主進步黨,95649,49.25,Y
2012,立委,區域,新北市,新北市第03選區,4,蕭炳賢,1,健保免費連線,2836,1.46,N
2012,立委,區域,新北市,新北市第04選區,1,鄭余鎮,1,健保免費連線,2831,1.4,N
2012,立委,區域,新北市,新北市第04選區,2,林濁水,1,民主進步黨,94126,46.6,N
2012,立委,區域,新北市,新北市第04選區,3,李鴻鈞,1,中國國民黨,103165,51.07,Y
2012,立委,區域,新北市,新北市第04選區,4,林麗容,2,正黨,1852,0.91,N
2012,立委,區域,新北市,新北市第05選區,1,黃志雄,1,中國國民黨,90856,52.77,Y
2012,立委,區域,新北市,新北市第05選區,2,黃茂,1,中華民國臺灣基本法連線,543,0.31,N
2012,立委,區域,新北市,新北市第05選區,3,廖本煙,1,民主進步黨,78651,45.68,N
2012,立委,區域,新北市,新北市第05選區,4,江定謙,1,健保免費連線,2101,1.22,N
2012,立委,區域,新北市,新北市第06選區,1,林鴻池,1,中國國民黨,86119,53.39,Y
2012,立委,區域,新北市,新北市第06選區,2,周雅淑,2,民主進步黨,73950,45.84,N
2012,立委,區域,新北市,新北市第06選區,3,楊程欽,1,台灣國民會議,1229,0.76,N
2012,立委,區域,新北市,新北市第07選區,1,江惠貞,2,中國國民黨,73686,44.3,Y
2012,立委,區域,新北市,新北市第07選區,2,羅致政,1,民主進步黨,71207,42.81,N
2012,立委,區域,新北市,新北市第07選區,3,曾文振,1,無黨籍及未經政黨推薦,21411,12.87,N
2012,立委,區域,新北市,新北市第08選區,1,陳冠騰,1,無黨籍及未經政黨推薦,2147,1.02,N
2012,立委,區域,新北市,新北市第08選區,2,張慶忠,1,中國國民黨,101161,48.21,Y
2012,立委,區域,新北市,新北市第08選區,3,邱珮琳,2,無黨籍及未經政黨推薦,23023,10.97,N
2012,立委,區域,新北市,新北市第08選區,4,江永昌,1,民主進步黨,83468,39.78,N
2012,立委,區域,新北市,新北市第09選區,1,許又銘,1,民主進步黨,50656,27.55,N
2012,立委,區域,新北市,新北市第09選區,2,雷倩,2,無黨籍及未經政黨推薦,42832,23.3,N
2012,立委,區域,新北市,新北市第09選區,3,林德福,1,中國國民黨,89767,48.83,Y
2012,立委,區域,新北市,新北市第09選區,4,曾文聖,1,中華民國臺灣基本法連線,561,0.3,N
2012,立委,區域,新北市,新北市第10選區,1,楊木萬,1,綠黨,8598,4.57,N
2012,立委,區域,新北市,新北市第10選區,2,莊碩漢,1,民主進步黨,81520,43.38,N
2012,立委,區域,新北市,新北市第10選區,3,盧嘉辰,1,中國國民黨,89570,47.67,Y
2012,立委,區域,新北市,新北市第10選區,4,游俊文,1,台灣主義黨,1324,0.7,N
2012,立委,區域,新北市,新北市第10選區,5,王金芬,2,無黨籍及未經政黨推薦,6873,3.65,N
2012,立委,區域,新北市,新北市第11選區,1,高建智,1,民主進步黨,66506,33.43,N
2012,立委,區域,新北市,新北市第11選區,2,羅明才,1,中國國民黨,132426,66.56,Y
2012,立委,區域,新北市,新北市第12選區,1,李慶華,1,中國國民黨,73953,42.07,Y
2012,立委,區域,新北市,新北市第12選區,2,沈發惠,1,民主進步黨,63122,35.91,N
2012,立委,區域,新北市,新北市第12選區,3,石翊靖,1,人民最大黨,1577,0.89,N
2012,立委,區域,新北市,新北市第12選區,4,羅福助,1,無黨籍及未經政黨推薦,37109,21.11,N
2012,立委,區域,臺中市,臺中市第01選區,1,陳添旺,1,中國國民黨,65438,43.7,N
2012,立委,區域,臺中市,臺中市第01選區,2,王憲堂,1,無黨籍及未經政黨推薦,2628,1.75,N
2012,立委,區域,臺中市,臺中市第01選區,3,蔡其昌,1,民主進步黨,81669,54.54,Y
2012,立委,區域,臺中市,臺中市第02選區,1,李順涼,1,民主進步黨,79730,40.2,N
2012,立委,區域,臺中市,臺中市第02選區,2,顏清標,1,無黨團結聯盟,118585,59.79,Y
2012,立委,區域,臺中市,臺中市第03選區,1,童瑞陽,1,民主進步黨,64601,37.38,N
2012,立委,區域,臺中市,臺中市第03選區,2,劉坤鱧,1,無黨籍及未經政黨推薦,8789,5.08,N
2012,立委,區域,臺中市,臺中市第03選區,3,楊瓊瓔,2,中國國民黨,99400,57.52,Y
2012,立委,區域,臺中市,臺中市第04選區,1,張廖萬堅,1,民主進步黨,92213,46.33,N
2012,立委,區域,臺中市,臺中市第04選區,2,蔡錦隆,1,中國國民黨,101702,51.1,Y
2012,立委,區域,臺中市,臺中市第04選區,3,楊書銘,1,人民最大黨,1104,0.55,N
2012,立委,區域,臺中市,臺中市第04選區,4,蔡智豪,1,綠黨,3986,2,N
2012,立委,區域,臺中市,臺中市第05選區,1,盧秀燕,2,中國國民黨,129822,57.86,Y
2012,立委,區域,臺中市,臺中市第05選區,2,紀朝川,1,健保免費連線,2726,1.21,N
2012,立委,區域,臺中市,臺中市第05選區,3,謝明源,1,民主進步黨,91793,40.91,N
2012,立委,區域,臺中市,臺中市第06選區,1,黃義交,1,中國國民黨,84937,45.48,N
2012,立委,區域,臺中市,臺中市第06選區,2,王名江,1,中華民國臺灣基本法連線,507,0.27,N
2012,立委,區域,臺中市,臺中市第06選區,3,曾坤炳,1,健保免費連線,1322,0.7,N
2012,立委,區域,臺中市,臺中市第06選區,4,林佳龍,1,民主進步黨,96685,51.78,Y
2012,立委,區域,臺中市,臺中市第06選區,5,賀姿華,2,無黨籍及未經政黨推薦,2307,1.23,N
2012,立委,區域,臺中市,臺中市第06選區,6,林幸杰,1,無黨籍及未經政黨推薦,354,0.18,N
2012,立委,區域,臺中市,臺中市第06選區,7,蔡和興,1,無黨籍及未經政黨推薦,607,0.32,N
2012,立委,區域,臺中市,臺中市第07選區,1,何欣純,2,民主進步黨,101006,50.3,Y
2012,立委,區域,臺中市,臺中市第07選區,2,鄭麗文,2,中國國民黨,92369,46,N
2012,立委,區域,臺中市,臺中市第07選區,3,段緯宇,1,親民黨,6965,3.46,N
2012,立委,區域,臺中市,臺中市第07選區,4,郭庭萓,2,台灣主義黨,459,0.22,N
2012,立委,區域,臺中市,臺中市第08選區,1,郭俊銘,1,民主進步黨,60964,39.47,N
2012,立委,區域,臺中市,臺中市第08選區,2,車淑娟,2,無黨籍及未經政黨推薦,8761,5.67,N
2012,立委,區域,臺中市,臺中市第08選區,3,齊蓮生,1,無黨籍及未經政黨推薦,770,0.49,N
2012,立委,區域,臺中市,臺中市第08選區,4,陳清龍,1,親民黨,14789,9.57,N
2012,立委,區域,臺中市,臺中市第08選區,5,江啟臣,1,中國國民黨,69136,44.77,Y
2012,立委,區域,臺南市,臺南市第01選區,1,葉宜津,2,民主進步黨,120623,63.08,Y
2012,立委,區域,臺南市,臺南市第01選區,2,李宗智,1,親民黨,24159,12.63,N
2012,立委,區域,臺南市,臺南市第01選區,3,歐崇敬,1,中國國民黨,46422,24.27,N
2012,立委,區域,臺南市,臺南市第02選區,1,黃偉哲,1,民主進步黨,144399,68.08,Y
2012,立委,區域,臺南市,臺南市第02選區,2,詹秋嫻,2,中華台商愛國黨,2439,1.14,N
2012,立委,區域,臺南市,臺南市第02選區,3,楊士昌,1,無黨籍及未經政黨推薦,2463,1.16,N
2012,立委,區域,臺南市,臺南市第02選區,4,周賜海,1,中國國民黨,62794,29.6,N
2012,立委,區域,臺南市,臺南市第03選區,1,謝龍介,1,中國國民黨,84095,37.22,N
2012,立委,區域,臺南市,臺南市第03選區,2,陳亭妃,2,民主進步黨,139301,61.66,Y
2012,立委,區域,臺南市,臺南市第03選區,3,陳源奇,1,健保免費連線,2488,1.1,N
2012,立委,區域,臺南市,臺南市第04選區,1,蘇俊賓,1,中國國民黨,102266,46.97,N
2012,立委,區域,臺南市,臺南市第04選區,2,許添財,1,民主進步黨,115439,53.02,Y
2012,立委,區域,臺南市,臺南市第05選區,1,林民昌,1,綠黨,3494,1.51,N
2012,立委,區域,臺南市,臺南市第05選區,2,陳唐山,1,民主進步黨,120401,52.23,Y
2012,立委,區域,臺南市,臺南市第05選區,3,李全教,1,中國國民黨,106619,46.25,N
2012,立委,區域,高雄市,高雄市第01選區,1,邱議瑩,2,民主進步黨,89913,54.31,Y
2012,立委,區域,高雄市,高雄市第01選區,2,鍾紹和,1,中國國民黨,75627,45.68,N
2012,立委,區域,高雄市,高雄市第02選區,1,邱志偉,1,民主進步黨,96818,50.42,Y
2012,立委,區域,高雄市,高雄市第02選區,2,謝長利,1,無黨籍及未經政黨推薦,2301,1.19,N
2012,立委,區域,高雄市,高雄市第02選區,3,林益世,1,中國國民黨,92902,48.38,N
2012,立委,區域,高雄市,高雄市第03選區,1,林瑩蓉,2,民主進步黨,95617,46.09,N
2012,立委,區域,高雄市,高雄市第03選區,2,黎建南,1,親民黨,7296,3.51,N
2012,立委,區域,高雄市,高雄市第03選區,3,林震洋,1,綠黨,3448,1.66,N
2012,立委,區域,高雄市,高雄市第03選區,4,黃昭順,2,中國國民黨,101055,48.72,Y
2012,立委,區域,高雄市,高雄市第04選區,1,黃憲南,1,無黨籍及未經政黨推薦,2090,1.21,N
2012,立委,區域,高雄市,高雄市第04選區,2,林岱樺,2,民主進步黨,111188,64.81,Y
2012,立委,區域,高雄市,高雄市第04選區,3,邱于軒,2,中國國民黨,58261,33.96,N
2012,立委,區域,高雄市,高雄市第05選區,1,林宏明,1,無黨籍及未經政黨推薦,917,0.55,N
2012,立委,區域,高雄市,高雄市第05選區,2,董桂如,2,健保免費連線,1242,0.75,N
2012,立委,區域,高雄市,高雄市第05選區,3,羅世雄,1,中國國民黨,70896,42.94,N
2012,立委,區域,高雄市,高雄市第05選區,4,管碧玲,2,民主進步黨,92043,55.75,Y
2012,立委,區域,高雄市,高雄市第06選區,1,侯彩鳳,2,中國國民黨,72842,47.2,N
2012,立委,區域,高雄市,高雄市第06選區,2,李昆澤,1,民主進步黨,81477,52.79,Y
2012,立委,區域,高雄市,高雄市第07選區,1,邱毅,1,中國國民黨,83379,45.25,N
2012,立委,區域,高雄市,高雄市第07選區,2,鍾佩璇,2,健保免費連線,1853,1,N
2012,立委,區域,高雄市,高雄市第07選區,3,趙天麟,1,民主進步黨,98341,53.37,Y
2012,立委,區域,高雄市,高雄市第07選區,4,趙振迪,1,無黨籍及未經政黨推薦,686,0.37,N
2012,立委,區域,高雄市,高雄市第08選區,1,林景元,1,無黨籍及未經政黨推薦,2370,1.18,N
2012,立委,區域,高雄市,高雄市第08選區,2,鄭復華,2,無黨籍及未經政黨推薦,3069,1.52,N
2012,立委,區域,高雄市,高雄市第08選區,3,黃謙福,1,人民最大黨,777,0.38,N
2012,立委,區域,高雄市,高雄市第08選區,4,許智傑,1,民主進步黨,104292,51.96,Y
2012,立委,區域,高雄市,高雄市第08選區,5,江玲君,2,中國國民黨,90186,44.93,N
2012,立委,區域,高雄市,高雄市第09選區,1,陳致中,1,無黨籍及未經政黨推薦,48941,26.63,N
2012,立委,區域,高雄市,高雄市第09選區,2,蔡媽福,1,無黨籍及未經政黨推薦,2779,1.51,N
2012,立委,區域,高雄市,高雄市第09選區,3,郭玟成,1,民主進步黨,59258,32.25,N
2012,立委,區域,高雄市,高雄市第09選區,4,林國正,1,中國國民黨,70600,38.42,Y
2012,立委,區域,高雄市,高雄市第09選區,5,林杰正,1,台灣國民會議,2142,1.16,N
2012,立委,區域,宜蘭縣,宜蘭縣第01選區,1,林建榮,1,中國國民黨,118971,48.3,N
2012,立委,區域,宜蘭縣,宜蘭縣第01選區,2,陳歐珀,1,民主進步黨,127303,51.69,Y
2012,立委,區域,桃園縣,桃園縣第01選區,1,鄭文燦,1,民主進步黨,82820,44.65,N
2012,立委,區域,桃園縣,桃園縣第01選區,2,陳根德,1,中國國民黨,102648,55.34,Y
2012,立委,區域,桃園縣,桃園縣第02選區,1,廖正井,1,中國國民黨,92035,50.21,Y
2012,立委,區域,桃園縣,桃園縣第02選區,2,郭榮宗,1,民主進步黨,91250,49.78,N
2012,立委,區域,桃園縣,桃園縣第03選區,1,陳學聖,1,中國國民黨,97654,53.85,Y
2012,立委,區域,桃園縣,桃園縣第03選區,2,盧照仁,1,台灣主義黨,1473,0.81,N
2012,立委,區域,桃園縣,桃園縣第03選區,3,黃仁杼,1,民主進步黨,72395,39.92,N
2012,立委,區域,桃園縣,桃園縣第03選區,4,劉文雄,1,親民黨,9816,5.41,N
2012,立委,區域,桃園縣,桃園縣第04選區,1,黃興國,1,台灣主義黨,839,0.46,N
2012,立委,區域,桃園縣,桃園縣第04選區,2,陳叡德,1,台灣國民會議,1255,0.69,N
2012,立委,區域,桃園縣,桃園縣第04選區,3,黃適卓,1,民主進步黨,73909,40.64,N
2012,立委,區域,桃園縣,桃園縣第04選區,4,楊麗環,2,中國國民黨,105827,58.2,Y
2012,立委,區域,桃園縣,桃園縣第05選區,1,黃嘉華,1,人民最大黨,717,0.41,N
2012,立委,區域,桃園縣,桃園縣第05選區,2,黃國華,1,中華民國臺灣基本法連線,433,0.24,N
2012,立委,區域,桃園縣,桃園縣第05選區,3,吳平娥,2,無黨籍及未經政黨推薦,15779,9.1,N
2012,立委,區域,桃園縣,桃園縣第05選區,4,劉邦鉉,1,無黨籍及未經政黨推薦,15644,9.02,N
2012,立委,區域,桃園縣,桃園縣第05選區,5,呂玉玲,2,中國國民黨,78504,45.29,Y
2012,立委,區域,桃園縣,桃園縣第05選區,6,陳振瑋,1,台灣國民會議,1346,0.77,N
2012,立委,區域,桃園縣,桃園縣第05選區,7,彭添富,1,民主進步黨,60887,35.13,N
2012,立委,區域,桃園縣,桃園縣第06選區,1,鄭振源,1,無黨籍及未經政黨推薦,14235,8.37,N
2012,立委,區域,桃園縣,桃園縣第06選區,2,孫大千,1,中國國民黨,102528,60.34,Y
2012,立委,區域,桃園縣,桃園縣第06選區,3,胡鎮埔,1,無黨籍及未經政黨推薦,53138,31.27,N
2012,立委,區域,新竹縣,新竹縣第01選區,1,傅家賢,1,中華民國臺灣基本法連線,1984,0.71,N
2012,立委,區域,新竹縣,新竹縣第01選區,2,彭紹瑾,1,民主進步黨,102953,37.04,N
2012,立委,區域,新竹縣,新竹縣第01選區,3,徐欣瑩,2,中國國民黨,171466,61.69,Y
2012,立委,區域,新竹縣,新竹縣第01選區,4,戴國樑,1,台灣主義黨,1500,0.53,N
2012,立委,區域,苗栗縣,苗栗縣第01選區,1,陳超明,1,中國國民黨,82902,56.81,Y
2012,立委,區域,苗栗縣,苗栗縣第01選區,2,李朝雄,1,台灣主義黨,2095,1.43,N
2012,立委,區域,苗栗縣,苗栗縣第01選區,3,杜文卿,1,民主進步黨,56179,38.5,N
2012,立委,區域,苗栗縣,苗栗縣第01選區,4,黃玉燕,2,無黨籍及未經政黨推薦,4730,3.24,N
2012,立委,區域,苗栗縣,苗栗縣第02選區,1,楊長鎮,1,民主進步黨,47022,28.34,N
2012,立委,區域,苗栗縣,苗栗縣第02選區,2,徐耀昌,1,中國國民黨,118858,71.65,Y
2012,立委,區域,彰化縣,彰化縣第01選區,1,陳進丁,1,民主進步黨,62640,34.99,N
2012,立委,區域,彰化縣,彰化縣第01選區,2,施月英,2,綠黨,2717,1.51,N
2012,立委,區域,彰化縣,彰化縣第01選區,3,林益邦,1,無黨籍及未經政黨推薦,50615,28.27,N
2012,立委,區域,彰化縣,彰化縣第01選區,4,王惠美,2,中國國民黨,63026,35.21,Y
2012,立委,區域,彰化縣,彰化縣第02選區,1,黃秀芳,2,民主進步黨,77158,44.53,N
2012,立委,區域,彰化縣,彰化縣第02選區,2,林滄敏,1,中國國民黨,96108,55.46,Y
2012,立委,區域,彰化縣,彰化縣第03選區,1,鄭汝芬,2,中國國民黨,101352,55.89,Y
2012,立委,區域,彰化縣,彰化縣第03選區,2,江昭儀,1,民主進步黨,79969,44.1,N
2012,立委,區域,彰化縣,彰化縣第04選區,1,蕭景田,1,中國國民黨,91207,49.76,N
2012,立委,區域,彰化縣,彰化縣第04選區,2,魏明谷,1,民主進步黨,92085,50.23,Y
2012,立委,區域,南投縣,南投縣第01選區,1,張國鑫,1,民主進步黨,49950,38.55,N
2012,立委,區域,南投縣,南投縣第01選區,2,馬文君,2,中國國民黨,78083,60.26,Y
2012,立委,區域,南投縣,南投縣第01選區,3,何國隆,1,台灣主義黨,1526,1.17,N
2012,立委,區域,南投縣,南投縣第02選區,1,賴燕雪,2,民主進步黨,66447,45.68,N
2012,立委,區域,南投縣,南投縣第02選區,2,林明溱,1,中國國民黨,79008,54.31,Y
2012,立委,區域,雲林縣,雲林縣第01選區,1,李進勇,1,民主進步黨,89213,49.55,N
2012,立委,區域,雲林縣,雲林縣第01選區,2,張嘉郡,2,中國國民黨,90811,50.44,Y
2012,立委,區域,雲林縣,雲林縣第02選區,1,許舒博,1,中國國民黨,73832,37.09,N
2012,立委,區域,雲林縣,雲林縣第02選區,2,王美心,2,人民最大黨,3817,1.91,N
2012,立委,區域,雲林縣,雲林縣第02選區,3,劉建國,1,民主進步黨,121368,60.98,Y
2012,立委,區域,嘉義縣,嘉義縣第01選區,1,蔡易餘,1,民主進步黨,72586,49.69,N
2012,立委,區域,嘉義縣,嘉義縣第01選區,2,翁重鈞,1,中國國民黨,73481,50.3,Y
2012,立委,區域,嘉義縣,嘉義縣第02選區,1,陳明文,1,民主進步黨,86828,55.19,Y
2012,立委,區域,嘉義縣,嘉義縣第02選區,2,陳以真,2,中國國民黨,70477,44.8,N
2012,立委,區域,屏東縣,屏東縣第01選區,1,陳俊豪,1,台灣主義黨,2283,1.4,N
2012,立委,區域,屏東縣,屏東縣第01選區,2,蘇震清,1,民主進步黨,94538,58.2,Y
2012,立委,區域,屏東縣,屏東縣第01選區,3,吳亮慶,1,無黨籍及未經政黨推薦,10437,6.42,N
2012,立委,區域,屏東縣,屏東縣第01選區,4,羅志明,1,中國國民黨,55161,33.96,N
2012,立委,區域,屏東縣,屏東縣第02選區,1,李世斌,1,民主進步黨,75986,48.49,N
2012,立委,區域,屏東縣,屏東縣第02選區,2,王進士,1,中國國民黨,80696,51.5,Y
2012,立委,區域,屏東縣,屏東縣第03選區,1,龔瑞維,1,中國國民黨,45314,32.23,N
2012,立委,區域,屏東縣,屏東縣第03選區,2,潘孟安,1,民主進步黨,93685,66.64,Y
2012,立委,區域,屏東縣,屏東縣第03選區,3,潘政治,1,無黨籍及未經政黨推薦,1564,1.11,N
2012,立委,區域,臺東縣,臺東縣第01選區,1,謝文漢,1,綠黨,551,0.72,N
2012,立委,區域,臺東縣,臺東縣第01選區,2,吳俊立,1,無黨籍及未經政黨推薦,19016,24.96,N
2012,立委,區域,臺東縣,臺東縣第01選區,3,林正杰,1,無黨籍及未經政黨推薦,2365,3.1,N
2012,立委,區域,臺東縣,臺東縣第01選區,4,饒慶鈴,2,中國國民黨,22553,29.6,N
2012,立委,區域,臺東縣,臺東縣第01選區,5,劉櫂豪,1,民主進步黨,31685,41.59,Y
2012,立委,區域,花蓮縣,花蓮縣第01選區,1,王廷升,1,中國國民黨,57557,44.71,Y
2012,立委,區域,花蓮縣,花蓮縣第01選區,2,釋楊悟空,1,無黨籍及未經政黨推薦,1964,1.52,N
2012,立委,區域,花蓮縣,花蓮縣第01選區,3,賴坤成,1,民主進步黨,33326,25.88,N
2012,立委,區域,花蓮縣,花蓮縣第01選區,4,張智超,1,無黨籍及未經政黨推薦,35884,27.87,N
2012,立委,區域,澎湖縣,澎湖縣第01選區,1,林炳坤,1,無黨團結聯盟,20756,46.56,N
2012,立委,區域,澎湖縣,澎湖縣第01選區,2,楊曜,1,民主進步黨,23823,53.43,Y
2012,立委,區域,基隆市,基隆市第01選區,1,林右昌,1,民主進步黨,84487,40.17,N
2012,立委,區域,基隆市,基隆市第01選區,2,黃小陵,2,人民民主陣線,2599,1.23,N
2012,立委,區域,基隆市,基隆市第01選區,3,謝國樑,1,中國國民黨,110196,52.39,Y
2012,立委,區域,基隆市,基隆市第01選區,4,張耿輝,1,無黨籍及未經政黨推薦,12332,5.86,N
2012,立委,區域,基隆市,基隆市第01選區,5,周一成,1,台灣主義黨,707,0.33,N
2012,立委,區域,新竹市,新竹市第01選區,1,王瑄,2,無黨籍及未經政黨推薦,7387,3.22,N
2012,立委,區域,新竹市,新竹市第01選區,2,鄧秀寶,2,中華民國臺灣基本法連線,1911,0.83,N
2012,立委,區域,新竹市,新竹市第01選區,3,呂學樟,1,中國國民黨,121848,53.27,Y
2012,立委,區域,新竹市,新竹市第01選區,4,王榮德,1,無黨籍及未經政黨推薦,1350,0.59,N
2012,立委,區域,新竹市,新竹市第01選區,5,張學舜,1,民主進步黨,95715,41.84,N
2012,立委,區域,新竹市,新竹市第01選區,6,趙福龍,1,無黨籍及未經政黨推薦,506,0.22,N
2012,立委,區域,嘉義市,嘉義市第01選區,1,陳建豪,1,台灣國民會議,3922,2.64,N
2012,立委,區域,嘉義市,嘉義市第01選區,2,江義雄,1,中國國民黨,71906,48.52,N
2012,立委,區域,嘉義市,嘉義市第01選區,3,李俊俋,1,民主進步黨,72343,48.82,Y
2012,立委,區域,金門縣,金門縣第01選區,1,陳福海,1,親民黨,12128,32.14,N
2012,立委,區域,金門縣,金門縣第01選區,2,吳成典,1,新黨,10678,28.3,N
2012,立委,區域,金門縣,金門縣第01選區,3,許乃權,1,無黨籍及未經政黨推薦,2260,5.99,N
2012,立委,區域,金門縣,金門縣第01選區,4,高絃騰,1,健保免費連線,228,0.6,N
2012,立委,區域,金門縣,金門縣第01選區,5,楊應雄,1,中國國民黨,12435,32.95,Y
2012,立委,區域,連江縣,連江縣第01選區,1,陳雪生,1,無黨籍及未經政黨推薦,2528,49.99,Y
2012,立委,區域,連江縣,連江縣第01選區,2,曹爾忠,1,中國國民黨,2361,46.68,N
2012,立委,區域,連江縣,連江縣第01選區,3,陳財能,1,無黨籍及未經政黨推薦,168,3.32,N
2012,立委,山地原住民,全國,01,1,曾智勇,1,民主進步黨,9968,8.54,N
2012,立委,山地原住民,全國,01,2,高金素梅,2,無黨團結聯盟,29520,25.29,Y
2012,立委,山地原住民,全國,01,3,邱文生,1,無黨籍及未經政黨推薦,1481,1.26,N
2012,立委,山地原住民,全國,01,4,孔文吉,1,中國國民黨,31629,27.1,Y
2012,立委,山地原住民,全國,01,5,瓦歷斯‧貝林 Walis‧Perin,1,親民黨,15533,13.3,N
2012,立委,山地原住民,全國,01,6,簡東明 Uliw．Qaljupayare,1,中國國民黨,28581,24.48,Y
2012,立委,平地原住民,全國,01,1,廖國棟,1,中國國民黨,26998,27.51,Y
2012,立委,平地原住民,全國,01,2,洪國治,1,無黨籍及未經政黨推薦,10524,10.72,N
2012,立委,平地原住民,全國,01,3,忠仁．達祿斯,1,無黨籍及未經政黨推薦,6757,6.88,N
2012,立委,平地原住民,全國,01,4,林金瑛,2,中華民國臺灣基本法連線,706,0.71,N
2012,立委,平地原住民,全國,01,5,詹金福,1,無黨籍及未經政黨推薦,1294,1.31,N
2012,立委,平地原住民,全國,01,6,林正二,1,親民黨,13992,14.25,Y
2012,立委,平地原住民,全國,01,7,陳連順,1,台灣主義黨,986,1,N
2012,立委,平地原住民,全國,01,8,馬躍‧比吼 Mayaw‧Biho,1,無黨籍及未經政黨推薦,4553,4.63,N
2012,立委,平地原住民,全國,01,9,鄭天財 Sra．Kacaw,1,中國國民黨,23480,23.92,Y
2012,立委,平地原住民,全國,01,10,笛布斯．顗賚,2,無黨籍及未經政黨推薦,8841,9,N
2014,議員,區域,臺北市,臺北市第01選區,1,謝維洲,1,民主進步黨,21687,7.09,Y
2014,議員,區域,臺北市,臺北市第01選區,2,賴素如,2,無黨籍及未經政黨推薦,7226,2.36,N
2014,議員,區域,臺北市,臺北市第01選區,3,孫士堅,1,無黨籍及未經政黨推薦,1406,0.45,N
2014,議員,區域,臺北市,臺北市第01選區,4,潘懷宗,1,新黨,25188,8.23,Y
2014,議員,區域,臺北市,臺北市第01選區,5,林瑞圖,1,無黨籍及未經政黨推薦,20065,6.56,Y
2014,議員,區域,臺北市,臺北市第01選區,6,周佳君,2,人民民主陣線,1685,0.55,N
2014,議員,區域,臺北市,臺北市第01選區,7,王奕凱,1,無黨籍及未經政黨推薦,8551,2.79,N
2014,議員,區域,臺北市,臺北市第01選區,8,王英文,1,無黨籍及未經政黨推薦,517,0.16,N
2014,議員,區域,臺北市,臺北市第01選區,9,陳重文,1,中國國民黨,13299,4.35,Y
2014,議員,區域,臺北市,臺北市第01選區,10,黃平洋,1,中國國民黨,11451,3.74,N
2014,議員,區域,臺北市,臺北市第01選區,11,王小玉,2,親民黨,2214,0.72,N
2014,議員,區域,臺北市,臺北市第01選區,12,楊靜宇,1,新黨,10538,3.44,N
2014,議員,區域,臺北市,臺北市第01選區,13,汪志冰,2,中國國民黨,18021,5.89,Y
2014,議員,區域,臺北市,臺北市第01選區,14,林世宗,1,民主進步黨,12334,4.03,Y
2014,議員,區域,臺北市,臺北市第01選區,15,王威中,1,民主進步黨,20649,6.75,Y
2014,議員,區域,臺北市,臺北市第01選區,16,吳思瑤,2,民主進步黨,20302,6.64,Y
2014,議員,區域,臺北市,臺北市第01選區,17,陳建銘,1,台灣團結聯盟,20952,6.85,Y
2014,議員,區域,臺北市,臺北市第01選區,18,何志偉,1,民主進步黨,26283,8.59,Y
2014,議員,區域,臺北市,臺北市第01選區,19,陳政忠,1,無黨籍及未經政黨推薦,16623,5.43,Y
2014,議員,區域,臺北市,臺北市第01選區,20,陳慈慧,2,民主進步黨,22688,7.42,Y
2014,議員,區域,臺北市,臺北市第01選區,21,吳碧珠,2,中國國民黨,24030,7.86,Y
2014,議員,區域,臺北市,臺北市第02選區,1,許明偉,1,無黨籍及未經政黨推薦,497,0.22,N
2014,議員,區域,臺北市,臺北市第02選區,2,陳義洲,1,中國國民黨,17693,8.08,Y
2014,議員,區域,臺北市,臺北市第02選區,3,趙家蓉,2,新黨,9910,4.52,N
2014,議員,區域,臺北市,臺北市第02選區,4,黃子哲,1,中國國民黨,9380,4.28,N
2014,議員,區域,臺北市,臺北市第02選區,5,黃珊珊,2,親民黨,28020,12.8,Y
2014,議員,區域,臺北市,臺北市第02選區,6,王孝維,1,民主進步黨,17401,7.94,Y
2014,議員,區域,臺北市,臺北市第02選區,7,李彥秀,2,中國國民黨,25057,11.44,Y
2014,議員,區域,臺北市,臺北市第02選區,8,陳嘉霖,1,台灣團結聯盟,2466,1.12,N
2014,議員,區域,臺北市,臺北市第02選區,9,余筱菁,2,樹黨,3527,1.61,N
2014,議員,區域,臺北市,臺北市第02選區,10,闕枚莎,2,中國國民黨,19956,9.11,Y
2014,議員,區域,臺北市,臺北市第02選區,11,江志銘,1,民主進步黨,14592,6.66,Y
2014,議員,區域,臺北市,臺北市第02選區,12,吳世正,1,中國國民黨,18223,8.32,Y
2014,議員,區域,臺北市,臺北市第02選區,13,李建昌,1,民主進步黨,18052,8.24,Y
2014,議員,區域,臺北市,臺北市第02選區,14,高嘉瑜,2,民主進步黨,34117,15.58,Y
2014,議員,區域,臺北市,臺北市第03選區,1,陳永德,1,中國國民黨,13825,5.74,Y
2014,議員,區域,臺北市,臺北市第03選區,2,秦慧珠,2,中國國民黨,20632,8.57,Y
2014,議員,區域,臺北市,臺北市第03選區,3,楊世光,1,新黨,11639,4.83,N
2014,議員,區域,臺北市,臺北市第03選區,4,許家蓓,2,民主進步黨,21444,8.91,Y
2014,議員,區域,臺北市,臺北市第03選區,5,王博玉,1,無黨籍及未經政黨推薦,380,0.15,N
2014,議員,區域,臺北市,臺北市第03選區,6,戴錫欽,1,中國國民黨,13862,5.75,Y
2014,議員,區域,臺北市,臺北市第03選區,7,陳孋輝,2,中國國民黨,14307,5.94,Y
2014,議員,區域,臺北市,臺北市第03選區,8,洪士奇,1,親民黨,10679,4.43,N
2014,議員,區域,臺北市,臺北市第03選區,9,潘翰疆,1,樹黨,4387,1.82,N
2014,議員,區域,臺北市,臺北市第03選區,10,許淑華,2,民主進步黨,27332,11.35,Y
2014,議員,區域,臺北市,臺北市第03選區,11,李卓翰,1,台灣團結聯盟,3484,1.44,N
2014,議員,區域,臺北市,臺北市第03選區,12,王鴻薇,2,中國國民黨,18472,7.67,Y
2014,議員,區域,臺北市,臺北市第03選區,13,洪健益,1,民主進步黨,20319,8.44,Y
2014,議員,區域,臺北市,臺北市第03選區,14,楊實秋,1,中國國民黨,9297,3.86,N
2014,議員,區域,臺北市,臺北市第03選區,15,張茂楠,1,民主進步黨,21329,8.86,Y
2014,議員,區域,臺北市,臺北市第03選區,16,徐世勲,1,無黨籍及未經政黨推薦,19037,7.9,Y
2014,議員,區域,臺北市,臺北市第03選區,17,王正德,1,中國國民黨,10247,4.25,N
2014,議員,區域,臺北市,臺北市第04選區,1,陳炳甫,1,中國國民黨,19808,10.02,Y
2014,議員,區域,臺北市,臺北市第04選區,2,鍾君竺,2,人民民主陣線,1957,0.99,N
2014,議員,區域,臺北市,臺北市第04選區,3,黃向羣,1,民主進步黨,16248,8.21,Y
2014,議員,區域,臺北市,臺北市第04選區,4,林婕麗,2,新黨,5856,2.96,N
2014,議員,區域,臺北市,臺北市第04選區,5,梁文傑,1,民主進步黨,26155,13.23,Y
2014,議員,區域,臺北市,臺北市第04選區,6,顏若芳,2,民主進步黨,26079,13.19,Y
2014,議員,區域,臺北市,臺北市第04選區,7,葉林傳,1,中國國民黨,21531,10.89,Y
2014,議員,區域,臺北市,臺北市第04選區,8,王世堅,1,民主進步黨,25102,12.69,Y
2014,議員,區域,臺北市,臺北市第04選區,9,林國成,1,親民黨,13125,6.63,Y
2014,議員,區域,臺北市,臺北市第04選區,10,王麗珠,2,中國國民黨,12717,6.43,N
2014,議員,區域,臺北市,臺北市第04選區,11,簡聖哲,1,台灣團結聯盟,6961,3.52,N
2014,議員,區域,臺北市,臺北市第04選區,12,鄭惠齡,2,樹黨,4401,2.22,N
2014,議員,區域,臺北市,臺北市第04選區,13,林亭君,2,中國國民黨,17103,8.65,Y
2014,議員,區域,臺北市,臺北市第04選區,14,楊鎮雄,1,無黨籍及未經政黨推薦,629,0.31,N
2014,議員,區域,臺北市,臺北市第05選區,1,徐立信,1,無黨籍及未經政黨推薦,9057,4.65,N
2014,議員,區域,臺北市,臺北市第05選區,2,黄文章,1,華聲黨,207,0.1,N
2014,議員,區域,臺北市,臺北市第05選區,3,康明道,1,無黨籍及未經政黨推薦,342,0.17,N
2014,議員,區域,臺北市,臺北市第05選區,4,吳志剛,1,中國國民黨,21444,11.01,Y
2014,議員,區域,臺北市,臺北市第05選區,5,謝建平,1,台灣團結聯盟,4149,2.13,N
2014,議員,區域,臺北市,臺北市第05選區,6,童仲彥,1,民主進步黨,19546,10.04,Y
2014,議員,區域,臺北市,臺北市第05選區,7,周威佑,1,民主進步黨,20663,10.61,Y
2014,議員,區域,臺北市,臺北市第05選區,8,劉耀仁,1,民主進步黨,17303,8.89,Y
2014,議員,區域,臺北市,臺北市第05選區,9,應曉薇,2,中國國民黨,21092,10.83,Y
2014,議員,區域,臺北市,臺北市第05選區,10,林佳諭,2,樹黨,9965,5.12,N
2014,議員,區域,臺北市,臺北市第05選區,11,郭昭巖,2,中國國民黨,21782,11.19,Y
2014,議員,區域,臺北市,臺北市第05選區,12,鍾小平,1,中國國民黨,14987,7.7,Y
2014,議員,區域,臺北市,臺北市第05選區,13,顏聖冠,2,民主進步黨,23499,12.07,Y
2014,議員,區域,臺北市,臺北市第05選區,14,陳蓋武,1,親民黨,2887,1.48,N
2014,議員,區域,臺北市,臺北市第05選區,15,張榮法,1,新黨,7696,3.95,N
2014,議員,區域,臺北市,臺北市第06選區,1,陳彥伯,1,新黨,15302,4.96,Y
2014,議員,區域,臺北市,臺北市第06選區,2,孫仲康,1,無黨籍及未經政黨推薦,772,0.25,N
2014,議員,區域,臺北市,臺北市第06選區,3,厲耿桂芳,2,中國國民黨,15712,5.09,Y
2014,議員,區域,臺北市,臺北市第06選區,4,王欣儀,2,中國國民黨,17595,5.7,Y
2014,議員,區域,臺北市,臺北市第06選區,5,陳錦祥,1,中國國民黨,17165,5.56,Y
2014,議員,區域,臺北市,臺北市第06選區,6,丁增義,1,無黨籍及未經政黨推薦,535,0.17,N
2014,議員,區域,臺北市,臺北市第06選區,7,潘翰聲,1,樹黨,8623,2.79,N
2014,議員,區域,臺北市,臺北市第06選區,8,歐陽龍,1,中國國民黨,27123,8.8,Y
2014,議員,區域,臺北市,臺北市第06選區,9,王閔生,1,民主進步黨,22993,7.46,Y
2014,議員,區域,臺北市,臺北市第06選區,10,青天,1,無黨籍及未經政黨推薦,541,0.17,N
2014,議員,區域,臺北市,臺北市第06選區,11,何啟聖,1,親民黨,8664,2.81,N
2014,議員,區域,臺北市,臺北市第06選區,12,王致雅,2,中國國民黨,14115,4.58,N
2014,議員,區域,臺北市,臺北市第06選區,13,徐弘庭,1,中國國民黨,15651,5.07,Y
2014,議員,區域,臺北市,臺北市第06選區,14,聶紹雄,1,無黨籍及未經政黨推薦,395,0.12,N
2014,議員,區域,臺北市,臺北市第06選區,15,周柏雅,1,民主進步黨,17249,5.59,Y
2014,議員,區域,臺北市,臺北市第06選區,16,李慶鋒,1,民主進步黨,20274,6.57,Y
2014,議員,區域,臺北市,臺北市第06選區,17,阮昭雄,1,民主進步黨,20727,6.72,Y
2014,議員,區域,臺北市,臺北市第06選區,18,李新,1,中國國民黨,22773,7.38,Y
2014,議員,區域,臺北市,臺北市第06選區,19,謝啟大,2,無黨籍及未經政黨推薦,9665,3.13,N
2014,議員,區域,臺北市,臺北市第06選區,20,歐陽瑞蓮,2,台灣團結聯盟,5279,1.71,N
2014,議員,區域,臺北市,臺北市第06選區,21,簡舒培,2,民主進步黨,22672,7.35,Y
2014,議員,區域,臺北市,臺北市第06選區,22,李慶元,1,中國國民黨,24348,7.9,Y
2014,議員,區域,新北市,新北市第01選區,1,鄭戴麗香,2,中國國民黨,18779,17.21,Y
2014,議員,區域,新北市,新北市第01選區,2,王鐘銘,1,綠黨,6880,6.3,N
2014,議員,區域,新北市,新北市第01選區,3,鄭宇恩,2,民主進步黨,31928,29.26,Y
2014,議員,區域,新北市,新北市第01選區,4,蔡錦賢,1,無黨籍及未經政黨推薦,20167,18.48,Y
2014,議員,區域,新北市,新北市第01選區,5,蔡葉偉,1,中國國民黨,16421,15.05,Y
2014,議員,區域,新北市,新北市第01選區,6,呂子昌,1,民主進步黨,14919,13.67,N
2014,議員,區域,新北市,新北市第02選區,1,蔡健棠,1,中國國民黨,20218,6.62,N
2014,議員,區域,新北市,新北市第02選區,2,宋明宗,1,中國國民黨,24326,7.96,Y
2014,議員,區域,新北市,新北市第02選區,3,陳明義,1,中國國民黨,20466,6.7,N
2014,議員,區域,新北市,新北市第02選區,4,何淑峯,2,民主進步黨,24987,8.18,Y
2014,議員,區域,新北市,新北市第02選區,5,賴秋媚,2,民主進步黨,21927,7.18,Y
2014,議員,區域,新北市,新北市第02選區,6,董吉誠,1,無黨籍及未經政黨推薦,1521,0.49,N
2014,議員,區域,新北市,新北市第02選區,7,鍾宏仁,1,民主進步黨,40858,13.38,Y
2014,議員,區域,新北市,新北市第02選區,8,張晉婷,2,台灣團結聯盟,26625,8.72,Y
2014,議員,區域,新北市,新北市第02選區,9,黃林玲玲,2,中國國民黨,25082,8.21,Y
2014,議員,區域,新北市,新北市第02選區,10,蔣根煌,1,中國國民黨,22188,7.26,Y
2014,議員,區域,新北市,新北市第02選區,11,陳文治,1,民主進步黨,20481,6.7,Y
2014,議員,區域,新北市,新北市第02選區,12,陳科名,1,民主進步黨,27269,8.93,Y
2014,議員,區域,新北市,新北市第02選區,13,蔡淑君,2,中國國民黨,29373,9.62,Y
2014,議員,區域,新北市,新北市第03選區,1,李倩萍,2,民主進步黨,28652,9.83,Y
2014,議員,區域,新北市,新北市第03選區,2,蕭榮騰,1,人民最大黨,614,0.21,N
2014,議員,區域,新北市,新北市第03選區,3,鄭金隆,1,民主進步黨,20694,7.1,Y
2014,議員,區域,新北市,新北市第03選區,4,王詠沛,2,親民黨,4337,1.48,N
2014,議員,區域,新北市,新北市第03選區,5,黃桂蘭,2,中國國民黨,19111,6.55,N
2014,議員,區域,新北市,新北市第03選區,6,張宸浩,1,新黨,2599,0.89,N
2014,議員,區域,新北市,新北市第03選區,7,董俊良,1,無黨籍及未經政黨推薦,556,0.19,N
2014,議員,區域,新北市,新北市第03選區,8,胡淑蓉,2,中國國民黨,15708,5.38,N
2014,議員,區域,新北市,新北市第03選區,9,蔡明堂,1,中國國民黨,25538,8.76,Y
2014,議員,區域,新北市,新北市第03選區,10,李翁月娥,2,無黨籍及未經政黨推薦,20340,6.97,Y
2014,議員,區域,新北市,新北市第03選區,11,李丹鳳,2,人民民主陣線,2603,0.89,N
2014,議員,區域,新北市,新北市第03選區,12,鄭世維,1,中國國民黨,14520,4.98,N
2014,議員,區域,新北市,新北市第03選區,13,陳幸進,1,中國國民黨,20819,7.14,Y
2014,議員,區域,新北市,新北市第03選區,14,蘇卿彥,1,無黨籍及未經政黨推薦,312,0.1,N
2014,議員,區域,新北市,新北市第03選區,15,李坤城,1,民主進步黨,26809,9.19,Y
2014,議員,區域,新北市,新北市第03選區,16,李余典,1,民主進步黨,26794,9.19,Y
2014,議員,區域,新北市,新北市第03選區,17,邱婷蔚,2,民主進步黨,32511,11.15,Y
2014,議員,區域,新北市,新北市第03選區,18,陳啟能,1,民主進步黨,24841,8.52,Y
2014,議員,區域,新北市,新北市第03選區,19,陳良安,1,台灣團結聯盟,4076,1.39,N
2014,議員,區域,新北市,新北市第04選區,1,曾煥嘉,1,中國國民黨,21807,7.96,Y
2014,議員,區域,新北市,新北市第04選區,2,周勝考,1,中國國民黨,25921,9.46,Y
2014,議員,區域,新北市,新北市第04選區,3,廖裕德,1,無黨籍及未經政黨推薦,19739,7.2,Y
2014,議員,區域,新北市,新北市第04選區,4,顏德民,1,無黨籍及未經政黨推薦,1745,0.63,N
2014,議員,區域,新北市,新北市第04選區,5,王淑慧,2,民主進步黨,21866,7.98,Y
2014,議員,區域,新北市,新北市第04選區,6,黃俊哲,1,民主進步黨,21625,7.89,Y
2014,議員,區域,新北市,新北市第04選區,7,林水山,1,民主進步黨,14115,5.15,N
2014,議員,區域,新北市,新北市第04選區,8,何博文,1,民主進步黨,35304,12.89,Y
2014,議員,區域,新北市,新北市第04選區,9,林世棟,1,親民黨,3385,1.23,N
2014,議員,區域,新北市,新北市第04選區,10,林國春,1,中國國民黨,28193,10.29,Y
2014,議員,區域,新北市,新北市第04選區,11,劉美芳,2,中國國民黨,18343,6.69,Y
2014,議員,區域,新北市,新北市第04選區,12,王炳忠,1,新黨,4299,1.56,N
2014,議員,區域,新北市,新北市第04選區,13,張宏陸,1,民主進步黨,21066,7.69,Y
2014,議員,區域,新北市,新北市第04選區,14,李婉鈺,2,無黨籍及未經政黨推薦,15770,5.75,N
2014,議員,區域,新北市,新北市第04選區,15,趙燕昭,1,中國國民黨,13710,5,N
2014,議員,區域,新北市,新北市第04選區,16,蕭貫譽,1,台灣團結聯盟,6955,2.53,N
2014,議員,區域,新北市,新北市第05選區,1,陳錦錠,2,中國國民黨,26290,12.78,Y
2014,議員,區域,新北市,新北市第05選區,2,江永昌,1,民主進步黨,38503,18.72,Y
2014,議員,區域,新北市,新北市第05選區,3,林朝鑫,1,無黨籍及未經政黨推薦,8788,4.27,N
2014,議員,區域,新北市,新北市第05選區,4,戴德成,1,新黨,13965,6.79,N
2014,議員,區域,新北市,新北市第05選區,5,游輝宂,1,無黨籍及未經政黨推薦,24703,12.01,Y
2014,議員,區域,新北市,新北市第05選區,6,林秀惠,2,民主進步黨,21678,10.54,Y
2014,議員,區域,新北市,新北市第05選區,7,張瑞山,1,民主進步黨,21768,10.58,Y
2014,議員,區域,新北市,新北市第05選區,8,金瑞龍,1,中國國民黨,21159,10.29,N
2014,議員,區域,新北市,新北市第05選區,9,邱烽堯,1,中國國民黨,28764,13.98,Y
2014,議員,區域,新北市,新北市第06選區,1,羅文崇,1,民主進步黨,18015,16.85,Y
2014,議員,區域,新北市,新北市第06選區,2,陳鴻源,1,中國國民黨,19967,18.68,Y
2014,議員,區域,新北市,新北市第06選區,3,許昭興,2,民主進步黨,22411,20.96,Y
2014,議員,區域,新北市,新北市第06選區,4,蔡明璋,1,新黨,3733,3.49,N
2014,議員,區域,新北市,新北市第06選區,5,金介壽,1,中國國民黨,17861,16.71,N
2014,議員,區域,新北市,新北市第06選區,6,連斐璠,2,中國國民黨,21700,20.3,Y
2014,議員,區域,新北市,新北市第06選區,7,莊育麟,1,人民民主陣線,3188,2.98,N
2014,議員,區域,新北市,新北市第07選區,1,王明麗,2,中國國民黨,15771,5.53,N
2014,議員,區域,新北市,新北市第07選區,2,林銘仁,1,民主進步黨,21388,7.5,Y
2014,議員,區域,新北市,新北市第07選區,3,林明正,1,新黨,1792,0.62,N
2014,議員,區域,新北市,新北市第07選區,4,吳琪銘,1,民主進步黨,30103,10.56,Y
2014,議員,區域,新北市,新北市第07選區,5,林金結,1,中國國民黨,18462,6.47,Y
2014,議員,區域,新北市,新北市第07選區,6,彭成龍,1,民主進步黨,17195,6.03,Y
2014,議員,區域,新北市,新北市第07選區,7,李宜潔,2,台灣團結聯盟,3432,1.2,N
2014,議員,區域,新北市,新北市第07選區,8,陳世榮,1,無黨籍及未經政黨推薦,22016,7.72,Y
2014,議員,區域,新北市,新北市第07選區,9,朱子孟,1,中國國民黨,8770,3.07,N
2014,議員,區域,新北市,新北市第07選區,10,羅友志,1,無黨籍及未經政黨推薦,3695,1.29,N
2014,議員,區域,新北市,新北市第07選區,11,黃永昌,1,中國國民黨,18070,6.33,Y
2014,議員,區域,新北市,新北市第07選區,12,廖本煙,1,民主進步黨,19699,6.91,Y
2014,議員,區域,新北市,新北市第07選區,13,歐金獅,1,民主進步黨,14486,5.08,N
2014,議員,區域,新北市,新北市第07選區,14,薛永華,1,親民黨,7966,2.79,N
2014,議員,區域,新北市,新北市第07選區,15,臧家宜,2,無黨籍及未經政黨推薦,1329,0.46,N
2014,議員,區域,新北市,新北市第07選區,16,楊木萬,1,綠黨,7245,2.54,N
2014,議員,區域,新北市,新北市第07選區,17,洪佳君,2,中國國民黨,21934,7.69,Y
2014,議員,區域,新北市,新北市第07選區,18,朱彥華,1,無黨籍及未經政黨推薦,6303,2.21,N
2014,議員,區域,新北市,新北市第07選區,19,林富子,2,中國國民黨,10845,3.8,N
2014,議員,區域,新北市,新北市第07選區,20,高敏慧,2,民主進步黨,15855,5.56,Y
2014,議員,區域,新北市,新北市第07選區,21,蘇有仁,1,無黨籍及未經政黨推薦,18672,6.55,Y
2014,議員,區域,新北市,新北市第08選區,1,王美月,2,中國國民黨,14112,8.72,N
2014,議員,區域,新北市,新北市第08選區,2,劉哲彰,1,中國國民黨,26126,16.14,Y
2014,議員,區域,新北市,新北市第08選區,3,金中玉,1,無黨籍及未經政黨推薦,28202,17.43,Y
2014,議員,區域,新北市,新北市第08選區,4,陳永福,1,民主進步黨,32061,19.81,Y
2014,議員,區域,新北市,新北市第08選區,5,廖筱清,2,民主進步黨,22880,14.14,Y
2014,議員,區域,新北市,新北市第08選區,6,邱九桁,1,親民黨,6336,3.91,N
2014,議員,區域,新北市,新北市第08選區,7,何孟哲,1,新黨,7010,4.33,N
2014,議員,區域,新北市,新北市第08選區,8,陳儀君,2,中國國民黨,25063,15.49,Y
2014,議員,區域,新北市,新北市第09選區,1,謝簡,1,中華民主向日葵憲政改革聯盟,389,1.01,N
2014,議員,區域,新北市,新北市第09選區,2,高天助,1,無黨籍及未經政黨推薦,3975,10.38,N
2014,議員,區域,新北市,新北市第09選區,3,林讚枝,1,中國國民黨,5442,14.21,N
2014,議員,區域,新北市,新北市第09選區,4,林裔綺,2,民主進步黨,15984,41.75,Y
2014,議員,區域,新北市,新北市第09選區,5,吳清風,1,無黨籍及未經政黨推薦,1806,4.71,N
2014,議員,區域,新北市,新北市第09選區,6,廖秀雄,1,無黨籍及未經政黨推薦,10684,27.91,N
2014,議員,區域,新北市,新北市第10選區,1,周雅玲,2,民主進步黨,25503,23.55,Y
2014,議員,區域,新北市,新北市第10選區,2,李玉蘭,2,無黨籍及未經政黨推薦,5505,5.08,N
2014,議員,區域,新北市,新北市第10選區,3,黃瑞傳,1,無黨籍及未經政黨推薦,2007,1.85,N
2014,議員,區域,新北市,新北市第10選區,4,廖正良,1,中國國民黨,22992,21.23,Y
2014,議員,區域,新北市,新北市第10選區,5,白珮茹,2,中國國民黨,25743,23.77,Y
2014,議員,區域,新北市,新北市第10選區,6,沈發惠,1,民主進步黨,26532,24.5,Y
2014,議員,區域,桃園市,桃園市第01選區,1,萬美玲,2,中國國民黨,16724,9.29,Y
2014,議員,區域,桃園市,桃園市第01選區,2,范綱祥,1,民主進步黨,11943,6.63,Y
2014,議員,區域,桃園市,桃園市第01選區,3,林國政,1,親民黨,6305,3.5,N
2014,議員,區域,桃園市,桃園市第01選區,4,陳宗義,1,民主進步黨,6697,3.72,N
2014,議員,區域,桃園市,桃園市第01選區,5,黃婉如,2,中國國民黨,11162,6.2,Y
2014,議員,區域,桃園市,桃園市第01選區,6,王信涵,1,無黨籍及未經政黨推薦,235,0.13,N
2014,議員,區域,桃園市,桃園市第01選區,7,簡梓倡,1,無黨籍及未經政黨推薦,2413,1.34,N
2014,議員,區域,桃園市,桃園市第01選區,8,張勝豐,1,新黨,2095,1.16,N
2014,議員,區域,桃園市,桃園市第01選區,9,黃莅程,1,無黨籍及未經政黨推薦,67,0.03,N
2014,議員,區域,桃園市,桃園市第01選區,10,黃景熙,1,民主進步黨,12916,7.17,Y
2014,議員,區域,桃園市,桃園市第01選區,11,黃智銘,1,民主進步黨,8269,4.59,N
2014,議員,區域,桃園市,桃園市第01選區,12,李曉鐘,1,中國國民黨,12563,6.98,Y
2014,議員,區域,桃園市,桃園市第01選區,13,蘇家明,1,中國國民黨,12003,6.67,Y
2014,議員,區域,桃園市,桃園市第01選區,14,賀光卍,1,人民民主陣線,290,0.16,N
2014,議員,區域,桃園市,桃園市第01選區,15,陳美梅,2,中國國民黨,10092,5.6,Y
2014,議員,區域,桃園市,桃園市第01選區,16,洪文璋,1,無黨籍及未經政黨推薦,7165,3.98,N
2014,議員,區域,桃園市,桃園市第01選區,17,楊添丁,1,無黨籍及未經政黨推薦,863,0.47,N
2014,議員,區域,桃園市,桃園市第01選區,18,詹江村,1,中國國民黨,9661,5.36,Y
2014,議員,區域,桃園市,桃園市第01選區,19,林政賢,1,中國國民黨,9118,5.06,Y
2014,議員,區域,桃園市,桃園市第01選區,20,李光達,1,台灣團結聯盟,9371,5.2,Y
2014,議員,區域,桃園市,桃園市第01選區,21,廖輝星,1,民主進步黨,7136,3.96,N
2014,議員,區域,桃園市,桃園市第01選區,22,黃哲鍾,1,無黨團結聯盟,8183,4.54,N
2014,議員,區域,桃園市,桃園市第01選區,23,羅岳峰,1,綠黨,5835,3.24,N
2014,議員,區域,桃園市,桃園市第01選區,24,史碩仁,1,無黨籍及未經政黨推薦,110,0.06,N
2014,議員,區域,桃園市,桃園市第01選區,25,邱素芬,2,民主進步黨,8705,4.83,Y
2014,議員,區域,桃園市,桃園市第02選區,1,陳志謀,1,民主進步黨,16137,26.35,Y
2014,議員,區域,桃園市,桃園市第02選區,2,林正峰,1,中國國民黨,11215,18.31,Y
2014,議員,區域,桃園市,桃園市第02選區,3,李麗珠,2,中國國民黨,6175,10.08,N
2014,議員,區域,桃園市,桃園市第02選區,4,許森能,1,無黨籍及未經政黨推薦,4990,8.14,N
2014,議員,區域,桃園市,桃園市第02選區,5,王家一,1,無黨籍及未經政黨推薦,3263,5.32,N
2014,議員,區域,桃園市,桃園市第02選區,6,林俐玲,2,民主進步黨,11075,18.08,Y
2014,議員,區域,桃園市,桃園市第02選區,7,李雲強,1,中國國民黨,8373,13.67,Y
2014,議員,區域,桃園市,桃園市第03選區,1,張文瑜,2,無黨籍及未經政黨推薦,7005,8.19,N
2014,議員,區域,桃園市,桃園市第03選區,2,何正森,1,中國國民黨,6527,7.63,N
2014,議員,區域,桃園市,桃園市第03選區,3,呂淑真,2,中國國民黨,7117,8.33,Y
2014,議員,區域,桃園市,桃園市第03選區,4,呂林小鳳,2,民主進步黨,11518,13.48,Y
2014,議員,區域,桃園市,桃園市第03選區,5,鍾孝彥,1,無黨籍及未經政黨推薦,962,1.12,N
2014,議員,區域,桃園市,桃園市第03選區,6,劉茂羣,2,中國國民黨,8068,9.44,Y
2014,議員,區域,桃園市,桃園市第03選區,7,王國棟,1,中國國民黨,3760,4.4,N
2014,議員,區域,桃園市,桃園市第03選區,8,賴維哲,1,無黨籍及未經政黨推薦,768,0.89,N
2014,議員,區域,桃園市,桃園市第03選區,9,趙正宇,1,無黨籍及未經政黨推薦,12478,14.6,Y
2014,議員,區域,桃園市,桃園市第03選區,10,蔡永芳,1,民主進步黨,12221,14.3,Y
2014,議員,區域,桃園市,桃園市第03選區,11,鄭銀福,1,無黨籍及未經政黨推薦,3223,3.77,N
2014,議員,區域,桃園市,桃園市第03選區,12,彭少康,1,新黨,766,0.89,N
2014,議員,區域,桃園市,桃園市第03選區,13,林玉娟,2,無黨籍及未經政黨推薦,4091,4.78,N
2014,議員,區域,桃園市,桃園市第03選區,14,陳松福,1,無黨籍及未經政黨推薦,6929,8.11,N
2014,議員,區域,桃園市,桃園市第04選區,1,李訓求,1,中國國民黨,7819,12.18,N
2014,議員,區域,桃園市,桃園市第04選區,2,張桂綿,2,中國國民黨,8954,13.95,N
2014,議員,區域,桃園市,桃園市第04選區,3,郭麗華,2,民主進步黨,11640,18.14,Y
2014,議員,區域,桃園市,桃園市第04選區,4,吳寶玉,2,無黨籍及未經政黨推薦,646,1,N
2014,議員,區域,桃園市,桃園市第04選區,5,袁慧心,2,新黨,3189,4.96,N
2014,議員,區域,桃園市,桃園市第04選區,6,劉勝全,1,無黨籍及未經政黨推薦,9771,15.22,Y
2014,議員,區域,桃園市,桃園市第04選區,7,陳麗莉,2,中國國民黨,9454,14.73,Y
2014,議員,區域,桃園市,桃園市第04選區,8,許清順,1,民主進步黨,12692,19.78,Y
2014,議員,區域,桃園市,桃園市第05選區,1,徐其萬,1,中國國民黨,15045,36.64,Y
2014,議員,區域,桃園市,桃園市第05選區,2,游吾和,1,民主進步黨,16783,40.88,Y
2014,議員,區域,桃園市,桃園市第05選區,3,王淳長,1,無黨籍及未經政黨推薦,9225,22.47,N
2014,議員,區域,桃園市,桃園市第06選區,1,曾慶章,1,民主進步黨,3026,6.8,N
2014,議員,區域,桃園市,桃園市第06選區,2,李柏坊,1,中國國民黨,9726,21.88,Y
2014,議員,區域,桃園市,桃園市第06選區,3,黃智信,1,民主進步黨,3025,6.8,N
2014,議員,區域,桃園市,桃園市第06選區,4,張振源,1,無黨籍及未經政黨推薦,742,1.66,N
2014,議員,區域,桃園市,桃園市第06選區,5,楊朝偉,1,中國國民黨,7264,16.34,Y
2014,議員,區域,桃園市,桃園市第06選區,6,邱伶樺,2,無黨籍及未經政黨推薦,1935,4.35,N
2014,議員,區域,桃園市,桃園市第06選區,7,邱創良,1,無黨籍及未經政黨推薦,179,0.4,N
2014,議員,區域,桃園市,桃園市第06選區,8,邱秀芬,2,民主進步黨,3133,7.04,N
2014,議員,區域,桃園市,桃園市第06選區,9,李洋宇,1,無黨籍及未經政黨推薦,2338,5.26,N
2014,議員,區域,桃園市,桃園市第06選區,10,陳治文,2,民主進步黨,13080,29.42,Y
2014,議員,區域,桃園市,桃園市第07選區,1,邱奕勝,1,中國國民黨,14345,7.98,Y
2014,議員,區域,桃園市,桃園市第07選區,2,賴立竹,1,親民黨,5970,3.32,N
2014,議員,區域,桃園市,桃園市第07選區,3,謝偉孝,1,無黨籍及未經政黨推薦,899,0.5,N
2014,議員,區域,桃園市,桃園市第07選區,4,黃傅淑香,2,民主進步黨,11794,6.56,Y
2014,議員,區域,桃園市,桃園市第07選區,5,劉安祺,1,無黨籍及未經政黨推薦,5441,3.03,N
2014,議員,區域,桃園市,桃園市第07選區,6,吳正群,1,新黨,1157,0.64,N
2014,議員,區域,桃園市,桃園市第07選區,7,彭俊豪,1,民主進步黨,12967,7.22,Y
2014,議員,區域,桃園市,桃園市第07選區,8,張運炳,1,無黨籍及未經政黨推薦,8585,4.78,Y
2014,議員,區域,桃園市,桃園市第07選區,9,劉曾玉春,2,無黨籍及未經政黨推薦,10366,5.77,Y
2014,議員,區域,桃園市,桃園市第07選區,10,沐平波,2,中國國民黨,7276,4.05,N
2014,議員,區域,桃園市,桃園市第07選區,11,葉明月,2,中國國民黨,8567,4.77,Y
2014,議員,區域,桃園市,桃園市第07選區,12,徐景文,1,民主進步黨,8352,4.65,N
2014,議員,區域,桃園市,桃園市第07選區,13,梁新武,1,無黨籍及未經政黨推薦,3551,1.97,N
2014,議員,區域,桃園市,桃園市第07選區,14,葉鄭秀蘋,2,無黨籍及未經政黨推薦,4441,2.47,N
2014,議員,區域,桃園市,桃園市第07選區,15,蔣中千,1,無黨團結聯盟,4271,2.37,N
2014,議員,區域,桃園市,桃園市第07選區,16,王浩宇,1,綠黨,16269,9.06,Y
2014,議員,區域,桃園市,桃園市第07選區,17,黃治東,1,台灣團結聯盟,1969,1.09,N
2014,議員,區域,桃園市,桃園市第07選區,18,魯明哲,1,中國國民黨,26379,14.69,Y
2014,議員,區域,桃園市,桃園市第07選區,19,彭秀涵,2,無黨籍及未經政黨推薦,494,0.27,N
2014,議員,區域,桃園市,桃園市第07選區,20,袁明星,1,民主進步黨,9617,5.35,Y
2014,議員,區域,桃園市,桃園市第07選區,21,劉威德,1,無黨籍及未經政黨推薦,6702,3.73,N
2014,議員,區域,桃園市,桃園市第07選區,22,梁為超,1,中國國民黨,10138,5.64,Y
2014,議員,區域,桃園市,桃園市第08選區,1,羅文欽,1,無黨籍及未經政黨推薦,2057,2.07,N
2014,議員,區域,桃園市,桃園市第08選區,2,劉仁照,1,民主進步黨,8826,8.91,Y
2014,議員,區域,桃園市,桃園市第08選區,3,謝彰文,2,中國國民黨,9995,10.09,Y
2014,議員,區域,桃園市,桃園市第08選區,4,黃敬平,1,中國國民黨,9982,10.07,Y
2014,議員,區域,桃園市,桃園市第08選區,5,舒翠玲,2,中國國民黨,8712,8.79,Y
2014,議員,區域,桃園市,桃園市第08選區,6,陳萬得,1,中國國民黨,7459,7.53,N
2014,議員,區域,桃園市,桃園市第08選區,7,劉邦鉉,1,無黨籍及未經政黨推薦,5211,5.26,N
2014,議員,區域,桃園市,桃園市第08選區,8,楊家俍,1,民主進步黨,8736,8.82,Y
2014,議員,區域,桃園市,桃園市第08選區,9,陳志偉,1,民主進步黨,3832,3.86,N
2014,議員,區域,桃園市,桃園市第08選區,10,莊訓基,1,親民黨,2645,2.67,N
2014,議員,區域,桃園市,桃園市第08選區,11,莊玉光,1,無黨籍及未經政黨推薦,4752,4.79,N
2014,議員,區域,桃園市,桃園市第08選區,12,黃國華,1,臺灣建國黨,81,0.08,N
2014,議員,區域,桃園市,桃園市第08選區,13,黃李月琴,2,無黨籍及未經政黨推薦,3402,3.43,N
2014,議員,區域,桃園市,桃園市第08選區,14,王珮毓,2,無黨籍及未經政黨推薦,7234,7.3,N
2014,議員,區域,桃園市,桃園市第08選區,15,湯琳翔,1,綠黨,3809,3.84,N
2014,議員,區域,桃園市,桃園市第08選區,16,張若彤,1,無黨籍及未經政黨推薦,269,0.27,N
2014,議員,區域,桃園市,桃園市第08選區,17,陳章程,1,無黨籍及未經政黨推薦,143,0.14,N
2014,議員,區域,桃園市,桃園市第08選區,18,莊玉輝,1,無黨籍及未經政黨推薦,7766,7.84,Y
2014,議員,區域,桃園市,桃園市第08選區,19,林德忠,1,無黨籍及未經政黨推薦,4127,4.16,N
2014,議員,區域,桃園市,桃園市第09選區,1,姜水浪,1,台灣主義黨,597,0.83,N
2014,議員,區域,桃園市,桃園市第09選區,2,周玉琴,2,中國國民黨,14468,20.21,Y
2014,議員,區域,桃園市,桃園市第09選區,3,林羅春,1,無黨籍及未經政黨推薦,3272,4.57,N
2014,議員,區域,桃園市,桃園市第09選區,4,李家興,1,中國國民黨,13875,19.38,Y
2014,議員,區域,桃園市,桃園市第09選區,5,陳賴素美,2,民主進步黨,15882,22.19,Y
2014,議員,區域,桃園市,桃園市第09選區,6,陳秀玲,2,無黨籍及未經政黨推薦,5916,8.26,N
2014,議員,區域,桃園市,桃園市第09選區,7,張火爐,1,民主進步黨,14664,20.49,Y
2014,議員,區域,桃園市,桃園市第09選區,8,彭基原,1,無黨籍及未經政黨推薦,2892,4.04,N
2014,議員,區域,桃園市,桃園市第10選區,1,黃榮煥,1,無黨籍及未經政黨推薦,3630,6.76,N
2014,議員,區域,桃園市,桃園市第10選區,2,劉熒隆,1,無黨籍及未經政黨推薦,8229,15.32,N
2014,議員,區域,桃園市,桃園市第10選區,3,林鴻斌,1,無黨籍及未經政黨推薦,4451,8.28,N
2014,議員,區域,桃園市,桃園市第10選區,4,張肇良,1,民主進步黨,13411,24.97,Y
2014,議員,區域,桃園市,桃園市第10選區,5,廖威森,1,無黨籍及未經政黨推薦,590,1.09,N
2014,議員,區域,桃園市,桃園市第10選區,6,游良福,1,無黨籍及未經政黨推薦,488,0.9,N
2014,議員,區域,桃園市,桃園市第10選區,7,徐玉樹,1,中國國民黨,9218,17.16,Y
2014,議員,區域,桃園市,桃園市第10選區,8,羅銀珍,2,無黨籍及未經政黨推薦,5000,9.31,N
2014,議員,區域,桃園市,桃園市第10選區,9,閻中傑,1,中國國民黨,8680,16.16,Y
2014,議員,區域,桃園市,桃園市第11選區,1,邱佳亮,1,無黨籍及未經政黨推薦,13664,50.52,Y
2014,議員,區域,桃園市,桃園市第11選區,2,陳睿生,1,民主進步黨,13380,49.47,N
2014,議員,區域,桃園市,桃園市第12選區,1,吳宗憲,1,中國國民黨,9161,27.74,N
2014,議員,區域,桃園市,桃園市第12選區,2,郭榮宗,1,民主進步黨,11424,34.59,Y
2014,議員,區域,桃園市,桃園市第12選區,3,廖薛文,1,無黨籍及未經政黨推薦,1087,3.29,N
2014,議員,區域,桃園市,桃園市第12選區,4,歐炳辰,1,無黨籍及未經政黨推薦,11347,34.36,Y
2014,議員,區域,臺中市,臺中市第01選區,1,吳鶴鵬,1,無黨籍及未經政黨推薦,5370,7.17,N
2014,議員,區域,臺中市,臺中市第01選區,2,吳敏濟,1,民主進步黨,22165,29.61,Y
2014,議員,區域,臺中市,臺中市第01選區,3,李榮鴻,1,中國國民黨,15031,20.08,Y
2014,議員,區域,臺中市,臺中市第01選區,4,林素眞,2,無黨籍及未經政黨推薦,13763,18.38,N
2014,議員,區域,臺中市,臺中市第01選區,5,楊永昌,1,中國國民黨,18519,24.74,Y
2014,議員,區域,臺中市,臺中市第02選區,1,王立任,1,民主進步黨,16562,12.73,Y
2014,議員,區域,臺中市,臺中市第02選區,2,顏莉敏,2,中國國民黨,20120,15.46,Y
2014,議員,區域,臺中市,臺中市第02選區,3,陳廷秀,1,無黨籍及未經政黨推薦,12914,9.92,N
2014,議員,區域,臺中市,臺中市第02選區,4,張清照,1,中國國民黨,20098,15.44,Y
2014,議員,區域,臺中市,臺中市第02選區,5,程凱力,1,親民黨,3127,2.4,N
2014,議員,區域,臺中市,臺中市第02選區,6,陳詩哲,1,無黨籍及未經政黨推薦,15806,12.14,N
2014,議員,區域,臺中市,臺中市第02選區,7,陳年添,1,台灣團結聯盟,2555,1.96,N
2014,議員,區域,臺中市,臺中市第02選區,8,楊典忠,1,民主進步黨,22996,17.67,Y
2014,議員,區域,臺中市,臺中市第02選區,9,尤碧鈴,2,無黨籍及未經政黨推薦,15920,12.23,Y
2014,議員,區域,臺中市,臺中市第03選區,1,劉淑蘭,2,民主進步黨,14696,12.83,N
2014,議員,區域,臺中市,臺中市第03選區,2,吳瓊華,2,中國國民黨,18268,15.95,Y
2014,議員,區域,臺中市,臺中市第03選區,3,林汝洲,1,中國國民黨,18514,16.17,Y
2014,議員,區域,臺中市,臺中市第03選區,4,陳世凱,1,民主進步黨,20219,17.65,Y
2014,議員,區域,臺中市,臺中市第03選區,5,張正興,1,無黨籍及未經政黨推薦,9426,8.23,N
2014,議員,區域,臺中市,臺中市第03選區,6,黃錫嘉,1,無黨籍及未經政黨推薦,16451,14.36,Y
2014,議員,區域,臺中市,臺中市第03選區,7,林士昌,1,中國國民黨,16919,14.77,Y
2014,議員,區域,臺中市,臺中市第04選區,1,陳清龍,1,無黨籍及未經政黨推薦,21806,17.99,Y
2014,議員,區域,臺中市,臺中市第04選區,2,翁美春,2,民主進步黨,20887,17.23,Y
2014,議員,區域,臺中市,臺中市第04選區,3,謝志忠,1,民主進步黨,21648,17.86,Y
2014,議員,區域,臺中市,臺中市第04選區,4,王朝坤,1,無黨籍及未經政黨推薦,13486,11.12,N
2014,議員,區域,臺中市,臺中市第04選區,5,張瀞分,2,中國國民黨,18255,15.06,Y
2014,議員,區域,臺中市,臺中市第04選區,6,吳富亭,1,台灣團結聯盟,11476,9.46,N
2014,議員,區域,臺中市,臺中市第04選區,7,陳本添,1,中國國民黨,13642,11.25,Y
2014,議員,區域,臺中市,臺中市第05選區,1,張雅旻,2,民主進步黨,19047,13.53,Y
2014,議員,區域,臺中市,臺中市第05選區,2,羅永珍,2,中國國民黨,17924,12.73,Y
2014,議員,區域,臺中市,臺中市第05選區,3,吳顯森,1,中國國民黨,16674,11.84,Y
2014,議員,區域,臺中市,臺中市第05選區,4,張立傑,1,無黨籍及未經政黨推薦,15295,10.86,Y
2014,議員,區域,臺中市,臺中市第05選區,5,林竹旺,1,無黨籍及未經政黨推薦,6806,4.83,N
2014,議員,區域,臺中市,臺中市第05選區,6,蕭隆澤,1,民主進步黨,20828,14.79,Y
2014,議員,區域,臺中市,臺中市第05選區,7,賴朝國,1,中國國民黨,17881,12.7,Y
2014,議員,區域,臺中市,臺中市第05選區,8,許水彬,1,民主進步黨,12566,8.92,N
2014,議員,區域,臺中市,臺中市第05選區,9,廖述鎮,1,民主進步黨,13736,9.75,N
2014,議員,區域,臺中市,臺中市第06選區,1,張廖乃綸,2,中國國民黨,13196,12.14,Y
2014,議員,區域,臺中市,臺中市第06選區,2,張廖萬堅,1,民主進步黨,25804,23.74,Y
2014,議員,區域,臺中市,臺中市第06選區,3,黃馨慧,2,中國國民黨,17712,16.29,Y
2014,議員,區域,臺中市,臺中市第06選區,4,楊正中,1,中國國民黨,15562,14.31,Y
2014,議員,區域,臺中市,臺中市第06選區,5,李孝儒,1,民主進步黨,6812,6.26,N
2014,議員,區域,臺中市,臺中市第06選區,6,吳春夏,1,無黨籍及未經政黨推薦,5964,5.48,N
2014,議員,區域,臺中市,臺中市第06選區,7,蔡智豪,1,無黨籍及未經政黨推薦,3746,3.44,N
2014,議員,區域,臺中市,臺中市第06選區,8,陳淑華,2,民主進步黨,19896,18.3,Y
2014,議員,區域,臺中市,臺中市第07選區,1,黃淑芬,2,無黨籍及未經政黨推薦,6537,8.04,N
2014,議員,區域,臺中市,臺中市第07選區,2,朱暖英,2,中國國民黨,11571,14.23,Y
2014,議員,區域,臺中市,臺中市第07選區,3,陳三井,1,親民黨,4206,5.17,N
2014,議員,區域,臺中市,臺中市第07選區,4,江慶洲,1,無黨籍及未經政黨推薦,2392,2.94,N
2014,議員,區域,臺中市,臺中市第07選區,5,劉士州,1,中國國民黨,12441,15.3,Y
2014,議員,區域,臺中市,臺中市第07選區,6,黃聖硯,2,台灣團結聯盟,772,0.94,N
2014,議員,區域,臺中市,臺中市第07選區,7,張耀中,1,民主進步黨,18290,22.49,Y
2014,議員,區域,臺中市,臺中市第07選區,8,丁振嘉,1,中國國民黨,11213,13.79,N
2014,議員,區域,臺中市,臺中市第07選區,9,何文海,1,民主進步黨,13870,17.06,Y
2014,議員,區域,臺中市,臺中市第08選區,1,沈佑蓮,2,中國國民黨,29190,21.78,Y
2014,議員,區域,臺中市,臺中市第08選區,2,謝明源,1,民主進步黨,20416,15.23,Y
2014,議員,區域,臺中市,臺中市第08選區,3,邱于珊,2,親民黨,8498,6.34,N
2014,議員,區域,臺中市,臺中市第08選區,4,蔡雅玲,2,民主進步黨,19442,14.51,Y
2014,議員,區域,臺中市,臺中市第08選區,5,張烱春,1,台灣團結聯盟,1849,1.38,N
2014,議員,區域,臺中市,臺中市第08選區,6,賴順仁,1,中國國民黨,18326,13.67,Y
2014,議員,區域,臺中市,臺中市第08選區,7,陳成添,1,中國國民黨,16192,12.08,Y
2014,議員,區域,臺中市,臺中市第08選區,8,曾朝榮,1,民主進步黨,20068,14.97,Y
2014,議員,區域,臺中市,臺中市第09選區,1,陳天汶,1,中國國民黨,14659,19.03,N
2014,議員,區域,臺中市,臺中市第09選區,2,范淞育,1,民主進步黨,18450,23.95,Y
2014,議員,區域,臺中市,臺中市第09選區,3,陳政顯,1,中國國民黨,18082,23.47,Y
2014,議員,區域,臺中市,臺中市第09選區,4,林忠勝,1,聯合黨,477,0.61,N
2014,議員,區域,臺中市,臺中市第09選區,5,李涵芸,2,樹黨,6784,8.8,N
2014,議員,區域,臺中市,臺中市第09選區,6,賴佳微,2,民主進步黨,18571,24.11,Y
2014,議員,區域,臺中市,臺中市第10選區,1,張宏年,1,中國國民黨,15990,22.82,Y
2014,議員,區域,臺中市,臺中市第10選區,2,張博威,1,親民黨,1555,2.21,N
2014,議員,區域,臺中市,臺中市第10選區,3,葉春幸,2,無黨籍及未經政黨推薦,4831,6.89,N
2014,議員,區域,臺中市,臺中市第10選區,4,黃國書,1,民主進步黨,14729,21.02,Y
2014,議員,區域,臺中市,臺中市第10選區,5,洪嘉鴻,1,中國國民黨,12106,17.28,N
2014,議員,區域,臺中市,臺中市第10選區,6,江肇國,1,民主進步黨,20843,29.75,Y
2014,議員,區域,臺中市,臺中市第11選區,1,賴建豪,1,無黨籍及未經政黨推薦,10033,9.59,N
2014,議員,區域,臺中市,臺中市第11選區,2,鄭功進,1,民主進步黨,15035,14.37,Y
2014,議員,區域,臺中市,臺中市第11選區,3,李中,1,中國國民黨,15533,14.84,Y
2014,議員,區域,臺中市,臺中市第11選區,4,邱素貞,2,民主進步黨,17163,16.4,Y
2014,議員,區域,臺中市,臺中市第11選區,5,何敏誠,1,民主進步黨,15701,15.01,Y
2014,議員,區域,臺中市,臺中市第11選區,6,林珮涵,2,中國國民黨,14274,13.64,N
2014,議員,區域,臺中市,臺中市第11選區,7,顏妏眞,2,中國國民黨,11442,10.93,N
2014,議員,區域,臺中市,臺中市第11選區,8,廖興生,1,親民黨,3099,2.96,N
2014,議員,區域,臺中市,臺中市第11選區,9,蕭良材,1,無黨籍及未經政黨推薦,2321,2.21,N
2014,議員,區域,臺中市,臺中市第12選區,1,何明杰,1,民主進步黨,14286,15.02,Y
2014,議員,區域,臺中市,臺中市第12選區,2,賴義鍠,1,無黨籍及未經政黨推薦,18594,19.55,Y
2014,議員,區域,臺中市,臺中市第12選區,3,吳品儀,2,無黨籍及未經政黨推薦,7193,7.56,N
2014,議員,區域,臺中市,臺中市第12選區,4,張玉嬿,2,民主進步黨,18186,19.12,Y
2014,議員,區域,臺中市,臺中市第12選區,5,李麗華,2,中國國民黨,22584,23.75,Y
2014,議員,區域,臺中市,臺中市第12選區,6,陳展群,1,中國國民黨,9411,9.89,N
2014,議員,區域,臺中市,臺中市第12選區,7,李昆霖,1,無黨籍及未經政黨推薦,4823,5.07,N
2014,議員,區域,臺中市,臺中市第13選區,1,林志憲,1,無黨籍及未經政黨推薦,4698,3.26,N
2014,議員,區域,臺中市,臺中市第13選區,2,謝賢,1,民主進步黨,13030,9.06,N
2014,議員,區域,臺中市,臺中市第13選區,3,段緯宇,1,親民黨,15950,11.09,Y
2014,議員,區域,臺中市,臺中市第13選區,4,江勝雄,1,無黨籍及未經政黨推薦,12957,9.01,N
2014,議員,區域,臺中市,臺中市第13選區,5,劉錦和,1,民主進步黨,11804,8.21,N
2014,議員,區域,臺中市,臺中市第13選區,6,張芬郁,2,民主進步黨,16343,11.36,Y
2014,議員,區域,臺中市,臺中市第13選區,7,李天生,1,民主進步黨,17546,12.2,Y
2014,議員,區域,臺中市,臺中市第13選區,8,張滄沂,1,無黨籍及未經政黨推薦,16061,11.17,Y
2014,議員,區域,臺中市,臺中市第13選區,9,蔡黃金雀,2,無黨籍及未經政黨推薦,4690,3.26,N
2014,議員,區域,臺中市,臺中市第13選區,10,林碧秀,2,中國國民黨,13417,9.33,Y
2014,議員,區域,臺中市,臺中市第13選區,11,蘇柏興,1,中國國民黨,15009,10.44,Y
2014,議員,區域,臺中市,臺中市第13選區,12,林明正,1,台灣團結聯盟,2241,1.55,N
2014,議員,區域,臺中市,臺中市第14選區,1,蔡成圭,1,民主進步黨,23090,40.11,Y
2014,議員,區域,臺中市,臺中市第14選區,2,蘇慶雲,1,中國國民黨,18258,31.72,Y
2014,議員,區域,臺中市,臺中市第14選區,3,冉齡軒,2,中國國民黨,16206,28.15,N
2014,議員,區域,臺南市,臺南市第01選區,1,劉米山,1,民主進步黨,12651,29.65,N
2014,議員,區域,臺南市,臺南市第01選區,2,張世賢,1,中國國民黨,16056,37.63,Y
2014,議員,區域,臺南市,臺南市第01選區,3,賴美惠,2,民主進步黨,13950,32.7,Y
2014,議員,區域,臺南市,臺南市第02選區,1,趙昆原,1,無黨籍及未經政黨推薦,12670,19,Y
2014,議員,區域,臺南市,臺南市第02選區,2,顏進仕,1,無黨籍及未經政黨推薦,6193,9.29,N
2014,議員,區域,臺南市,臺南市第02選區,3,陳佳琪,2,無黨籍及未經政黨推薦,11172,16.75,N
2014,議員,區域,臺南市,臺南市第02選區,4,賴惠員,2,民主進步黨,12647,18.97,Y
2014,議員,區域,臺南市,臺南市第02選區,5,蔡育輝,1,中國國民黨,12043,18.06,Y
2014,議員,區域,臺南市,臺南市第02選區,6,李退之,1,民主進步黨,11937,17.9,Y
2014,議員,區域,臺南市,臺南市第03選區,1,侯澄財,1,民主進步黨,11606,34.45,Y
2014,議員,區域,臺南市,臺南市第03選區,2,陳進財,1,中國國民黨,9794,29.07,N
2014,議員,區域,臺南市,臺南市第03選區,3,謝財旺,1,無黨籍及未經政黨推薦,12286,36.47,Y
2014,議員,區域,臺南市,臺南市第04選區,1,楊麗玉,2,民主進步黨,10821,16.64,N
2014,議員,區域,臺南市,臺南市第04選區,2,吳通龍,1,民主進步黨,14063,21.62,Y
2014,議員,區域,臺南市,臺南市第04選區,3,陳文賢,1,民主進步黨,11854,18.22,Y
2014,議員,區域,臺南市,臺南市第04選區,4,郭秀珠,2,無黨籍及未經政黨推薦,16711,25.69,Y
2014,議員,區域,臺南市,臺南市第04選區,5,尤榮智,1,中國國民黨,11579,17.8,N
2014,議員,區域,臺南市,臺南市第05選區,1,余榮和,1,無黨籍及未經政黨推薦,7422,12.13,N
2014,議員,區域,臺南市,臺南市第05選區,2,蔡蘇秋金,2,民主進步黨,14932,24.41,Y
2014,議員,區域,臺南市,臺南市第05選區,3,陳朝來,1,民主進步黨,12598,20.59,Y
2014,議員,區域,臺南市,臺南市第05選區,4,方一峰,1,中國國民黨,10991,17.96,N
2014,議員,區域,臺南市,臺南市第05選區,5,蔡秋蘭,2,民主進步黨,15228,24.89,Y
2014,議員,區域,臺南市,臺南市第06選區,1,林志展,1,無黨籍及未經政黨推薦,15446,37.37,Y
2014,議員,區域,臺南市,臺南市第06選區,2,李文俊,1,中國國民黨,12937,31.3,N
2014,議員,區域,臺南市,臺南市第06選區,3,梁順發,1,民主進步黨,12949,31.32,Y
2014,議員,區域,臺南市,臺南市第07選區,1,林全忠,1,中國國民黨,11868,34.63,Y
2014,議員,區域,臺南市,臺南市第07選區,2,姚溪海,1,無黨籍及未經政黨推薦,9420,27.49,N
2014,議員,區域,臺南市,臺南市第07選區,3,林志聰,1,民主進步黨,12975,37.86,Y
2014,議員,區域,臺南市,臺南市第08選區,1,李全教,1,中國國民黨,11726,53.06,Y
2014,議員,區域,臺南市,臺南市第08選區,2,王峻潭,1,民主進步黨,10370,46.93,N
2014,議員,區域,臺南市,臺南市第09選區,1,施重男,1,無黨籍及未經政黨推薦,10254,8.04,N
2014,議員,區域,臺南市,臺南市第09選區,2,陳秋萍,2,民主進步黨,13100,10.27,Y
2014,議員,區域,臺南市,臺南市第09選區,3,李崇智,1,無黨籍及未經政黨推薦,1416,1.11,N
2014,議員,區域,臺南市,臺南市第09選區,4,郭國文,1,民主進步黨,14203,11.14,Y
2014,議員,區域,臺南市,臺南市第09選區,5,林慶鎭,1,無黨籍及未經政黨推薦,11671,9.15,Y
2014,議員,區域,臺南市,臺南市第09選區,6,王敏星,1,中國國民黨,9944,7.8,N
2014,議員,區域,臺南市,臺南市第09選區,7,楊中成,1,台灣團結聯盟,12972,10.17,Y
2014,議員,區域,臺南市,臺南市第09選區,8,李坤煌,1,中國國民黨,11869,9.31,Y
2014,議員,區域,臺南市,臺南市第09選區,9,林燕祝,2,中國國民黨,13791,10.82,Y
2014,議員,區域,臺南市,臺南市第09選區,10,林宜瑾,2,民主進步黨,16659,13.07,Y
2014,議員,區域,臺南市,臺南市第09選區,11,林阳乙,1,無黨籍及未經政黨推薦,11569,9.07,Y
2014,議員,區域,臺南市,臺南市第10選區,1,劉益昌,1,台灣團結聯盟,3830,3.9,N
2014,議員,區域,臺南市,臺南市第10選區,2,王錦德,1,民主進步黨,14817,15.09,Y
2014,議員,區域,臺南市,臺南市第10選區,3,黃麗招,2,中國國民黨,9868,10.05,N
2014,議員,區域,臺南市,臺南市第10選區,4,林炳利,1,無黨籍及未經政黨推薦,13481,13.73,Y
2014,議員,區域,臺南市,臺南市第10選區,5,唐儀靜,2,民主進步黨,8154,8.3,N
2014,議員,區域,臺南市,臺南市第10選區,6,陳進義,1,無黨籍及未經政黨推薦,4966,5.06,N
2014,議員,區域,臺南市,臺南市第10選區,7,郭信良,1,民主進步黨,18827,19.18,Y
2014,議員,區域,臺南市,臺南市第10選區,8,郭清華,1,民主進步黨,13302,13.55,Y
2014,議員,區域,臺南市,臺南市第10選區,9,李中岑,2,中國國民黨,10890,11.09,Y
2014,議員,區域,臺南市,臺南市第11選區,1,陳怡珍,2,民主進步黨,22012,34.55,Y
2014,議員,區域,臺南市,臺南市第11選區,2,陳麗真,2,中國國民黨,718,1.12,N
2014,議員,區域,臺南市,臺南市第11選區,3,唐碧娥,2,民主進步黨,10436,16.38,Y
2014,議員,區域,臺南市,臺南市第11選區,4,許至椿,1,中國國民黨,10724,16.83,Y
2014,議員,區域,臺南市,臺南市第11選區,5,李宗富,1,無黨籍及未經政黨推薦,8458,13.27,N
2014,議員,區域,臺南市,臺南市第11選區,6,謝龍介,1,中國國民黨,11354,17.82,Y
2014,議員,區域,臺南市,臺南市第12選區,1,洪玉鳳,2,中國國民黨,12820,35.39,Y
2014,議員,區域,臺南市,臺南市第12選區,2,邱莉莉,2,民主進步黨,23403,64.6,Y
2014,議員,區域,臺南市,臺南市第13選區,1,盧崑福,1,中國國民黨,8561,34.69,Y
2014,議員,區域,臺南市,臺南市第13選區,2,李文正,1,民主進步黨,16116,65.3,Y
2014,議員,區域,臺南市,臺南市第14選區,1,陳昌輝,1,台灣團結聯盟,6200,7.16,N
2014,議員,區域,臺南市,臺南市第14選區,2,陸美祈,2,民主進步黨,10323,11.92,Y
2014,議員,區域,臺南市,臺南市第14選區,3,陳金鐘,1,民主進步黨,11885,13.72,Y
2014,議員,區域,臺南市,臺南市第14選區,4,曾培雅,2,中國國民黨,14586,16.84,Y
2014,議員,區域,臺南市,臺南市第14選區,5,潘靜竹,2,樹黨,2172,2.5,N
2014,議員,區域,臺南市,臺南市第14選區,6,王家貞,2,中國國民黨,9691,11.19,Y
2014,議員,區域,臺南市,臺南市第14選區,7,蔡旺詮,1,民主進步黨,11602,13.39,Y
2014,議員,區域,臺南市,臺南市第14選區,8,曾順良,1,無黨籍及未經政黨推薦,11404,13.17,Y
2014,議員,區域,臺南市,臺南市第14選區,9,陳文科,1,中國國民黨,8721,10.07,N
2014,議員,區域,臺南市,臺南市第15選區,1,蔡淑惠,2,中國國民黨,15012,22.56,Y
2014,議員,區域,臺南市,臺南市第15選區,2,周明德,1,民主進步黨,8837,13.28,N
2014,議員,區域,臺南市,臺南市第15選區,3,林美燕,2,中國國民黨,13165,19.78,Y
2014,議員,區域,臺南市,臺南市第15選區,4,陳進益,1,無黨籍及未經政黨推薦,4112,6.18,N
2014,議員,區域,臺南市,臺南市第15選區,5,莊玉珠,2,民主進步黨,9815,14.75,Y
2014,議員,區域,臺南市,臺南市第15選區,6,呂維胤,1,民主進步黨,15588,23.43,Y
2014,議員,區域,臺南市,臺南市第16選區,1,劉正昌,1,民主進步黨,15689,15.41,Y
2014,議員,區域,臺南市,臺南市第16選區,2,杜素吟,2,無黨籍及未經政黨推薦,14462,14.2,Y
2014,議員,區域,臺南市,臺南市第16選區,3,張伯祿,1,無黨籍及未經政黨推薦,14787,14.52,Y
2014,議員,區域,臺南市,臺南市第16選區,4,吳禹寰,1,無黨籍及未經政黨推薦,14252,14,N
2014,議員,區域,臺南市,臺南市第16選區,5,曾王雅雲,2,民主進步黨,14954,14.69,Y
2014,議員,區域,臺南市,臺南市第16選區,6,徐萬仲,1,中國國民黨,12104,11.89,N
2014,議員,區域,臺南市,臺南市第16選區,7,陳特清,1,無黨籍及未經政黨推薦,15529,15.25,Y
2014,議員,區域,高雄市,高雄市第01選區,1,劉馨正,1,中國國民黨,14325,19.75,Y
2014,議員,區域,高雄市,高雄市第01選區,2,鍾惠美,2,無黨籍及未經政黨推薦,13415,18.49,N
2014,議員,區域,高雄市,高雄市第01選區,3,林富寶,1,民主進步黨,16253,22.4,Y
2014,議員,區域,高雄市,高雄市第01選區,4,蕭育穎,2,民主進步黨,13982,19.27,N
2014,議員,區域,高雄市,高雄市第01選區,5,鍾盛有,1,無黨籍及未經政黨推薦,14553,20.06,Y
2014,議員,區域,高雄市,高雄市第02選區,1,張文瑞,1,民主進步黨,20236,24.86,Y
2014,議員,區域,高雄市,高雄市第02選區,2,陳明澤,1,民主進步黨,22482,27.62,Y
2014,議員,區域,高雄市,高雄市第02選區,3,蘇琦莉,2,中國國民黨,11701,14.37,N
2014,議員,區域,高雄市,高雄市第02選區,4,李長生,1,中國國民黨,26966,33.13,Y
2014,議員,區域,高雄市,高雄市第03選區,1,曾水文,1,台灣團結聯盟,8824,6.58,N
2014,議員,區域,高雄市,高雄市第03選區,2,陸淑美,2,中國國民黨,17650,13.16,Y
2014,議員,區域,高雄市,高雄市第03選區,3,方信淵,1,中國國民黨,17808,13.27,Y
2014,議員,區域,高雄市,高雄市第03選區,4,盧文峯,1,無黨籍及未經政黨推薦,6699,4.99,N
2014,議員,區域,高雄市,高雄市第03選區,5,陳政聞,1,民主進步黨,22685,16.91,Y
2014,議員,區域,高雄市,高雄市第03選區,6,蔡金河,1,中國國民黨,10318,7.69,N
2014,議員,區域,高雄市,高雄市第03選區,7,高閔琳,2,民主進步黨,26600,19.83,Y
2014,議員,區域,高雄市,高雄市第03選區,8,翁瑞珠,2,民主進步黨,23519,17.53,Y
2014,議員,區域,高雄市,高雄市第04選區,1,李眉蓁,2,中國國民黨,15533,8.82,Y
2014,議員,區域,高雄市,高雄市第04選區,2,林瑩蓉,2,民主進步黨,27510,15.63,Y
2014,議員,區域,高雄市,高雄市第04選區,3,周鍾,1,中國國民黨,13975,7.94,Y
2014,議員,區域,高雄市,高雄市第04選區,4,柳淑芳,2,無黨籍及未經政黨推薦,706,0.4,N
2014,議員,區域,高雄市,高雄市第04選區,5,藍星木,1,中國國民黨,13685,7.77,N
2014,議員,區域,高雄市,高雄市第04選區,6,黃石龍,1,無黨團結聯盟,14103,8.01,Y
2014,議員,區域,高雄市,高雄市第04選區,7,張豐藤,1,民主進步黨,15215,8.64,Y
2014,議員,區域,高雄市,高雄市第04選區,8,陳麗珍,2,中國國民黨,21050,11.96,Y
2014,議員,區域,高雄市,高雄市第04選區,9,李柏毅,1,民主進步黨,30571,17.37,Y
2014,議員,區域,高雄市,高雄市第04選區,10,陳玫娟,2,中國國民黨,15980,9.08,Y
2014,議員,區域,高雄市,高雄市第04選區,11,何樹勳,1,新黨,2493,1.41,N
2014,議員,區域,高雄市,高雄市第04選區,12,黃若桓,1,無黨籍及未經政黨推薦,5168,2.93,N
2014,議員,區域,高雄市,高雄市第05選區,1,何堅心,1,無黨籍及未經政黨推薦,3275,2.99,N
2014,議員,區域,高雄市,高雄市第05選區,2,葉進國,1,無黨籍及未經政黨推薦,10050,9.18,N
2014,議員,區域,高雄市,高雄市第05選區,3,許慧玉,2,中國國民黨,18436,16.84,Y
2014,議員,區域,高雄市,高雄市第05選區,4,林芳如,2,民主進步黨,13691,12.5,Y
2014,議員,區域,高雄市,高雄市第05選區,5,張勝富,1,民主進步黨,13755,12.56,Y
2014,議員,區域,高雄市,高雄市第05選區,6,吳利成,1,中國國民黨,12494,11.41,N
2014,議員,區域,高雄市,高雄市第05選區,7,王慧玲,2,無黨籍及未經政黨推薦,6679,6.1,N
2014,議員,區域,高雄市,高雄市第05選區,8,邱俊憲,1,民主進步黨,15192,13.87,Y
2014,議員,區域,高雄市,高雄市第05選區,9,沈英章,1,民主進步黨,15904,14.52,Y
2014,議員,區域,高雄市,高雄市第06選區,1,簡煥宗,1,民主進步黨,18257,19.14,Y
2014,議員,區域,高雄市,高雄市第06選區,2,連立堅,1,民主進步黨,14848,15.56,N
2014,議員,區域,高雄市,高雄市第06選區,3,蔡金晏,1,中國國民黨,17582,18.43,Y
2014,議員,區域,高雄市,高雄市第06選區,4,劉哲宇,1,無黨籍及未經政黨推薦,3241,3.39,N
2014,議員,區域,高雄市,高雄市第06選區,5,李喬如,2,民主進步黨,17630,18.48,Y
2014,議員,區域,高雄市,高雄市第06選區,6,陳美雅,2,中國國民黨,15819,16.58,Y
2014,議員,區域,高雄市,高雄市第06選區,7,陳冠銘,1,台灣團結聯盟,6371,6.67,N
2014,議員,區域,高雄市,高雄市第06選區,8,郭美伶,2,無黨籍及未經政黨推薦,1635,1.71,N
2014,議員,區域,高雄市,高雄市第07選區,1,鄭新助,1,無黨籍及未經政黨推薦,14776,8.36,Y
2014,議員,區域,高雄市,高雄市第07選區,2,黃香菽,2,中國國民黨,16801,9.51,Y
2014,議員,區域,高雄市,高雄市第07選區,3,梁益誌,1,綠黨,7798,4.41,N
2014,議員,區域,高雄市,高雄市第07選區,4,黃永富,1,親民黨,3739,2.11,N
2014,議員,區域,高雄市,高雄市第07選區,5,童燕珍,2,中國國民黨,10643,6.02,N
2014,議員,區域,高雄市,高雄市第07選區,6,林家慶,1,無黨籍及未經政黨推薦,512,0.28,N
2014,議員,區域,高雄市,高雄市第07選區,7,黃柏霖,1,中國國民黨,21003,11.89,Y
2014,議員,區域,高雄市,高雄市第07選區,8,曾俊傑,1,中國國民黨,14899,8.43,Y
2014,議員,區域,高雄市,高雄市第07選區,9,洪平朗,1,民主進步黨,9719,5.5,N
2014,議員,區域,高雄市,高雄市第07選區,10,張美瑛,2,無黨籍及未經政黨推薦,544,0.3,N
2014,議員,區域,高雄市,高雄市第07選區,11,林進興,1,民主進步黨,8054,4.56,N
2014,議員,區域,高雄市,高雄市第07選區,12,何權峰,1,民主進步黨,20901,11.83,Y
2014,議員,區域,高雄市,高雄市第07選區,13,林武忠,1,民主進步黨,16348,9.25,Y
2014,議員,區域,高雄市,高雄市第07選區,14,郭國志,1,無黨籍及未經政黨推薦,1685,0.95,N
2014,議員,區域,高雄市,高雄市第07選區,15,康裕成,2,民主進步黨,17283,9.78,Y
2014,議員,區域,高雄市,高雄市第07選區,16,黃淑美,2,台灣團結聯盟,11899,6.73,Y
2014,議員,區域,高雄市,高雄市第08選區,1,黃紹庭,1,中國國民黨,14995,11.17,Y
2014,議員,區域,高雄市,高雄市第08選區,2,郭建盟,1,民主進步黨,22770,16.97,Y
2014,議員,區域,高雄市,高雄市第08選區,3,吳益政,1,親民黨,15910,11.86,Y
2014,議員,區域,高雄市,高雄市第08選區,4,許崑源,1,中國國民黨,20366,15.18,Y
2014,議員,區域,高雄市,高雄市第08選區,5,王芳萍,2,人民民主陣線,1233,0.91,N
2014,議員,區域,高雄市,高雄市第08選區,6,蕭永達,1,民主進步黨,15255,11.37,Y
2014,議員,區域,高雄市,高雄市第08選區,7,楊定國,1,台灣團結聯盟,13363,9.96,N
2014,議員,區域,高雄市,高雄市第08選區,8,周玲妏,2,民主進步黨,21350,15.91,Y
2014,議員,區域,高雄市,高雄市第08選區,9,陳若翠,2,中國國民黨,8894,6.63,N
2014,議員,區域,高雄市,高雄市第09選區,1,楊承翰,1,無黨籍及未經政黨推薦,8690,4.92,N
2014,議員,區域,高雄市,高雄市第09選區,2,徐榮延,1,無黨團結聯盟,10090,5.71,N
2014,議員,區域,高雄市,高雄市第09選區,3,鄭復華,2,親民黨,3659,2.07,N
2014,議員,區域,高雄市,高雄市第09選區,4,羅鼎城,1,民主進步黨,16870,9.55,Y
2014,議員,區域,高雄市,高雄市第09選區,5,陳慧芬,2,台灣團結聯盟,1988,1.12,N
2014,議員,區域,高雄市,高雄市第09選區,6,張漢忠,1,民主進步黨,14269,8.08,Y
2014,議員,區域,高雄市,高雄市第09選區,7,蘇炎城,1,民主進步黨,11577,6.55,N
2014,議員,區域,高雄市,高雄市第09選區,8,李政憲,1,無黨籍及未經政黨推薦,311,0.17,N
2014,議員,區域,高雄市,高雄市第09選區,9,楊見福,1,無黨籍及未經政黨推薦,13428,7.6,Y
2014,議員,區域,高雄市,高雄市第09選區,10,羅章福,1,無黨籍及未經政黨推薦,218,0.12,N
2014,議員,區域,高雄市,高雄市第09選區,11,陳慧文,2,民主進步黨,20876,11.82,Y
2014,議員,區域,高雄市,高雄市第09選區,12,劉德林,1,中國國民黨,15886,8.99,Y
2014,議員,區域,高雄市,高雄市第09選區,13,郭素桃,2,無黨籍及未經政黨推薦,4158,2.35,N
2014,議員,區域,高雄市,高雄市第09選區,14,林景元,1,無黨籍及未經政黨推薦,807,0.45,N
2014,議員,區域,高雄市,高雄市第09選區,15,陳粹鑾,2,中國國民黨,13607,7.7,Y
2014,議員,區域,高雄市,高雄市第09選區,16,張育華,2,人民民主陣線,1010,0.57,N
2014,議員,區域,高雄市,高雄市第09選區,17,李雅靜,2,中國國民黨,19200,10.87,Y
2014,議員,區域,高雄市,高雄市第09選區,18,顏曉菁,2,民主進步黨,19874,11.25,Y
2014,議員,區域,高雄市,高雄市第10選區,1,王聖仁,1,民主進步黨,14518,7.97,Y
2014,議員,區域,高雄市,高雄市第10選區,2,陳信瑜,2,民主進步黨,20414,11.21,Y
2014,議員,區域,高雄市,高雄市第10選區,3,鄭光峰,1,民主進步黨,16887,9.27,Y
2014,議員,區域,高雄市,高雄市第10選區,4,李順進,1,無黨團結聯盟,18456,10.14,Y
2014,議員,區域,高雄市,高雄市第10選區,5,林宛蓉,2,民主進步黨,20195,11.09,Y
2014,議員,區域,高雄市,高雄市第10選區,6,蔡武宏,1,中國國民黨,11173,6.13,N
2014,議員,區域,高雄市,高雄市第10選區,7,陳麗娜,2,中國國民黨,21007,11.54,Y
2014,議員,區域,高雄市,高雄市第10選區,8,陳信諭,1,無黨籍及未經政黨推薦,10178,5.59,N
2014,議員,區域,高雄市,高雄市第10選區,9,蕭吉男,1,台灣團結聯盟,2369,1.3,N
2014,議員,區域,高雄市,高雄市第10選區,10,曾麗燕,2,中國國民黨,22162,12.17,Y
2014,議員,區域,高雄市,高雄市第10選區,11,吳銘賜,1,民主進步黨,24649,13.54,Y
2014,議員,區域,高雄市,高雄市第11選區,1,李雨庭,2,民主進步黨,12222,12.39,N
2014,議員,區域,高雄市,高雄市第11選區,2,洪秀錦,2,中國國民黨,7835,7.94,N
2014,議員,區域,高雄市,高雄市第11選區,3,徐瑀岑,2,無黨籍及未經政黨推薦,7109,7.2,N
2014,議員,區域,高雄市,高雄市第11選區,4,韓賜村,1,民主進步黨,15044,15.25,N
2014,議員,區域,高雄市,高雄市第11選區,5,黃天煌,1,中國國民黨,15116,15.32,Y
2014,議員,區域,高雄市,高雄市第11選區,6,王耀裕,1,中國國民黨,17743,17.98,Y
2014,議員,區域,高雄市,高雄市第11選區,7,蔡昌達,1,民主進步黨,16763,16.99,Y
2014,議員,區域,高雄市,高雄市第11選區,8,張禾宜,2,台灣團結聯盟,6811,6.9,N
2014,議員,山地原住民,臺北市,臺北市第08選區,1,伊凡諾幹 Iban Nokan,1,民主進步黨,275,10.77,N
2014,議員,山地原住民,臺北市,臺北市第08選區,2,高李茂俊,1,親民黨,121,4.73,N
2014,議員,山地原住民,臺北市,臺北市第08選區,3,李傅中武,1,中國國民黨,2157,84.48,Y
2014,議員,山地原住民,新北市,新北市第12選區,1,寶杜巴燕Bawtu‧Payen,1,民主進步黨,1303,24.56,N
2014,議員,山地原住民,新北市,新北市第12選區,2,王建章,1,中國國民黨,2045,38.54,Y
2014,議員,山地原住民,新北市,新北市第12選區,3,陳勝榮,1,親民黨,1957,36.88,N
2014,議員,山地原住民,桃園市,桃園市第14選區,1,邱志成,1,無黨籍及未經政黨推薦,1886,18.11,N
2014,議員,山地原住民,桃園市,桃園市第14選區,2,陳瑛,2,中國國民黨,3449,33.12,Y
2014,議員,山地原住民,桃園市,桃園市第14選區,3,林信義,1,中國國民黨,2311,22.19,N
2014,議員,山地原住民,桃園市,桃園市第14選區,4,蘇志強,1,無黨籍及未經政黨推薦,2767,26.57,Y
2014,議員,山地原住民,臺中市,臺中市第16選區,1,朱元宏,1,無黨籍及未經政黨推薦,2951,41.82,N
2014,議員,山地原住民,臺中市,臺中市第16選區,2,林榮進,1,中國國民黨,4105,58.17,Y
2014,議員,山地原住民,臺南市,臺南市第18選區,1,谷暮‧哈就 Kumu Hacyo,2,無黨籍及未經政黨推薦,933,66.26,Y
2014,議員,山地原住民,臺南市,臺南市第18選區,2,伍宗康,1,中國國民黨,475,33.73,N
2014,議員,山地原住民,高雄市,高雄市第13選區,1,柯路加 Istanda Ciban,1,中國國民黨,1424,47.46,N
2014,議員,山地原住民,高雄市,高雄市第13選區,2,林民傑,1,無黨籍及未經政黨推薦,1576,52.53,Y
2014,議員,山地原住民,高雄市,高雄市第14選區,1,理斷‧搭給嚕嘟嗯Islituan‧Takiludun,1,無黨籍及未經政黨推薦,1201,39.08,N
2014,議員,山地原住民,高雄市,高雄市第14選區,2,高秀琴,2,中國國民黨,605,19.68,N
2014,議員,山地原住民,高雄市,高雄市第14選區,3,伊斯坦大‧貝雅夫‧正福Istanda‧Paingav,1,無黨籍及未經政黨推薦,1267,41.23,Y
2014,議員,山地原住民,高雄市,高雄市第15選區,1,范織欽Pasulang‧Tomatalate,1,無黨籍及未經政黨推薦,1608,49.73,N
2014,議員,山地原住民,高雄市,高雄市第15選區,2,唐惠美,2,中國國民黨,1625,50.26,Y
2014,議員,平地原住民,臺北市,臺北市第07選區,1,馬耀．谷木,1,民主進步黨,754,20.42,N
2014,議員,平地原住民,臺北市,臺北市第07選區,2,李芳儒,1,中國國民黨,2937,79.57,Y
2014,議員,平地原住民,新北市,新北市第11選區,1,宋雨蓁Nikar‧Falong,2,中國國民黨,3065,25.2,Y
2014,議員,平地原住民,新北市,新北市第11選區,2,夷將‧拔路兒Icyang‧Parod,1,民主進步黨,2407,19.79,Y
2014,議員,平地原住民,新北市,新北市第11選區,3,楊春妹,2,中國國民黨,3459,28.45,Y
2014,議員,平地原住民,新北市,新北市第11選區,4,張天明,1,無黨籍及未經政黨推薦,213,1.75,N
2014,議員,平地原住民,新北市,新北市第11選區,5,陳家梅,2,中國國民黨,1358,11.16,N
2014,議員,平地原住民,新北市,新北市第11選區,6,忠仁‧達祿斯,1,中國國民黨,1656,13.62,N
2014,議員,平地原住民,桃園市,桃園市第13選區,1,林永財,1,無黨籍及未經政黨推薦,864,7.09,N
2014,議員,平地原住民,桃園市,桃園市第13選區,2,王仙蓮,2,中國國民黨,1589,13.05,N
2014,議員,平地原住民,桃園市,桃園市第13選區,3,楊進福,1,中國國民黨,2630,21.6,Y
2014,議員,平地原住民,桃園市,桃園市第13選區,4,林金來,1,無黨籍及未經政黨推薦,847,6.95,N
2014,議員,平地原住民,桃園市,桃園市第13選區,5,林景騰,1,無黨籍及未經政黨推薦,533,4.37,N
2014,議員,平地原住民,桃園市,桃園市第13選區,6,洪國彰,1,無黨籍及未經政黨推薦,1504,12.35,N
2014,議員,平地原住民,桃園市,桃園市第13選區,7,吳春芳,2,中國國民黨,2159,17.73,Y
2014,議員,平地原住民,桃園市,桃園市第13選區,8,林志強,1,無黨籍及未經政黨推薦,2049,16.82,Y
2014,議員,平地原住民,臺中市,臺中市第15選區,1,陳建民,1,無黨籍及未經政黨推薦,797,17.68,N
2014,議員,平地原住民,臺中市,臺中市第15選區,2,林沛容,2,中國國民黨,1050,23.29,N
2014,議員,平地原住民,臺中市,臺中市第15選區,3,周金龍,1,無黨籍及未經政黨推薦,216,4.79,N
2014,議員,平地原住民,臺中市,臺中市第15選區,4,陳天斯,1,無黨籍及未經政黨推薦,272,6.03,N
2014,議員,平地原住民,臺中市,臺中市第15選區,5,温建華,1,中國國民黨,715,15.86,N
2014,議員,平地原住民,臺中市,臺中市第15選區,6,洪金福,1,親民黨,1457,32.32,Y
2014,議員,平地原住民,臺南市,臺南市第17選區,1,蔡玉枝,2,中國國民黨,669,54.74,Y
2014,議員,平地原住民,臺南市,臺南市第17選區,2,陳肇元,1,中國國民黨,279,22.83,N
2014,議員,平地原住民,臺南市,臺南市第17選區,3,李美素,2,民主進步黨,274,22.42,N
2014,議員,平地原住民,高雄市,高雄市第12選區,1,俄鄧‧殷艾Eteng‧Ingay,1,民主進步黨,2590,59.92,Y
2014,議員,平地原住民,高雄市,高雄市第12選區,2,王義雄,1,中國國民黨,1732,40.07,N
2014,議員,區域,新竹縣,新竹縣第01選區,1,楊敬賜,1,中國國民黨,6442,9.24,Y
2014,議員,區域,新竹縣,新竹縣第01選區,2,林群森,1,無黨籍及未經政黨推薦,821,1.17,N
2014,議員,區域,新竹縣,新竹縣第01選區,3,陳見賢,1,中國國民黨,7812,11.21,Y
2014,議員,區域,新竹縣,新竹縣第01選區,4,杜文中,1,中國國民黨,3186,4.57,N
2014,議員,區域,新竹縣,新竹縣第01選區,5,林為洲,1,中國國民黨,5636,8.08,Y
2014,議員,區域,新竹縣,新竹縣第01選區,6,蘇明輝,1,無黨籍及未經政黨推薦,3910,5.61,Y
2014,議員,區域,新竹縣,新竹縣第01選區,7,郭鴻德,1,民主進步黨,3637,5.21,N
2014,議員,區域,新竹縣,新竹縣第01選區,8,葉芬英,2,民主進步黨,4421,6.34,Y
2014,議員,區域,新竹縣,新竹縣第01選區,9,傅文忠,1,中國國民黨,850,1.21,N
2014,議員,區域,新竹縣,新竹縣第01選區,10,蔡志環,2,中國國民黨,3366,4.83,N
2014,議員,區域,新竹縣,新竹縣第01選區,11,鄭美琴,2,無黨籍及未經政黨推薦,3733,5.35,Y
2014,議員,區域,新竹縣,新竹縣第01選區,12,高偉凱,1,勞動黨,5827,8.36,Y
2014,議員,區域,新竹縣,新竹縣第01選區,13,邱靖雅,2,無黨籍及未經政黨推薦,11560,16.59,Y
2014,議員,區域,新竹縣,新竹縣第01選區,14,陳凱榮,1,中國國民黨,4198,6.02,Y
2014,議員,區域,新竹縣,新竹縣第01選區,15,林保光,1,中國國民黨,4280,6.14,Y
2014,議員,區域,新竹縣,新竹縣第02選區,1,吳菊花,2,中國國民黨,6815,17.6,Y
2014,議員,區域,新竹縣,新竹縣第02選區,2,甄克堅,1,中國國民黨,4982,12.87,N
2014,議員,區域,新竹縣,新竹縣第02選區,3,吳淑君,2,中國國民黨,7537,19.47,Y
2014,議員,區域,新竹縣,新竹縣第02選區,4,黃永傳,1,中國國民黨,6746,17.42,Y
2014,議員,區域,新竹縣,新竹縣第02選區,5,陳栢維,1,無黨籍及未經政黨推薦,7242,18.7,Y
2014,議員,區域,新竹縣,新竹縣第02選區,6,張春鳳,2,無黨籍及未經政黨推薦,5387,13.91,Y
2014,議員,區域,新竹縣,新竹縣第03選區,1,鄭清漢,1,中國國民黨,4980,17.36,Y
2014,議員,區域,新竹縣,新竹縣第03選區,2,羅春蘭,2,無黨籍及未經政黨推薦,2185,7.61,N
2014,議員,區域,新竹縣,新竹縣第03選區,3,黃金樓,1,中國國民黨,4314,15.04,N
2014,議員,區域,新竹縣,新竹縣第03選區,4,張鎮榮,1,中國國民黨,7061,24.62,Y
2014,議員,區域,新竹縣,新竹縣第03選區,5,吳寀璇,2,民主進步黨,1826,6.36,N
2014,議員,區域,新竹縣,新竹縣第03選區,6,吳傳地,1,民主進步黨,6804,23.72,Y
2014,議員,區域,新竹縣,新竹縣第03選區,7,陳林金玉,2,無黨籍及未經政黨推薦,1506,5.25,N
2014,議員,區域,新竹縣,新竹縣第04選區,1,陳玉蟾,2,無黨籍及未經政黨推薦,1633,9.03,N
2014,議員,區域,新竹縣,新竹縣第04選區,2,劉良彬,1,中國國民黨,5948,32.91,Y
2014,議員,區域,新竹縣,新竹縣第04選區,3,嚴永秋,1,無黨籍及未經政黨推薦,6401,35.41,Y
2014,議員,區域,新竹縣,新竹縣第04選區,4,羅吉燾,1,無黨籍及未經政黨推薦,4091,22.63,N
2014,議員,區域,新竹縣,新竹縣第05選區,1,楊連湧,1,無黨籍及未經政黨推薦,3765,19.12,N
2014,議員,區域,新竹縣,新竹縣第05選區,2,范曰富,1,中國國民黨,7417,37.68,Y
2014,議員,區域,新竹縣,新竹縣第05選區,3,賴江海,1,中國國民黨,4901,24.9,Y
2014,議員,區域,新竹縣,新竹縣第05選區,4,張玟源,1,無黨籍及未經政黨推薦,3599,18.28,N
2014,議員,區域,新竹縣,新竹縣第06選區,1,張志弘,1,中國國民黨,4735,50.88,Y
2014,議員,區域,新竹縣,新竹縣第06選區,2,温文結,1,無黨籍及未經政黨推薦,3312,35.59,N
2014,議員,區域,新竹縣,新竹縣第06選區,3,蔡維邦,1,無黨籍及未經政黨推薦,1258,13.51,N
2014,議員,區域,新竹縣,新竹縣第07選區,1,林政良,1,中國國民黨,11049,100,Y
2014,議員,區域,新竹縣,新竹縣第08選區,1,林昭錡,1,民主進步黨,4328,9.8,N
2014,議員,區域,新竹縣,新竹縣第08選區,2,羅吉祥,1,中國國民黨,7085,16.04,Y
2014,議員,區域,新竹縣,新竹縣第08選區,3,彭余美玲,2,無黨籍及未經政黨推薦,5608,12.69,Y
2014,議員,區域,新竹縣,新竹縣第08選區,4,周江杰,1,綠黨,4402,9.96,Y
2014,議員,區域,新竹縣,新竹縣第08選區,5,黃秀龍,1,無黨籍及未經政黨推薦,163,0.36,N
2014,議員,區域,新竹縣,新竹縣第08選區,6,郭遠彰,1,中國國民黨,4398,9.95,Y
2014,議員,區域,新竹縣,新竹縣第08選區,7,彭怡君,2,無黨籍及未經政黨推薦,253,0.57,N
2014,議員,區域,新竹縣,新竹縣第08選區,8,上官秋燕,2,中國國民黨,4221,9.55,N
2014,議員,區域,新竹縣,新竹縣第08選區,9,吳勝松,1,中國國民黨,5710,12.92,Y
2014,議員,區域,新竹縣,新竹縣第08選區,10,林思銘,1,中國國民黨,5667,12.83,Y
2014,議員,區域,新竹縣,新竹縣第08選區,11,劉珈愷,1,中國國民黨,2326,5.26,N
2014,議員,區域,新竹縣,新竹縣第09選區,1,邱振瑋,1,無黨籍及未經政黨推薦,7781,100,Y
2014,議員,區域,新竹縣,新竹縣第10選區,1,陳正順,1,中國國民黨,5274,52.1,Y
2014,議員,區域,新竹縣,新竹縣第10選區,2,彭紹松,1,無黨籍及未經政黨推薦,3932,38.84,N
2014,議員,區域,新竹縣,新竹縣第10選區,3,彭進添,1,無黨籍及未經政黨推薦,916,9.04,N
2014,議員,區域,苗栗縣,苗栗縣第01選區,1,禹耀東,1,中國國民黨,6103,8.1,Y
2014,議員,區域,苗栗縣,苗栗縣第01選區,2,謝文禓,1,無黨籍及未經政黨推薦,5932,7.87,Y
2014,議員,區域,苗栗縣,苗栗縣第01選區,3,涂月華,2,無黨籍及未經政黨推薦,971,1.28,N
2014,議員,區域,苗栗縣,苗栗縣第01選區,4,傅學煥,1,無黨籍及未經政黨推薦,2194,2.91,N
2014,議員,區域,苗栗縣,苗栗縣第01選區,5,陳建成,1,無黨籍及未經政黨推薦,447,0.59,N
2014,議員,區域,苗栗縣,苗栗縣第01選區,6,鄭碧玉,2,中國國民黨,5927,7.87,Y
2014,議員,區域,苗栗縣,苗栗縣第01選區,7,呂明亮,1,無黨籍及未經政黨推薦,5729,7.6,Y
2014,議員,區域,苗栗縣,苗栗縣第01選區,8,謝雷,1,無黨籍及未經政黨推薦,496,0.65,N
2014,議員,區域,苗栗縣,苗栗縣第01選區,9,張志宇,1,中國國民黨,5500,7.3,Y
2014,議員,區域,苗栗縣,苗栗縣第01選區,10,邱鎮軍,1,無黨籍及未經政黨推薦,9583,12.72,Y
2014,議員,區域,苗栗縣,苗栗縣第01選區,11,湯維岳,1,無黨籍及未經政黨推薦,5378,7.14,Y
2014,議員,區域,苗栗縣,苗栗縣第01選區,12,詹運喜,1,民主進步黨,4773,6.33,N
2014,議員,區域,苗栗縣,苗栗縣第01選區,13,許櫻萍,2,民主進步黨,7145,9.49,Y
2014,議員,區域,苗栗縣,苗栗縣第01選區,14,胡忠勇,1,無黨籍及未經政黨推薦,4943,6.56,N
2014,議員,區域,苗栗縣,苗栗縣第01選區,15,孫素娥,2,中國國民黨,5827,7.73,Y
2014,議員,區域,苗栗縣,苗栗縣第01選區,16,徐集明,1,中國國民黨,4340,5.76,N
2014,議員,區域,苗栗縣,苗栗縣第02選區,1,羅貴星,1,民主進步黨,4465,16.63,N
2014,議員,區域,苗栗縣,苗栗縣第02選區,2,黎旭欽,1,中國國民黨,5556,20.7,Y
2014,議員,區域,苗栗縣,苗栗縣第02選區,3,謝文俊,1,無黨籍及未經政黨推薦,3808,14.18,N
2014,議員,區域,苗栗縣,苗栗縣第02選區,4,張家靜,2,中國國民黨,6911,25.75,Y
2014,議員,區域,苗栗縣,苗栗縣第02選區,5,韓茂賢,1,中國國民黨,6097,22.71,Y
2014,議員,區域,苗栗縣,苗栗縣第03選區,1,李聰祥,1,無黨籍及未經政黨推薦,6473,13.17,Y
2014,議員,區域,苗栗縣,苗栗縣第03選區,2,邱紹俊,1,無黨籍及未經政黨推薦,7046,14.34,Y
2014,議員,區域,苗栗縣,苗栗縣第03選區,3,張太陽,1,無黨籍及未經政黨推薦,5647,11.49,N
2014,議員,區域,苗栗縣,苗栗縣第03選區,4,周玉滿,2,無黨籍及未經政黨推薦,7979,16.24,Y
2014,議員,區域,苗栗縣,苗栗縣第03選區,5,劉秋東,1,中國國民黨,6617,13.47,Y
2014,議員,區域,苗栗縣,苗栗縣第03選區,6,呂木鈿,1,中國國民黨,5694,11.59,N
2014,議員,區域,苗栗縣,苗栗縣第03選區,7,劉寶鈴,2,無黨籍及未經政黨推薦,9662,19.67,Y
2014,議員,區域,苗栗縣,苗栗縣第04選區,1,陳明朝,1,中國國民黨,6720,9.24,Y
2014,議員,區域,苗栗縣,苗栗縣第04選區,2,林寶珠,2,中國國民黨,6905,9.49,Y
2014,議員,區域,苗栗縣,苗栗縣第04選區,3,翁寶桂,2,無黨籍及未經政黨推薦,1758,2.41,N
2014,議員,區域,苗栗縣,苗栗縣第04選區,4,劉順松,1,民主進步黨,4105,5.64,N
2014,議員,區域,苗栗縣,苗栗縣第04選區,5,林一方,1,樹黨,3819,5.25,N
2014,議員,區域,苗栗縣,苗栗縣第04選區,6,謝芳紋,2,民主進步黨,4496,6.18,Y
2014,議員,區域,苗栗縣,苗栗縣第04選區,7,黃聲全,1,無黨籍及未經政黨推薦,4956,6.81,Y
2014,議員,區域,苗栗縣,苗栗縣第04選區,8,蕭國清,1,無黨籍及未經政黨推薦,2324,3.19,N
2014,議員,區域,苗栗縣,苗栗縣第04選區,9,廖英利,2,中國國民黨,5904,8.11,Y
2014,議員,區域,苗栗縣,苗栗縣第04選區,10,連森裕,1,無黨籍及未經政黨推薦,2623,3.6,N
2014,議員,區域,苗栗縣,苗栗縣第04選區,11,陳沅榜,1,無黨籍及未經政黨推薦,1136,1.56,N
2014,議員,區域,苗栗縣,苗栗縣第04選區,12,謝端容,2,無黨籍及未經政黨推薦,6598,9.07,Y
2014,議員,區域,苗栗縣,苗栗縣第04選區,13,林洧鋅,1,無黨籍及未經政黨推薦,149,0.2,N
2014,議員,區域,苗栗縣,苗栗縣第04選區,14,鄭秋風,1,中國國民黨,5850,8.04,Y
2014,議員,區域,苗栗縣,苗栗縣第04選區,15,陳碧華,2,中國國民黨,6421,8.83,Y
2014,議員,區域,苗栗縣,苗栗縣第04選區,16,李文斌,1,中國國民黨,8951,12.3,Y
2014,議員,區域,苗栗縣,苗栗縣第05選區,1,游忠鈿,1,中國國民黨,7986,13.39,Y
2014,議員,區域,苗栗縣,苗栗縣第05選區,2,陳永賢,1,中國國民黨,8401,14.08,Y
2014,議員,區域,苗栗縣,苗栗縣第05選區,3,羅雪珠,2,無黨籍及未經政黨推薦,6654,11.15,Y
2014,議員,區域,苗栗縣,苗栗縣第05選區,4,陳漢清,1,中國國民黨,5274,8.84,Y
2014,議員,區域,苗栗縣,苗栗縣第05選區,5,陳光軒,1,民主進步黨,7417,12.43,Y
2014,議員,區域,苗栗縣,苗栗縣第05選區,6,邱秋琴,2,無黨籍及未經政黨推薦,4976,8.34,Y
2014,議員,區域,苗栗縣,苗栗縣第05選區,7,張淑芬,2,無黨籍及未經政黨推薦,1242,2.08,N
2014,議員,區域,苗栗縣,苗栗縣第05選區,8,鍾東錦,1,無黨籍及未經政黨推薦,7754,13,Y
2014,議員,區域,苗栗縣,苗栗縣第05選區,9,彭宇綸,1,無黨籍及未經政黨推薦,796,1.33,N
2014,議員,區域,苗栗縣,苗栗縣第05選區,10,李貴富,1,民主進步黨,4533,7.6,N
2014,議員,區域,苗栗縣,苗栗縣第05選區,11,鍾福貴,1,中國國民黨,4602,7.71,N
2014,議員,區域,苗栗縣,苗栗縣第06選區,1,陳春暖,2,民主進步黨,6972,27.18,Y
2014,議員,區域,苗栗縣,苗栗縣第06選區,2,楊慶汶,1,無黨籍及未經政黨推薦,5580,21.75,N
2014,議員,區域,苗栗縣,苗栗縣第06選區,3,楊恭林,1,無黨籍及未經政黨推薦,6791,26.47,Y
2014,議員,區域,苗栗縣,苗栗縣第06選區,4,徐欽鴻,1,無黨籍及未經政黨推薦,6306,24.58,Y
2014,議員,區域,彰化縣,彰化縣第01選區,1,林世賢,1,民主進步黨,16483,10.02,Y
2014,議員,區域,彰化縣,彰化縣第01選區,2,許原龍,1,中國國民黨,10848,6.59,Y
2014,議員,區域,彰化縣,彰化縣第01選區,3,唐鎮林,1,中國國民黨,5778,3.51,N
2014,議員,區域,彰化縣,彰化縣第01選區,4,白玉如,2,中國國民黨,7567,4.6,Y
2014,議員,區域,彰化縣,彰化縣第01選區,5,黄育寬,1,民主進步黨,6538,3.97,Y
2014,議員,區域,彰化縣,彰化縣第01選區,6,黃秀芳,2,民主進步黨,15592,9.48,Y
2014,議員,區域,彰化縣,彰化縣第01選區,7,陳蔣秀美,2,中國國民黨,11484,6.98,Y
2014,議員,區域,彰化縣,彰化縣第01選區,8,吳俊緯,1,無黨籍及未經政黨推薦,291,0.17,N
2014,議員,區域,彰化縣,彰化縣第01選區,9,葉孟家,1,民主進步黨,4378,2.66,N
2014,議員,區域,彰化縣,彰化縣第01選區,10,張東正,1,無黨籍及未經政黨推薦,8202,4.98,Y
2014,議員,區域,彰化縣,彰化縣第01選區,11,林茂明,1,無黨籍及未經政黨推薦,7312,4.44,Y
2014,議員,區域,彰化縣,彰化縣第01選區,12,楊經國,1,無黨籍及未經政黨推薦,561,0.34,N
2014,議員,區域,彰化縣,彰化縣第01選區,13,張瀚天,1,無黨籍及未經政黨推薦,11265,6.85,Y
2014,議員,區域,彰化縣,彰化縣第01選區,14,林維浩,1,民主進步黨,6166,3.74,N
2014,議員,區域,彰化縣,彰化縣第01選區,15,黃千宴,2,中國國民黨,5123,3.11,N
2014,議員,區域,彰化縣,彰化縣第01選區,16,顧文東,1,無黨籍及未經政黨推薦,645,0.39,N
2014,議員,區域,彰化縣,彰化縣第01選區,17,陳俊佑,1,無黨籍及未經政黨推薦,5144,3.12,N
2014,議員,區域,彰化縣,彰化縣第01選區,18,黄玉芬,2,無黨籍及未經政黨推薦,14637,8.9,Y
2014,議員,區域,彰化縣,彰化縣第01選區,19,賴岸璋,1,民主進步黨,8590,5.22,Y
2014,議員,區域,彰化縣,彰化縣第01選區,20,陳冠鴻,1,無黨籍及未經政黨推薦,710,0.43,N
2014,議員,區域,彰化縣,彰化縣第01選區,21,曾世勇,1,中國國民黨,6893,4.19,Y
2014,議員,區域,彰化縣,彰化縣第01選區,22,王文東,1,台灣團結聯盟,865,0.52,N
2014,議員,區域,彰化縣,彰化縣第01選區,23,顧黃水花,2,中國國民黨,9380,5.7,Y
2014,議員,區域,彰化縣,彰化縣第02選區,1,楊竣程,1,中國國民黨,7908,8.09,N
2014,議員,區域,彰化縣,彰化縣第02選區,2,粘勝傑,1,無黨籍及未經政黨推薦,4868,4.98,N
2014,議員,區域,彰化縣,彰化縣第02選區,3,陳秀寳,2,民主進步黨,11393,11.65,Y
2014,議員,區域,彰化縣,彰化縣第02選區,4,施性鍾,1,中國國民黨,12142,12.42,Y
2014,議員,區域,彰化縣,彰化縣第02選區,5,葉國雄,1,民主進步黨,9804,10.03,Y
2014,議員,區域,彰化縣,彰化縣第02選區,6,林士堅,1,民主進步黨,11877,12.15,Y
2014,議員,區域,彰化縣,彰化縣第02選區,7,鄭敬議,1,無黨籍及未經政黨推薦,3403,3.48,N
2014,議員,區域,彰化縣,彰化縣第02選區,8,林聖哲,1,中國國民黨,10679,10.92,Y
2014,議員,區域,彰化縣,彰化縣第02選區,9,凃淑媚,2,中國國民黨,11513,11.77,Y
2014,議員,區域,彰化縣,彰化縣第02選區,10,郭國賓,1,無黨籍及未經政黨推薦,14151,14.47,Y
2014,議員,區域,彰化縣,彰化縣第03選區,1,賴清美,2,民主進步黨,12761,16.27,Y
2014,議員,區域,彰化縣,彰化縣第03選區,2,蕭文雄,1,中國國民黨,7204,9.18,Y
2014,議員,區域,彰化縣,彰化縣第03選區,3,林宗翰,1,無黨籍及未經政黨推薦,11104,14.16,Y
2014,議員,區域,彰化縣,彰化縣第03選區,4,王國忠,1,民主進步黨,6625,8.45,N
2014,議員,區域,彰化縣,彰化縣第03選區,5,尤瑞春,2,民主進步黨,11203,14.29,Y
2014,議員,區域,彰化縣,彰化縣第03選區,6,黃寶隆,1,無黨籍及未經政黨推薦,5219,6.65,N
2014,議員,區域,彰化縣,彰化縣第03選區,7,陳錦玉,2,中國國民黨,6571,8.38,N
2014,議員,區域,彰化縣,彰化縣第03選區,8,柯振杯,1,中國國民黨,8037,10.25,Y
2014,議員,區域,彰化縣,彰化縣第03選區,9,林庚壬,1,中國國民黨,9668,12.33,Y
2014,議員,區域,彰化縣,彰化縣第04選區,1,黃正盛,1,中國國民黨,7825,7.21,Y
2014,議員,區域,彰化縣,彰化縣第04選區,2,彭國成,1,民主進步黨,4235,3.9,N
2014,議員,區域,彰化縣,彰化縣第04選區,3,葉麗娟,2,中國國民黨,7074,6.51,Y
2014,議員,區域,彰化縣,彰化縣第04選區,4,江瑞演,1,民主進步黨,6653,6.13,N
2014,議員,區域,彰化縣,彰化縣第04選區,5,張仁城,1,中國國民黨,4339,3.99,N
2014,議員,區域,彰化縣,彰化縣第04選區,6,游振雄,1,中國國民黨,7954,7.32,Y
2014,議員,區域,彰化縣,彰化縣第04選區,7,劉惠娟,2,中國國民黨,9529,8.78,Y
2014,議員,區域,彰化縣,彰化縣第04選區,8,張素芬,2,無黨籍及未經政黨推薦,5098,4.69,N
2014,議員,區域,彰化縣,彰化縣第04選區,9,張雪如,2,無黨籍及未經政黨推薦,8963,8.25,Y
2014,議員,區域,彰化縣,彰化縣第04選區,10,曹嘉豪,1,中國國民黨,9509,8.76,Y
2014,議員,區域,彰化縣,彰化縣第04選區,11,邱方銘,1,無黨籍及未經政黨推薦,5909,5.44,N
2014,議員,區域,彰化縣,彰化縣第04選區,12,陳秋蓉,2,民主進步黨,13011,11.98,Y
2014,議員,區域,彰化縣,彰化縣第04選區,13,凃俊任,1,中國國民黨,6212,5.72,N
2014,議員,區域,彰化縣,彰化縣第04選區,14,賴澤民,1,民主進步黨,12208,11.24,Y
2014,議員,區域,彰化縣,彰化縣第05選區,1,蔡福祿,1,中國國民黨,4605,6.62,N
2014,議員,區域,彰化縣,彰化縣第05選區,2,張永泉,1,無黨籍及未經政黨推薦,9194,13.23,Y
2014,議員,區域,彰化縣,彰化縣第05選區,3,李清木,1,民主進步黨,13339,19.2,Y
2014,議員,區域,彰化縣,彰化縣第05選區,4,楊淑鳯,2,中國國民黨,6913,9.95,N
2014,議員,區域,彰化縣,彰化縣第05選區,5,張春洋,1,無黨籍及未經政黨推薦,7776,11.19,N
2014,議員,區域,彰化縣,彰化縣第05選區,6,歐陽蓁珠,2,民主進步黨,10074,14.5,Y
2014,議員,區域,彰化縣,彰化縣第05選區,7,陳文漢,1,中國國民黨,8982,12.92,Y
2014,議員,區域,彰化縣,彰化縣第05選區,8,陳重嘉,1,無黨籍及未經政黨推薦,8589,12.36,Y
2014,議員,區域,彰化縣,彰化縣第06選區,1,劉景滄,1,無黨籍及未經政黨推薦,10159,17.41,Y
2014,議員,區域,彰化縣,彰化縣第06選區,2,許書維,1,民主進步黨,11678,20.01,Y
2014,議員,區域,彰化縣,彰化縣第06選區,3,鄭俊雄,1,中國國民黨,9230,15.82,N
2014,議員,區域,彰化縣,彰化縣第06選區,4,蕭淑芬,2,無黨籍及未經政黨推薦,5796,9.93,N
2014,議員,區域,彰化縣,彰化縣第06選區,5,蕭如意,1,中國國民黨,11328,19.41,Y
2014,議員,區域,彰化縣,彰化縣第06選區,6,蕭智程,1,民主進步黨,7876,13.5,N
2014,議員,區域,彰化縣,彰化縣第06選區,7,陳正忠,1,無黨籍及未經政黨推薦,2265,3.88,N
2014,議員,區域,彰化縣,彰化縣第07選區,1,謝典霖,1,中國國民黨,14663,21.66,Y
2014,議員,區域,彰化縣,彰化縣第07選區,2,劉淑芳,2,中國國民黨,10781,15.93,Y
2014,議員,區域,彰化縣,彰化縣第07選區,3,李俊諭,1,民主進步黨,16331,24.13,Y
2014,議員,區域,彰化縣,彰化縣第07選區,4,洪見洲,1,無黨籍及未經政黨推薦,2334,3.44,N
2014,議員,區域,彰化縣,彰化縣第07選區,5,李浩誠,1,中國國民黨,10188,15.05,Y
2014,議員,區域,彰化縣,彰化縣第07選區,6,江熊一楓,2,民主進步黨,13369,19.75,Y
2014,議員,區域,彰化縣,彰化縣第08選區,1,吳淑娟,2,無黨籍及未經政黨推薦,13390,19.48,Y
2014,議員,區域,彰化縣,彰化縣第08選區,2,洪遊江,1,台灣民族黨,741,1.07,N
2014,議員,區域,彰化縣,彰化縣第08選區,3,蔡金蓮,2,無黨籍及未經政黨推薦,1735,2.52,N
2014,議員,區域,彰化縣,彰化縣第08選區,4,謝彥慧,2,中國國民黨,11488,16.71,Y
2014,議員,區域,彰化縣,彰化縣第08選區,5,陳光輝,1,無黨籍及未經政黨推薦,11328,16.48,Y
2014,議員,區域,彰化縣,彰化縣第08選區,6,林清彬,1,無黨籍及未經政黨推薦,7878,11.46,N
2014,議員,區域,彰化縣,彰化縣第08選區,7,洪宗熠,1,民主進步黨,12483,18.16,Y
2014,議員,區域,彰化縣,彰化縣第08選區,8,陳一惇,1,中國國民黨,9672,14.07,Y
2014,議員,區域,南投縣,南投縣第01選區,1,李添興,1,無黨籍及未經政黨推薦,4797,5.84,N
2014,議員,區域,南投縣,南投縣第01選區,2,劉宜成,1,中國國民黨,2709,3.3,N
2014,議員,區域,南投縣,南投縣第01選區,3,洪明科,1,無黨籍及未經政黨推薦,6102,7.43,Y
2014,議員,區域,南投縣,南投縣第01選區,4,莊文斌,1,中國國民黨,5476,6.67,Y
2014,議員,區域,南投縣,南投縣第01選區,5,林憶如,2,中國國民黨,4242,5.17,N
2014,議員,區域,南投縣,南投縣第01選區,6,張維華,1,中國國民黨,5994,7.3,Y
2014,議員,區域,南投縣,南投縣第01選區,7,羅美玲,2,無黨籍及未經政黨推薦,6081,7.41,Y
2014,議員,區域,南投縣,南投縣第01選區,8,于秀英,2,無黨籍及未經政黨推薦,6888,8.39,Y
2014,議員,區域,南投縣,南投縣第01選區,9,曾振炎,1,中國國民黨,6878,8.38,Y
2014,議員,區域,南投縣,南投縣第01選區,10,洪志杰,1,無黨籍及未經政黨推薦,2283,2.78,N
2014,議員,區域,南投縣,南投縣第01選區,11,王永慶,1,大道人民黨,167,0.2,N
2014,議員,區域,南投縣,南投縣第01選區,12,賴燕雪,2,民主進步黨,8782,10.7,Y
2014,議員,區域,南投縣,南投縣第01選區,13,陳翰立,1,民主進步黨,6456,7.87,Y
2014,議員,區域,南投縣,南投縣第01選區,14,張龍木,1,無黨籍及未經政黨推薦,282,0.34,N
2014,議員,區域,南投縣,南投縣第01選區,15,游宏達,1,無黨籍及未經政黨推薦,6252,7.62,Y
2014,議員,區域,南投縣,南投縣第01選區,16,蕭文進,1,台灣團結聯盟,1888,2.3,N
2014,議員,區域,南投縣,南投縣第01選區,17,蔡宗智,1,無黨籍及未經政黨推薦,6744,8.22,Y
2014,議員,區域,南投縣,南投縣第02選區,1,陳國大,1,無黨籍及未經政黨推薦,3674,5.69,N
2014,議員,區域,南投縣,南投縣第02選區,2,洪盛雄,1,無黨籍及未經政黨推薦,4278,6.63,N
2014,議員,區域,南投縣,南投縣第02選區,3,簡景賢,1,中國國民黨,6612,10.25,Y
2014,議員,區域,南投縣,南投縣第02選區,4,黃文君,2,無黨籍及未經政黨推薦,1611,2.49,N
2014,議員,區域,南投縣,南投縣第02選區,5,侯嘉芳,2,無黨籍及未經政黨推薦,1413,2.19,N
2014,議員,區域,南投縣,南投縣第02選區,6,莊清南,1,中國國民黨,3259,5.05,N
2014,議員,區域,南投縣,南投縣第02選區,7,廖宜賢,1,中國國民黨,5174,8.02,Y
2014,議員,區域,南投縣,南投縣第02選區,8,賴忠政,1,無黨籍及未經政黨推薦,1802,2.79,N
2014,議員,區域,南投縣,南投縣第02選區,9,林永鴻,1,民主進步黨,5927,9.19,Y
2014,議員,區域,南投縣,南投縣第02選區,10,廖梓佑,2,民主進步黨,7007,10.86,Y
2014,議員,區域,南投縣,南投縣第02選區,11,簡峻庭,1,無黨籍及未經政黨推薦,7374,11.43,Y
2014,議員,區域,南投縣,南投縣第02選區,12,簡賜勝,1,無黨籍及未經政黨推薦,6192,9.6,Y
2014,議員,區域,南投縣,南投縣第02選區,13,李銀滄,1,無黨籍及未經政黨推薦,707,1.09,N
2014,議員,區域,南投縣,南投縣第02選區,14,李洲忠,1,中國國民黨,6881,10.67,Y
2014,議員,區域,南投縣,南投縣第02選區,15,簡献清,1,無黨籍及未經政黨推薦,301,0.46,N
2014,議員,區域,南投縣,南投縣第02選區,16,吳瑞耀,1,無黨籍及未經政黨推薦,2268,3.51,N
2014,議員,區域,南投縣,南投縣第03選區,1,蕭志全,1,中國國民黨,5720,18.04,Y
2014,議員,區域,南投縣,南投縣第03選區,2,陳淑惠,2,中國國民黨,5423,17.1,Y
2014,議員,區域,南投縣,南投縣第03選區,3,謝明謀,1,中國國民黨,6888,21.72,Y
2014,議員,區域,南投縣,南投縣第03選區,4,楊孟學,1,無黨籍及未經政黨推薦,3753,11.83,N
2014,議員,區域,南投縣,南投縣第03選區,5,陳昭煜,1,民主進步黨,9915,31.27,Y
2014,議員,區域,南投縣,南投縣第04選區,1,許耿禎,1,無黨籍及未經政黨推薦,3996,8.98,N
2014,議員,區域,南投縣,南投縣第04選區,2,林育正,1,無黨籍及未經政黨推薦,494,1.11,N
2014,議員,區域,南投縣,南投縣第04選區,3,林明輝,1,無黨籍及未經政黨推薦,2754,6.18,N
2014,議員,區域,南投縣,南投縣第04選區,4,蔡宜助,1,中國國民黨,6327,14.22,Y
2014,議員,區域,南投縣,南投縣第04選區,5,許素霞,2,中國國民黨,4898,11,Y
2014,議員,區域,南投縣,南投縣第04選區,6,蔡孟娥,2,無黨籍及未經政黨推薦,4336,9.74,N
2014,議員,區域,南投縣,南投縣第04選區,7,何勝豐,1,中國國民黨,6625,14.89,Y
2014,議員,區域,南投縣,南投縣第04選區,8,游顥,1,中國國民黨,3982,8.94,N
2014,議員,區域,南投縣,南投縣第04選區,9,張志銘,1,民主進步黨,4757,10.69,Y
2014,議員,區域,南投縣,南投縣第04選區,10,吳瑞芳,2,無黨籍及未經政黨推薦,6323,14.21,Y
2014,議員,區域,南投縣,南投縣第05選區,1,林芳伃,2,中國國民黨,5201,8.97,Y
2014,議員,區域,南投縣,南投縣第05選區,2,黃志學,1,中國國民黨,4998,8.62,N
2014,議員,區域,南投縣,南投縣第05選區,3,陳永來,1,無黨籍及未經政黨推薦,843,1.45,N
2014,議員,區域,南投縣,南投縣第05選區,4,吳國昌,1,無黨籍及未經政黨推薦,6288,10.84,Y
2014,議員,區域,南投縣,南投縣第05選區,5,潘淑玫,2,無黨籍及未經政黨推薦,3785,6.52,N
2014,議員,區域,南投縣,南投縣第05選區,6,廖志城,1,民主進步黨,8467,14.6,Y
2014,議員,區域,南投縣,南投縣第05選區,7,邱美玲,2,中國國民黨,6683,11.52,Y
2014,議員,區域,南投縣,南投縣第05選區,8,許阿甘,2,民主進步黨,5497,9.48,Y
2014,議員,區域,南投縣,南投縣第05選區,9,曾明雪,2,無黨籍及未經政黨推薦,3893,6.71,N
2014,議員,區域,南投縣,南投縣第05選區,10,潘一全,1,中國國民黨,6704,11.56,Y
2014,議員,區域,南投縣,南投縣第05選區,11,王彩雲,2,中國國民黨,5607,9.67,Y
2014,議員,區域,雲林縣,雲林縣第01選區,1,鍾明馨,1,無黨籍及未經政黨推薦,7781,8.98,Y
2014,議員,區域,雲林縣,雲林縣第01選區,2,李建昇,1,民主進步黨,8646,9.98,Y
2014,議員,區域,雲林縣,雲林縣第01選區,3,王又民,1,中國國民黨,6446,7.44,Y
2014,議員,區域,雲林縣,雲林縣第01選區,4,蘇于珊,2,中國國民黨,4824,5.57,N
2014,議員,區域,雲林縣,雲林縣第01選區,5,黃耀煌,1,民主進步黨,5250,6.06,N
2014,議員,區域,雲林縣,雲林縣第01選區,6,賴淑娞,2,中國國民黨,7337,8.47,Y
2014,議員,區域,雲林縣,雲林縣第01選區,7,周秀月,2,民主進步黨,6393,7.38,Y
2014,議員,區域,雲林縣,雲林縣第01選區,8,林政亨,1,台灣團結聯盟,1774,2.04,N
2014,議員,區域,雲林縣,雲林縣第01選區,9,林岳璋,1,無黨籍及未經政黨推薦,7501,8.66,Y
2014,議員,區域,雲林縣,雲林縣第01選區,10,邱世文,1,無黨籍及未經政黨推薦,5373,6.2,N
2014,議員,區域,雲林縣,雲林縣第01選區,11,林聖爵,1,中國國民黨,8082,9.33,Y
2014,議員,區域,雲林縣,雲林縣第01選區,12,張凱甯,2,無黨籍及未經政黨推薦,928,1.07,N
2014,議員,區域,雲林縣,雲林縣第01選區,13,江文登,1,民主進步黨,8823,10.19,Y
2014,議員,區域,雲林縣,雲林縣第01選區,14,李建志,1,無黨籍及未經政黨推薦,7426,8.57,Y
2014,議員,區域,雲林縣,雲林縣第02選區,1,吳滄得,1,民主進步黨,6427,11.36,Y
2014,議員,區域,雲林縣,雲林縣第02選區,2,沈銘恭,1,無黨籍及未經政黨推薦,3981,7.03,N
2014,議員,區域,雲林縣,雲林縣第02選區,3,王國勝,1,無黨籍及未經政黨推薦,3817,6.74,N
2014,議員,區域,雲林縣,雲林縣第02選區,4,蔡東富,1,無黨籍及未經政黨推薦,5951,10.52,Y
2014,議員,區域,雲林縣,雲林縣第02選區,5,簡慈坊,2,無黨籍及未經政黨推薦,7779,13.75,Y
2014,議員,區域,雲林縣,雲林縣第02選區,6,林樹山,1,民主進步黨,3570,6.31,N
2014,議員,區域,雲林縣,雲林縣第02選區,7,林育鳳,2,無黨籍及未經政黨推薦,951,1.68,N
2014,議員,區域,雲林縣,雲林縣第02選區,8,陳樹吉,1,無黨籍及未經政黨推薦,5712,10.09,Y
2014,議員,區域,雲林縣,雲林縣第02選區,9,賴明源,1,無黨籍及未經政黨推薦,9490,16.77,Y
2014,議員,區域,雲林縣,雲林縣第02選區,10,李長發,1,民主進步黨,3339,5.9,N
2014,議員,區域,雲林縣,雲林縣第02選區,11,王秋足,2,中國國民黨,5550,9.81,Y
2014,議員,區域,雲林縣,雲林縣第03選區,1,張麗華,2,無黨籍及未經政黨推薦,4753,5.77,N
2014,議員,區域,雲林縣,雲林縣第03選區,2,黃凱,1,無黨籍及未經政黨推薦,6759,8.21,Y
2014,議員,區域,雲林縣,雲林縣第03選區,3,吳爾夫,1,民主進步黨,2962,3.6,N
2014,議員,區域,雲林縣,雲林縣第03選區,4,沈宗隆,1,中國國民黨,7822,9.5,Y
2014,議員,區域,雲林縣,雲林縣第03選區,5,謝翠蓮,2,中國國民黨,4370,5.31,N
2014,議員,區域,雲林縣,雲林縣第03選區,6,王士壬,1,台灣團結聯盟,7164,8.7,Y
2014,議員,區域,雲林縣,雲林縣第03選區,7,黃鈺惠,2,無黨籍及未經政黨推薦,5700,6.92,Y
2014,議員,區域,雲林縣,雲林縣第03選區,8,顏旭懋,1,民主進步黨,6141,7.46,Y
2014,議員,區域,雲林縣,雲林縣第03選區,9,陳茂源,1,無黨籍及未經政黨推薦,6539,7.94,Y
2014,議員,區域,雲林縣,雲林縣第03選區,10,陳瑞雄,1,中國國民黨,4959,6.02,Y
2014,議員,區域,雲林縣,雲林縣第03選區,11,陳乙辰,1,無黨籍及未經政黨推薦,2007,2.43,N
2014,議員,區域,雲林縣,雲林縣第03選區,12,許維修,1,無黨籍及未經政黨推薦,1963,2.38,N
2014,議員,區域,雲林縣,雲林縣第03選區,13,李錫銘,1,台灣團結聯盟,904,1.09,N
2014,議員,區域,雲林縣,雲林縣第03選區,14,蔡秋敏,2,民主進步黨,6925,8.41,Y
2014,議員,區域,雲林縣,雲林縣第03選區,15,陳俊龍,1,無黨籍及未經政黨推薦,5942,7.22,Y
2014,議員,區域,雲林縣,雲林縣第03選區,16,林新丁,1,民主進步黨,3818,4.64,N
2014,議員,區域,雲林縣,雲林縣第03選區,17,沈義隆,1,無黨籍及未經政黨推薦,3546,4.3,N
2014,議員,區域,雲林縣,雲林縣第04選區,1,廖朝魁,1,無黨籍及未經政黨推薦,5409,9.23,N
2014,議員,區域,雲林縣,雲林縣第04選區,2,林丁財,1,無黨籍及未經政黨推薦,290,0.49,N
2014,議員,區域,雲林縣,雲林縣第04選區,3,廖清祥,1,民主進步黨,5039,8.6,N
2014,議員,區域,雲林縣,雲林縣第04選區,4,廖錦珠,2,無黨籍及未經政黨推薦,6795,11.59,Y
2014,議員,區域,雲林縣,雲林縣第04選區,5,梁銘忠,1,無黨籍及未經政黨推薦,7278,12.42,Y
2014,議員,區域,雲林縣,雲林縣第04選區,6,李權展,1,無黨籍及未經政黨推薦,776,1.32,N
2014,議員,區域,雲林縣,雲林縣第04選區,7,廖秋萍,2,民主進步黨,10524,17.96,Y
2014,議員,區域,雲林縣,雲林縣第04選區,8,蕭澤梧,1,民主進步黨,7063,12.05,Y
2014,議員,區域,雲林縣,雲林縣第04選區,9,李明哲,1,中國國民黨,9526,16.26,Y
2014,議員,區域,雲林縣,雲林縣第04選區,10,王鐵道,1,無黨籍及未經政黨推薦,5884,10.04,Y
2014,議員,區域,雲林縣,雲林縣第05選區,1,林建鴻,1,無黨籍及未經政黨推薦,5503,8.35,Y
2014,議員,區域,雲林縣,雲林縣第05選區,2,李培元,1,無黨籍及未經政黨推薦,10466,15.89,Y
2014,議員,區域,雲林縣,雲林縣第05選區,3,蘇俊豪,1,無黨籍及未經政黨推薦,10641,16.15,Y
2014,議員,區域,雲林縣,雲林縣第05選區,4,林木城,1,無黨籍及未經政黨推薦,209,0.31,N
2014,議員,區域,雲林縣,雲林縣第05選區,5,張健福,1,民主進步黨,6246,9.48,Y
2014,議員,區域,雲林縣,雲林縣第05選區,6,王清貴,1,中國國民黨,4438,6.73,N
2014,議員,區域,雲林縣,雲林縣第05選區,7,黃淑鈴,2,民主進步黨,5553,8.43,Y
2014,議員,區域,雲林縣,雲林縣第05選區,8,張素蘭,2,無黨籍及未經政黨推薦,4633,7.03,N
2014,議員,區域,雲林縣,雲林縣第05選區,9,林深,1,無黨籍及未經政黨推薦,5686,8.63,Y
2014,議員,區域,雲林縣,雲林縣第05選區,10,鄭東來,1,民主進步黨,5024,7.62,N
2014,議員,區域,雲林縣,雲林縣第05選區,11,許志豪,1,民主進步黨,7462,11.32,Y
2014,議員,區域,雲林縣,雲林縣第06選區,1,蔡岳儒,1,民主進步黨,10485,18.2,Y
2014,議員,區域,雲林縣,雲林縣第06選區,2,翁水上,1,無黨籍及未經政黨推薦,6693,11.62,Y
2014,議員,區域,雲林縣,雲林縣第06選區,3,王新堯,1,無黨籍及未經政黨推薦,4196,7.28,N
2014,議員,區域,雲林縣,雲林縣第06選區,4,林哲凌,1,民主進步黨,7262,12.61,Y
2014,議員,區域,雲林縣,雲林縣第06選區,5,黃文祥,1,無黨籍及未經政黨推薦,7913,13.74,Y
2014,議員,區域,雲林縣,雲林縣第06選區,6,黃勝賢,1,無黨籍及未經政黨推薦,5930,10.29,Y
2014,議員,區域,雲林縣,雲林縣第06選區,7,蔡孟真,2,無黨籍及未經政黨推薦,9664,16.78,Y
2014,議員,區域,雲林縣,雲林縣第06選區,8,蕭慧敏,2,無黨籍及未經政黨推薦,5442,9.45,N
2014,議員,區域,嘉義縣,嘉義縣第01選區,1,王啓澧,1,中國國民黨,8459,14,Y
2014,議員,區域,嘉義縣,嘉義縣第01選區,2,董國誠,1,無黨籍及未經政黨推薦,7403,12.25,Y
2014,議員,區域,嘉義縣,嘉義縣第01選區,3,林沐惠,1,民主進步黨,8018,13.27,Y
2014,議員,區域,嘉義縣,嘉義縣第01選區,4,詹琬蓁,2,無黨籍及未經政黨推薦,6525,10.8,Y
2014,議員,區域,嘉義縣,嘉義縣第01選區,5,陳瑞霖,1,民主進步黨,5022,8.31,N
2014,議員,區域,嘉義縣,嘉義縣第01選區,6,戴光宗,1,民主進步黨,7352,12.16,Y
2014,議員,區域,嘉義縣,嘉義縣第01選區,7,林緗亭,2,民主進步黨,12117,20.05,Y
2014,議員,區域,嘉義縣,嘉義縣第01選區,8,林寶瓶,1,中國國民黨,5275,8.73,Y
2014,議員,區域,嘉義縣,嘉義縣第01選區,9,吳忠原,1,無黨籍及未經政黨推薦,243,0.4,N
2014,議員,區域,嘉義縣,嘉義縣第02選區,1,陳文忠,1,無黨籍及未經政黨推薦,6491,10.98,Y
2014,議員,區域,嘉義縣,嘉義縣第02選區,2,林于玲,2,中國國民黨,7102,12.02,Y
2014,議員,區域,嘉義縣,嘉義縣第02選區,3,林山景,1,台灣團結聯盟,1053,1.78,N
2014,議員,區域,嘉義縣,嘉義縣第02選區,4,黃嘉寬,1,民主進步黨,6073,10.28,N
2014,議員,區域,嘉義縣,嘉義縣第02選區,5,黃芳蘭,2,無黨籍及未經政黨推薦,7174,12.14,Y
2014,議員,區域,嘉義縣,嘉義縣第02選區,6,葉孟龍,1,民主進步黨,7412,12.54,Y
2014,議員,區域,嘉義縣,嘉義縣第02選區,7,賴朝崙,1,無黨籍及未經政黨推薦,7147,12.1,Y
2014,議員,區域,嘉義縣,嘉義縣第02選區,8,陳福成,1,無黨籍及未經政黨推薦,7306,12.36,Y
2014,議員,區域,嘉義縣,嘉義縣第02選區,9,馬瑞駿,1,無黨籍及未經政黨推薦,1629,2.75,N
2014,議員,區域,嘉義縣,嘉義縣第02選區,10,林秀琴,2,民主進步黨,7679,13,Y
2014,議員,區域,嘉義縣,嘉義縣第03選區,1,陳保仁,1,中國國民黨,6893,17.11,Y
2014,議員,區域,嘉義縣,嘉義縣第03選區,2,簡泰河,1,親民黨,3076,7.63,N
2014,議員,區域,嘉義縣,嘉義縣第03選區,3,詹金繪,2,民主進步黨,6107,15.16,Y
2014,議員,區域,嘉義縣,嘉義縣第03選區,4,葉和平,1,民主進步黨,7269,18.04,Y
2014,議員,區域,嘉義縣,嘉義縣第03選區,5,吳思蓉,2,中國國民黨,7378,18.31,Y
2014,議員,區域,嘉義縣,嘉義縣第03選區,6,郭芳宜,1,民主進步黨,6263,15.54,Y
2014,議員,區域,嘉義縣,嘉義縣第03選區,7,何佳容,2,無黨籍及未經政黨推薦,3294,8.17,N
2014,議員,區域,嘉義縣,嘉義縣第04選區,1,李國勝,1,中國國民黨,6884,12.6,Y
2014,議員,區域,嘉義縣,嘉義縣第04選區,2,黃嫈珺,2,民主進步黨,9944,18.2,Y
2014,議員,區域,嘉義縣,嘉義縣第04選區,3,龔昆池,1,無黨籍及未經政黨推薦,760,1.39,N
2014,議員,區域,嘉義縣,嘉義縣第04選區,4,黃錦成,1,民主進步黨,8355,15.29,Y
2014,議員,區域,嘉義縣,嘉義縣第04選區,5,陳永法,1,中國國民黨,2343,4.28,N
2014,議員,區域,嘉義縣,嘉義縣第04選區,6,蔡鼎三,1,民主進步黨,8276,15.15,Y
2014,議員,區域,嘉義縣,嘉義縣第04選區,7,陳怡岳,1,民主進步黨,6995,12.8,Y
2014,議員,區域,嘉義縣,嘉義縣第04選區,8,姜梅紅,2,無黨籍及未經政黨推薦,4335,7.93,Y
2014,議員,區域,嘉義縣,嘉義縣第04選區,9,蔡奇璋,1,中國國民黨,6727,12.31,Y
2014,議員,區域,嘉義縣,嘉義縣第05選區,1,黃金茂,1,中國國民黨,8895,27.32,Y
2014,議員,區域,嘉義縣,嘉義縣第05選區,2,蔡瑋傑,1,民主進步黨,8225,25.27,Y
2014,議員,區域,嘉義縣,嘉義縣第05選區,3,翁聰賢,1,民主進步黨,7526,23.12,N
2014,議員,區域,嘉義縣,嘉義縣第05選區,4,蔡信典,1,無黨籍及未經政黨推薦,7901,24.27,Y
2014,議員,區域,嘉義縣,嘉義縣第06選區,1,羅士洋,1,民主進步黨,7989,14.79,Y
2014,議員,區域,嘉義縣,嘉義縣第06選區,2,詹黃素蓮,2,中國國民黨,8618,15.95,Y
2014,議員,區域,嘉義縣,嘉義縣第06選區,3,張明達,1,民主進步黨,14936,27.65,Y
2014,議員,區域,嘉義縣,嘉義縣第06選區,4,何子凡,1,無黨籍及未經政黨推薦,4496,8.32,Y
2014,議員,區域,嘉義縣,嘉義縣第06選區,5,曾亮哲,1,民主進步黨,6808,12.6,Y
2014,議員,區域,嘉義縣,嘉義縣第06選區,6,陳柏麟,1,民主進步黨,7626,14.12,Y
2014,議員,區域,嘉義縣,嘉義縣第06選區,7,張貴忠,1,民主進步黨,3532,6.54,Y
2014,議員,區域,屏東縣,屏東縣第01選區,1,蔣月惠,2,無黨籍及未經政黨推薦,4792,4.64,Y
2014,議員,區域,屏東縣,屏東縣第01選區,2,鍾明輝,1,民主進步黨,5479,5.3,Y
2014,議員,區域,屏東縣,屏東縣第01選區,3,李幸惠,2,無黨籍及未經政黨推薦,4290,4.15,N
2014,議員,區域,屏東縣,屏東縣第01選區,4,張平原,1,無黨籍及未經政黨推薦,5992,5.8,Y
2014,議員,區域,屏東縣,屏東縣第01選區,5,施蘇貴美,2,無黨籍及未經政黨推薦,3542,3.43,N
2014,議員,區域,屏東縣,屏東縣第01選區,6,蘇義峰,1,民主進步黨,6473,6.26,Y
2014,議員,區域,屏東縣,屏東縣第01選區,7,蔣家煌,1,無黨籍及未經政黨推薦,7877,7.62,Y
2014,議員,區域,屏東縣,屏東縣第01選區,8,唐玉琴,2,中國國民黨,6676,6.46,Y
2014,議員,區域,屏東縣,屏東縣第01選區,9,林明順,1,無黨籍及未經政黨推薦,6073,5.88,Y
2014,議員,區域,屏東縣,屏東縣第01選區,10,李世斌,1,民主進步黨,12560,12.16,Y
2014,議員,區域,屏東縣,屏東縣第01選區,11,鍾淑娟,2,民主進步黨,3989,3.86,N
2014,議員,區域,屏東縣,屏東縣第01選區,12,楊子鵬,1,親民黨,1213,1.17,N
2014,議員,區域,屏東縣,屏東縣第01選區,13,陳進富,1,無黨籍及未經政黨推薦,248,0.24,N
2014,議員,區域,屏東縣,屏東縣第01選區,14,郭姿伶,2,中國國民黨,2220,2.14,N
2014,議員,區域,屏東縣,屏東縣第01選區,15,王偉華,1,中國國民黨,4281,4.14,N
2014,議員,區域,屏東縣,屏東縣第01選區,16,劉育豪,1,民主進步黨,5980,5.79,Y
2014,議員,區域,屏東縣,屏東縣第01選區,17,張金文,1,無黨籍及未經政黨推薦,6365,6.16,Y
2014,議員,區域,屏東縣,屏東縣第01選區,18,黃國安,1,中國國民黨,6333,6.13,Y
2014,議員,區域,屏東縣,屏東縣第01選區,19,陳美瓊,2,中國國民黨,5605,5.42,Y
2014,議員,區域,屏東縣,屏東縣第01選區,20,王勤毅,1,無黨籍及未經政黨推薦,241,0.23,N
2014,議員,區域,屏東縣,屏東縣第01選區,21,賀育寒,2,中國國民黨,3030,2.93,N
2014,議員,區域,屏東縣,屏東縣第02選區,1,江維屏,1,民主進步黨,9629,10.91,Y
2014,議員,區域,屏東縣,屏東縣第02選區,2,王景山,1,中國國民黨,6095,6.9,N
2014,議員,區域,屏東縣,屏東縣第02選區,3,陳芳琍,2,民主進步黨,7996,9.06,Y
2014,議員,區域,屏東縣,屏東縣第02選區,4,吳亮慶,1,民主進步黨,9829,11.14,Y
2014,議員,區域,屏東縣,屏東縣第02選區,5,何春美,2,中國國民黨,6025,6.82,N
2014,議員,區域,屏東縣,屏東縣第02選區,6,盧文瑞,1,無黨籍及未經政黨推薦,12508,14.17,Y
2014,議員,區域,屏東縣,屏東縣第02選區,7,宋麗華,2,中國國民黨,8483,9.61,Y
2014,議員,區域,屏東縣,屏東縣第02選區,8,陳明達,1,民主進步黨,6833,7.74,Y
2014,議員,區域,屏東縣,屏東縣第02選區,9,盧靖雯,2,無黨籍及未經政黨推薦,1132,1.28,N
2014,議員,區域,屏東縣,屏東縣第02選區,10,鄭雙銓,1,中國國民黨,8627,9.77,Y
2014,議員,區域,屏東縣,屏東縣第02選區,11,羅緹瀅,2,民主進步黨,3595,4.07,N
2014,議員,區域,屏東縣,屏東縣第02選區,12,尤慶賀,1,無黨籍及未經政黨推薦,7469,8.46,Y
2014,議員,區域,屏東縣,屏東縣第03選區,1,陳志成,1,無黨籍及未經政黨推薦,10471,9.96,Y
2014,議員,區域,屏東縣,屏東縣第03選區,2,王志豐,1,中國國民黨,11032,10.5,Y
2014,議員,區域,屏東縣,屏東縣第03選區,3,劉淼松,1,中國國民黨,7877,7.49,Y
2014,議員,區域,屏東縣,屏東縣第03選區,4,徐榮耀,1,中國國民黨,9137,8.69,Y
2014,議員,區域,屏東縣,屏東縣第03選區,5,潘長成,1,台灣團結聯盟,6487,6.17,Y
2014,議員,區域,屏東縣,屏東縣第03選區,6,曾喜城,1,無黨籍及未經政黨推薦,1761,1.67,N
2014,議員,區域,屏東縣,屏東縣第03選區,7,廖秀琴,2,民主進步黨,4074,3.87,N
2014,議員,區域,屏東縣,屏東縣第03選區,8,曾彥屏,1,民主進步黨,5538,5.27,N
2014,議員,區域,屏東縣,屏東縣第03選區,9,黃建溢,1,民主進步黨,7563,7.2,Y
2014,議員,區域,屏東縣,屏東縣第03選區,10,林郁虹,2,中國國民黨,7731,7.36,Y
2014,議員,區域,屏東縣,屏東縣第03選區,11,許馨勻,2,中國國民黨,8463,8.05,Y
2014,議員,區域,屏東縣,屏東縣第03選區,12,林宗俉,1,民主進步黨,5949,5.66,N
2014,議員,區域,屏東縣,屏東縣第03選區,13,李世淦,1,中國國民黨,5528,5.26,N
2014,議員,區域,屏東縣,屏東縣第03選區,14,潘淑眞,2,民主進步黨,6271,5.97,Y
2014,議員,區域,屏東縣,屏東縣第03選區,15,曾福金,1,民主進步黨,7152,6.8,Y
2014,議員,區域,屏東縣,屏東縣第04選區,1,許展維,1,民主進步黨,11394,13.92,Y
2014,議員,區域,屏東縣,屏東縣第04選區,2,林蔡鳯梅,2,無黨籍及未經政黨推薦,8227,10.05,Y
2014,議員,區域,屏東縣,屏東縣第04選區,3,盧同恊,1,民主進步黨,7005,8.56,N
2014,議員,區域,屏東縣,屏東縣第04選區,4,黃坤能,1,無黨籍及未經政黨推薦,5268,6.43,N
2014,議員,區域,屏東縣,屏東縣第04選區,5,李德全,1,無黨籍及未經政黨推薦,239,0.29,N
2014,議員,區域,屏東縣,屏東縣第04選區,6,劉水復,1,無黨籍及未經政黨推薦,7596,9.28,Y
2014,議員,區域,屏東縣,屏東縣第04選區,7,郭再添,1,無黨籍及未經政黨推薦,8520,10.41,Y
2014,議員,區域,屏東縣,屏東縣第04選區,8,李香蘭,2,中國國民黨,6243,7.63,N
2014,議員,區域,屏東縣,屏東縣第04選區,9,周典論,1,無黨籍及未經政黨推薦,10158,12.41,Y
2014,議員,區域,屏東縣,屏東縣第04選區,10,鄭寶川,1,無黨籍及未經政黨推薦,7851,9.59,Y
2014,議員,區域,屏東縣,屏東縣第04選區,11,黃纓桔,2,民主進步黨,1328,1.62,N
2014,議員,區域,屏東縣,屏東縣第04選區,12,何輝能,1,民主進步黨,7987,9.76,Y
2014,議員,區域,屏東縣,屏東縣第05選區,1,林玉花,2,民主進步黨,8975,21.64,Y
2014,議員,區域,屏東縣,屏東縣第05選區,2,羅平道,1,民主進步黨,7511,18.11,Y
2014,議員,區域,屏東縣,屏東縣第05選區,3,王啟敏,1,中國國民黨,8893,21.44,Y
2014,議員,區域,屏東縣,屏東縣第05選區,4,周碧雲,2,民主進步黨,9479,22.86,Y
2014,議員,區域,屏東縣,屏東縣第05選區,5,楊嘉慶,1,民主進步黨,6606,15.93,N
2014,議員,區域,屏東縣,屏東縣第06選區,1,葉明順,1,無黨籍及未經政黨推薦,4870,16.71,N
2014,議員,區域,屏東縣,屏東縣第06選區,2,張榮志,1,中國國民黨,8132,27.9,Y
2014,議員,區域,屏東縣,屏東縣第06選區,3,陳文弘,1,民主進步黨,7142,24.51,Y
2014,議員,區域,屏東縣,屏東縣第06選區,4,李志偉,1,民主進步黨,6745,23.14,Y
2014,議員,區域,屏東縣,屏東縣第06選區,5,鍾乙豪,1,民主進步黨,2248,7.71,N
2014,議員,區域,屏東縣,屏東縣第07選區,1,王薇茗,2,無黨籍及未經政黨推薦,3417,43.33,N
2014,議員,區域,屏東縣,屏東縣第07選區,2,洪慈綪,2,無黨籍及未經政黨推薦,4468,56.66,Y
2014,議員,區域,宜蘭縣,宜蘭縣第01選區,1,余美雪,2,民主進步黨,3494,7.28,N
2014,議員,區域,宜蘭縣,宜蘭縣第01選區,2,陳進亮,1,台灣團結聯盟,501,1.04,N
2014,議員,區域,宜蘭縣,宜蘭縣第01選區,3,羅文清,1,無黨籍及未經政黨推薦,324,0.67,N
2014,議員,區域,宜蘭縣,宜蘭縣第01選區,4,楊順木,1,無黨籍及未經政黨推薦,3754,7.83,Y
2014,議員,區域,宜蘭縣,宜蘭縣第01選區,5,張建榮,1,中國國民黨,5314,11.08,Y
2014,議員,區域,宜蘭縣,宜蘭縣第01選區,6,張曜顯,1,民主進步黨,2825,5.89,N
2014,議員,區域,宜蘭縣,宜蘭縣第01選區,7,林錫明,1,無黨籍及未經政黨推薦,5017,10.46,Y
2014,議員,區域,宜蘭縣,宜蘭縣第01選區,8,莊淑如,2,中國國民黨,3580,7.46,N
2014,議員,區域,宜蘭縣,宜蘭縣第01選區,9,吳福田,1,民主進步黨,3203,6.68,N
2014,議員,區域,宜蘭縣,宜蘭縣第01選區,10,陳永錰,1,無黨籍及未經政黨推薦,253,0.52,N
2014,議員,區域,宜蘭縣,宜蘭縣第01選區,11,林志鴻,1,民主進步黨,3792,7.91,Y
2014,議員,區域,宜蘭縣,宜蘭縣第01選區,12,黃定和,1,中國國民黨,6871,14.33,Y
2014,議員,區域,宜蘭縣,宜蘭縣第01選區,13,林岳賢,1,中國國民黨,4431,9.24,Y
2014,議員,區域,宜蘭縣,宜蘭縣第01選區,14,江碧華,2,中國國民黨,4571,9.53,Y
2014,議員,區域,宜蘭縣,宜蘭縣第02選區,1,陳秀暖,2,中國國民黨,5349,29.38,N
2014,議員,區域,宜蘭縣,宜蘭縣第02選區,2,林東成,1,無黨籍及未經政黨推薦,5557,30.53,Y
2014,議員,區域,宜蘭縣,宜蘭縣第02選區,3,林金龍,1,民主進步黨,6705,36.83,Y
2014,議員,區域,宜蘭縣,宜蘭縣第02選區,4,楊惠民,1,無黨籍及未經政黨推薦,590,3.24,N
2014,議員,區域,宜蘭縣,宜蘭縣第03選區,1,林成功,1,無黨籍及未經政黨推薦,8378,38.2,Y
2014,議員,區域,宜蘭縣,宜蘭縣第03選區,2,吳宏謀,1,民主進步黨,6870,31.33,Y
2014,議員,區域,宜蘭縣,宜蘭縣第03選區,3,李清林,1,中國國民黨,6679,30.46,N
2014,議員,區域,宜蘭縣,宜蘭縣第04選區,1,廖明照,1,無黨籍及未經政黨推薦,2806,15.63,N
2014,議員,區域,宜蘭縣,宜蘭縣第04選區,2,陳俊宇,1,民主進步黨,5257,29.28,Y
2014,議員,區域,宜蘭縣,宜蘭縣第04選區,3,黃浴沂,1,中國國民黨,5224,29.1,Y
2014,議員,區域,宜蘭縣,宜蘭縣第04選區,4,張漢東,1,民主進步黨,4127,22.99,N
2014,議員,區域,宜蘭縣,宜蘭縣第04選區,5,林錦坤,1,無黨籍及未經政黨推薦,536,2.98,N
2014,議員,區域,宜蘭縣,宜蘭縣第05選區,1,陳福山,1,無黨籍及未經政黨推薦,5485,34.96,Y
2014,議員,區域,宜蘭縣,宜蘭縣第05選區,2,黃建勇,1,中國國民黨,5336,34.01,Y
2014,議員,區域,宜蘭縣,宜蘭縣第05選區,3,林水金,1,民主進步黨,4864,31.01,N
2014,議員,區域,宜蘭縣,宜蘭縣第06選區,1,陳漢鍾,1,無黨籍及未經政黨推薦,6679,19.64,Y
2014,議員,區域,宜蘭縣,宜蘭縣第06選區,2,劉添梧,1,民主進步黨,5551,16.32,Y
2014,議員,區域,宜蘭縣,宜蘭縣第06選區,3,吳秋齡,2,中國國民黨,7646,22.49,Y
2014,議員,區域,宜蘭縣,宜蘭縣第06選區,4,謝志得,1,民主進步黨,3464,10.19,N
2014,議員,區域,宜蘭縣,宜蘭縣第06選區,5,黃素琴,2,民主進步黨,5640,16.59,Y
2014,議員,區域,宜蘭縣,宜蘭縣第06選區,6,陳鴻禧,1,中國國民黨,5013,14.74,Y
2014,議員,區域,宜蘭縣,宜蘭縣第07選區,1,張明華,1,民主進步黨,4478,21.25,Y
2014,議員,區域,宜蘭縣,宜蘭縣第07選區,2,沈德茂,1,無黨籍及未經政黨推薦,6425,30.49,Y
2014,議員,區域,宜蘭縣,宜蘭縣第07選區,3,黃適超,1,民主進步黨,6329,30.04,Y
2014,議員,區域,宜蘭縣,宜蘭縣第07選區,4,林朝旺,1,中國國民黨,3835,18.2,N
2014,議員,區域,宜蘭縣,宜蘭縣第08選區,1,邱素梅,2,無黨籍及未經政黨推薦,2800,10.1,N
2014,議員,區域,宜蘭縣,宜蘭縣第08選區,2,楊政誠,1,中國國民黨,5035,18.17,Y
2014,議員,區域,宜蘭縣,宜蘭縣第08選區,3,薛呈懿,2,樹黨,3594,12.97,Y
2014,議員,區域,宜蘭縣,宜蘭縣第08選區,4,張秋明,1,民主進步黨,4919,17.75,Y
2014,議員,區域,宜蘭縣,宜蘭縣第08選區,5,游祥德,1,民主進步黨,5557,20.05,Y
2014,議員,區域,宜蘭縣,宜蘭縣第08選區,6,張建成,1,無黨籍及未經政黨推薦,3500,12.63,N
2014,議員,區域,宜蘭縣,宜蘭縣第08選區,7,林松根,1,中國國民黨,2299,8.29,N
2014,議員,區域,宜蘭縣,宜蘭縣第09選區,1,李志鏞,1,中國國民黨,6505,48.71,N
2014,議員,區域,宜蘭縣,宜蘭縣第09選區,2,陳文昌,1,民主進步黨,6847,51.28,Y
2014,議員,區域,宜蘭縣,宜蘭縣第10選區,1,王明輝,1,民主進步黨,3941,16.47,N
2014,議員,區域,宜蘭縣,宜蘭縣第10選區,2,陳正男,1,無黨籍及未經政黨推薦,4298,17.97,Y
2014,議員,區域,宜蘭縣,宜蘭縣第10選區,3,林騰煌,1,中國國民黨,4142,17.31,N
2014,議員,區域,宜蘭縣,宜蘭縣第10選區,4,林棋山,1,中國國民黨,4981,20.82,Y
2014,議員,區域,宜蘭縣,宜蘭縣第10選區,5,邱嘉進,1,民主進步黨,6229,26.04,Y
2014,議員,區域,宜蘭縣,宜蘭縣第10選區,6,鄭金池,1,無黨籍及未經政黨推薦,324,1.35,N
2014,議員,區域,花蓮縣,花蓮縣第01選區,1,魏嘉賢,1,中國國民黨,4685,11.11,Y
2014,議員,區域,花蓮縣,花蓮縣第01選區,2,莊枝財,1,民主進步黨,3112,7.38,Y
2014,議員,區域,花蓮縣,花蓮縣第01選區,3,謝國榮,1,中國國民黨,3829,9.08,Y
2014,議員,區域,花蓮縣,花蓮縣第01選區,4,方建興,1,民主進步黨,2348,5.57,N
2014,議員,區域,花蓮縣,花蓮縣第01選區,5,楊文值,1,中國國民黨,4871,11.56,Y
2014,議員,區域,花蓮縣,花蓮縣第01選區,6,釋楊悟空,1,親民黨,959,2.27,N
2014,議員,區域,花蓮縣,花蓮縣第01選區,7,施慧萍,2,中國國民黨,2524,5.99,Y
2014,議員,區域,花蓮縣,花蓮縣第01選區,8,林宗昆,1,中國國民黨,3125,7.41,Y
2014,議員,區域,花蓮縣,花蓮縣第01選區,9,劉曉玫,2,民主進步黨,3522,8.35,Y
2014,議員,區域,花蓮縣,花蓮縣第01選區,10,江如玲,2,中國國民黨,2361,5.6,N
2014,議員,區域,花蓮縣,花蓮縣第01選區,11,楊華美,2,無黨籍及未經政黨推薦,2378,5.64,N
2014,議員,區域,花蓮縣,花蓮縣第01選區,12,李秋旺,1,中國國民黨,4294,10.19,Y
2014,議員,區域,花蓮縣,花蓮縣第01選區,13,施金樹,1,民主進步黨,4126,9.79,Y
2014,議員,區域,花蓮縣,花蓮縣第02選區,1,何禮臺,1,中國國民黨,3817,51.25,Y
2014,議員,區域,花蓮縣,花蓮縣第02選區,2,賴進坤,1,中國國民黨,3630,48.74,Y
2014,議員,區域,花蓮縣,花蓮縣第03選區,1,游美雲,2,民主進步黨,3793,7.82,Y
2014,議員,區域,花蓮縣,花蓮縣第03選區,2,游淑貞,2,無黨籍及未經政黨推薦,4476,9.23,Y
2014,議員,區域,花蓮縣,花蓮縣第03選區,3,葉鯤璟,1,無黨籍及未經政黨推薦,4135,8.53,Y
2014,議員,區域,花蓮縣,花蓮縣第03選區,4,黃振富,1,民主進步黨,4031,8.31,Y
2014,議員,區域,花蓮縣,花蓮縣第03選區,5,張峻,1,中國國民黨,4503,9.29,Y
2014,議員,區域,花蓮縣,花蓮縣第03選區,6,鄭乾龍,1,民主進步黨,5499,11.34,Y
2014,議員,區域,花蓮縣,花蓮縣第03選區,7,林殷全,1,無黨籍及未經政黨推薦,213,0.43,N
2014,議員,區域,花蓮縣,花蓮縣第03選區,8,邱永双,1,中國國民黨,4929,10.16,Y
2014,議員,區域,花蓮縣,花蓮縣第03選區,9,黃晨霖,1,中國國民黨,2373,4.89,N
2014,議員,區域,花蓮縣,花蓮縣第03選區,10,吳建志,1,中國國民黨,3759,7.75,N
2014,議員,區域,花蓮縣,花蓮縣第03選區,11,謝明圳,1,無黨籍及未經政黨推薦,158,0.32,N
2014,議員,區域,花蓮縣,花蓮縣第03選區,12,徐雪玉,2,中國國民黨,5303,10.94,Y
2014,議員,區域,花蓮縣,花蓮縣第03選區,13,康木樹,1,無黨籍及未經政黨推薦,843,1.73,N
2014,議員,區域,花蓮縣,花蓮縣第03選區,14,張正治,1,中國國民黨,4453,9.18,Y
2014,議員,區域,花蓮縣,花蓮縣第04選區,1,蘇孝信,1,無黨籍及未經政黨推薦,2196,12.07,N
2014,議員,區域,花蓮縣,花蓮縣第04選區,2,張錫銘,1,無黨籍及未經政黨推薦,591,3.25,N
2014,議員,區域,花蓮縣,花蓮縣第04選區,3,王燕美,2,無黨籍及未經政黨推薦,3745,20.59,Y
2014,議員,區域,花蓮縣,花蓮縣第04選區,4,張智冠,1,中國國民黨,4648,25.56,Y
2014,議員,區域,花蓮縣,花蓮縣第04選區,5,蔡秋龍,1,中國國民黨,3043,16.73,N
2014,議員,區域,花蓮縣,花蓮縣第04選區,6,潘富民,1,中國國民黨,3960,21.77,Y
2014,議員,區域,臺東縣,臺東縣第01選區,1,黃裕雄,1,無黨籍及未經政黨推薦,788,1.76,N
2014,議員,區域,臺東縣,臺東縣第01選區,2,謝明珠,2,無黨籍及未經政黨推薦,2349,5.25,N
2014,議員,區域,臺東縣,臺東縣第01選區,3,陳志峰,1,無黨籍及未經政黨推薦,2887,6.45,Y
2014,議員,區域,臺東縣,臺東縣第01選區,4,李建智,1,中國國民黨,3286,7.34,Y
2014,議員,區域,臺東縣,臺東縣第01選區,5,黃俊銘,1,無黨籍及未經政黨推薦,870,1.94,N
2014,議員,區域,臺東縣,臺東縣第01選區,6,田石雄,1,中國國民黨,3010,6.72,Y
2014,議員,區域,臺東縣,臺東縣第01選區,7,廖進輝,1,無黨籍及未經政黨推薦,54,0.12,N
2014,議員,區域,臺東縣,臺東縣第01選區,8,吳秀華,2,中國國民黨,4565,10.2,Y
2014,議員,區域,臺東縣,臺東縣第01選區,9,吳景槐,1,中國國民黨,3912,8.74,Y
2014,議員,區域,臺東縣,臺東縣第01選區,10,林雅玲,2,無黨籍及未經政黨推薦,117,0.26,N
2014,議員,區域,臺東縣,臺東縣第01選區,11,王飛龍,1,無黨籍及未經政黨推薦,2714,6.06,N
2014,議員,區域,臺東縣,臺東縣第01選區,12,彭權英,2,無黨籍及未經政黨推薦,322,0.71,N
2014,議員,區域,臺東縣,臺東縣第01選區,13,林參天,1,無黨籍及未經政黨推薦,3196,7.14,Y
2014,議員,區域,臺東縣,臺東縣第01選區,14,周達三,1,中國國民黨,3019,6.74,Y
2014,議員,區域,臺東縣,臺東縣第01選區,15,饒慶鈴,2,中國國民黨,4877,10.9,Y
2014,議員,區域,臺東縣,臺東縣第01選區,16,黃秋,2,無黨籍及未經政黨推薦,4135,9.24,Y
2014,議員,區域,臺東縣,臺東縣第01選區,17,洪宗楷,1,民主進步黨,4638,10.36,Y
2014,議員,區域,臺東縣,臺東縣第02選區,1,張卓然,1,中國國民黨,5156,100,Y
2014,議員,區域,臺東縣,臺東縣第03選區,1,許進榮,1,無黨籍及未經政黨推薦,4273,57.11,Y
2014,議員,區域,臺東縣,臺東縣第03選區,2,林東滿,1,中國國民黨,3208,42.88,Y
2014,議員,區域,臺東縣,臺東縣第04選區,1,陳宏宗,1,中國國民黨,3951,35.78,Y
2014,議員,區域,臺東縣,臺東縣第04選區,2,李振源,1,無黨籍及未經政黨推薦,2906,26.31,N
2014,議員,區域,臺東縣,臺東縣第04選區,3,黃瑞華,1,中國國民黨,4185,37.9,Y
2014,議員,區域,臺東縣,臺東縣第05選區,1,翁麗吟,2,中國國民黨,3303,53.95,Y
2014,議員,區域,臺東縣,臺東縣第05選區,2,張順福,1,民主進步黨,2819,46.04,N
2014,議員,區域,臺東縣,臺東縣第06選區,1,謝賢裕,1,中國國民黨,1304,52.79,Y
2014,議員,區域,臺東縣,臺東縣第06選區,2,陳照隆,1,中國國民黨,1166,47.2,N
2014,議員,區域,澎湖縣,澎湖縣第01選區,1,許神賜,1,無黨籍及未經政黨推薦,274,0.87,N
2014,議員,區域,澎湖縣,澎湖縣第01選區,2,劉陳昭玲,2,中國國民黨,3027,9.66,Y
2014,議員,區域,澎湖縣,澎湖縣第01選區,3,傅靜凡,1,綠黨,773,2.46,N
2014,議員,區域,澎湖縣,澎湖縣第01選區,4,黄俊仁,1,無黨籍及未經政黨推薦,503,1.6,N
2014,議員,區域,澎湖縣,澎湖縣第01選區,5,顏嘉弘,1,中國國民黨,2241,7.15,Y
2014,議員,區域,澎湖縣,澎湖縣第01選區,6,陳慧玲,2,民主進步黨,2176,6.94,Y
2014,議員,區域,澎湖縣,澎湖縣第01選區,7,胡松榮,1,中國國民黨,2422,7.73,Y
2014,議員,區域,澎湖縣,澎湖縣第01選區,8,藍俊逸,1,中國國民黨,2585,8.25,Y
2014,議員,區域,澎湖縣,澎湖縣第01選區,9,陳海山,1,無黨籍及未經政黨推薦,2530,8.07,Y
2014,議員,區域,澎湖縣,澎湖縣第01選區,10,黃春燕,2,無黨籍及未經政黨推薦,1218,3.88,N
2014,議員,區域,澎湖縣,澎湖縣第01選區,11,許麗音,2,無黨籍及未經政黨推薦,774,2.47,N
2014,議員,區域,澎湖縣,澎湖縣第01選區,12,陳雙全,1,中國國民黨,2337,7.45,Y
2014,議員,區域,澎湖縣,澎湖縣第01選區,13,蔡金美,2,無黨團結聯盟,579,1.84,N
2014,議員,區域,澎湖縣,澎湖縣第01選區,14,張再興,1,無黨籍及未經政黨推薦,2049,6.54,Y
2014,議員,區域,澎湖縣,澎湖縣第01選區,15,郁國麟,1,無黨籍及未經政黨推薦,677,2.16,N
2014,議員,區域,澎湖縣,澎湖縣第01選區,16,呂黃春金,2,民主進步黨,1645,5.25,Y
2014,議員,區域,澎湖縣,澎湖縣第01選區,17,蘇陳綉色,2,無黨籍及未經政黨推薦,1583,5.05,N
2014,議員,區域,澎湖縣,澎湖縣第01選區,18,吳文相,1,無黨籍及未經政黨推薦,1945,6.2,Y
2014,議員,區域,澎湖縣,澎湖縣第01選區,19,陳百川,1,中國國民黨,1990,6.35,Y
2014,議員,區域,澎湖縣,澎湖縣第02選區,1,蔡清續,1,無黨籍及未經政黨推薦,1348,18.43,N
2014,議員,區域,澎湖縣,澎湖縣第02選區,2,歐陽洲,1,無黨籍及未經政黨推薦,1797,24.57,Y
2014,議員,區域,澎湖縣,澎湖縣第02選區,3,成萬貫,1,無黨籍及未經政黨推薦,2209,30.21,Y
2014,議員,區域,澎湖縣,澎湖縣第02選區,4,陳振中,1,中國國民黨,1958,26.77,Y
2014,議員,區域,澎湖縣,澎湖縣第03選區,1,鄭來得,1,無黨籍及未經政黨推薦,486,9.44,N
2014,議員,區域,澎湖縣,澎湖縣第03選區,2,宋國進,1,中國國民黨,1897,36.88,Y
2014,議員,區域,澎湖縣,澎湖縣第03選區,3,魏長源,1,無黨籍及未經政黨推薦,1883,36.61,Y
2014,議員,區域,澎湖縣,澎湖縣第03選區,4,許龍聰,1,無黨籍及未經政黨推薦,877,17.05,N
2014,議員,區域,澎湖縣,澎湖縣第04選區,1,楊石龍,1,無黨籍及未經政黨推薦,2984,100,Y
2014,議員,區域,澎湖縣,澎湖縣第05選區,1,陳佩真,2,無黨籍及未經政黨推薦,1189,43.09,N
2014,議員,區域,澎湖縣,澎湖縣第05選區,2,俞喜龍,1,無黨籍及未經政黨推薦,230,8.33,N
2014,議員,區域,澎湖縣,澎湖縣第05選區,3,葉明縣,1,無黨籍及未經政黨推薦,1340,48.56,Y
2014,議員,區域,澎湖縣,澎湖縣第06選區,1,夏晨榮,1,中國國民黨,977,49.54,N
2014,議員,區域,澎湖縣,澎湖縣第06選區,2,呂啟宗,1,無黨籍及未經政黨推薦,995,50.45,Y
2014,議員,區域,基隆市,基隆市第01選區,1,呂美玲,2,中國國民黨,5434,21.87,Y
2014,議員,區域,基隆市,基隆市第01選區,2,余重城,1,人民民主陣線,355,1.42,N
2014,議員,區域,基隆市,基隆市第01選區,3,張淵翔,1,中國國民黨,3588,14.44,N
2014,議員,區域,基隆市,基隆市第01選區,4,藍敏煌,1,中國國民黨,6884,27.71,Y
2014,議員,區域,基隆市,基隆市第01選區,5,徐莉莉,2,親民黨,3636,14.63,Y
2014,議員,區域,基隆市,基隆市第01選區,6,詹春陽,1,民主進步黨,4944,19.9,Y
2014,議員,區域,基隆市,基隆市第02選區,1,余宗珮,2,親民黨,561,2.14,N
2014,議員,區域,基隆市,基隆市第02選區,2,陳宜,2,無黨籍及未經政黨推薦,1548,5.9,N
2014,議員,區域,基隆市,基隆市第02選區,3,賴正庸,1,無黨籍及未經政黨推薦,2292,8.74,N
2014,議員,區域,基隆市,基隆市第02選區,4,何淑萍,2,中國國民黨,2573,9.81,Y
2014,議員,區域,基隆市,基隆市第02選區,5,韓良圻,1,無黨籍及未經政黨推薦,7877,30.05,Y
2014,議員,區域,基隆市,基隆市第02選區,6,鄭村棋,1,人民民主陣線,931,3.55,N
2014,議員,區域,基隆市,基隆市第02選區,7,陳東財,1,民主進步黨,3819,14.57,Y
2014,議員,區域,基隆市,基隆市第02選區,8,林家益,1,無黨籍及未經政黨推薦,368,1.4,N
2014,議員,區域,基隆市,基隆市第02選區,9,林月琴,2,台灣團結聯盟,2343,8.94,N
2014,議員,區域,基隆市,基隆市第02選區,10,張漢土,1,中國國民黨,3896,14.86,Y
2014,議員,區域,基隆市,基隆市第03選區,1,莊榮欽,1,中國國民黨,3051,12.95,Y
2014,議員,區域,基隆市,基隆市第03選區,2,林華生,1,無黨籍及未經政黨推薦,2294,9.73,N
2014,議員,區域,基隆市,基隆市第03選區,3,游祥耀,1,民主進步黨,3478,14.76,Y
2014,議員,區域,基隆市,基隆市第03選區,4,林淑姣,2,無黨籍及未經政黨推薦,753,3.19,N
2014,議員,區域,基隆市,基隆市第03選區,5,陳建雄,1,民主進步黨,1619,6.87,N
2014,議員,區域,基隆市,基隆市第03選區,6,江書豪,1,無黨籍及未經政黨推薦,1252,5.31,N
2014,議員,區域,基隆市,基隆市第03選區,7,黃小陵,2,人民民主陣線,563,2.39,N
2014,議員,區域,基隆市,基隆市第03選區,8,曾紀嚴,1,中國國民黨,3280,13.92,Y
2014,議員,區域,基隆市,基隆市第03選區,9,張芳麗,2,中國國民黨,2433,10.32,N
2014,議員,區域,基隆市,基隆市第03選區,10,藍正宗,1,中國國民黨,2887,12.25,N
2014,議員,區域,基隆市,基隆市第03選區,11,駱智仁,1,中國國民黨,1944,8.25,N
2014,議員,區域,基隆市,基隆市第04選區,1,陳志和,1,無黨籍及未經政黨推薦,1077,4.23,N
2014,議員,區域,基隆市,基隆市第04選區,2,施世明,1,民主進步黨,4486,17.66,Y
2014,議員,區域,基隆市,基隆市第04選區,3,宋瑋莉,2,中國國民黨,3479,13.69,Y
2014,議員,區域,基隆市,基隆市第04選區,4,楊石城,1,中國國民黨,8120,31.96,Y
2014,議員,區域,基隆市,基隆市第04選區,5,張錦煌,1,民主進步黨,5425,21.35,Y
2014,議員,區域,基隆市,基隆市第04選區,6,莊敬聖,1,無黨籍及未經政黨推薦,2085,8.2,N
2014,議員,區域,基隆市,基隆市第04選區,7,龔尤倩,2,人民民主陣線,729,2.86,N
2014,議員,區域,基隆市,基隆市第05選區,1,陳志成,1,民主進步黨,4472,11.24,Y
2014,議員,區域,基隆市,基隆市第05選區,2,袁孔琪,1,人民民主陣線,350,0.87,N
2014,議員,區域,基隆市,基隆市第05選區,3,秦鉦,1,中國國民黨,5434,13.65,Y
2014,議員,區域,基隆市,基隆市第05選區,4,洪森永,1,民主進步黨,4621,11.61,Y
2014,議員,區域,基隆市,基隆市第05選區,5,莊錦田,1,親民黨,4040,10.15,Y
2014,議員,區域,基隆市,基隆市第05選區,6,沈義傳,1,中國國民黨,3824,9.61,N
2014,議員,區域,基隆市,基隆市第05選區,7,鄭林清良,2,中國國民黨,4647,11.68,Y
2014,議員,區域,基隆市,基隆市第05選區,8,蔡適應,1,民主進步黨,7010,17.62,Y
2014,議員,區域,基隆市,基隆市第05選區,9,俞叁發,1,中國國民黨,5383,13.53,Y
2014,議員,區域,基隆市,基隆市第06選區,1,連恩典,1,無黨籍及未經政黨推薦,3375,17.88,Y
2014,議員,區域,基隆市,基隆市第06選區,2,鄭怡信,1,無黨籍及未經政黨推薦,2046,10.84,N
2014,議員,區域,基隆市,基隆市第06選區,3,陳江山,1,中國國民黨,5153,27.3,Y
2014,議員,區域,基隆市,基隆市第06選區,4,王奕荃,1,中國國民黨,837,4.43,N
2014,議員,區域,基隆市,基隆市第06選區,5,鄭可熙,1,無黨籍及未經政黨推薦,2759,14.62,N
2014,議員,區域,基隆市,基隆市第06選區,6,林明智,1,民主進步黨,2997,15.88,Y
2014,議員,區域,基隆市,基隆市第06選區,7,王醒之,1,無黨籍及未經政黨推薦,1703,9.02,N
2014,議員,區域,基隆市,基隆市第07選區,1,吳桐茂,1,無黨籍及未經政黨推薦,3246,11.87,N
2014,議員,區域,基隆市,基隆市第07選區,2,楊秀玉,2,親民黨,2571,9.4,N
2014,議員,區域,基隆市,基隆市第07選區,3,蘇仁和,1,民主進步黨,3440,12.58,Y
2014,議員,區域,基隆市,基隆市第07選區,4,張明麗,2,綠黨,1048,3.83,N
2014,議員,區域,基隆市,基隆市第07選區,5,陳永順,1,中國國民黨,1744,6.38,N
2014,議員,區域,基隆市,基隆市第07選區,6,蘇財發,1,中國國民黨,2407,8.8,N
2014,議員,區域,基隆市,基隆市第07選區,7,蔡旺璉,1,中國國民黨,4204,15.38,Y
2014,議員,區域,基隆市,基隆市第07選區,8,張美瓊,2,民主進步黨,1620,5.92,N
2014,議員,區域,基隆市,基隆市第07選區,9,張耿輝,1,無黨籍及未經政黨推薦,4195,15.35,Y
2014,議員,區域,基隆市,基隆市第07選區,10,陳重光,1,人民民主陣線,86,0.31,N
2014,議員,區域,基隆市,基隆市第07選區,11,崔靜玫,2,無黨籍及未經政黨推薦,336,1.22,N
2014,議員,區域,基隆市,基隆市第07選區,12,高辜惠珍,2,中國國民黨,2431,8.89,N
2014,議員,區域,新竹市,新竹市第01選區,1,楊志翔,1,綠黨,3279,5.09,N
2014,議員,區域,新竹市,新竹市第01選區,2,羅華強,1,無黨籍及未經政黨推薦,403,0.62,N
2014,議員,區域,新竹市,新竹市第01選區,3,鍾淑英,2,中國國民黨,3705,5.75,Y
2014,議員,區域,新竹市,新竹市第01選區,4,余邦彥,1,中國國民黨,5003,7.77,Y
2014,議員,區域,新竹市,新竹市第01選區,5,鄭貴元,1,民主進步黨,3687,5.72,Y
2014,議員,區域,新竹市,新竹市第01選區,6,羅文熾,1,無黨籍及未經政黨推薦,3675,5.7,Y
2014,議員,區域,新竹市,新竹市第01選區,7,方俊評,1,無黨籍及未經政黨推薦,1403,2.17,N
2014,議員,區域,新竹市,新竹市第01選區,8,張祖琰,2,中國國民黨,5207,8.08,Y
2014,議員,區域,新竹市,新竹市第01選區,9,李國璋,1,中國國民黨,3789,5.88,Y
2014,議員,區域,新竹市,新竹市第01選區,10,謝希誠,1,中國國民黨,3730,5.79,Y
2014,議員,區域,新竹市,新竹市第01選區,11,鄭正鈐,1,中國國民黨,4096,6.36,Y
2014,議員,區域,新竹市,新竹市第01選區,12,廖婉君,2,無黨籍及未經政黨推薦,2016,3.13,N
2014,議員,區域,新竹市,新竹市第01選區,13,程澎澎,2,無黨籍及未經政黨推薦,938,1.45,N
2014,議員,區域,新竹市,新竹市第01選區,14,段孝芳,2,中國國民黨,3329,5.17,N
2014,議員,區域,新竹市,新竹市第01選區,15,劉聲正,1,台灣團結聯盟,3340,5.18,Y
2014,議員,區域,新竹市,新竹市第01選區,16,李炳煌,1,無黨籍及未經政黨推薦,87,0.13,N
2014,議員,區域,新竹市,新竹市第01選區,17,謝治,1,新黨,407,0.63,N
2014,議員,區域,新竹市,新竹市第01選區,18,蕭吉隆,1,無黨籍及未經政黨推薦,284,0.44,N
2014,議員,區域,新竹市,新竹市第01選區,19,鄭宏輝,1,民主進步黨,5707,8.86,Y
2014,議員,區域,新竹市,新竹市第01選區,20,曾資程,1,民主進步黨,4944,7.67,Y
2014,議員,區域,新竹市,新竹市第01選區,21,曹永明,1,親民黨,3057,4.74,N
2014,議員,區域,新竹市,新竹市第01選區,22,余振福,1,中國國民黨,1323,2.05,N
2014,議員,區域,新竹市,新竹市第01選區,23,王瑄,2,無黨籍及未經政黨推薦,969,1.5,N
2014,議員,區域,新竹市,新竹市第02選區,1,宋金海,1,無黨籍及未經政黨推薦,1533,6.06,N
2014,議員,區域,新竹市,新竹市第02選區,2,許修睿,1,無黨籍及未經政黨推薦,4035,15.95,Y
2014,議員,區域,新竹市,新竹市第02選區,3,施乃如,2,民主進步黨,5155,20.38,Y
2014,議員,區域,新竹市,新竹市第02選區,4,徐信芳,1,中國國民黨,3560,14.07,Y
2014,議員,區域,新竹市,新竹市第02選區,5,何佳樺,2,中國國民黨,1457,5.76,N
2014,議員,區域,新竹市,新竹市第02選區,6,許文棟,1,無黨籍及未經政黨推薦,3085,12.2,Y
2014,議員,區域,新竹市,新竹市第02選區,7,鍾淑姬,2,無黨籍及未經政黨推薦,1622,6.41,N
2014,議員,區域,新竹市,新竹市第02選區,8,田雅芳,2,無黨籍及未經政黨推薦,3052,12.06,N
2014,議員,區域,新竹市,新竹市第02選區,9,林碧霞,2,台灣團結聯盟,1787,7.06,N
2014,議員,區域,新竹市,新竹市第03選區,1,熊哲良,1,親民黨,2631,16.46,N
2014,議員,區域,新竹市,新竹市第03選區,2,駱克欽,1,無黨籍及未經政黨推薦,944,5.9,N
2014,議員,區域,新竹市,新竹市第03選區,3,陳治雄,1,中國國民黨,4388,27.46,Y
2014,議員,區域,新竹市,新竹市第03選區,4,呂於台,1,中國國民黨,3283,20.54,N
2014,議員,區域,新竹市,新竹市第03選區,5,鄭正宗,1,民主進步黨,4730,29.6,Y
2014,議員,區域,新竹市,新竹市第04選區,1,王銘宗,1,無黨籍及未經政黨推薦,1063,1.96,N
2014,議員,區域,新竹市,新竹市第04選區,2,蕭志潔,2,中國國民黨,4611,8.52,Y
2014,議員,區域,新竹市,新竹市第04選區,3,孫鍚洲,1,無黨籍及未經政黨推薦,6576,12.15,Y
2014,議員,區域,新竹市,新竹市第04選區,4,林殷如,2,無黨籍及未經政黨推薦,1235,2.28,N
2014,議員,區域,新竹市,新竹市第04選區,5,黃美慧,2,無黨籍及未經政黨推薦,3262,6.03,Y
2014,議員,區域,新竹市,新竹市第04選區,6,顏政德,1,中國國民黨,3718,6.87,Y
2014,議員,區域,新竹市,新竹市第04選區,7,陳清全,1,無黨籍及未經政黨推薦,4124,7.62,Y
2014,議員,區域,新竹市,新竹市第04選區,8,吳青山,1,中國國民黨,7045,13.02,Y
2014,議員,區域,新竹市,新竹市第04選區,9,湯新如,1,無黨籍及未經政黨推薦,788,1.45,N
2014,議員,區域,新竹市,新竹市第04選區,10,林飛鵬,1,無黨籍及未經政黨推薦,1351,2.49,N
2014,議員,區域,新竹市,新竹市第04選區,11,吳秋穀,1,民主進步黨,4743,8.76,Y
2014,議員,區域,新竹市,新竹市第04選區,12,彭昆耀,1,無黨籍及未經政黨推薦,3181,5.88,N
2014,議員,區域,新竹市,新竹市第04選區,13,謝文進,1,無黨籍及未經政黨推薦,5464,10.1,Y
2014,議員,區域,新竹市,新竹市第04選區,14,李姸慧,2,無黨籍及未經政黨推薦,6926,12.8,Y
2014,議員,區域,新竹市,新竹市第05選區,1,鄭成光,1,中國國民黨,4804,12.9,Y
2014,議員,區域,新竹市,新竹市第05選區,2,黃彥儒,1,無黨籍及未經政黨推薦,3945,10.59,N
2014,議員,區域,新竹市,新竹市第05選區,3,林梅華,2,無黨籍及未經政黨推薦,1897,5.09,N
2014,議員,區域,新竹市,新竹市第05選區,4,林耕仁,1,中國國民黨,4813,12.93,Y
2014,議員,區域,新竹市,新竹市第05選區,5,陳啓源,1,無黨籍及未經政黨推薦,7699,20.68,Y
2014,議員,區域,新竹市,新竹市第05選區,6,王明魁,1,無黨籍及未經政黨推薦,1468,3.94,N
2014,議員,區域,新竹市,新竹市第05選區,7,林盈徹,1,民主進步黨,4158,11.17,Y
2014,議員,區域,新竹市,新竹市第05選區,8,賀玉燕,2,中國國民黨,2761,7.41,N
2014,議員,區域,新竹市,新竹市第05選區,9,吳國寶,1,無黨籍及未經政黨推薦,5672,15.24,Y
2014,議員,區域,嘉義市,嘉義市第01選區,1,張敏琪,2,中國國民黨,4628,7.18,Y
2014,議員,區域,嘉義市,嘉義市第01選區,2,李奕德,1,無黨籍及未經政黨推薦,3514,5.45,N
2014,議員,區域,嘉義市,嘉義市第01選區,3,黃盈智,1,民主進步黨,5304,8.23,Y
2014,議員,區域,嘉義市,嘉義市第01選區,4,蔡尚媞,2,樹黨,1216,1.88,N
2014,議員,區域,嘉義市,嘉義市第01選區,5,郭明賓,1,中國國民黨,4764,7.39,Y
2014,議員,區域,嘉義市,嘉義市第01選區,6,傅大偉,1,中國國民黨,4992,7.75,Y
2014,議員,區域,嘉義市,嘉義市第01選區,7,郭文居,1,中國國民黨,3795,5.89,Y
2014,議員,區域,嘉義市,嘉義市第01選區,8,廖梅江,1,民主進步黨,1874,2.9,N
2014,議員,區域,嘉義市,嘉義市第01選區,9,張榮藏,1,無黨籍及未經政黨推薦,4322,6.71,Y
2014,議員,區域,嘉義市,嘉義市第01選區,10,黃國村,1,中國國民黨,3646,5.66,N
2014,議員,區域,嘉義市,嘉義市第01選區,11,洪有仁,1,無黨籍及未經政黨推薦,3960,6.14,Y
2014,議員,區域,嘉義市,嘉義市第01選區,12,黃露慧,2,民主進步黨,5967,9.26,Y
2014,議員,區域,嘉義市,嘉義市第01選區,13,林瑞霞,2,無黨籍及未經政黨推薦,1859,2.88,N
2014,議員,區域,嘉義市,嘉義市第01選區,14,黃秋澤,1,無黨籍及未經政黨推薦,4873,7.56,Y
2014,議員,區域,嘉義市,嘉義市第01選區,15,戴寧,2,無黨籍及未經政黨推薦,5023,7.79,Y
2014,議員,區域,嘉義市,嘉義市第01選區,16,蔡永泉,1,台灣團結聯盟,4666,7.24,Y
2014,議員,區域,嘉義市,嘉義市第02選區,1,陳姿妏,2,無黨籍及未經政黨推薦,4880,6.08,Y
2014,議員,區域,嘉義市,嘉義市第02選區,2,吳上明,1,無黨籍及未經政黨推薦,4520,5.63,Y
2014,議員,區域,嘉義市,嘉義市第02選區,3,蘇澤峰,1,無黨籍及未經政黨推薦,4171,5.2,Y
2014,議員,區域,嘉義市,嘉義市第02選區,4,張秀華,2,中國國民黨,6028,7.51,Y
2014,議員,區域,嘉義市,嘉義市第02選區,5,黃大祐,1,民主進步黨,3985,4.97,N
2014,議員,區域,嘉義市,嘉義市第02選區,6,李孟哲,1,台灣團結聯盟,2061,2.57,N
2014,議員,區域,嘉義市,嘉義市第02選區,7,李忠曆,1,無黨籍及未經政黨推薦,4199,5.23,Y
2014,議員,區域,嘉義市,嘉義市第02選區,8,譚國華,1,中國國民黨,1377,1.71,N
2014,議員,區域,嘉義市,嘉義市第02選區,9,陳文齡,1,中國國民黨,1946,2.42,N
2014,議員,區域,嘉義市,嘉義市第02選區,10,王美惠,2,民主進步黨,8261,10.3,Y
2014,議員,區域,嘉義市,嘉義市第02選區,11,莊豐安,1,無黨籍及未經政黨推薦,4849,6.04,Y
2014,議員,區域,嘉義市,嘉義市第02選區,12,蔡文旭,1,民主進步黨,4733,5.9,Y
2014,議員,區域,嘉義市,嘉義市第02選區,13,蕭淑麗,2,無黨籍及未經政黨推薦,7763,9.68,Y
2014,議員,區域,嘉義市,嘉義市第02選區,14,廖天隆,1,無黨籍及未經政黨推薦,4716,5.88,Y
2014,議員,區域,嘉義市,嘉義市第02選區,15,蕭文億,1,中國國民黨,2528,3.15,N
2014,議員,區域,嘉義市,嘉義市第02選區,16,蔡榮豐,1,無黨籍及未經政黨推薦,4548,5.67,Y
2014,議員,區域,嘉義市,嘉義市第02選區,17,陳幸枝,2,民主進步黨,4653,5.8,Y
2014,議員,區域,嘉義市,嘉義市第02選區,18,鄭光宏,1,中國國民黨,4947,6.17,Y
2014,議員,區域,金門縣,金門縣第01選區,1,許玉昭,2,中國國民黨,1804,7.29,Y
2014,議員,區域,金門縣,金門縣第01選區,2,許建中,1,中國國民黨,1372,5.54,N
2014,議員,區域,金門縣,金門縣第01選區,3,陳滄江,1,民主進步黨,1491,6.02,Y
2014,議員,區域,金門縣,金門縣第01選區,4,楊萬山,1,中國國民黨,1749,7.06,Y
2014,議員,區域,金門縣,金門縣第01選區,5,林孫全,1,中國國民黨,1597,6.45,Y
2014,議員,區域,金門縣,金門縣第01選區,6,李誠智,1,中國國民黨,1525,6.16,Y
2014,議員,區域,金門縣,金門縣第01選區,7,李錫添,1,中國國民黨,1247,5.03,N
2014,議員,區域,金門縣,金門縣第01選區,8,許華玉,2,中國國民黨,2174,8.78,Y
2014,議員,區域,金門縣,金門縣第01選區,9,黃啓璋,1,無黨籍及未經政黨推薦,69,0.27,N
2014,議員,區域,金門縣,金門縣第01選區,10,楊永立,1,中國國民黨,1662,6.71,Y
2014,議員,區域,金門縣,金門縣第01選區,11,陳衍利,2,中國國民黨,430,1.73,N
2014,議員,區域,金門縣,金門縣第01選區,12,歐陽儀雄,1,中國國民黨,1567,6.33,Y
2014,議員,區域,金門縣,金門縣第01選區,13,翁銘駿,1,中國國民黨,639,2.58,N
2014,議員,區域,金門縣,金門縣第01選區,14,許志猛,1,無黨籍及未經政黨推薦,853,3.44,N
2014,議員,區域,金門縣,金門縣第01選區,15,廖進入,1,中國國民黨,194,0.78,N
2014,議員,區域,金門縣,金門縣第01選區,16,王碧珍,2,無黨籍及未經政黨推薦,1361,5.5,N
2014,議員,區域,金門縣,金門縣第01選區,17,洪允典,1,中國國民黨,1254,5.06,N
2014,議員,區域,金門縣,金門縣第01選區,18,石永城,1,無黨籍及未經政黨推薦,2177,8.79,Y
2014,議員,區域,金門縣,金門縣第01選區,19,唐麗輝,2,無黨籍及未經政黨推薦,1578,6.37,Y
2014,議員,區域,金門縣,金門縣第02選區,1,張雲德,1,中國國民黨,1628,9.98,Y
2014,議員,區域,金門縣,金門縣第02選區,2,陳美雲,2,無黨籍及未經政黨推薦,935,5.73,N
2014,議員,區域,金門縣,金門縣第02選區,3,蔡其賀,1,無黨籍及未經政黨推薦,202,1.23,N
2014,議員,區域,金門縣,金門縣第02選區,4,周子傑,1,中國國民黨,1922,11.78,Y
2014,議員,區域,金門縣,金門縣第02選區,5,謝東龍,1,中國國民黨,1764,10.81,Y
2014,議員,區域,金門縣,金門縣第02選區,6,蔡春生,1,中國國民黨,2163,13.26,Y
2014,議員,區域,金門縣,金門縣第02選區,7,徐鴻義,1,無黨籍及未經政黨推薦,800,4.9,N
2014,議員,區域,金門縣,金門縣第02選區,8,李應文,1,中國國民黨,1553,9.52,Y
2014,議員,區域,金門縣,金門縣第02選區,9,蔡水游,1,中國國民黨,1372,8.41,Y
2014,議員,區域,金門縣,金門縣第02選區,10,陳文慶,1,無黨籍及未經政黨推薦,775,4.75,N
2014,議員,區域,金門縣,金門縣第02選區,11,陳玉珍,2,無黨籍及未經政黨推薦,1047,6.42,N
2014,議員,區域,金門縣,金門縣第02選區,12,王再生,1,中國國民黨,916,5.61,N
2014,議員,區域,金門縣,金門縣第02選區,13,陳志斌,1,中國國民黨,1231,7.54,N
2014,議員,區域,金門縣,金門縣第03選區,1,洪麗萍,2,中國國民黨,1041,23.7,Y
2014,議員,區域,金門縣,金門縣第03選區,2,洪輝榮,1,無黨籍及未經政黨推薦,321,7.3,N
2014,議員,區域,金門縣,金門縣第03選區,3,林金量,1,中國國民黨,895,20.37,N
2014,議員,區域,金門縣,金門縣第03選區,4,呂俊龍,1,中國國民黨,358,8.15,N
2014,議員,區域,金門縣,金門縣第03選區,5,洪鴻斌,1,中國國民黨,1777,40.45,Y
2014,議員,區域,連江縣,連江縣第01選區,1,朱秀平,1,中國國民黨,369,9.84,N
2014,議員,區域,連江縣,連江縣第01選區,2,林貽祥,1,中國國民黨,526,14.03,Y
2014,議員,區域,連江縣,連江縣第01選區,3,曹以標,1,無黨籍及未經政黨推薦,681,18.17,Y
2014,議員,區域,連江縣,連江縣第01選區,4,林惠萍,2,中國國民黨,314,8.38,N
2014,議員,區域,連江縣,連江縣第01選區,5,林明揚,1,中國國民黨,487,12.99,Y
2014,議員,區域,連江縣,連江縣第01選區,6,陳書建,1,中國國民黨,445,11.87,Y
2014,議員,區域,連江縣,連江縣第01選區,7,曹丞君,2,無黨籍及未經政黨推薦,491,13.1,Y
2014,議員,區域,連江縣,連江縣第01選區,8,曹爾章,1,中國國民黨,434,11.58,N
2014,議員,區域,連江縣,連江縣第02選區,1,陳貴忠,1,中國國民黨,438,33.43,Y
2014,議員,區域,連江縣,連江縣第02選區,2,王長明,1,無黨籍及未經政黨推薦,394,30.07,N
2014,議員,區域,連江縣,連江縣第02選區,3,周瑞國,1,中國國民黨,478,36.48,Y
2014,議員,區域,連江縣,連江縣第03選區,1,柯玉官,1,中國國民黨,309,39.92,N
2014,議員,區域,連江縣,連江縣第03選區,2,陳貽斌,1,中國國民黨,465,60.07,Y
2014,議員,區域,連江縣,連江縣第04選區,1,張永江,1,無黨籍及未經政黨推薦,490,60.56,Y
2014,議員,區域,連江縣,連江縣第04選區,2,馮印才,1,無黨籍及未經政黨推薦,319,39.43,N
2014,議員,山地原住民,新竹縣,新竹縣第12選區,1,黃比德,1,中國國民黨,1067,21.58,N
2014,議員,山地原住民,新竹縣,新竹縣第12選區,2,柔夏‧布待Rosya.Butay,1,無黨籍及未經政黨推薦,1444,29.2,N
2014,議員,山地原住民,新竹縣,新竹縣第12選區,3,雲翔,1,無黨籍及未經政黨推薦,437,8.83,N
2014,議員,山地原住民,新竹縣,新竹縣第12選區,4,范坤松,1,中國國民黨,1996,40.37,Y
2014,議員,山地原住民,新竹縣,新竹縣第13選區,1,趙一先Obay a Awi’,1,中國國民黨,1478,39.97,Y
2014,議員,山地原住民,新竹縣,新竹縣第13選區,2,張定中,1,無黨籍及未經政黨推薦,1440,38.95,N
2014,議員,山地原住民,新竹縣,新竹縣第13選區,3,凱撒巴燕,1,民主進步黨,779,21.07,N
2014,議員,山地原住民,苗栗縣,苗栗縣第08選區,1,林國雄,1,無黨籍及未經政黨推薦,1684,45.43,N
2014,議員,山地原住民,苗栗縣,苗栗縣第08選區,2,黃月娥,2,中國國民黨,2022,54.56,Y
2014,議員,山地原住民,南投縣,南投縣第07選區,1,史清水,1,中國國民黨,4620,100,Y
2014,議員,山地原住民,南投縣,南投縣第08選區,1,廖文賢,1,無黨籍及未經政黨推薦,4533,53.85,Y
2014,議員,山地原住民,南投縣,南投縣第08選區,2,陳國雄,1,中國國民黨,3884,46.14,N
2014,議員,山地原住民,嘉義縣,嘉義縣第07選區,1,楊貴榮,1,中國國民黨,329,12.47,N
2014,議員,山地原住民,嘉義縣,嘉義縣第07選區,2,汪啟聖,1,無黨籍及未經政黨推薦,851,32.25,N
2014,議員,山地原住民,嘉義縣,嘉義縣第07選區,3,石信忠,1,無黨籍及未經政黨推薦,953,36.12,Y
2014,議員,山地原住民,嘉義縣,嘉義縣第07選區,4,湯保富,1,無黨籍及未經政黨推薦,505,19.14,N
2014,議員,山地原住民,屏東縣,屏東縣第09選區,1,歸曉惠,2,無黨籍及未經政黨推薦,2677,52.75,Y
2014,議員,山地原住民,屏東縣,屏東縣第09選區,2,柯富國,1,中國國民黨,2397,47.24,N
2014,議員,山地原住民,屏東縣,屏東縣第10選區,1,陸月嬌,2,無黨籍及未經政黨推薦,3629,60.42,Y
2014,議員,山地原住民,屏東縣,屏東縣第10選區,2,陳生明,1,中國國民黨,2377,39.57,N
2014,議員,山地原住民,屏東縣,屏東縣第11選區,1,潘政治,1,中國國民黨,1949,50.9,Y
2014,議員,山地原住民,屏東縣,屏東縣第11選區,2,何長成,1,無黨籍及未經政黨推薦,1880,49.09,N
2014,議員,山地原住民,屏東縣,屏東縣第12選區,1,簡寶玉,2,中國國民黨,1954,36.05,N
2014,議員,山地原住民,屏東縣,屏東縣第12選區,2,李宜潔 djupelang Qrudu,2,無黨籍及未經政黨推薦,936,17.27,N
2014,議員,山地原住民,屏東縣,屏東縣第12選區,3,潘正義,1,無黨籍及未經政黨推薦,2529,46.66,Y
2014,議員,山地原住民,屏東縣,屏東縣第13選區,1,林輝雄,1,無黨籍及未經政黨推薦,1477,44.38,N
2014,議員,山地原住民,屏東縣,屏東縣第13選區,2,陳昭忠,1,中國國民黨,1851,55.61,Y
2014,議員,山地原住民,屏東縣,屏東縣第14選區,1,李冀香,2,中國國民黨,1959,62.42,Y
2014,議員,山地原住民,屏東縣,屏東縣第14選區,2,陳秋香,2,無黨籍及未經政黨推薦,1179,37.57,N
2014,議員,山地原住民,屏東縣,屏東縣第15選區,1,許天賜,1,中國國民黨,3137,100,Y
2014,議員,山地原住民,屏東縣,屏東縣第16選區,1,顏金成,1,中國國民黨,1372,53.67,Y
2014,議員,山地原住民,屏東縣,屏東縣第16選區,2,宋克強,1,無黨籍及未經政黨推薦,1184,46.32,N
2014,議員,山地原住民,宜蘭縣,宜蘭縣第12選區,1,李玉蕙,2,中國國民黨,1622,44.31,N
2014,議員,山地原住民,宜蘭縣,宜蘭縣第12選區,2,陳傑麟,1,親民黨,2038,55.68,Y
2014,議員,山地原住民,宜蘭縣,宜蘭縣第13選區,1,松王淑珍,2,中國國民黨,1172,30.6,N
2014,議員,山地原住民,宜蘭縣,宜蘭縣第13選區,2,陳孝仁,1,中國國民黨,1456,38.01,Y
2014,議員,山地原住民,宜蘭縣,宜蘭縣第13選區,3,江明順,1,中國國民黨,1202,31.38,N
2014,議員,山地原住民,花蓮縣,花蓮縣第08選區,1,許淑銀Otiam  Cirig,2,中國國民黨,5340,55.94,Y
2014,議員,山地原住民,花蓮縣,花蓮縣第08選區,2,田韻馨,2,無黨籍及未經政黨推薦,3175,33.26,N
2014,議員,山地原住民,花蓮縣,花蓮縣第08選區,3,張文成,1,無黨籍及未經政黨推薦,1030,10.79,N
2014,議員,山地原住民,花蓮縣,花蓮縣第09選區,1,吳香蘭Hisa‧Sakay,2,中國國民黨,1856,48.61,N
2014,議員,山地原住民,花蓮縣,花蓮縣第09選區,2,陳長明,1,中國國民黨,1962,51.38,Y
2014,議員,山地原住民,花蓮縣,花蓮縣第10選區,1,余秀珠,2,中國國民黨,209,5.82,N
2014,議員,山地原住民,花蓮縣,花蓮縣第10選區,2,蘇正清,1,中國國民黨,1073,29.89,N
2014,議員,山地原住民,花蓮縣,花蓮縣第10選區,3,蘇忠亮,1,中國國民黨,1280,35.66,Y
2014,議員,山地原住民,花蓮縣,花蓮縣第10選區,4,陳鶴章Salizan  Binkinuan,1,中國國民黨,1027,28.61,N
2014,議員,山地原住民,臺東縣,臺東縣第11選區,1,胡秋金,1,中國國民黨,1217,55.09,Y
2014,議員,山地原住民,臺東縣,臺東縣第11選區,2,伊藍‧明基努安,1,台灣第一民族黨,992,44.9,N
2014,議員,山地原住民,臺東縣,臺東縣第12選區,1,余明志 taium ispalidaz,1,中國國民黨,477,21.39,N
2014,議員,山地原住民,臺東縣,臺東縣第12選區,2,余秀芳,2,中國國民黨,544,24.4,N
2014,議員,山地原住民,臺東縣,臺東縣第12選區,3,張順成,1,無黨籍及未經政黨推薦,1208,54.19,Y
2014,議員,山地原住民,臺東縣,臺東縣第13選區,1,章正輝 Lemaljiz‧Kusaza,1,中國國民黨,2636,100,Y
2014,議員,山地原住民,臺東縣,臺東縣第14選區,1,蔡玉玲,2,無黨籍及未經政黨推薦,1538,63.6,Y
2014,議員,山地原住民,臺東縣,臺東縣第14選區,2,朱連濟,2,中國國民黨,880,36.39,N
2014,議員,山地原住民,臺東縣,臺東縣第15選區,1,曾加油,1,中國國民黨,509,28.3,N
2014,議員,山地原住民,臺東縣,臺東縣第15選區,2,林杉樹,1,無黨籍及未經政黨推薦,288,16.01,N
2014,議員,山地原住民,臺東縣,臺東縣第15選區,3,夏曼‧瑪德能,1,中國國民黨,384,21.35,N
2014,議員,山地原住民,臺東縣,臺東縣第15選區,4,黃天德,1,無黨籍及未經政黨推薦,617,34.31,Y
2014,議員,平地原住民,新竹縣,新竹縣第11選區,1,彭文彬,1,無黨籍及未經政黨推薦,183,20.49,N
2014,議員,平地原住民,新竹縣,新竹縣第11選區,2,林光榮Kuying.Kalang,1,中國國民黨,710,79.5,Y
2014,議員,平地原住民,苗栗縣,苗栗縣第07選區,1,潘秋榮,1,中國國民黨,1604,100,Y
2014,議員,平地原住民,彰化縣,彰化縣第09選區,1,陳榮妹,2,中國國民黨,532,46.54,Y
2014,議員,平地原住民,彰化縣,彰化縣第09選區,2,謝香美,2,無黨籍及未經政黨推薦,187,16.36,N
2014,議員,平地原住民,彰化縣,彰化縣第09選區,3,張新男,1,無黨籍及未經政黨推薦,424,37.09,N
2014,議員,平地原住民,南投縣,南投縣第06選區,1,周吳儀君,2,無黨籍及未經政黨推薦,161,20.85,N
2014,議員,平地原住民,南投縣,南投縣第06選區,2,石忍漢,1,中國國民黨,64,8.29,N
2014,議員,平地原住民,南投縣,南投縣第06選區,3,阿給拉˙拉哈拜,1,中華統一促進黨,23,2.97,N
2014,議員,平地原住民,南投縣,南投縣第06選區,4,石慶龍,1,台灣第一民族黨,200,25.9,Y
2014,議員,平地原住民,南投縣,南投縣第06選區,5,陳宥瑞,1,無黨籍及未經政黨推薦,199,25.77,N
2014,議員,平地原住民,南投縣,南投縣第06選區,6,蔡幸子,2,中國國民黨,125,16.19,N
2014,議員,平地原住民,屏東縣,屏東縣第08選區,1,潘裕隆,1,中國國民黨,1889,100,Y
2014,議員,平地原住民,宜蘭縣,宜蘭縣第11選區,1,孫湯玉惠,2,無黨籍及未經政黨推薦,485,48.54,Y
2014,議員,平地原住民,宜蘭縣,宜蘭縣第11選區,2,陳慶喜,1,中國國民黨,280,28.02,N
2014,議員,平地原住民,宜蘭縣,宜蘭縣第11選區,3,洪林雨萍,2,無黨籍及未經政黨推薦,133,13.31,N
2014,議員,平地原住民,宜蘭縣,宜蘭縣第11選區,4,陳柳造,1,無黨籍及未經政黨推薦,101,10.11,N
2014,議員,平地原住民,花蓮縣,花蓮縣第05選區,1,羅名材Halu‧Lihang,1,中國國民黨,1695,17.58,N
2014,議員,平地原住民,花蓮縣,花蓮縣第05選區,2,余夏夫,1,中國國民黨,1822,18.9,Y
2014,議員,平地原住民,花蓮縣,花蓮縣第05選區,3,笛布斯‧顗賚,2,無黨籍及未經政黨推薦,2482,25.75,Y
2014,議員,平地原住民,花蓮縣,花蓮縣第05選區,4,蕭民隆,1,中國國民黨,1692,17.55,N
2014,議員,平地原住民,花蓮縣,花蓮縣第05選區,5,林秋美Abi‧Mulu,2,無黨籍及未經政黨推薦,1946,20.19,Y
2014,議員,平地原住民,花蓮縣,花蓮縣第06選區,1,孫永昌,1,中國國民黨,2129,22.55,N
2014,議員,平地原住民,花蓮縣,花蓮縣第06選區,2,萬榮財Lafi‧Mayaw,1,無黨籍及未經政黨推薦,2453,25.99,Y
2014,議員,平地原住民,花蓮縣,花蓮縣第06選區,3,楊德金Kati‧Payo,1,中國國民黨,2626,27.82,Y
2014,議員,平地原住民,花蓮縣,花蓮縣第06選區,4,高潞‧以用‧巴魕剌Kawlo‧Iyun‧Pacidal,2,無黨籍及未經政黨推薦,2230,23.62,N
2014,議員,平地原住民,花蓮縣,花蓮縣第07選區,1,林聖明,1,無黨籍及未經政黨推薦,1381,22.85,N
2014,議員,平地原住民,花蓮縣,花蓮縣第07選區,2,陳英妹,2,無黨籍及未經政黨推薦,1571,26,Y
2014,議員,平地原住民,花蓮縣,花蓮縣第07選區,3,詹金福,1,親民黨,514,8.5,N
2014,議員,平地原住民,花蓮縣,花蓮縣第07選區,4,陳建忠,1,中國國民黨,1660,27.47,Y
2014,議員,平地原住民,花蓮縣,花蓮縣第07選區,5,徐成國Hane‧Gayaw,1,中國國民黨,916,15.16,N
2014,議員,平地原住民,臺東縣,臺東縣第07選區,1,林秀信,1,中國國民黨,1704,20.48,Y
2014,議員,平地原住民,臺東縣,臺東縣第07選區,2,王清堅,1,中國國民黨,1102,13.24,Y
2014,議員,平地原住民,臺東縣,臺東縣第07選區,3,郭秋孜,2,台灣第一民族黨,521,6.26,N
2014,議員,平地原住民,臺東縣,臺東縣第07選區,4,林琮翰,1,中國國民黨,2679,32.19,Y
2014,議員,平地原住民,臺東縣,臺東縣第07選區,5,嚴惠美 Simoy‧Sapod,2,中國國民黨,736,8.84,N
2014,議員,平地原住民,臺東縣,臺東縣第07選區,6,陳．藍姆洛 Lamlo Payrang,1,台灣團結聯盟,832,10,N
2014,議員,平地原住民,臺東縣,臺東縣第07選區,7,方賢仁,1,中國國民黨,746,8.96,N
2014,議員,平地原住民,臺東縣,臺東縣第08選區,1,江堅壽,1,中國國民黨,2718,34.64,Y
2014,議員,平地原住民,臺東縣,臺東縣第08選區,2,尤忠正,1,中國國民黨,2661,33.91,Y
2014,議員,平地原住民,臺東縣,臺東縣第08選區,3,蔡義勇,1,中國國民黨,2466,31.43,N
2014,議員,平地原住民,臺東縣,臺東縣第09選區,1,張萬生 Tahuk Malulang,1,中國國民黨,2866,100,Y
2014,議員,平地原住民,臺東縣,臺東縣第10選區,1,高美珠,2,中國國民黨,4018,52.44,Y
2014,議員,平地原住民,臺東縣,臺東縣第10選區,3,劉純歌,2,中國國民黨,3643,47.55,Y
2014,議員,平地原住民,基隆市,基隆市第08選區,1,陳明建,1,無黨籍及未經政黨推薦,1947,60.27,Y
2014,議員,平地原住民,基隆市,基隆市第08選區,2,朱瑞祥,1,中國國民黨,1067,33.03,N
2014,議員,平地原住民,基隆市,基隆市第08選區,3,拔耐‧茹妮老王,2,無黨籍及未經政黨推薦,216,6.68,N
2014,議員,平地原住民,新竹市,新竹市第06選區,1,劉美玲,2,無黨籍及未經政黨推薦,181,30.88,N
2014,議員,平地原住民,新竹市,新竹市第06選區,2,鄭主,1,無黨籍及未經政黨推薦,76,12.96,N
2014,議員,平地原住民,新竹市,新竹市第06選區,3,林慈愛,2,中國國民黨,329,56.14,Y
2018,議員,區域,臺北市,臺北市第01選區,1,王芝安,2,人民民主黨,1362,0.48,N
2018,議員,區域,臺北市,臺北市第01選區,2,陳建銘,1,無黨籍及未經政黨推薦,13166,4.69,Y
2018,議員,區域,臺北市,臺北市第01選區,3,李美津,2,無黨籍及未經政黨推薦,5407,1.92,N
2018,議員,區域,臺北市,臺北市第01選區,4,徐書慧,2,無黨籍及未經政黨推薦,3217,1.14,N
2018,議員,區域,臺北市,臺北市第01選區,5,陳賢蔚,1,民主進步黨,12737,4.54,N
2018,議員,區域,臺北市,臺北市第01選區,6,劉仕傑,1,社會民主黨,3446,1.22,N
2018,議員,區域,臺北市,臺北市第01選區,7,林瑞圖,1,無黨籍及未經政黨推薦,19427,6.93,Y
2018,議員,區域,臺北市,臺北市第01選區,8,汪志冰,2,中國國民黨,19120,6.82,Y
2018,議員,區域,臺北市,臺北市第01選區,9,謝維洲,1,民主進步黨,12272,4.37,N
2018,議員,區域,臺北市,臺北市第01選區,10,王威中,1,民主進步黨,11322,4.03,N
2018,議員,區域,臺北市,臺北市第01選區,11,王奕凱,1,無黨籍及未經政黨推薦,5716,2.03,N
2018,議員,區域,臺北市,臺北市第01選區,12,侯漢廷,1,新黨,15656,5.58,Y
2018,議員,區域,臺北市,臺北市第01選區,13,黃郁芬,2,時代力量,13213,4.71,Y
2018,議員,區域,臺北市,臺北市第01選區,14,陳政忠,1,無黨籍及未經政黨推薦,17613,6.28,Y
2018,議員,區域,臺北市,臺北市第01選區,15,潘懷宗,1,新黨,17145,6.11,Y
2018,議員,區域,臺北市,臺北市第01選區,16,王映心,2,基進黨,2411,0.86,N
2018,議員,區域,臺北市,臺北市第01選區,17,張斯綱,1,中國國民黨,19605,6.99,Y
2018,議員,區域,臺北市,臺北市第01選區,18,陳重文,1,中國國民黨,14954,5.33,Y
2018,議員,區域,臺北市,臺北市第01選區,19,鍾佩玲,2,民主進步黨,18423,6.57,Y
2018,議員,區域,臺北市,臺北市第01選區,20,林世宗,1,民主進步黨,13787,4.91,Y
2018,議員,區域,臺北市,臺北市第01選區,21,陳慈慧,2,民主進步黨,14562,5.19,Y
2018,議員,區域,臺北市,臺北市第01選區,22,林杏兒,2,中國國民黨,11429,4.07,N
2018,議員,區域,臺北市,臺北市第01選區,23,楊靜宇,1,無黨籍及未經政黨推薦,14295,5.1,Y
2018,議員,區域,臺北市,臺北市第02選區,1,闕枚莎,2,中國國民黨,24248,11.49,Y
2018,議員,區域,臺北市,臺北市第02選區,2,王孝維,1,民主進步黨,11780,5.58,N
2018,議員,區域,臺北市,臺北市第02選區,3,陳義洲,1,中國國民黨,13947,6.61,Y
2018,議員,區域,臺北市,臺北市第02選區,4,李明賢,1,中國國民黨,20198,9.57,Y
2018,議員,區域,臺北市,臺北市第02選區,5,李建昌,1,民主進步黨,12588,5.96,Y
2018,議員,區域,臺北市,臺北市第02選區,6,黃珊珊,2,親民黨,26113,12.37,Y
2018,議員,區域,臺北市,臺北市第02選區,7,游淑慧,2,中國國民黨,20013,9.48,Y
2018,議員,區域,臺北市,臺北市第02選區,8,蕭新晟,1,時代力量,8502,4.02,N
2018,議員,區域,臺北市,臺北市第02選區,9,蕭筱臻,2,基進黨,1195,0.56,N
2018,議員,區域,臺北市,臺北市第02選區,10,吳世正,1,中國國民黨,13208,6.26,Y
2018,議員,區域,臺北市,臺北市第02選區,11,高嘉瑜,2,民主進步黨,34285,16.25,Y
2018,議員,區域,臺北市,臺北市第02選區,12,陳又新,1,社會民主黨,5037,2.38,N
2018,議員,區域,臺北市,臺北市第02選區,13,江志銘,1,民主進步黨,12825,6.07,Y
2018,議員,區域,臺北市,臺北市第02選區,14,吳曉東,1,樹黨,1166,0.55,N
2018,議員,區域,臺北市,臺北市第02選區,15,趙家蓉,2,新黨,5873,2.78,N
2018,議員,區域,臺北市,臺北市第03選區,1,徐世勲,1,民國黨,8675,3.88,N
2018,議員,區域,臺北市,臺北市第03選區,2,林明正,1,新黨,4943,2.21,N
2018,議員,區域,臺北市,臺北市第03選區,3,游藝,1,社會民主黨,2842,1.27,N
2018,議員,區域,臺北市,臺北市第03選區,4,陳永德,1,中國國民黨,11848,5.3,Y
2018,議員,區域,臺北市,臺北市第03選區,5,王振鴻,1,中華民族致公黨,575,0.25,N
2018,議員,區域,臺北市,臺北市第03選區,6,洪健益,1,民主進步黨,16014,7.17,Y
2018,議員,區域,臺北市,臺北市第03選區,7,許淑華,2,民主進步黨,16900,7.56,Y
2018,議員,區域,臺北市,臺北市第03選區,8,秦慧珠,2,中國國民黨,19568,8.76,Y
2018,議員,區域,臺北市,臺北市第03選區,9,葉智遠,1,台灣團結聯盟,872,0.39,N
2018,議員,區域,臺北市,臺北市第03選區,10,吳崢,1,時代力量,11246,5.03,N
2018,議員,區域,臺北市,臺北市第03選區,11,徐巧芯,2,中國國民黨,22929,10.26,Y
2018,議員,區域,臺北市,臺北市第03選區,12,邱威傑,1,無黨籍及未經政黨推薦,11786,5.27,Y
2018,議員,區域,臺北市,臺北市第03選區,13,蕭赫麟,1,新政世紀黨,152,0.06,N
2018,議員,區域,臺北市,臺北市第03選區,14,戴錫欽,1,中國國民黨,15102,6.76,Y
2018,議員,區域,臺北市,臺北市第03選區,15,李茂榮,1,無黨籍及未經政黨推薦,705,0.31,N
2018,議員,區域,臺北市,臺北市第03選區,16,王鴻薇,2,中國國民黨,25508,11.42,Y
2018,議員,區域,臺北市,臺北市第03選區,17,許家蓓,2,民主進步黨,14132,6.32,Y
2018,議員,區域,臺北市,臺北市第03選區,18,王正德,1,中國國民黨,11501,5.15,N
2018,議員,區域,臺北市,臺北市第03選區,19,林柏勛,1,樹黨,1439,0.64,N
2018,議員,區域,臺北市,臺北市第03選區,20,張茂楠,1,民主進步黨,15658,7.01,Y
2018,議員,區域,臺北市,臺北市第03選區,21,洪士奇,1,親民黨,10868,4.86,N
2018,議員,區域,臺北市,臺北市第04選區,1,蘇恆,2,新黨,6553,3.54,N
2018,議員,區域,臺北市,臺北市第04選區,2,杜彩菊,2,無黨籍及未經政黨推薦,287,0.15,N
2018,議員,區域,臺北市,臺北市第04選區,3,潘翰疆,1,樹黨,1743,0.94,N
2018,議員,區域,臺北市,臺北市第04選區,4,梁文傑,1,民主進步黨,17827,9.63,Y
2018,議員,區域,臺北市,臺北市第04選區,5,林婕麗,2,無黨籍及未經政黨推薦,4330,2.34,N
2018,議員,區域,臺北市,臺北市第04選區,6,林亭君,2,中國國民黨,13981,7.55,N
2018,議員,區域,臺北市,臺北市第04選區,7,林亮君,2,時代力量,18256,9.87,Y
2018,議員,區域,臺北市,臺北市第04選區,8,陳怡君,2,民主進步黨,15136,8.18,Y
2018,議員,區域,臺北市,臺北市第04選區,9,黃麗香,2,無黨籍及未經政黨推薦,348,0.18,N
2018,議員,區域,臺北市,臺北市第04選區,10,林國成,1,親民黨,14706,7.95,Y
2018,議員,區域,臺北市,臺北市第04選區,11,葉林傳,1,中國國民黨,17830,9.64,Y
2018,議員,區域,臺北市,臺北市第04選區,12,王浩,1,中國國民黨,16751,9.05,Y
2018,議員,區域,臺北市,臺北市第04選區,13,楊仟慧,2,公民黨,845,0.45,N
2018,議員,區域,臺北市,臺北市第04選區,14,顏若芳,2,民主進步黨,14471,7.82,N
2018,議員,區域,臺北市,臺北市第04選區,15,王世堅,1,民主進步黨,18945,10.24,Y
2018,議員,區域,臺北市,臺北市第04選區,16,張東隆,1,無黨籍及未經政黨推薦,330,0.17,N
2018,議員,區域,臺北市,臺北市第04選區,17,王鴻芸,2,中華民族致公黨,372,0.2,N
2018,議員,區域,臺北市,臺北市第04選區,18,陳炳甫,1,中國國民黨,22223,12.01,Y
2018,議員,區域,臺北市,臺北市第05選區,1,龔偉綸,1,無黨籍及未經政黨推薦,293,0.16,N
2018,議員,區域,臺北市,臺北市第05選區,2,伍大辰,1,無黨籍及未經政黨推薦,401,0.22,N
2018,議員,區域,臺北市,臺北市第05選區,3,張榮法,1,新黨,5615,3.13,N
2018,議員,區域,臺北市,臺北市第05選區,4,葉海瑞,1,無黨籍及未經政黨推薦,1404,0.78,N
2018,議員,區域,臺北市,臺北市第05選區,5,吳沛憶,2,民主進步黨,22281,12.43,Y
2018,議員,區域,臺北市,臺北市第05選區,6,曾勁元,1,無黨籍及未經政黨推薦,371,0.2,N
2018,議員,區域,臺北市,臺北市第05選區,7,楊時睿,1,無黨籍及未經政黨推薦,1030,0.57,N
2018,議員,區域,臺北市,臺北市第05選區,8,張秀葉,2,中國民主進步黨,286,0.15,N
2018,議員,區域,臺北市,臺北市第05選區,9,蔡宜珊,2,無黨籍及未經政黨推薦,1847,1.03,N
2018,議員,區域,臺北市,臺北市第05選區,10,吳志剛,1,中國國民黨,14930,8.33,Y
2018,議員,區域,臺北市,臺北市第05選區,11,應曉薇,2,中國國民黨,15029,8.38,Y
2018,議員,區域,臺北市,臺北市第05選區,12,顏聖冠,2,民主進步黨,13090,7.3,N
2018,議員,區域,臺北市,臺北市第05選區,13,劉耀仁,1,民主進步黨,13474,7.52,Y
2018,議員,區域,臺北市,臺北市第05選區,14,鍾小平,1,中國國民黨,23790,13.27,Y
2018,議員,區域,臺北市,臺北市第05選區,15,徐立信,1,無黨籍及未經政黨推薦,24287,13.55,Y
2018,議員,區域,臺北市,臺北市第05選區,16,許菡芸,2,社會民主黨,5898,3.29,N
2018,議員,區域,臺北市,臺北市第05選區,17,周威佑,1,民主進步黨,13268,7.4,Y
2018,議員,區域,臺北市,臺北市第05選區,18,陳婕瑄,2,無黨籍及未經政黨推薦,595,0.33,N
2018,議員,區域,臺北市,臺北市第05選區,19,郭昭巖,2,中國國民黨,21276,11.87,Y
2018,議員,區域,臺北市,臺北市第06選區,1,阮昭雄,1,民主進步黨,11762,3.98,Y
2018,議員,區域,臺北市,臺北市第06選區,2,周柏雅,1,民主進步黨,9218,3.12,N
2018,議員,區域,臺北市,臺北市第06選區,3,李志恒,1,無黨籍及未經政黨推薦,466,0.15,N
2018,議員,區域,臺北市,臺北市第06選區,4,李克焜,1,愛心黨,115,0.03,N
2018,議員,區域,臺北市,臺北市第06選區,5,王欣儀,2,中國國民黨,11990,4.06,Y
2018,議員,區域,臺北市,臺北市第06選區,6,李柏毅,1,中國國民黨,29615,10.03,Y
2018,議員,區域,臺北市,臺北市第06選區,7,簡舒培,2,民主進步黨,17874,6.05,Y
2018,議員,區域,臺北市,臺北市第06選區,8,苗博雅,2,社會民主黨,18539,6.28,Y
2018,議員,區域,臺北市,臺北市第06選區,9,王閔生,1,民主進步黨,12954,4.39,Y
2018,議員,區域,臺北市,臺北市第06選區,10,陳彥伯,1,新黨,6073,2.05,N
2018,議員,區域,臺北市,臺北市第06選區,11,李慶元,1,無黨籍及未經政黨推薦,13097,4.43,Y
2018,議員,區域,臺北市,臺北市第06選區,12,鄭建炘,1,無黨籍及未經政黨推薦,233,0.07,N
2018,議員,區域,臺北市,臺北市第06選區,13,徐弘庭,1,中國國民黨,21832,7.4,Y
2018,議員,區域,臺北市,臺北市第06選區,14,王致雅,2,無黨籍及未經政黨推薦,9559,3.24,N
2018,議員,區域,臺北市,臺北市第06選區,15,蕭瑞麟,1,無黨籍及未經政黨推薦,869,0.29,N
2018,議員,區域,臺北市,臺北市第06選區,16,羅智強,1,中國國民黨,40391,13.69,Y
2018,議員,區域,臺北市,臺北市第06選區,17,耿葳,2,中國國民黨,17042,5.77,Y
2018,議員,區域,臺北市,臺北市第06選區,18,林穎孟,2,時代力量,11982,4.06,Y
2018,議員,區域,臺北市,臺北市第06選區,19,李慶鋒,1,民主進步黨,11268,3.81,N
2018,議員,區域,臺北市,臺北市第06選區,20,黃德北,1,左翼聯盟,1216,0.41,N
2018,議員,區域,臺北市,臺北市第06選區,21,歐陽龍,1,中國國民黨,10635,3.6,N
2018,議員,區域,臺北市,臺北市第06選區,22,張凱鈞,1,無黨籍及未經政黨推薦,3394,1.15,N
2018,議員,區域,臺北市,臺北市第06選區,23,鍾沛君,2,中國國民黨,19116,6.47,Y
2018,議員,區域,臺北市,臺北市第06選區,24,陳錦祥,1,中國國民黨,13971,4.73,Y
2018,議員,區域,臺北市,臺北市第06選區,25,林逸萍,2,樹黨,1805,0.61,N
2018,議員,區域,新北市,新北市第01選區,1,呂孫福,1,民主進步黨,15072,12.34,N
2018,議員,區域,新北市,新北市第01選區,2,呂鈞鴻,1,無黨籍及未經政黨推薦,1170,0.95,N
2018,議員,區域,新北市,新北市第01選區,3,鄭宇恩,2,民主進步黨,29004,23.76,Y
2018,議員,區域,新北市,新北市第01選區,4,蔡錦賢,1,無黨團結聯盟,22096,18.1,Y
2018,議員,區域,新北市,新北市第01選區,5,鄭戴麗香,2,中國國民黨,23074,18.9,Y
2018,議員,區域,新北市,新北市第01選區,6,陳靜儀,2,無黨籍及未經政黨推薦,2147,1.75,N
2018,議員,區域,新北市,新北市第01選區,7,陳偉杰,1,中國國民黨,29491,24.16,Y
2018,議員,區域,新北市,新北市第02選區,1,張舒婷,2,基進黨,3444,1.02,N
2018,議員,區域,新北市,新北市第02選區,2,宋明宗,1,中國國民黨,20672,6.15,Y
2018,議員,區域,新北市,新北市第02選區,3,陳明義,1,中國國民黨,34895,10.38,Y
2018,議員,區域,新北市,新北市第02選區,4,鍾宏仁,1,民主進步黨,21500,6.4,Y
2018,議員,區域,新北市,新北市第02選區,5,張志宏,1,無黨籍及未經政黨推薦,9383,2.79,N
2018,議員,區域,新北市,新北市第02選區,6,何淑峯,2,民主進步黨,17918,5.33,Y
2018,議員,區域,新北市,新北市第02選區,7,蔡健棠,1,中國國民黨,25195,7.5,Y
2018,議員,區域,新北市,新北市第02選區,8,賈伯楷,1,綠黨,5324,1.58,N
2018,議員,區域,新北市,新北市第02選區,9,陳科名,1,民主進步黨,19245,5.72,Y
2018,議員,區域,新北市,新北市第02選區,10,張晉婷,2,無黨籍及未經政黨推薦,9045,2.69,N
2018,議員,區域,新北市,新北市第02選區,11,蔡淑君,2,中國國民黨,38004,11.31,Y
2018,議員,區域,新北市,新北市第02選區,12,胡世和,1,無黨籍及未經政黨推薦,2996,0.89,N
2018,議員,區域,新北市,新北市第02選區,13,唐聖捷,1,時代力量,13929,4.14,N
2018,議員,區域,新北市,新北市第02選區,14,蔣根煌,1,中國國民黨,25951,7.72,Y
2018,議員,區域,新北市,新北市第02選區,15,林一郎,1,無黨籍及未經政黨推薦,397,0.11,N
2018,議員,區域,新北市,新北市第02選區,16,黃林玲玲,2,中國國民黨,17941,5.34,Y
2018,議員,區域,新北市,新北市第02選區,17,施嘉榮,1,無黨籍及未經政黨推薦,13001,3.87,N
2018,議員,區域,新北市,新北市第02選區,18,賴秋媚,2,民主進步黨,18977,5.64,Y
2018,議員,區域,新北市,新北市第02選區,19,林麗容,2,正黨,281,0.08,N
2018,議員,區域,新北市,新北市第02選區,20,陳文治,1,民主進步黨,22385,6.66,Y
2018,議員,區域,新北市,新北市第02選區,21,劉欣宜,2,無黨籍及未經政黨推薦,13601,4.04,N
2018,議員,區域,新北市,新北市第02選區,22,黃偉榮,1,無黨籍及未經政黨推薦,269,0.08,N
2018,議員,區域,新北市,新北市第02選區,23,朱約翰,1,無黨籍及未經政黨推薦,118,0.03,N
2018,議員,區域,新北市,新北市第02選區,24,張中韋,1,無黨籍及未經政黨推薦,1418,0.42,N
2018,議員,區域,新北市,新北市第03選區,1,翁麗淑,2,無黨籍及未經政黨推薦,8542,2.9,N
2018,議員,區域,新北市,新北市第03選區,2,王威元,1,中國國民黨,34543,11.75,Y
2018,議員,區域,新北市,新北市第03選區,3,董俊良,1,新黨,1040,0.35,N
2018,議員,區域,新北市,新北市第03選區,4,黃桂蘭,2,中國國民黨,30042,10.22,Y
2018,議員,區域,新北市,新北市第03選區,5,彭佳芸,2,無黨籍及未經政黨推薦,28641,9.74,Y
2018,議員,區域,新北市,新北市第03選區,6,蔡明堂,1,中國國民黨,24955,8.49,Y
2018,議員,區域,新北市,新北市第03選區,7,邱婷蔚,2,民主進步黨,18575,6.32,N
2018,議員,區域,新北市,新北市第03選區,8,陳志明,1,時代力量,13707,4.66,N
2018,議員,區域,新北市,新北市第03選區,9,李余典,1,民主進步黨,23766,8.08,Y
2018,議員,區域,新北市,新北市第03選區,10,李翁月娥,2,無黨籍及未經政黨推薦,30566,10.4,Y
2018,議員,區域,新北市,新北市第03選區,11,李坤城,1,民主進步黨,23227,7.9,Y
2018,議員,區域,新北市,新北市第03選區,12,李倩萍,2,民主進步黨,22142,7.53,Y
2018,議員,區域,新北市,新北市第03選區,13,陳啟能,1,民主進步黨,22100,7.52,Y
2018,議員,區域,新北市,新北市第03選區,14,顏群晃,1,無黨籍及未經政黨推薦,3286,1.11,N
2018,議員,區域,新北市,新北市第03選區,15,林永鴻,1,民主進步黨,8645,2.94,N
2018,議員,區域,新北市,新北市第04選區,1,黃俊哲,1,民主進步黨,21049,7.43,Y
2018,議員,區域,新北市,新北市第04選區,2,葉元之,1,中國國民黨,31043,10.95,Y
2018,議員,區域,新北市,新北市第04選區,3,林國春,1,中國國民黨,35830,12.64,Y
2018,議員,區域,新北市,新北市第04選區,4,何博文,1,民主進步黨,26508,9.35,Y
2018,議員,區域,新北市,新北市第04選區,5,吳炳輝,1,無黨籍及未經政黨推薦,1842,0.65,N
2018,議員,區域,新北市,新北市第04選區,6,彭盛韶,1,時代力量,16244,5.73,N
2018,議員,區域,新北市,新北市第04選區,7,丁睿昇,1,無黨籍及未經政黨推薦,5508,1.94,N
2018,議員,區域,新北市,新北市第04選區,8,阮橋本,1,無黨籍及未經政黨推薦,5650,1.99,N
2018,議員,區域,新北市,新北市第04選區,9,張淑惠,2,無黨籍及未經政黨推薦,6178,2.18,N
2018,議員,區域,新北市,新北市第04選區,10,戴瑋姍,2,民主進步黨,26193,9.24,Y
2018,議員,區域,新北市,新北市第04選區,11,王汝聰,1,新黨,710,0.25,N
2018,議員,區域,新北市,新北市第04選區,12,劉美芳,2,中國國民黨,21263,7.5,Y
2018,議員,區域,新北市,新北市第04選區,13,李婉鈺,2,無黨籍及未經政黨推薦,9279,3.27,N
2018,議員,區域,新北市,新北市第04選區,14,廖裕德,1,無黨籍及未經政黨推薦,11724,4.13,N
2018,議員,區域,新北市,新北市第04選區,15,周勝考,1,中國國民黨,18962,6.69,Y
2018,議員,區域,新北市,新北市第04選區,16,曾煥嘉,1,中國國民黨,19300,6.81,Y
2018,議員,區域,新北市,新北市第04選區,17,石一佑,2,民主進步黨,9469,3.34,N
2018,議員,區域,新北市,新北市第04選區,18,王淑慧,2,民主進步黨,16532,5.83,Y
2018,議員,區域,新北市,新北市第05選區,1,金瑞龍,1,中國國民黨,42673,19.77,Y
2018,議員,區域,新北市,新北市第05選區,2,張祐銓,1,時代力量,16683,7.72,N
2018,議員,區域,新北市,新北市第05選區,3,蔡明璋,1,新黨,4325,2,N
2018,議員,區域,新北市,新北市第05選區,4,蔡宗霖,1,無黨籍及未經政黨推薦,944,0.43,N
2018,議員,區域,新北市,新北市第05選區,5,張志豪,1,民主進步黨,22515,10.43,Y
2018,議員,區域,新北市,新北市第05選區,6,游輝宂,1,無黨團結聯盟,19457,9.01,Y
2018,議員,區域,新北市,新北市第05選區,7,陳錦錠,2,中國國民黨,36988,17.13,Y
2018,議員,區域,新北市,新北市第05選區,8,林秀惠,2,民主進步黨,17873,8.28,N
2018,議員,區域,新北市,新北市第05選區,9,張維倩,2,民主進步黨,23844,11.04,Y
2018,議員,區域,新北市,新北市第05選區,10,邱烽堯,1,中國國民黨,30529,14.14,Y
2018,議員,區域,新北市,新北市第06選區,1,許昭興,2,民主進步黨,20789,18.07,N
2018,議員,區域,新北市,新北市第06選區,2,連斐璠,2,中國國民黨,38520,33.49,Y
2018,議員,區域,新北市,新北市第06選區,3,陳鴻源,1,中國國民黨,33812,29.39,Y
2018,議員,區域,新北市,新北市第06選區,4,羅文崇,1,民主進步黨,21895,19.03,Y
2018,議員,區域,新北市,新北市第07選區,1,江怡臻,2,中國國民黨,42582,14.2,Y
2018,議員,區域,新北市,新北市第07選區,2,王明麗,2,中國國民黨,17111,5.7,N
2018,議員,區域,新北市,新北市第07選區,3,曾進益,1,民主進步黨,16979,5.66,N
2018,議員,區域,新北市,新北市第07選區,4,歐金獅,1,無黨籍及未經政黨推薦,11151,3.72,N
2018,議員,區域,新北市,新北市第07選區,5,鄭志宏,1,民主進步黨,7538,2.51,N
2018,議員,區域,新北市,新北市第07選區,6,高敏慧,2,民主進步黨,17284,5.76,Y
2018,議員,區域,新北市,新北市第07選區,7,洪佳君,2,中國國民黨,38028,12.68,Y
2018,議員,區域,新北市,新北市第07選區,8,廖宜琨,1,民主進步黨,22975,7.66,Y
2018,議員,區域,新北市,新北市第07選區,9,彭成龍,1,民主進步黨,17715,5.91,Y
2018,議員,區域,新北市,新北市第07選區,10,蘇泓欽,1,無黨籍及未經政黨推薦,19824,6.61,Y
2018,議員,區域,新北市,新北市第07選區,11,張昭隆,1,無黨籍及未經政黨推薦,1488,0.49,N
2018,議員,區域,新北市,新北市第07選區,12,黃永昌,1,中國國民黨,21321,7.11,Y
2018,議員,區域,新北市,新北市第07選區,13,林銘仁,1,民主進步黨,21505,7.17,Y
2018,議員,區域,新北市,新北市第07選區,14,林金結,1,中國國民黨,25788,8.6,Y
2018,議員,區域,新北市,新北市第07選區,15,陳世榮,1,無黨籍及未經政黨推薦,18453,6.15,Y
2018,議員,區域,新北市,新北市第08選區,1,劉哲彰,1,中國國民黨,35359,19.45,Y
2018,議員,區域,新北市,新北市第08選區,2,曾柏瑜,2,時代力量,17734,9.75,N
2018,議員,區域,新北市,新北市第08選區,3,金中玉,1,無黨籍及未經政黨推薦,25210,13.86,Y
2018,議員,區域,新北市,新北市第08選區,4,陳永福,1,民主進步黨,29756,16.36,Y
2018,議員,區域,新北市,新北市第08選區,5,吳柏瑋,1,樹黨,1780,0.97,N
2018,議員,區域,新北市,新北市第08選區,6,廖筱清,2,民主進步黨,13837,7.61,N
2018,議員,區域,新北市,新北市第08選區,7,唐慧琳,2,中國國民黨,33234,18.28,Y
2018,議員,區域,新北市,新北市第08選區,8,陳儀君,2,中國國民黨,24880,13.68,Y
2018,議員,區域,新北市,新北市第09選區,1,李仁林,1,中國國民黨,12378,34.58,N
2018,議員,區域,新北市,新北市第09選區,2,謝簡,1,中華民國國政監督聯盟,1195,3.33,N
2018,議員,區域,新北市,新北市第09選區,3,林裔綺,2,民主進步黨,22220,62.07,Y
2018,議員,區域,新北市,新北市第10選區,1,黃瑞傳,1,無黨籍及未經政黨推薦,1911,1.59,N
2018,議員,區域,新北市,新北市第10選區,2,白珮茹,2,中國國民黨,32605,27.24,Y
2018,議員,區域,新北市,新北市第10選區,3,張錦豪,1,民主進步黨,19028,15.9,Y
2018,議員,區域,新北市,新北市第10選區,4,黃智姍,2,時代力量,12024,10.04,N
2018,議員,區域,新北市,新北市第10選區,5,廖先翔,1,中國國民黨,28204,23.57,Y
2018,議員,區域,新北市,新北市第10選區,6,唐瓔庭,1,無黨籍及未經政黨推薦,3877,3.24,N
2018,議員,區域,新北市,新北市第10選區,7,李忠寶,1,無黨籍及未經政黨推薦,1263,1.05,N
2018,議員,區域,新北市,新北市第10選區,8,周雅玲,2,民主進步黨,20746,17.33,Y
2018,議員,區域,桃園市,桃園市第01選區,1,袁慧心,2,無黨籍及未經政黨推薦,4206,2.22,N
2018,議員,區域,桃園市,桃園市第01選區,2,李柏瑟,2,民主進步黨,7370,3.89,N
2018,議員,區域,桃園市,桃園市第01選區,3,羅岳峰,1,綠黨,6725,3.54,N
2018,議員,區域,桃園市,桃園市第01選區,4,黃家齊,1,民主進步黨,7559,3.99,Y
2018,議員,區域,桃園市,桃園市第01選區,5,洪春健,1,無黨籍及未經政黨推薦,1269,0.66,N
2018,議員,區域,桃園市,桃園市第01選區,6,李光達,1,民主進步黨,11566,6.1,Y
2018,議員,區域,桃園市,桃園市第01選區,7,林政賢,1,中國國民黨,14362,7.58,Y
2018,議員,區域,桃園市,桃園市第01選區,8,邱素芬,2,民主進步黨,6843,3.61,N
2018,議員,區域,桃園市,桃園市第01選區,9,簡智翔,1,時代力量,8481,4.47,Y
2018,議員,區域,桃園市,桃園市第01選區,10,黃成峻,1,無黨籍及未經政黨推薦,4100,2.16,N
2018,議員,區域,桃園市,桃園市第01選區,11,黃永鎮,1,民主進步黨,5365,2.83,N
2018,議員,區域,桃園市,桃園市第01選區,12,陳美梅,2,中國國民黨,13232,6.98,Y
2018,議員,區域,桃園市,桃園市第01選區,13,李曉鐘,1,中國國民黨,11030,5.82,Y
2018,議員,區域,桃園市,桃園市第01選區,14,邱德順,1,無黨籍及未經政黨推薦,4217,2.22,N
2018,議員,區域,桃園市,桃園市第01選區,15,黃景熙,1,民主進步黨,10616,5.6,Y
2018,議員,區域,桃園市,桃園市第01選區,16,余信憲,1,民主進步黨,10528,5.55,Y
2018,議員,區域,桃園市,桃園市第01選區,17,黃婉如,2,中國國民黨,12546,6.62,Y
2018,議員,區域,桃園市,桃園市第01選區,18,呂學培,1,無黨籍及未經政黨推薦,490,0.25,N
2018,議員,區域,桃園市,桃園市第01選區,19,萬美玲,2,中國國民黨,23901,12.61,Y
2018,議員,區域,桃園市,桃園市第01選區,20,詹江村,1,中國國民黨,10873,5.73,Y
2018,議員,區域,桃園市,桃園市第01選區,21,蘇家明,1,中國國民黨,10213,5.39,Y
2018,議員,區域,桃園市,桃園市第01選區,22,林國政,1,親民黨,3946,2.08,N
2018,議員,區域,桃園市,桃園市第02選區,1,聶哲淵,1,中國國民黨,8179,11.79,N
2018,議員,區域,桃園市,桃園市第02選區,2,林正峰,1,中國國民黨,13403,19.33,Y
2018,議員,區域,桃園市,桃園市第02選區,3,牛煦庭,1,無黨籍及未經政黨推薦,11538,16.64,Y
2018,議員,區域,桃園市,桃園市第02選區,4,李雲強,1,無黨籍及未經政黨推薦,8966,12.93,N
2018,議員,區域,桃園市,桃園市第02選區,5,林俐玲,2,民主進步黨,10016,14.44,Y
2018,議員,區域,桃園市,桃園市第02選區,6,陳雅倫,2,民主進步黨,17228,24.84,Y
2018,議員,區域,桃園市,桃園市第03選區,1,呂林小鳳,2,民主進步黨,14093,15.61,Y
2018,議員,區域,桃園市,桃園市第03選區,2,王淑惠,2,民主進步黨,3696,4.09,N
2018,議員,區域,桃園市,桃園市第03選區,3,蔡永芳,1,民主進步黨,12403,13.73,Y
2018,議員,區域,桃園市,桃園市第03選區,4,朱珍瑤,2,中國國民黨,13256,14.68,Y
2018,議員,區域,桃園市,桃園市第03選區,5,段樹文,1,無黨籍及未經政黨推薦,10654,11.8,N
2018,議員,區域,桃園市,桃園市第03選區,6,呂淑真,2,中國國民黨,12221,13.53,Y
2018,議員,區域,桃園市,桃園市第03選區,7,李國安,1,無黨籍及未經政黨推薦,4157,4.6,N
2018,議員,區域,桃園市,桃園市第03選區,8,劉茂羣,2,中國國民黨,12219,13.53,Y
2018,議員,區域,桃園市,桃園市第03選區,9,蘇世岳,1,無黨籍及未經政黨推薦,2947,3.26,N
2018,議員,區域,桃園市,桃園市第03選區,10,張文瑜,2,無黨籍及未經政黨推薦,4629,5.12,N
2018,議員,區域,桃園市,桃園市第04選區,1,吳凱琳,2,無黨籍及未經政黨推薦,3469,4.96,N
2018,議員,區域,桃園市,桃園市第04選區,2,張永奇,1,親民黨,701,1,N
2018,議員,區域,桃園市,桃園市第04選區,3,褚春來,1,中國國民黨,12364,17.69,Y
2018,議員,區域,桃園市,桃園市第04選區,4,張桂綿,2,中國國民黨,17407,24.91,Y
2018,議員,區域,桃園市,桃園市第04選區,5,郭麗華,2,民主進步黨,12545,17.95,Y
2018,議員,區域,桃園市,桃園市第04選區,6,許清順,1,民主進步黨,11403,16.32,N
2018,議員,區域,桃園市,桃園市第04選區,7,劉勝全,1,無黨籍及未經政黨推薦,11971,17.13,Y
2018,議員,區域,桃園市,桃園市第05選區,1,許朝童,1,無黨籍及未經政黨推薦,6764,15.63,N
2018,議員,區域,桃園市,桃園市第05選區,2,游吾和,1,民主進步黨,14519,33.55,Y
2018,議員,區域,桃園市,桃園市第05選區,3,徐其萬,1,中國國民黨,21982,50.8,Y
2018,議員,區域,桃園市,桃園市第06選區,1,江慶人,1,民主進步黨,4892,10.44,N
2018,議員,區域,桃園市,桃園市第06選區,2,李柏坊,1,中國國民黨,15182,32.42,Y
2018,議員,區域,桃園市,桃園市第06選區,3,葉建宜,1,無黨籍及未經政黨推薦,1159,2.47,N
2018,議員,區域,桃園市,桃園市第06選區,4,陳治文,2,民主進步黨,13718,29.29,Y
2018,議員,區域,桃園市,桃園市第06選區,5,楊朝偉,1,中國國民黨,11871,25.35,N
2018,議員,區域,桃園市,桃園市第07選區,1,張運炳,1,無黨籍及未經政黨推薦,9712,5.17,Y
2018,議員,區域,桃園市,桃園市第07選區,2,謝柏寬,1,無黨籍及未經政黨推薦,627,0.33,N
2018,議員,區域,桃園市,桃園市第07選區,3,葉明月,2,中國國民黨,9508,5.06,N
2018,議員,區域,桃園市,桃園市第07選區,4,黃傅淑香,2,民主進步黨,9300,4.95,N
2018,議員,區域,桃園市,桃園市第07選區,5,吳嘉和,1,中國國民黨,10824,5.76,Y
2018,議員,區域,桃園市,桃園市第07選區,6,劉祐龍,1,時代力量,2753,1.46,N
2018,議員,區域,桃園市,桃園市第07選區,7,陳鈺方,2,無黨籍及未經政黨推薦,3396,1.8,N
2018,議員,區域,桃園市,桃園市第07選區,8,彭俊豪,1,民主進步黨,11328,6.03,Y
2018,議員,區域,桃園市,桃園市第07選區,9,劉邦德,1,無黨籍及未經政黨推薦,3599,1.91,N
2018,議員,區域,桃園市,桃園市第07選區,10,王浩宇,1,綠黨,16292,8.67,Y
2018,議員,區域,桃園市,桃園市第07選區,11,徐景文,1,民主進步黨,11380,6.05,Y
2018,議員,區域,桃園市,桃園市第07選區,12,張曉昀,2,民主進步黨,9092,4.84,N
2018,議員,區域,桃園市,桃園市第07選區,13,賴立竹,1,無黨籍及未經政黨推薦,2614,1.39,N
2018,議員,區域,桃園市,桃園市第07選區,14,邱奕勝,1,中國國民黨,16648,8.86,Y
2018,議員,區域,桃園市,桃園市第07選區,15,張昌章,1,民主進步黨,4553,2.42,N
2018,議員,區域,桃園市,桃園市第07選區,16,謝美英,2,無黨籍及未經政黨推薦,10227,5.44,Y
2018,議員,區域,桃園市,桃園市第07選區,17,魯明哲,1,中國國民黨,23056,12.27,Y
2018,議員,區域,桃園市,桃園市第07選區,18,梁為超,1,中國國民黨,10128,5.39,Y
2018,議員,區域,桃園市,桃園市第07選區,19,劉安祺,1,中國國民黨,10932,5.82,Y
2018,議員,區域,桃園市,桃園市第07選區,20,陳傳祥,1,無黨籍及未經政黨推薦,1976,1.05,N
2018,議員,區域,桃園市,桃園市第07選區,21,劉曾玉春,2,無黨籍及未經政黨推薦,9854,5.24,Y
2018,議員,區域,桃園市,桃園市第08選區,1,張誠,1,民國黨,6487,6.22,N
2018,議員,區域,桃園市,桃園市第08選區,2,劉仁照,1,民主進步黨,10576,10.15,Y
2018,議員,區域,桃園市,桃園市第08選區,3,歐陽霆,1,綠黨,8738,8.39,N
2018,議員,區域,桃園市,桃園市第08選區,4,王燕惠,2,民主進步黨,3144,3.01,N
2018,議員,區域,桃園市,桃園市第08選區,5,莊玉輝,1,無黨籍及未經政黨推薦,9833,9.44,Y
2018,議員,區域,桃園市,桃園市第08選區,6,楊家俍,1,民主進步黨,11111,10.67,Y
2018,議員,區域,桃園市,桃園市第08選區,7,黃敬平,1,中國國民黨,16597,15.93,Y
2018,議員,區域,桃園市,桃園市第08選區,8,謝彰文,2,中國國民黨,9792,9.4,N
2018,議員,區域,桃園市,桃園市第08選區,9,劉念雲,2,左翼聯盟,1150,1.1,N
2018,議員,區域,桃園市,桃園市第08選區,10,劉邦鉉,1,民主進步黨,2958,2.84,N
2018,議員,區域,桃園市,桃園市第08選區,11,陳萬得,1,中國國民黨,12500,12,Y
2018,議員,區域,桃園市,桃園市第08選區,12,舒翠玲,2,中國國民黨,11240,10.79,Y
2018,議員,區域,桃園市,桃園市第09選區,1,陳秀玲,2,親民黨,4002,5.31,N
2018,議員,區域,桃園市,桃園市第09選區,2,謝秀蓉,2,無黨籍及未經政黨推薦,694,0.92,N
2018,議員,區域,桃園市,桃園市第09選區,3,李家興,1,無黨籍及未經政黨推薦,10241,13.58,Y
2018,議員,區域,桃園市,桃園市第09選區,4,彭聖富,1,無黨籍及未經政黨推薦,6587,8.73,N
2018,議員,區域,桃園市,桃園市第09選區,5,鄭淑方,2,民主進步黨,9999,13.26,Y
2018,議員,區域,桃園市,桃園市第09選區,6,周玉琴,2,中國國民黨,13828,18.34,Y
2018,議員,區域,桃園市,桃園市第09選區,7,涂權吉,1,中國國民黨,15721,20.85,Y
2018,議員,區域,桃園市,桃園市第09選區,8,陳儀桓,1,民主進步黨,8216,10.9,N
2018,議員,區域,桃園市,桃園市第09選區,9,黃朱秀娥,2,無黨籍及未經政黨推薦,4633,6.14,N
2018,議員,區域,桃園市,桃園市第09選區,10,張鑑輝,1,無黨籍及未經政黨推薦,1446,1.91,N
2018,議員,區域,桃園市,桃園市第10選區,1,徐玉樹,1,中國國民黨,11784,20.3,Y
2018,議員,區域,桃園市,桃園市第10選區,2,羅中隆,1,無黨籍及未經政黨推薦,216,0.37,N
2018,議員,區域,桃園市,桃園市第10選區,3,張肇良,1,民主進步黨,9843,16.95,N
2018,議員,區域,桃園市,桃園市第10選區,4,劉熒隆,1,無黨籍及未經政黨推薦,11046,19.03,Y
2018,議員,區域,桃園市,桃園市第10選區,5,魏筠,2,民主進步黨,9360,16.12,N
2018,議員,區域,桃園市,桃園市第10選區,6,沈佩玲,2,無黨籍及未經政黨推薦,2919,5.02,N
2018,議員,區域,桃園市,桃園市第10選區,7,廖威森,1,無黨籍及未經政黨推薦,370,0.63,N
2018,議員,區域,桃園市,桃園市第10選區,8,游良福,1,無黨籍及未經政黨推薦,306,0.52,N
2018,議員,區域,桃園市,桃園市第10選區,9,林昭賢,1,中國國民黨,12195,21.01,Y
2018,議員,區域,桃園市,桃園市第11選區,1,陳睿生,1,民主進步黨,10057,35.84,N
2018,議員,區域,桃園市,桃園市第11選區,2,邱佳亮,1,無黨籍及未經政黨推薦,11950,42.59,Y
2018,議員,區域,桃園市,桃園市第11選區,3,徐同治,1,無黨籍及未經政黨推薦,6051,21.56,N
2018,議員,區域,桃園市,桃園市第12選區,1,戴兆華,1,無黨籍及未經政黨推薦,4813,14.56,N
2018,議員,區域,桃園市,桃園市第12選區,2,歐炳辰,1,無黨籍及未經政黨推薦,9827,29.74,Y
2018,議員,區域,桃園市,桃園市第12選區,3,吳宗憲,1,民主進步黨,7716,23.35,Y
2018,議員,區域,桃園市,桃園市第12選區,4,江承洲,1,中國國民黨,3637,11,N
2018,議員,區域,桃園市,桃園市第12選區,5,郭蔡美英,2,民主進步黨,7047,21.32,N
2018,議員,區域,臺中市,臺中市第01選區,1,楊啓邦,1,中國國民黨,14373,20.07,N
2018,議員,區域,臺中市,臺中市第01選區,2,施志昌,1,民主進步黨,18013,25.16,Y
2018,議員,區域,臺中市,臺中市第01選區,3,陳献宗,1,無黨籍及未經政黨推薦,1465,2.04,N
2018,議員,區域,臺中市,臺中市第01選區,4,吳敏濟,1,民主進步黨,18885,26.37,Y
2018,議員,區域,臺中市,臺中市第01選區,5,李榮鴻,1,中國國民黨,18855,26.33,Y
2018,議員,區域,臺中市,臺中市第02選區,1,洪麗華,2,無黨籍及未經政黨推薦,1043,0.82,N
2018,議員,區域,臺中市,臺中市第02選區,2,王立任,1,民主進步黨,14616,11.58,N
2018,議員,區域,臺中市,臺中市第02選區,3,吳宜昌,1,無黨籍及未經政黨推薦,3851,3.05,N
2018,議員,區域,臺中市,臺中市第02選區,4,陳奇勲,1,無黨籍及未經政黨推薦,357,0.28,N
2018,議員,區域,臺中市,臺中市第02選區,5,張清照,1,中國國民黨,22235,17.62,Y
2018,議員,區域,臺中市,臺中市第02選區,6,陳廷秀,1,無黨籍及未經政黨推薦,16416,13.01,Y
2018,議員,區域,臺中市,臺中市第02選區,7,楊典忠,1,民主進步黨,21794,17.27,Y
2018,議員,區域,臺中市,臺中市第02選區,8,尤碧鈴,2,無黨籍及未經政黨推薦,18771,14.88,Y
2018,議員,區域,臺中市,臺中市第02選區,9,顏莉敏,2,中國國民黨,27040,21.43,Y
2018,議員,區域,臺中市,臺中市第03選區,1,張家銨,2,民主進步黨,15655,14.04,Y
2018,議員,區域,臺中市,臺中市第03選區,2,林汝洲,1,中國國民黨,19767,17.73,Y
2018,議員,區域,臺中市,臺中市第03選區,3,林孟令,1,中國國民黨,23850,21.4,Y
2018,議員,區域,臺中市,臺中市第03選區,4,李順涼,1,無黨籍及未經政黨推薦,2259,2.02,N
2018,議員,區域,臺中市,臺中市第03選區,5,張正興,1,青年陽光黨,3875,3.47,N
2018,議員,區域,臺中市,臺中市第03選區,6,吳瓊華,2,中國國民黨,21753,19.52,Y
2018,議員,區域,臺中市,臺中市第03選區,7,賴怡均,2,無黨籍及未經政黨推薦,5452,4.89,N
2018,議員,區域,臺中市,臺中市第03選區,8,林國佑,1,無黨籍及未經政黨推薦,5819,5.22,N
2018,議員,區域,臺中市,臺中市第03選區,9,陳世凱,1,民主進步黨,13007,11.67,Y
2018,議員,區域,臺中市,臺中市第04選區,1,陳清龍,1,無黨籍及未經政黨推薦,22049,18.44,Y
2018,議員,區域,臺中市,臺中市第04選區,2,張瀞分,2,中國國民黨,20867,17.45,Y
2018,議員,區域,臺中市,臺中市第04選區,3,劉劍鋒,1,台灣整復師聯盟工黨,345,0.28,N
2018,議員,區域,臺中市,臺中市第04選區,4,陳本添,1,中國國民黨,15569,13.02,Y
2018,議員,區域,臺中市,臺中市第04選區,5,王朝坤,1,無黨籍及未經政黨推薦,13855,11.58,Y
2018,議員,區域,臺中市,臺中市第04選區,6,劉厚承,1,民主進步黨,12650,10.57,N
2018,議員,區域,臺中市,臺中市第04選區,7,賴同一,1,無黨籍及未經政黨推薦,4850,4.05,N
2018,議員,區域,臺中市,臺中市第04選區,8,謝志忠,1,民主進步黨,16714,13.97,Y
2018,議員,區域,臺中市,臺中市第04選區,9,翁美春,2,民主進步黨,12670,10.59,N
2018,議員,區域,臺中市,臺中市第05選區,1,林義偉,1,民主進步黨,12041,8.64,N
2018,議員,區域,臺中市,臺中市第05選區,2,徐瑄灃,2,無黨籍及未經政黨推薦,13837,9.92,Y
2018,議員,區域,臺中市,臺中市第05選區,3,蕭隆澤,1,民主進步黨,13836,9.92,Y
2018,議員,區域,臺中市,臺中市第05選區,4,周永鴻,1,民主進步黨,13744,9.86,Y
2018,議員,區域,臺中市,臺中市第05選區,5,張雅旻,2,民主進步黨,8208,5.89,N
2018,議員,區域,臺中市,臺中市第05選區,6,吳顯森,1,中國國民黨,19315,13.86,Y
2018,議員,區域,臺中市,臺中市第05選區,7,蔣政要,1,無黨籍及未經政黨推薦,10620,7.62,N
2018,議員,區域,臺中市,臺中市第05選區,8,張立傑,1,無黨籍及未經政黨推薦,11481,8.23,N
2018,議員,區域,臺中市,臺中市第05選區,9,賴朝國,1,中國國民黨,20785,14.91,Y
2018,議員,區域,臺中市,臺中市第05選區,10,羅永珍,2,中國國民黨,15486,11.11,Y
2018,議員,區域,臺中市,臺中市第06選區,1,簡嘉佑,1,時代力量,7260,6.62,N
2018,議員,區域,臺中市,臺中市第06選區,2,黃馨慧,2,中國國民黨,22263,20.3,Y
2018,議員,區域,臺中市,臺中市第06選區,3,張廖乃綸,2,中國國民黨,18306,16.69,Y
2018,議員,區域,臺中市,臺中市第06選區,4,黃淑芬,2,民主進步黨,5017,4.57,N
2018,議員,區域,臺中市,臺中市第06選區,5,楊正中,1,中國國民黨,21222,19.35,Y
2018,議員,區域,臺中市,臺中市第06選區,6,林祈烽,1,民主進步黨,13930,12.7,Y
2018,議員,區域,臺中市,臺中市第06選區,7,陳淑華,2,民主進步黨,17168,15.65,Y
2018,議員,區域,臺中市,臺中市第06選區,8,童葦翎,2,無黨籍及未經政黨推薦,4478,4.08,N
2018,議員,區域,臺中市,臺中市第07選區,1,何文海,1,民主進步黨,11555,13.9,Y
2018,議員,區域,臺中市,臺中市第07選區,2,朱暖英,2,中國國民黨,19850,23.87,Y
2018,議員,區域,臺中市,臺中市第07選區,3,吳佩芸,2,時代力量,11546,13.88,N
2018,議員,區域,臺中市,臺中市第07選區,4,魏佩瑩,2,無黨籍及未經政黨推薦,2876,3.45,N
2018,議員,區域,臺中市,臺中市第07選區,5,張耀中,1,民主進步黨,13766,16.56,Y
2018,議員,區域,臺中市,臺中市第07選區,6,阮啓平,1,無黨籍及未經政黨推薦,2992,3.59,N
2018,議員,區域,臺中市,臺中市第07選區,7,劉士州,1,中國國民黨,20541,24.71,Y
2018,議員,區域,臺中市,臺中市第08選區,1,簡孟軒,1,信心希望聯盟,5083,3.75,N
2018,議員,區域,臺中市,臺中市第08選區,2,蕭小芳,2,無黨籍及未經政黨推薦,605,0.44,N
2018,議員,區域,臺中市,臺中市第08選區,3,沈佑蓮,2,中國國民黨,27795,20.52,Y
2018,議員,區域,臺中市,臺中市第08選區,4,姜賢晟,1,無黨籍及未經政黨推薦,496,0.36,N
2018,議員,區域,臺中市,臺中市第08選區,5,苗豐隆,1,無黨籍及未經政黨推薦,64,0.04,N
2018,議員,區域,臺中市,臺中市第08選區,6,曾朝榮,1,民主進步黨,18453,13.62,Y
2018,議員,區域,臺中市,臺中市第08選區,7,蔡雅玲,2,民主進步黨,9761,7.2,N
2018,議員,區域,臺中市,臺中市第08選區,8,賴順仁,1,中國國民黨,13165,9.72,Y
2018,議員,區域,臺中市,臺中市第08選區,9,楊欣怡,2,無黨籍及未經政黨推薦,5659,4.17,N
2018,議員,區域,臺中市,臺中市第08選區,10,陳錡湋,1,無黨籍及未經政黨推薦,180,0.13,N
2018,議員,區域,臺中市,臺中市第08選區,11,許皓甯,1,時代力量,5332,3.93,N
2018,議員,區域,臺中市,臺中市第08選區,12,陳成添,1,中國國民黨,19162,14.15,Y
2018,議員,區域,臺中市,臺中市第08選區,13,謝明源,1,民主進步黨,11450,8.45,Y
2018,議員,區域,臺中市,臺中市第08選區,14,許維智,1,無黨籍及未經政黨推薦,3000,2.21,N
2018,議員,區域,臺中市,臺中市第08選區,15,黃健豪,1,中國國民黨,11915,8.79,Y
2018,議員,區域,臺中市,臺中市第08選區,16,邱于珊,2,親民黨,3293,2.43,N
2018,議員,區域,臺中市,臺中市第09選區,1,江秉彝,1,信心希望聯盟,1538,2.06,N
2018,議員,區域,臺中市,臺中市第09選區,2,賴佳微,2,民主進步黨,15263,20.47,Y
2018,議員,區域,臺中市,臺中市第09選區,3,游金隆,1,無黨籍及未經政黨推薦,3799,5.09,N
2018,議員,區域,臺中市,臺中市第09選區,4,范淞育,1,民主進步黨,11419,15.32,N
2018,議員,區域,臺中市,臺中市第09選區,5,陳文政,1,中國國民黨,20598,27.63,Y
2018,議員,區域,臺中市,臺中市第09選區,6,陳政顯,1,中國國民黨,16904,22.68,Y
2018,議員,區域,臺中市,臺中市第09選區,7,何語蓉,2,無黨籍及未經政黨推薦,5008,6.71,N
2018,議員,區域,臺中市,臺中市第10選區,1,吳光中,1,無黨籍及未經政黨推薦,838,1.24,N
2018,議員,區域,臺中市,臺中市第10選區,2,陳駿霖,1,中國國民黨,10517,15.63,N
2018,議員,區域,臺中市,臺中市第10選區,3,江肇國,1,民主進步黨,15427,22.92,Y
2018,議員,區域,臺中市,臺中市第10選區,4,柯貞竹,2,無黨籍及未經政黨推薦,4678,6.95,N
2018,議員,區域,臺中市,臺中市第10選區,5,李國禎,1,時代力量,6581,9.78,N
2018,議員,區域,臺中市,臺中市第10選區,6,張彥彤,1,中國國民黨,16043,23.84,Y
2018,議員,區域,臺中市,臺中市第10選區,7,黃守達,1,民主進步黨,13198,19.61,Y
2018,議員,區域,臺中市,臺中市第11選區,1,羅廷瑋,1,中國國民黨,19819,18.77,Y
2018,議員,區域,臺中市,臺中市第11選區,2,鄭功進,1,民主進步黨,12954,12.27,Y
2018,議員,區域,臺中市,臺中市第11選區,3,賴曉亭,2,中國國民黨,9579,9.07,N
2018,議員,區域,臺中市,臺中市第11選區,4,李中,1,中國國民黨,19090,18.08,Y
2018,議員,區域,臺中市,臺中市第11選區,5,刁予弘,2,無黨籍及未經政黨推薦,722,0.68,N
2018,議員,區域,臺中市,臺中市第11選區,6,邱素貞,2,民主進步黨,11631,11.01,Y
2018,議員,區域,臺中市,臺中市第11選區,7,廖國銘,1,無黨籍及未經政黨推薦,5004,4.74,N
2018,議員,區域,臺中市,臺中市第11選區,8,吳品儀,2,無黨籍及未經政黨推薦,4157,3.93,N
2018,議員,區域,臺中市,臺中市第11選區,9,何敏誠,1,民主進步黨,10652,10.09,Y
2018,議員,區域,臺中市,臺中市第11選區,10,李婉如,2,無黨籍及未經政黨推薦,3614,3.42,N
2018,議員,區域,臺中市,臺中市第11選區,11,林學冠,1,無黨籍及未經政黨推薦,8328,7.89,N
2018,議員,區域,臺中市,臺中市第12選區,1,蔡耀頡,1,民主進步黨,13956,15.1,Y
2018,議員,區域,臺中市,臺中市第12選區,2,蔡春美,2,無黨籍及未經政黨推薦,603,0.65,N
2018,議員,區域,臺中市,臺中市第12選區,3,陳東林,1,無黨籍及未經政黨推薦,2805,3.03,N
2018,議員,區域,臺中市,臺中市第12選區,4,李麗華,2,中國國民黨,24763,26.8,Y
2018,議員,區域,臺中市,臺中市第12選區,5,黃文生,1,無黨籍及未經政黨推薦,8946,9.68,N
2018,議員,區域,臺中市,臺中市第12選區,6,張玉嬿,2,民主進步黨,16428,17.78,Y
2018,議員,區域,臺中市,臺中市第12選區,7,賴義鍠,1,中國國民黨,24871,26.92,Y
2018,議員,區域,臺中市,臺中市第13選區,1,段緯宇,1,親民黨,12985,9.26,Y
2018,議員,區域,臺中市,臺中市第13選區,2,林德宇,1,民主進步黨,16174,11.53,Y
2018,議員,區域,臺中市,臺中市第13選區,3,林碧秀,2,中國國民黨,23121,16.49,Y
2018,議員,區域,臺中市,臺中市第13選區,4,張滄沂,1,無黨籍及未經政黨推薦,17416,12.42,Y
2018,議員,區域,臺中市,臺中市第13選區,5,蘇柏興,1,中國國民黨,25618,18.27,Y
2018,議員,區域,臺中市,臺中市第13選區,6,謝賢,1,民主進步黨,8987,6.41,N
2018,議員,區域,臺中市,臺中市第13選區,7,張芬郁,2,民主進步黨,10915,7.78,N
2018,議員,區域,臺中市,臺中市第13選區,8,薛安琪,2,無黨籍及未經政黨推薦,4812,3.43,N
2018,議員,區域,臺中市,臺中市第13選區,9,李天生,1,民主進步黨,13820,9.85,Y
2018,議員,區域,臺中市,臺中市第13選區,10,楊偉浚,1,無黨籍及未經政黨推薦,6326,4.51,N
2018,議員,區域,臺中市,臺中市第14選區,1,蔡成圭,1,民主進步黨,13209,23.25,Y
2018,議員,區域,臺中市,臺中市第14選區,2,賴裕銘,1,無黨籍及未經政黨推薦,11683,20.56,N
2018,議員,區域,臺中市,臺中市第14選區,3,王綉滿,2,中國國民黨,12666,22.29,N
2018,議員,區域,臺中市,臺中市第14選區,4,冉齡軒,2,中國國民黨,19245,33.88,Y
2018,議員,區域,臺南市,臺南市第01選區,1,蔡育輝,1,中國國民黨,21845,20.82,Y
2018,議員,區域,臺南市,臺南市第01選區,2,張世賢,1,中國國民黨,17131,16.33,Y
2018,議員,區域,臺南市,臺南市第01選區,3,蔡四結,1,無黨籍及未經政黨推薦,699,0.66,N
2018,議員,區域,臺南市,臺南市第01選區,4,賴惠員,2,民主進步黨,11821,11.27,N
2018,議員,區域,臺南市,臺南市第01選區,5,林德旺,1,臺灣人民共產黨,1002,0.95,N
2018,議員,區域,臺南市,臺南市第01選區,6,沈家鳳,2,民主進步黨,12542,11.95,Y
2018,議員,區域,臺南市,臺南市第01選區,7,劉米山,1,民主進步黨,12623,12.03,Y
2018,議員,區域,臺南市,臺南市第01選區,8,李宗翰,1,民主進步黨,13006,12.4,Y
2018,議員,區域,臺南市,臺南市第01選區,9,趙昆原,1,無黨籍及未經政黨推薦,12489,11.9,Y
2018,議員,區域,臺南市,臺南市第01選區,10,李宗智,1,無黨籍及未經政黨推薦,1725,1.64,N
2018,議員,區域,臺南市,臺南市第02選區,1,王平川,1,民主進步黨,5344,5.88,N
2018,議員,區域,臺南市,臺南市第02選區,2,蔡蘇秋金,2,民主進步黨,14814,16.3,Y
2018,議員,區域,臺南市,臺南市第02選區,3,蔡秋蘭,2,無黨籍及未經政黨推薦,9408,10.35,Y
2018,議員,區域,臺南市,臺南市第02選區,4,陳朝來,1,無黨籍及未經政黨推薦,8587,9.44,N
2018,議員,區域,臺南市,臺南市第02選區,5,方一峰,1,中國國民黨,16336,17.97,Y
2018,議員,區域,臺南市,臺南市第02選區,6,謝財旺,1,無黨籍及未經政黨推薦,11556,12.71,Y
2018,議員,區域,臺南市,臺南市第02選區,7,蘇鈺雯,2,基進黨,3756,4.13,N
2018,議員,區域,臺南市,臺南市第02選區,8,陳昆和,1,無黨籍及未經政黨推薦,10748,11.82,Y
2018,議員,區域,臺南市,臺南市第02選區,9,陳俊安,1,民主進步黨,7885,8.67,N
2018,議員,區域,臺南市,臺南市第02選區,10,陳雅慧,2,無黨籍及未經政黨推薦,2449,2.69,N
2018,議員,區域,臺南市,臺南市第03選區,1,郭秀珠,2,無黨籍及未經政黨推薦,14681,21.97,N
2018,議員,區域,臺南市,臺南市第03選區,2,陳秋宏,1,民主進步黨,19619,29.36,Y
2018,議員,區域,臺南市,臺南市第03選區,3,吳通龍,1,民主進步黨,16528,24.73,Y
2018,議員,區域,臺南市,臺南市第03選區,4,尤榮智,1,中國國民黨,15991,23.93,Y
2018,議員,區域,臺南市,臺南市第04選區,1,蔡祐昌,1,無黨籍及未經政黨推薦,2716,12.32,N
2018,議員,區域,臺南市,臺南市第04選區,2,陳福慶,1,無黨籍及未經政黨推薦,3091,14.02,N
2018,議員,區域,臺南市,臺南市第04選區,3,王開玹,1,民主進步黨,6304,28.6,N
2018,議員,區域,臺南市,臺南市第04選區,4,周奕齊,1,無黨籍及未經政黨推薦,9929,45.04,Y
2018,議員,區域,臺南市,臺南市第05選區,1,黃俊勝,1,中國國民黨,8862,10.32,N
2018,議員,區域,臺南市,臺南市第05選區,2,張家睿,2,無黨籍及未經政黨推薦,2817,3.28,N
2018,議員,區域,臺南市,臺南市第05選區,3,王姬方,2,基進黨,3902,4.54,N
2018,議員,區域,臺南市,臺南市第05選區,4,高忠義,1,無黨籍及未經政黨推薦,1028,1.19,N
2018,議員,區域,臺南市,臺南市第05選區,5,李文俊,1,中國國民黨,17171,20,Y
2018,議員,區域,臺南市,臺南市第05選區,6,林志聰,1,民主進步黨,9481,11.04,Y
2018,議員,區域,臺南市,臺南市第05選區,7,陳碧玉,2,民主進步黨,11051,12.87,Y
2018,議員,區域,臺南市,臺南市第05選區,8,林志展,1,民主進步黨,12201,14.21,Y
2018,議員,區域,臺南市,臺南市第05選區,9,王清崎,1,無黨籍及未經政黨推薦,6876,8.01,N
2018,議員,區域,臺南市,臺南市第05選區,10,李偉智,1,民主進步黨,12447,14.5,Y
2018,議員,區域,臺南市,臺南市第06選區,1,王錦德,1,民主進步黨,7720,8.11,Y
2018,議員,區域,臺南市,臺南市第06選區,2,唐儀靜,2,民主進步黨,7714,8.1,N
2018,議員,區域,臺南市,臺南市第06選區,3,楊淑媛,2,無黨籍及未經政黨推薦,169,0.17,N
2018,議員,區域,臺南市,臺南市第06選區,4,林炳利,1,無黨籍及未經政黨推薦,11445,12.02,Y
2018,議員,區域,臺南市,臺南市第06選區,5,郭清華,1,民主進步黨,9261,9.73,Y
2018,議員,區域,臺南市,臺南市第06選區,6,李中岑,2,中國國民黨,14827,15.58,Y
2018,議員,區域,臺南市,臺南市第06選區,7,黃麗招,2,無黨籍及未經政黨推薦,13801,14.5,Y
2018,議員,區域,臺南市,臺南市第06選區,8,郭信良,1,民主進步黨,17663,18.56,Y
2018,議員,區域,臺南市,臺南市第06選區,9,林緯,1,無黨籍及未經政黨推薦,6618,6.95,N
2018,議員,區域,臺南市,臺南市第06選區,10,蔡旻峰,1,中國國民黨,5948,6.25,N
2018,議員,區域,臺南市,臺南市第07選區,1,楊中成,1,台灣團結聯盟,9599,8.74,Y
2018,議員,區域,臺南市,臺南市第07選區,2,林信全,1,無黨籍及未經政黨推薦,4964,4.52,N
2018,議員,區域,臺南市,臺南市第07選區,3,林宜瑾,2,民主進步黨,10249,9.33,Y
2018,議員,區域,臺南市,臺南市第07選區,4,陳秋萍,2,民主進步黨,8418,7.67,Y
2018,議員,區域,臺南市,臺南市第07選區,5,鄭瑋玨,1,無黨籍及未經政黨推薦,1207,1.09,N
2018,議員,區域,臺南市,臺南市第07選區,6,林燕祝,2,中國國民黨,19628,17.88,Y
2018,議員,區域,臺南市,臺南市第07選區,7,張富森,1,無黨籍及未經政黨推薦,257,0.23,N
2018,議員,區域,臺南市,臺南市第07選區,8,林易瑩,2,時代力量,9241,8.42,Y
2018,議員,區域,臺南市,臺南市第07選區,9,王泰富,1,無黨籍及未經政黨推薦,709,0.64,N
2018,議員,區域,臺南市,臺南市第07選區,10,李鎮國,1,中國國民黨,10116,9.21,Y
2018,議員,區域,臺南市,臺南市第07選區,11,陳宗明,1,民主進步黨,7390,6.73,N
2018,議員,區域,臺南市,臺南市第07選區,12,馬杰睿,1,無黨籍及未經政黨推薦,5471,4.98,N
2018,議員,區域,臺南市,臺南市第07選區,13,林阳乙,1,無黨籍及未經政黨推薦,12126,11.05,Y
2018,議員,區域,臺南市,臺南市第07選區,14,戴銘正,1,中國國民黨,2239,2.04,N
2018,議員,區域,臺南市,臺南市第07選區,15,陳世霖,1,民主進步黨,8122,7.4,N
2018,議員,區域,臺南市,臺南市第08選區,1,李錦泉,1,親民黨,3571,3.42,N
2018,議員,區域,臺南市,臺南市第08選區,2,唐碧娥,2,民主進步黨,6461,6.2,N
2018,議員,區域,臺南市,臺南市第08選區,3,吳杰,1,無黨籍及未經政黨推薦,1797,1.72,N
2018,議員,區域,臺南市,臺南市第08選區,4,沈震東,1,民主進步黨,16644,15.98,Y
2018,議員,區域,臺南市,臺南市第08選區,5,許至椿,1,中國國民黨,11576,11.11,Y
2018,議員,區域,臺南市,臺南市第08選區,6,陳志峰,1,無黨籍及未經政黨推薦,739,0.7,N
2018,議員,區域,臺南市,臺南市第08選區,7,陳怡珍,2,民主進步黨,15947,15.31,Y
2018,議員,區域,臺南市,臺南市第08選區,8,謝龍介,1,中國國民黨,23893,22.94,Y
2018,議員,區域,臺南市,臺南市第08選區,9,洪玉鳳,2,中國國民黨,9355,8.98,Y
2018,議員,區域,臺南市,臺南市第08選區,10,楊隆郡,1,無黨籍及未經政黨推薦,2203,2.11,N
2018,議員,區域,臺南市,臺南市第08選區,11,邱莉莉,2,民主進步黨,11962,11.48,Y
2018,議員,區域,臺南市,臺南市第09選區,1,陳嘉伶,2,基進黨,4860,5.24,N
2018,議員,區域,臺南市,臺南市第09選區,2,李啓維,1,民主進步黨,9672,10.43,Y
2018,議員,區域,臺南市,臺南市第09選區,3,陳冠娟,2,無黨籍及未經政黨推薦,2663,2.87,N
2018,議員,區域,臺南市,臺南市第09選區,4,周麗津,2,民主進步黨,7850,8.46,Y
2018,議員,區域,臺南市,臺南市第09選區,5,林志文,1,無黨籍及未經政黨推薦,1335,1.44,N
2018,議員,區域,臺南市,臺南市第09選區,6,陳進益,1,無黨籍及未經政黨推薦,1316,1.41,N
2018,議員,區域,臺南市,臺南市第09選區,7,林士傑,1,民主進步黨,6573,7.09,N
2018,議員,區域,臺南市,臺南市第09選區,8,林美燕,2,中國國民黨,18187,19.62,Y
2018,議員,區域,臺南市,臺南市第09選區,9,盧崑福,1,中國國民黨,13910,15,Y
2018,議員,區域,臺南市,臺南市第09選區,10,莊玉珠,2,無黨籍及未經政黨推薦,5122,5.52,N
2018,議員,區域,臺南市,臺南市第09選區,11,呂維胤,1,民主進步黨,7535,8.12,Y
2018,議員,區域,臺南市,臺南市第09選區,12,蔡淑惠,2,中國國民黨,13668,14.74,Y
2018,議員,區域,臺南市,臺南市第10選區,1,李宗霖,1,基進黨,6703,7.67,N
2018,議員,區域,臺南市,臺南市第10選區,2,陳昌輝,1,台灣團結聯盟,3934,4.5,N
2018,議員,區域,臺南市,臺南市第10選區,3,王家貞,2,中國國民黨,14495,16.6,Y
2018,議員,區域,臺南市,臺南市第10選區,4,曾信凱,1,無黨籍及未經政黨推薦,15506,17.76,Y
2018,議員,區域,臺南市,臺南市第10選區,5,陳進男,1,無黨籍及未經政黨推薦,1287,1.47,N
2018,議員,區域,臺南市,臺南市第10選區,6,蔡旺詮,1,民主進步黨,7218,8.26,Y
2018,議員,區域,臺南市,臺南市第10選區,7,陳金鐘,1,民主進步黨,6308,7.22,N
2018,議員,區域,臺南市,臺南市第10選區,8,黃榮裕,1,無黨籍及未經政黨推薦,1404,1.6,N
2018,議員,區域,臺南市,臺南市第10選區,9,陳正育,1,無黨籍及未經政黨推薦,1137,1.3,N
2018,議員,區域,臺南市,臺南市第10選區,10,蔡筱薇,2,民主進步黨,11408,13.06,Y
2018,議員,區域,臺南市,臺南市第10選區,11,曾培雅,2,中國國民黨,17890,20.49,Y
2018,議員,區域,臺南市,臺南市第11選區,1,劉正昌,1,民主進步黨,8467,8.59,N
2018,議員,區域,臺南市,臺南市第11選區,2,吳禹寰,1,無黨籍及未經政黨推薦,17319,17.58,Y
2018,議員,區域,臺南市,臺南市第11選區,3,曾王雅雲,2,無黨籍及未經政黨推薦,4310,4.37,N
2018,議員,區域,臺南市,臺南市第11選區,4,郭鴻儀,1,民主進步黨,8835,8.96,Y
2018,議員,區域,臺南市,臺南市第11選區,5,杜素吟,2,無黨籍及未經政黨推薦,18575,18.85,Y
2018,議員,區域,臺南市,臺南市第11選區,6,許又仁,1,無黨籍及未經政黨推薦,10918,11.08,Y
2018,議員,區域,臺南市,臺南市第11選區,7,翁語含,2,無黨籍及未經政黨推薦,2199,2.23,N
2018,議員,區域,臺南市,臺南市第11選區,8,鄭佳欣,2,民主進步黨,15177,15.4,Y
2018,議員,區域,臺南市,臺南市第11選區,9,陳文清,1,無黨籍及未經政黨推薦,5071,5.14,N
2018,議員,區域,臺南市,臺南市第11選區,10,江國銘,1,中國國民黨,7634,7.74,N
2018,議員,區域,高雄市,高雄市第01選區,1,高淑慧,2,無黨籍及未經政黨推薦,5634,7.33,N
2018,議員,區域,高雄市,高雄市第01選區,2,劉馨正,1,無黨籍及未經政黨推薦,5800,7.55,N
2018,議員,區域,高雄市,高雄市第01選區,3,林富寶,1,民主進步黨,16703,21.74,Y
2018,議員,區域,高雄市,高雄市第01選區,4,朱信強,1,無黨團結聯盟,18054,23.5,Y
2018,議員,區域,高雄市,高雄市第01選區,5,鍾盛有,1,民主進步黨,15179,19.75,N
2018,議員,區域,高雄市,高雄市第01選區,6,林義迪,1,中國國民黨,15447,20.1,Y
2018,議員,區域,高雄市,高雄市第02選區,1,鄭東元,1,中國國民黨,10355,11.57,N
2018,議員,區域,高雄市,高雄市第02選區,2,陳明澤,1,民主進步黨,18183,20.31,Y
2018,議員,區域,高雄市,高雄市第02選區,3,李亞築,2,中國國民黨,35651,39.83,Y
2018,議員,區域,高雄市,高雄市第02選區,4,李柏融,1,無黨籍及未經政黨推薦,867,0.96,N
2018,議員,區域,高雄市,高雄市第02選區,5,陸錦生,1,無黨籍及未經政黨推薦,6209,6.93,N
2018,議員,區域,高雄市,高雄市第02選區,6,黃明太,1,民主進步黨,18229,20.36,Y
2018,議員,區域,高雄市,高雄市第03選區,1,陳政聞,1,民主進步黨,16941,11.77,N
2018,議員,區域,高雄市,高雄市第03選區,2,陸淑美,2,中國國民黨,25565,17.76,Y
2018,議員,區域,高雄市,高雄市第03選區,3,方信淵,1,中國國民黨,23201,16.12,Y
2018,議員,區域,高雄市,高雄市第03選區,4,李有財,1,無黨籍及未經政黨推薦,4162,2.89,N
2018,議員,區域,高雄市,高雄市第03選區,5,黃秋媖,2,民主進步黨,33708,23.42,Y
2018,議員,區域,高雄市,高雄市第03選區,6,高閔琳,2,民主進步黨,20975,14.57,Y
2018,議員,區域,高雄市,高雄市第03選區,7,宋立彬,1,中國國民黨,19354,13.44,Y
2018,議員,區域,高雄市,高雄市第04選區,1,李欣翰,1,基進黨,5861,2.8,N
2018,議員,區域,高雄市,高雄市第04選區,2,李雅慧,2,民主進步黨,20338,9.74,Y
2018,議員,區域,高雄市,高雄市第04選區,3,謝天助,1,無黨籍及未經政黨推薦,781,0.37,N
2018,議員,區域,高雄市,高雄市第04選區,4,柳淑芳,2,無黨籍及未經政黨推薦,734,0.35,N
2018,議員,區域,高雄市,高雄市第04選區,5,孫健萍,1,中國國民黨,9549,4.57,N
2018,議員,區域,高雄市,高雄市第04選區,6,梁蓓禎,2,信心希望聯盟,5754,2.75,N
2018,議員,區域,高雄市,高雄市第04選區,7,張豐藤,1,民主進步黨,9306,4.45,N
2018,議員,區域,高雄市,高雄市第04選區,8,沈玉玲,2,無黨籍及未經政黨推薦,4061,1.94,N
2018,議員,區域,高雄市,高雄市第04選區,9,陳玫娟,2,中國國民黨,24491,11.73,Y
2018,議員,區域,高雄市,高雄市第04選區,10,盧翊淮,1,無黨籍及未經政黨推薦,1298,0.62,N
2018,議員,區域,高雄市,高雄市第04選區,11,張馨尹,2,無黨籍及未經政黨推薦,774,0.37,N
2018,議員,區域,高雄市,高雄市第04選區,12,林子盟,1,時代力量,8843,4.23,N
2018,議員,區域,高雄市,高雄市第04選區,13,陳善慧,1,無黨籍及未經政黨推薦,15213,7.28,Y
2018,議員,區域,高雄市,高雄市第04選區,14,黃文志,1,民主進步黨,14943,7.15,Y
2018,議員,區域,高雄市,高雄市第04選區,15,李眉蓁,2,中國國民黨,23651,11.33,Y
2018,議員,區域,高雄市,高雄市第04選區,16,陳麗珍,2,中國國民黨,27609,13.22,Y
2018,議員,區域,高雄市,高雄市第04選區,17,李柏毅,1,民主進步黨,15364,7.36,Y
2018,議員,區域,高雄市,高雄市第04選區,18,李雅芬,2,中國國民黨,20138,9.64,Y
2018,議員,區域,高雄市,高雄市第05選區,1,邱俊憲,1,民主進步黨,14954,12.09,Y
2018,議員,區域,高雄市,高雄市第05選區,2,江瑞鴻,1,民主進步黨,16295,13.17,Y
2018,議員,區域,高雄市,高雄市第05選區,3,張勝富,1,民主進步黨,16674,13.48,Y
2018,議員,區域,高雄市,高雄市第05選區,4,陳清茂,1,無黨籍及未經政黨推薦,7311,5.91,N
2018,議員,區域,高雄市,高雄市第05選區,5,楊玉仙,2,無黨籍及未經政黨推薦,8448,6.83,N
2018,議員,區域,高雄市,高雄市第05選區,6,林芳如,2,民主進步黨,12139,9.81,N
2018,議員,區域,高雄市,高雄市第05選區,7,李俊德,1,無黨籍及未經政黨推薦,524,0.42,N
2018,議員,區域,高雄市,高雄市第05選區,8,吳利成,1,中國國民黨,21480,17.36,Y
2018,議員,區域,高雄市,高雄市第05選區,9,何堅心,1,無黨籍及未經政黨推薦,1652,1.33,N
2018,議員,區域,高雄市,高雄市第05選區,10,許慧玉,2,中國國民黨,24202,19.56,Y
2018,議員,區域,高雄市,高雄市第06選區,1,麥郁馨,2,無黨籍及未經政黨推薦,784,0.7,N
2018,議員,區域,高雄市,高雄市第06選區,2,李喬如,2,民主進步黨,19618,17.63,Y
2018,議員,區域,高雄市,高雄市第06選區,3,洪正,1,基進黨,7022,6.31,N
2018,議員,區域,高雄市,高雄市第06選區,4,陳美雅,2,中國國民黨,25640,23.05,Y
2018,議員,區域,高雄市,高雄市第06選區,5,簡煥宗,1,民主進步黨,16764,15.07,Y
2018,議員,區域,高雄市,高雄市第06選區,6,王福全,1,無黨籍及未經政黨推薦,170,0.15,N
2018,議員,區域,高雄市,高雄市第06選區,7,江敏榕,2,無黨籍及未經政黨推薦,1671,1.5,N
2018,議員,區域,高雄市,高雄市第06選區,8,蔡宜芳,2,無黨籍及未經政黨推薦,8779,7.89,N
2018,議員,區域,高雄市,高雄市第06選區,9,周佳錚,2,無黨籍及未經政黨推薦,4978,4.47,N
2018,議員,區域,高雄市,高雄市第06選區,10,鄭如君,2,無黨籍及未經政黨推薦,1368,1.22,N
2018,議員,區域,高雄市,高雄市第06選區,11,蔡金晏,1,中國國民黨,24428,21.96,Y
2018,議員,區域,高雄市,高雄市第07選區,1,林于凱,1,時代力量,15956,8.14,Y
2018,議員,區域,高雄市,高雄市第07選區,2,曾俊傑,1,中國國民黨,17590,8.98,Y
2018,議員,區域,高雄市,高雄市第07選區,3,陳柏惟,1,基進黨,12267,6.26,N
2018,議員,區域,高雄市,高雄市第07選區,4,童燕珍,2,中國國民黨,17190,8.77,Y
2018,議員,區域,高雄市,高雄市第07選區,5,何權峰,1,民主進步黨,13686,6.98,Y
2018,議員,區域,高雄市,高雄市第07選區,6,林恭正,1,無黨籍及未經政黨推薦,3775,1.92,N
2018,議員,區域,高雄市,高雄市第07選區,7,黃柏霖,1,中國國民黨,36308,18.54,Y
2018,議員,區域,高雄市,高雄市第07選區,8,鄭孟洳,2,民主進步黨,13652,6.97,Y
2018,議員,區域,高雄市,高雄市第07選區,9,康裕成,2,民主進步黨,20841,10.64,Y
2018,議員,區域,高雄市,高雄市第07選區,10,黃香菽,2,中國國民黨,23451,11.97,Y
2018,議員,區域,高雄市,高雄市第07選區,11,洪平朗,1,民主進步黨,11173,5.7,N
2018,議員,區域,高雄市,高雄市第07選區,12,黃淑美,2,台灣團結聯盟,9932,5.07,N
2018,議員,區域,高雄市,高雄市第08選區,1,黃紹庭,1,中國國民黨,25635,17.06,Y
2018,議員,區域,高雄市,高雄市第08選區,2,陳若翠,2,中國國民黨,18690,12.44,Y
2018,議員,區域,高雄市,高雄市第08選區,3,蔡鴻瑋,1,台灣團結聯盟,13141,8.74,N
2018,議員,區域,高雄市,高雄市第08選區,4,許崑源,1,中國國民黨,21433,14.26,Y
2018,議員,區域,高雄市,高雄市第08選區,5,郭建盟,1,民主進步黨,19655,13.08,Y
2018,議員,區域,高雄市,高雄市第08選區,6,周玲妏,2,民主進步黨,14213,9.46,N
2018,議員,區域,高雄市,高雄市第08選區,7,黃文益,1,民主進步黨,21675,14.42,Y
2018,議員,區域,高雄市,高雄市第08選區,8,陳銘瑞,1,無黨籍及未經政黨推薦,502,0.33,N
2018,議員,區域,高雄市,高雄市第08選區,9,吳益政,1,親民黨,15293,10.17,Y
2018,議員,區域,高雄市,高雄市第09選區,1,楊見福,1,無黨團結聯盟,9838,4.8,N
2018,議員,區域,高雄市,高雄市第09選區,2,李雅靜,2,中國國民黨,23983,11.72,Y
2018,議員,區域,高雄市,高雄市第09選區,3,林智鴻,1,民主進步黨,22298,10.89,Y
2018,議員,區域,高雄市,高雄市第09選區,4,羅章福,1,無黨籍及未經政黨推薦,329,0.16,N
2018,議員,區域,高雄市,高雄市第09選區,5,黃捷,2,時代力量,18420,9,Y
2018,議員,區域,高雄市,高雄市第09選區,6,劉世賢,1,民主進步黨,8870,4.33,N
2018,議員,區域,高雄市,高雄市第09選區,7,張為盛,1,無黨籍及未經政黨推薦,983,0.48,N
2018,議員,區域,高雄市,高雄市第09選區,8,陳慧文,2,民主進步黨,17807,8.7,Y
2018,議員,區域,高雄市,高雄市第09選區,9,張漢忠,1,民主進步黨,13022,6.36,Y
2018,議員,區域,高雄市,高雄市第09選區,10,蘇炎城,1,民主進步黨,10605,5.18,N
2018,議員,區域,高雄市,高雄市第09選區,11,鄭安秝,2,中國國民黨,19085,9.32,Y
2018,議員,區域,高雄市,高雄市第09選區,12,劉德林,1,中國國民黨,19798,9.67,Y
2018,議員,區域,高雄市,高雄市第09選區,13,游植琪,1,無黨籍及未經政黨推薦,1295,0.63,N
2018,議員,區域,高雄市,高雄市第09選區,14,施凱元,1,無黨籍及未經政黨推薦,484,0.23,N
2018,議員,區域,高雄市,高雄市第09選區,15,鍾易仲,1,中國國民黨,30069,14.69,Y
2018,議員,區域,高雄市,高雄市第09選區,16,李雨蓁,2,基進黨,7729,3.77,N
2018,議員,區域,高雄市,高雄市第10選區,1,鄭光峰,1,民主進步黨,16675,8.32,Y
2018,議員,區域,高雄市,高雄市第10選區,2,王貴雄,1,無黨籍及未經政黨推薦,372,0.18,N
2018,議員,區域,高雄市,高雄市第10選區,3,陳致中,1,民主進步黨,15938,7.96,Y
2018,議員,區域,高雄市,高雄市第10選區,4,楊政城,1,無黨籍及未經政黨推薦,4148,2.07,N
2018,議員,區域,高雄市,高雄市第10選區,5,李順進,1,無黨團結聯盟,15480,7.73,Y
2018,議員,區域,高雄市,高雄市第10選區,6,于仙玲,2,無黨籍及未經政黨推薦,4646,2.32,N
2018,議員,區域,高雄市,高雄市第10選區,7,曾麗燕,2,中國國民黨,21741,10.85,Y
2018,議員,區域,高雄市,高雄市第10選區,8,吳銘賜,1,台灣團結聯盟,21872,10.92,Y
2018,議員,區域,高雄市,高雄市第10選區,9,陳麗娜,2,中國國民黨,22451,11.21,Y
2018,議員,區域,高雄市,高雄市第10選區,10,陳信諭,1,基進黨,10290,5.13,N
2018,議員,區域,高雄市,高雄市第10選區,11,陳信瑜,2,民主進步黨,11190,5.58,N
2018,議員,區域,高雄市,高雄市第10選區,12,蔡武宏,1,中國國民黨,15942,7.96,Y
2018,議員,區域,高雄市,高雄市第10選區,13,洪毓彬,1,親民黨,1683,0.84,N
2018,議員,區域,高雄市,高雄市第10選區,14,林宛蓉,2,民主進步黨,14296,7.14,Y
2018,議員,區域,高雄市,高雄市第10選區,15,梁甲居,1,無黨籍及未經政黨推薦,336,0.16,N
2018,議員,區域,高雄市,高雄市第10選區,16,許乃文,1,民主進步黨,9733,4.86,N
2018,議員,區域,高雄市,高雄市第10選區,17,朱挺玗,2,中國國民黨,13429,6.7,N
2018,議員,區域,高雄市,高雄市第11選區,1,邱于軒,2,中國國民黨,17015,15.65,Y
2018,議員,區域,高雄市,高雄市第11選區,2,李雨庭,2,民主進步黨,12111,11.14,N
2018,議員,區域,高雄市,高雄市第11選區,3,徐佳瑩,2,無黨籍及未經政黨推薦,5477,5.03,N
2018,議員,區域,高雄市,高雄市第11選區,4,黃天煌,1,中國國民黨,18448,16.97,Y
2018,議員,區域,高雄市,高雄市第11選區,5,王耀裕,1,中國國民黨,15979,14.7,Y
2018,議員,區域,高雄市,高雄市第11選區,6,洪秀錦,2,無黨籍及未經政黨推薦,5714,5.25,N
2018,議員,區域,高雄市,高雄市第11選區,7,韓賜村,1,民主進步黨,18047,16.6,Y
2018,議員,區域,高雄市,高雄市第11選區,8,余聖明,1,無黨籍及未經政黨推薦,320,0.29,N
2018,議員,區域,高雄市,高雄市第11選區,9,蔡昌達,1,民主進步黨,15570,14.32,N
2018,議員,山地原住民,臺北市,臺北市第08選區,1,李傅中武,1,中國國民黨,2257,81.8,Y
2018,議員,山地原住民,臺北市,臺北市第08選區,2,高為人,2,親民黨,502,18.19,N
2018,議員,山地原住民,新北市,新北市第12選區,1,馬見Lahuy．Ipin,1,無黨籍及未經政黨推薦,2732,42.52,Y
2018,議員,山地原住民,新北市,新北市第12選區,2,寶杜巴燕Bawtu．Payen,1,民主進步黨,1175,18.29,N
2018,議員,山地原住民,新北市,新北市第12選區,3,王建章,1,中國國民黨,2517,39.18,N
2018,議員,山地原住民,桃園市,桃園市第14選區,1,林秋霖,1,軍公教聯盟黨,429,3.38,N
2018,議員,山地原住民,桃園市,桃園市第14選區,2,蘇志強,1,無黨籍及未經政黨推薦,2079,16.4,N
2018,議員,山地原住民,桃園市,桃園市第14選區,3,簡志偉,1,中國國民黨,2863,22.58,Y
2018,議員,山地原住民,桃園市,桃園市第14選區,4,陳瑛,2,中國國民黨,2733,21.56,Y
2018,議員,山地原住民,桃園市,桃園市第14選區,5,邱志成,1,無黨籍及未經政黨推薦,1106,8.72,N
2018,議員,山地原住民,桃園市,桃園市第14選區,6,陳榮基,1,無黨籍及未經政黨推薦,2294,18.09,Y
2018,議員,山地原住民,桃園市,桃園市第14選區,7,林欽明,1,無黨籍及未經政黨推薦,728,5.74,N
2018,議員,山地原住民,桃園市,桃園市第14選區,8,蘇佐揚,1,無黨籍及未經政黨推薦,443,3.49,N
2018,議員,山地原住民,臺中市,臺中市第16選區,1,黃永光,1,無黨籍及未經政黨推薦,2130,49.07,N
2018,議員,山地原住民,臺中市,臺中市第16選區,2,林榮進,1,中國國民黨,2210,50.92,Y
2018,議員,山地原住民,臺中市,臺中市第17選區,1,朱元宏,1,無黨籍及未經政黨推薦,1703,43.17,Y
2018,議員,山地原住民,臺中市,臺中市第17選區,2,邱孟玲Malas．Isdahuan,2,民主進步黨,898,22.76,N
2018,議員,山地原住民,臺中市,臺中市第17選區,3,林益陸,1,中國國民黨,854,21.65,N
2018,議員,山地原住民,臺中市,臺中市第17選區,4,柯靜志,1,無黨籍及未經政黨推薦,174,4.41,N
2018,議員,山地原住民,臺中市,臺中市第17選區,5,蔣正仁,1,無黨籍及未經政黨推薦,315,7.98,N
2018,議員,山地原住民,臺南市,臺南市第13選區,1,伍宗康,1,中國國民黨,600,35.37,N
2018,議員,山地原住民,臺南市,臺南市第13選區,2,谷暮‧哈就Kumu‧Hacyo,2,無黨籍及未經政黨推薦,1096,64.62,Y
2018,議員,山地原住民,高雄市,高雄市第13選區,1,尤嘉聖Umin．Peydang,1,無黨籍及未經政黨推薦,629,17.26,N
2018,議員,山地原住民,高雄市,高雄市第13選區,2,柯路加 Istanda Ciban,1,中國國民黨,1046,28.71,N
2018,議員,山地原住民,高雄市,高雄市第13選區,3,李惠民,1,無黨籍及未經政黨推薦,836,22.94,N
2018,議員,山地原住民,高雄市,高雄市第13選區,4,陳幸富,1,無黨籍及未經政黨推薦,1132,31.07,Y
2018,議員,山地原住民,高雄市,高雄市第14選區,1,賴文德,1,中國國民黨,1840,52.94,Y
2018,議員,山地原住民,高雄市,高雄市第14選區,2,伊斯坦大‧貝雅夫‧正福 Istanda‧Paingav,1,無黨籍及未經政黨推薦,1635,47.05,N
2018,議員,山地原住民,高雄市,高雄市第15選區,1,范織欽 Pasulang．Tomatalate,1,無黨籍及未經政黨推薦,2011,49.85,N
2018,議員,山地原住民,高雄市,高雄市第15選區,2,唐惠美,2,中國國民黨,2023,50.14,Y
2018,議員,平地原住民,臺北市,臺北市第07選區,1,李芳儒,1,中國國民黨,3598,100,Y
2018,議員,平地原住民,新北市,新北市第11選區,1,宋雨蓁Nikar．Falong,2,中國國民黨,4618,33.87,Y
2018,議員,平地原住民,新北市,新北市第11選區,2,蘇錦雄Paylang．Caya,1,民主進步黨,1314,9.63,N
2018,議員,平地原住民,新北市,新北市第11選區,3,達佶祐．卡造Takiyo．Kacaw,1,軍公教聯盟黨,505,3.7,N
2018,議員,平地原住民,新北市,新北市第11選區,4,忠仁．達祿斯,1,中國國民黨,2142,15.71,Y
2018,議員,平地原住民,新北市,新北市第11選區,5,楊春妹,2,中國國民黨,5054,37.07,Y
2018,議員,平地原住民,桃園市,桃園市第13選區,1,楊進福,1,中國國民黨,2676,19.07,Y
2018,議員,平地原住民,桃園市,桃園市第13選區,2,林佑洵,2,無黨籍及未經政黨推薦,995,7.09,N
2018,議員,平地原住民,桃園市,桃園市第13選區,3,洪國彰,1,無黨籍及未經政黨推薦,1517,10.81,N
2018,議員,平地原住民,桃園市,桃園市第13選區,4,張秀菊,2,無黨籍及未經政黨推薦,1125,8.01,N
2018,議員,平地原住民,桃園市,桃園市第13選區,5,王仙蓮,2,中國國民黨,1858,13.24,Y
2018,議員,平地原住民,桃園市,桃園市第13選區,6,陳姿伶 Amuy ．Muwakay,2,中國國民黨,2001,14.26,Y
2018,議員,平地原住民,桃園市,桃園市第13選區,7,林志強,1,民主進步黨,1657,11.81,Y
2018,議員,平地原住民,桃園市,桃園市第13選區,8,林偕文,1,無黨籍及未經政黨推薦,613,4.36,N
2018,議員,平地原住民,桃園市,桃園市第13選區,9,吳春芳,2,中國國民黨,1588,11.31,N
2018,議員,平地原住民,臺中市,臺中市第15選區,1,洪金福,1,親民黨,1766,34.88,N
2018,議員,平地原住民,臺中市,臺中市第15選區,2,黃仁,1,中國國民黨,1957,38.66,Y
2018,議員,平地原住民,臺中市,臺中市第15選區,3,温建華,1,無黨籍及未經政黨推薦,589,11.63,N
2018,議員,平地原住民,臺中市,臺中市第15選區,4,江愛珍,2,軍公教聯盟黨,750,14.81,N
2018,議員,平地原住民,臺南市,臺南市第12選區,1,穎艾達利 Ingay Tali,1,無黨籍及未經政黨推薦,635,47.1,Y
2018,議員,平地原住民,臺南市,臺南市第12選區,2,簡德輝,1,中國國民黨,340,25.22,N
2018,議員,平地原住民,臺南市,臺南市第12選區,3,李美素,2,民主進步黨,373,27.67,N
2018,議員,平地原住民,高雄市,高雄市第12選區,1,俄鄧．殷艾 Eteng．Ingay,1,民主進步黨,2562,44.9,N
2018,議員,平地原住民,高雄市,高雄市第12選區,2,王義雄,1,中國國民黨,2681,46.99,Y
2018,議員,平地原住民,高雄市,高雄市第12選區,3,詹金福,1,親民黨,462,8.09,N
2018,議員,區域,新竹縣,新竹縣第01選區,1,葉芬英,2,無黨籍及未經政黨推薦,2734,3.36,N
2018,議員,區域,新竹縣,新竹縣第01選區,2,陳凱榮,1,中國國民黨,5887,7.24,Y
2018,議員,區域,新竹縣,新竹縣第01選區,3,林賢正,1,無黨籍及未經政黨推薦,2823,3.47,N
2018,議員,區域,新竹縣,新竹縣第01選區,4,林祺軒,1,無黨籍及未經政黨推薦,1652,2.03,N
2018,議員,區域,新竹縣,新竹縣第01選區,5,張珈源,1,民主進步黨,3757,4.62,Y
2018,議員,區域,新竹縣,新竹縣第01選區,6,范光禮,1,無黨籍及未經政黨推薦,925,1.13,N
2018,議員,區域,新竹縣,新竹縣第01選區,7,劉炎添,1,無黨籍及未經政黨推薦,855,1.05,N
2018,議員,區域,新竹縣,新竹縣第01選區,8,許育綸,1,樹黨,1624,1.99,N
2018,議員,區域,新竹縣,新竹縣第01選區,9,王誠緯,1,民主進步黨,2003,2.46,N
2018,議員,區域,新竹縣,新竹縣第01選區,10,林燕聰,2,無黨籍及未經政黨推薦,2740,3.37,N
2018,議員,區域,新竹縣,新竹縣第01選區,11,連郁婷,2,時代力量,4766,5.86,Y
2018,議員,區域,新竹縣,新竹縣第01選區,12,蔡志環,2,中國國民黨,5071,6.24,Y
2018,議員,區域,新竹縣,新竹縣第01選區,13,王炳漢,1,中國國民黨,7125,8.77,Y
2018,議員,區域,新竹縣,新竹縣第01選區,14,陳文得,1,無黨籍及未經政黨推薦,707,0.87,N
2018,議員,區域,新竹縣,新竹縣第01選區,15,高芸婷,2,無黨籍及未經政黨推薦,2042,2.51,N
2018,議員,區域,新竹縣,新竹縣第01選區,16,吳旭智,1,民國黨,3987,4.9,Y
2018,議員,區域,新竹縣,新竹縣第01選區,17,杜文中,1,中國國民黨,3081,3.79,Y
2018,議員,區域,新竹縣,新竹縣第01選區,18,邱靖雅,2,民國黨,10072,12.4,Y
2018,議員,區域,新竹縣,新竹縣第01選區,19,林禹佑,1,無黨籍及未經政黨推薦,4745,5.84,Y
2018,議員,區域,新竹縣,新竹縣第01選區,20,林增堂,1,中國國民黨,2840,3.49,Y
2018,議員,區域,新竹縣,新竹縣第01選區,21,范綱淼,1,無黨籍及未經政黨推薦,967,1.19,N
2018,議員,區域,新竹縣,新竹縣第01選區,22,陳信溢,1,無黨籍及未經政黨推薦,2365,2.91,N
2018,議員,區域,新竹縣,新竹縣第01選區,23,陳榮昌,1,無黨籍及未經政黨推薦,1005,1.23,N
2018,議員,區域,新竹縣,新竹縣第01選區,24,鄭美琴,2,無黨籍及未經政黨推薦,6253,7.69,Y
2018,議員,區域,新竹縣,新竹縣第01選區,25,余政達,1,無黨籍及未經政黨推薦,1198,1.47,N
2018,議員,區域,新竹縣,新竹縣第02選區,1,吳菊花,2,中國國民黨,4463,11.43,Y
2018,議員,區域,新竹縣,新竹縣第02選區,2,甄克堅,1,中國國民黨,6934,17.76,Y
2018,議員,區域,新竹縣,新竹縣第02選區,3,羅美文,1,勞動黨,6764,17.32,Y
2018,議員,區域,新竹縣,新竹縣第02選區,4,陳栢維,1,無黨籍及未經政黨推薦,5884,15.07,Y
2018,議員,區域,新竹縣,新竹縣第02選區,5,吳淑君,2,中國國民黨,4085,10.46,Y
2018,議員,區域,新竹縣,新竹縣第02選區,6,張燦堂,1,無黨籍及未經政黨推薦,704,1.8,N
2018,議員,區域,新竹縣,新竹縣第02選區,7,何建樺,1,民主進步黨,3135,8.03,N
2018,議員,區域,新竹縣,新竹縣第02選區,8,葉時優,1,中國國民黨,1556,3.98,N
2018,議員,區域,新竹縣,新竹縣第02選區,9,范振龍,1,中國國民黨,2844,7.28,N
2018,議員,區域,新竹縣,新竹縣第02選區,10,陳德木,1,中國國民黨,2669,6.83,N
2018,議員,區域,新竹縣,新竹縣第03選區,1,何智達,1,無黨籍及未經政黨推薦,6988,24.6,Y
2018,議員,區域,新竹縣,新竹縣第03選區,2,張鎮榮,1,中國國民黨,9394,33.07,Y
2018,議員,區域,新竹縣,新竹縣第03選區,3,吳傳地,1,民主進步黨,6730,23.69,Y
2018,議員,區域,新竹縣,新竹縣第03選區,4,鄭清漢,1,中國國民黨,5286,18.61,N
2018,議員,區域,新竹縣,新竹縣第04選區,1,嚴永秋,1,無黨籍及未經政黨推薦,4709,29.04,N
2018,議員,區域,新竹縣,新竹縣第04選區,2,羅仕琦,1,中國國民黨,6294,38.81,Y
2018,議員,區域,新竹縣,新竹縣第04選區,3,吳發仁,1,無黨籍及未經政黨推薦,5211,32.13,Y
2018,議員,區域,新竹縣,新竹縣第05選區,1,劉正強,1,無黨籍及未經政黨推薦,152,0.79,N
2018,議員,區域,新竹縣,新竹縣第05選區,2,陳英樓,1,中國國民黨,3477,18.19,N
2018,議員,區域,新竹縣,新竹縣第05選區,3,蔡錦堂,1,無黨籍及未經政黨推薦,3190,16.69,N
2018,議員,區域,新竹縣,新竹縣第05選區,4,范曰富,1,中國國民黨,4793,25.07,Y
2018,議員,區域,新竹縣,新竹縣第05選區,5,張碧冬,2,無黨籍及未經政黨推薦,1923,10.06,N
2018,議員,區域,新竹縣,新竹縣第05選區,6,羅聰賢,1,民主進步黨,1461,7.64,N
2018,議員,區域,新竹縣,新竹縣第05選區,7,張玟源,1,無黨籍及未經政黨推薦,633,3.31,N
2018,議員,區域,新竹縣,新竹縣第05選區,8,陳新源,1,勞動黨,3483,18.22,Y
2018,議員,區域,新竹縣,新竹縣第06選區,1,詹廷有,1,無黨籍及未經政黨推薦,3231,37.12,N
2018,議員,區域,新竹縣,新竹縣第06選區,2,張良印,1,中國國民黨,5472,62.87,Y
2018,議員,區域,新竹縣,新竹縣第07選區,1,劉展原,1,中國國民黨,5871,49.32,N
2018,議員,區域,新竹縣,新竹縣第07選區,2,鄭昱芸,2,無黨籍及未經政黨推薦,6031,50.67,Y
2018,議員,區域,新竹縣,新竹縣第08選區,1,彭余美玲,2,無黨籍及未經政黨推薦,4263,9.46,Y
2018,議員,區域,新竹縣,新竹縣第08選區,2,楊昌德,1,民主進步黨,2448,5.43,N
2018,議員,區域,新竹縣,新竹縣第08選區,3,黃豪杰,1,中國國民黨,5719,12.69,Y
2018,議員,區域,新竹縣,新竹縣第08選區,4,林昭錡,1,無黨籍及未經政黨推薦,3063,6.8,N
2018,議員,區域,新竹縣,新竹縣第08選區,5,上官秋燕,2,中國國民黨,4276,9.49,Y
2018,議員,區域,新竹縣,新竹縣第08選區,6,余筱菁,2,綠黨,5567,12.36,Y
2018,議員,區域,新竹縣,新竹縣第08選區,7,呂幸潤,1,無黨籍及未經政黨推薦,1804,4,N
2018,議員,區域,新竹縣,新竹縣第08選區,8,曾駿樺,1,無黨籍及未經政黨推薦,1182,2.62,N
2018,議員,區域,新竹縣,新竹縣第08選區,9,郭遠彰,1,中國國民黨,7262,16.12,Y
2018,議員,區域,新竹縣,新竹縣第08選區,10,林思銘,1,中國國民黨,4923,10.93,Y
2018,議員,區域,新竹縣,新竹縣第08選區,11,劉興藻,1,無黨籍及未經政黨推薦,1532,3.4,N
2018,議員,區域,新竹縣,新竹縣第08選區,12,范振港,1,中國國民黨,2584,5.73,N
2018,議員,區域,新竹縣,新竹縣第08選區,13,黃秀龍,1,無黨籍及未經政黨推薦,415,0.92,N
2018,議員,區域,新竹縣,新竹縣第09選區,1,范正霖,1,無黨籍及未經政黨推薦,145,1.61,N
2018,議員,區域,新竹縣,新竹縣第09選區,2,鍾金霖,1,無黨籍及未經政黨推薦,1672,18.67,N
2018,議員,區域,新竹縣,新竹縣第09選區,3,江紹義,1,無黨籍及未經政黨推薦,2453,27.39,N
2018,議員,區域,新竹縣,新竹縣第09選區,4,邱振瑋,1,無黨籍及未經政黨推薦,4684,52.31,Y
2018,議員,區域,新竹縣,新竹縣第10選區,1,范文鴻,1,民主進步黨,4850,49.51,N
2018,議員,區域,新竹縣,新竹縣第10選區,2,陳正順,1,中國國民黨,4945,50.48,Y
2018,議員,區域,苗栗縣,苗栗縣第01選區,1,楊明燁,1,中國國民黨,5943,8.22,Y
2018,議員,區域,苗栗縣,苗栗縣第01選區,2,古文明,1,無黨籍及未經政黨推薦,1240,1.71,N
2018,議員,區域,苗栗縣,苗栗縣第01選區,3,胡忠勇,1,無黨籍及未經政黨推薦,3032,4.19,N
2018,議員,區域,苗栗縣,苗栗縣第01選區,4,鄭碧玉,2,中國國民黨,7111,9.84,Y
2018,議員,區域,苗栗縣,苗栗縣第01選區,5,謝文禓,1,無黨籍及未經政黨推薦,5214,7.21,Y
2018,議員,區域,苗栗縣,苗栗縣第01選區,6,余文忠,1,無黨籍及未經政黨推薦,6902,9.55,Y
2018,議員,區域,苗栗縣,苗栗縣第01選區,7,張志宇,1,中國國民黨,5720,7.91,Y
2018,議員,區域,苗栗縣,苗栗縣第01選區,8,江村貴,1,無黨籍及未經政黨推薦,7102,9.83,Y
2018,議員,區域,苗栗縣,苗栗縣第01選區,9,孫素娥,2,中國國民黨,7564,10.47,Y
2018,議員,區域,苗栗縣,苗栗縣第01選區,10,涂月華,2,無黨籍及未經政黨推薦,686,0.94,N
2018,議員,區域,苗栗縣,苗栗縣第01選區,11,徐筱菁,2,民主進步黨,4201,5.81,N
2018,議員,區域,苗栗縣,苗栗縣第01選區,12,禹耀東,1,無黨籍及未經政黨推薦,5776,7.99,Y
2018,議員,區域,苗栗縣,苗栗縣第01選區,13,許櫻萍,2,民主進步黨,4794,6.63,N
2018,議員,區域,苗栗縣,苗栗縣第01選區,14,湯維岳,1,無黨籍及未經政黨推薦,5437,7.52,Y
2018,議員,區域,苗栗縣,苗栗縣第01選區,15,謝庚霖,1,無黨籍及未經政黨推薦,1511,2.09,N
2018,議員,區域,苗栗縣,苗栗縣第02選區,1,黎旭欽,1,中國國民黨,4526,18.23,N
2018,議員,區域,苗栗縣,苗栗縣第02選區,2,黃芳椿,1,中國國民黨,8387,33.78,Y
2018,議員,區域,苗栗縣,苗栗縣第02選區,3,韓茂賢,1,無黨籍及未經政黨推薦,5668,22.83,Y
2018,議員,區域,苗栗縣,苗栗縣第02選區,4,羅貴星,1,民主進步黨,6242,25.14,Y
2018,議員,區域,苗栗縣,苗栗縣第03選區,1,林月鳳,2,民主進步黨,2019,4.24,N
2018,議員,區域,苗栗縣,苗栗縣第03選區,2,翁偉國,1,無黨籍及未經政黨推薦,300,0.63,N
2018,議員,區域,苗栗縣,苗栗縣第03選區,3,徐永煌,1,無黨籍及未經政黨推薦,6222,13.09,Y
2018,議員,區域,苗栗縣,苗栗縣第03選區,4,邱紹俊,1,無黨籍及未經政黨推薦,3519,7.4,N
2018,議員,區域,苗栗縣,苗栗縣第03選區,5,張顧礫,1,無黨籍及未經政黨推薦,7690,16.18,Y
2018,議員,區域,苗栗縣,苗栗縣第03選區,6,張可欣,2,無黨籍及未經政黨推薦,8690,18.29,Y
2018,議員,區域,苗栗縣,苗栗縣第03選區,7,陳品安,2,無黨籍及未經政黨推薦,7845,16.51,Y
2018,議員,區域,苗栗縣,苗栗縣第03選區,8,孟文源,1,無黨籍及未經政黨推薦,4418,9.29,N
2018,議員,區域,苗栗縣,苗栗縣第03選區,9,張琦享,1,無黨籍及未經政黨推薦,2060,4.33,N
2018,議員,區域,苗栗縣,苗栗縣第03選區,10,鄭宗國,1,民主進步黨,4747,9.99,Y
2018,議員,區域,苗栗縣,苗栗縣第04選區,1,黃聲全,1,無黨籍及未經政黨推薦,4600,6.49,N
2018,議員,區域,苗栗縣,苗栗縣第04選區,2,林寶珠,2,中國國民黨,5922,8.36,Y
2018,議員,區域,苗栗縣,苗栗縣第04選區,3,謝芳紋,2,民主進步黨,2722,3.84,N
2018,議員,區域,苗栗縣,苗栗縣第04選區,4,陳碧華,2,中國國民黨,6555,9.25,Y
2018,議員,區域,苗栗縣,苗栗縣第04選區,5,宋國鼎,1,時代力量,5298,7.48,Y
2018,議員,區域,苗栗縣,苗栗縣第04選區,6,李文斌,1,中國國民黨,6552,9.25,Y
2018,議員,區域,苗栗縣,苗栗縣第04選區,7,鄭秋風,1,中國國民黨,7098,10.02,Y
2018,議員,區域,苗栗縣,苗栗縣第04選區,8,廖英利,2,中國國民黨,6574,9.28,Y
2018,議員,區域,苗栗縣,苗栗縣第04選區,9,徐曼珣,2,無黨籍及未經政黨推薦,4392,6.2,N
2018,議員,區域,苗栗縣,苗栗縣第04選區,10,劉順松,1,民主進步黨,4718,6.66,Y
2018,議員,區域,苗栗縣,苗栗縣第04選區,11,陳清鑫,1,無黨籍及未經政黨推薦,750,1.05,N
2018,議員,區域,苗栗縣,苗栗縣第04選區,12,張梅蘭,2,中華統一促進黨,384,0.54,N
2018,議員,區域,苗栗縣,苗栗縣第04選區,13,廖秀紅,2,無黨籍及未經政黨推薦,5361,7.57,Y
2018,議員,區域,苗栗縣,苗栗縣第04選區,14,李震華,1,無黨籍及未經政黨推薦,1574,2.22,N
2018,議員,區域,苗栗縣,苗栗縣第04選區,15,潘子嵉,2,無黨籍及未經政黨推薦,542,0.76,N
2018,議員,區域,苗栗縣,苗栗縣第04選區,16,張佳玲,2,無黨籍及未經政黨推薦,7766,10.96,Y
2018,議員,區域,苗栗縣,苗栗縣第05選區,1,陳光軒,1,民主進步黨,3746,6.24,Y
2018,議員,區域,苗栗縣,苗栗縣第05選區,2,黃桂坤,1,無黨籍及未經政黨推薦,2924,4.87,N
2018,議員,區域,苗栗縣,苗栗縣第05選區,3,徐維均,1,無黨籍及未經政黨推薦,2147,3.57,N
2018,議員,區域,苗栗縣,苗栗縣第05選區,4,張愛炫,2,無黨籍及未經政黨推薦,3323,5.53,N
2018,議員,區域,苗栗縣,苗栗縣第05選區,5,温宜靜,2,無黨籍及未經政黨推薦,3388,5.64,N
2018,議員,區域,苗栗縣,苗栗縣第05選區,6,黎煥強,1,無黨籍及未經政黨推薦,5929,9.88,Y
2018,議員,區域,苗栗縣,苗栗縣第05選區,7,鄭聚然,1,中國國民黨,3821,6.36,Y
2018,議員,區域,苗栗縣,苗栗縣第05選區,8,張淑芬,2,中國國民黨,6096,10.15,Y
2018,議員,區域,苗栗縣,苗栗縣第05選區,9,曾玟學,1,時代力量,5030,8.38,Y
2018,議員,區域,苗栗縣,苗栗縣第05選區,10,陳慧萍,2,無黨籍及未經政黨推薦,2555,4.25,N
2018,議員,區域,苗栗縣,苗栗縣第05選區,11,李貴富,1,民主進步黨,3432,5.71,N
2018,議員,區域,苗栗縣,苗栗縣第05選區,12,曾正生,1,中華統一促進黨,559,0.93,N
2018,議員,區域,苗栗縣,苗栗縣第05選區,13,鍾東錦,1,無黨籍及未經政黨推薦,7990,13.31,Y
2018,議員,區域,苗栗縣,苗栗縣第05選區,14,鍾褔貴,1,中國國民黨,2868,4.77,N
2018,議員,區域,苗栗縣,苗栗縣第05選區,15,許綉春,2,中國國民黨,1153,1.92,N
2018,議員,區域,苗栗縣,苗栗縣第05選區,16,鍾道明,1,無黨籍及未經政黨推薦,1044,1.73,N
2018,議員,區域,苗栗縣,苗栗縣第05選區,17,徐功凡,1,中國國民黨,4003,6.67,Y
2018,議員,區域,苗栗縣,苗栗縣第06選區,1,陳春暖,2,民主進步黨,6413,27.27,N
2018,議員,區域,苗栗縣,苗栗縣第06選區,2,楊恭林,1,無黨籍及未經政黨推薦,8172,34.75,Y
2018,議員,區域,苗栗縣,苗栗縣第06選區,3,徐欽鴻,1,無黨籍及未經政黨推薦,8929,37.97,Y
2018,議員,區域,彰化縣,彰化縣第01選區,1,白玉如,2,中國國民黨,10224,6.36,Y
2018,議員,區域,彰化縣,彰化縣第01選區,2,許友瀚,1,無黨籍及未經政黨推薦,1281,0.79,N
2018,議員,區域,彰化縣,彰化縣第01選區,3,黄建閎,1,無黨籍及未經政黨推薦,5581,3.47,N
2018,議員,區域,彰化縣,彰化縣第01選區,4,楊富鈞,1,民主進步黨,5413,3.36,N
2018,議員,區域,彰化縣,彰化縣第01選區,5,黃明忠,1,無黨籍及未經政黨推薦,495,0.3,N
2018,議員,區域,彰化縣,彰化縣第01選區,6,許原龍,1,中國國民黨,12878,8.01,Y
2018,議員,區域,彰化縣,彰化縣第01選區,7,劉玲惠,2,民主進步黨,4188,2.6,N
2018,議員,區域,彰化縣,彰化縣第01選區,8,陳清峰,1,中華統一促進黨,330,0.2,N
2018,議員,區域,彰化縣,彰化縣第01選區,9,顧黃水花,2,中國國民黨,10311,6.41,Y
2018,議員,區域,彰化縣,彰化縣第01選區,10,吳韋達,1,時代力量,8721,5.42,Y
2018,議員,區域,彰化縣,彰化縣第01選區,11,黃千宴,2,中國國民黨,7605,4.73,Y
2018,議員,區域,彰化縣,彰化縣第01選區,12,葉繼元,1,無黨籍及未經政黨推薦,2986,1.85,N
2018,議員,區域,彰化縣,彰化縣第01選區,13,洪柏葳,1,無黨籍及未經政黨推薦,6518,4.05,Y
2018,議員,區域,彰化縣,彰化縣第01選區,14,莊陞漢,1,民主進步黨,6836,4.25,Y
2018,議員,區域,彰化縣,彰化縣第01選區,15,林維浩,1,民主進步黨,4862,3.02,N
2018,議員,區域,彰化縣,彰化縣第01選區,16,温芝樺,2,中國國民黨,16552,10.29,Y
2018,議員,區域,彰化縣,彰化縣第01選區,17,林茂明,1,無黨籍及未經政黨推薦,5965,3.71,Y
2018,議員,區域,彰化縣,彰化縣第01選區,18,陳銌銌,2,無黨籍及未經政黨推薦,7467,4.64,Y
2018,議員,區域,彰化縣,彰化縣第01選區,19,張瀚天,1,無黨籍及未經政黨推薦,19312,12.01,Y
2018,議員,區域,彰化縣,彰化縣第01選區,20,李成濟,1,民主進步黨,11162,6.94,Y
2018,議員,區域,彰化縣,彰化縣第01選區,21,葉孟家,1,民主進步黨,4817,2.99,N
2018,議員,區域,彰化縣,彰化縣第01選區,22,李寶銀,2,無黨籍及未經政黨推薦,7208,4.48,Y
2018,議員,區域,彰化縣,彰化縣第02選區,1,黃俊源,1,中國國民黨,10020,10.66,Y
2018,議員,區域,彰化縣,彰化縣第02選區,2,楊竣程,1,中國國民黨,11374,12.1,Y
2018,議員,區域,彰化縣,彰化縣第02選區,3,陳秀寳,2,民主進步黨,9497,10.11,Y
2018,議員,區域,彰化縣,彰化縣第02選區,4,楊妙月,2,民主進步黨,11254,11.98,Y
2018,議員,區域,彰化縣,彰化縣第02選區,5,許振烓,1,無黨籍及未經政黨推薦,555,0.59,N
2018,議員,區域,彰化縣,彰化縣第02選區,6,郭燕陵,2,無黨籍及未經政黨推薦,11846,12.61,Y
2018,議員,區域,彰化縣,彰化縣第02選區,7,葉國雄,1,民主進步黨,11882,12.64,Y
2018,議員,區域,彰化縣,彰化縣第02選區,8,鄭敬議,1,無黨籍及未經政黨推薦,6228,6.63,N
2018,議員,區域,彰化縣,彰化縣第02選區,9,凃淑媚,2,中國國民黨,13958,14.85,Y
2018,議員,區域,彰化縣,彰化縣第02選區,10,林士堅,1,民主進步黨,7318,7.79,N
2018,議員,區域,彰化縣,彰化縣第03選區,1,尤瑞春,2,民主進步黨,9613,12.33,Y
2018,議員,區域,彰化縣,彰化縣第03選區,2,林庚壬,1,中國國民黨,11567,14.84,Y
2018,議員,區域,彰化縣,彰化縣第03選區,3,柯振杯,1,中國國民黨,9619,12.34,Y
2018,議員,區域,彰化縣,彰化縣第03選區,4,王國忠,1,民主進步黨,7265,9.32,N
2018,議員,區域,彰化縣,彰化縣第03選區,5,賴清美,2,民主進步黨,10429,13.38,Y
2018,議員,區域,彰化縣,彰化縣第03選區,6,施嘉華,1,中國國民黨,10470,13.43,Y
2018,議員,區域,彰化縣,彰化縣第03選區,7,蕭文雄,1,無黨籍及未經政黨推薦,7047,9.04,N
2018,議員,區域,彰化縣,彰化縣第03選區,8,林宗翰,1,無黨籍及未經政黨推薦,11927,15.3,Y
2018,議員,區域,彰化縣,彰化縣第04選區,1,曹嘉豪,1,中國國民黨,9571,9.01,Y
2018,議員,區域,彰化縣,彰化縣第04選區,2,張雪如,2,無黨籍及未經政黨推薦,9228,8.69,Y
2018,議員,區域,彰化縣,彰化縣第04選區,3,凃俊任,1,中國國民黨,6984,6.57,Y
2018,議員,區域,彰化縣,彰化縣第04選區,4,張錦昆,1,中國國民黨,21168,19.93,Y
2018,議員,區域,彰化縣,彰化縣第04選區,5,劉惠娟,2,中國國民黨,7976,7.51,Y
2018,議員,區域,彰化縣,彰化縣第04選區,6,江武飛,1,民主進步黨,3908,3.68,N
2018,議員,區域,彰化縣,彰化縣第04選區,7,張素芬,2,民主進步黨,3556,3.34,N
2018,議員,區域,彰化縣,彰化縣第04選區,8,葉麗娟,2,中國國民黨,5436,5.11,N
2018,議員,區域,彰化縣,彰化縣第04選區,9,黃正盛,1,中國國民黨,9160,8.62,Y
2018,議員,區域,彰化縣,彰化縣第04選區,10,賴澤民,1,民主進步黨,8011,7.54,Y
2018,議員,區域,彰化縣,彰化縣第04選區,11,張欣倩,2,民主進步黨,13098,12.33,Y
2018,議員,區域,彰化縣,彰化縣第04選區,12,黃金堂,1,民主進步黨,1496,1.4,N
2018,議員,區域,彰化縣,彰化縣第04選區,13,江吉存,1,無黨籍及未經政黨推薦,6591,6.2,N
2018,議員,區域,彰化縣,彰化縣第05選區,1,張國閔,1,民主進步黨,4684,6.66,N
2018,議員,區域,彰化縣,彰化縣第05選區,2,許晋揚,1,中國國民黨,12303,17.49,Y
2018,議員,區域,彰化縣,彰化縣第05選區,3,洪本成,1,中國國民黨,8995,12.79,Y
2018,議員,區域,彰化縣,彰化縣第05選區,4,陳玉姬,2,中國國民黨,11919,16.95,Y
2018,議員,區域,彰化縣,彰化縣第05選區,5,歐陽蓁珠,2,民主進步黨,7053,10.03,N
2018,議員,區域,彰化縣,彰化縣第05選區,6,張春洋,1,無黨籍及未經政黨推薦,10510,14.94,Y
2018,議員,區域,彰化縣,彰化縣第05選區,7,李清木,1,民主進步黨,7283,10.35,N
2018,議員,區域,彰化縣,彰化縣第05選區,8,陳重嘉,1,無黨籍及未經政黨推薦,7570,10.76,Y
2018,議員,區域,彰化縣,彰化縣第06選區,1,鄭俊雄,1,中國國民黨,15387,27.1,Y
2018,議員,區域,彰化縣,彰化縣第06選區,2,張源清,1,無黨籍及未經政黨推薦,3374,5.94,N
2018,議員,區域,彰化縣,彰化縣第06選區,3,許書維,1,民主進步黨,10820,19.06,Y
2018,議員,區域,彰化縣,彰化縣第06選區,4,蕭如意,1,中國國民黨,13311,23.45,Y
2018,議員,區域,彰化縣,彰化縣第06選區,5,陳正忠,1,無黨籍及未經政黨推薦,1208,2.12,N
2018,議員,區域,彰化縣,彰化縣第06選區,6,蕭淑芬,2,無黨籍及未經政黨推薦,5642,9.93,N
2018,議員,區域,彰化縣,彰化縣第06選區,7,劉景滄,1,無黨籍及未經政黨推薦,7020,12.36,N
2018,議員,區域,彰化縣,彰化縣第07選區,1,黃盛祿,1,民主進步黨,9816,14.38,Y
2018,議員,區域,彰化縣,彰化縣第07選區,2,謝典霖,1,中國國民黨,17817,26.11,Y
2018,議員,區域,彰化縣,彰化縣第07選區,3,莊燈堯,1,無黨籍及未經政黨推薦,6086,8.92,N
2018,議員,區域,彰化縣,彰化縣第07選區,4,江熊一楓,2,民主進步黨,8194,12.01,Y
2018,議員,區域,彰化縣,彰化縣第07選區,5,李浩誠,1,中國國民黨,9052,13.26,Y
2018,議員,區域,彰化縣,彰化縣第07選區,6,吳錦潭,1,無黨籍及未經政黨推薦,8125,11.91,N
2018,議員,區域,彰化縣,彰化縣第07選區,7,劉淑芳,2,中國國民黨,9125,13.37,Y
2018,議員,區域,彰化縣,彰化縣第08選區,1,陳適當,1,無黨籍及未經政黨推薦,3582,5.34,N
2018,議員,區域,彰化縣,彰化縣第08選區,2,洪于仗,1,無黨籍及未經政黨推薦,5061,7.55,N
2018,議員,區域,彰化縣,彰化縣第08選區,3,張國棟,1,中國國民黨,10096,15.07,Y
2018,議員,區域,彰化縣,彰化縣第08選區,4,陳一惇,1,中國國民黨,9370,13.99,Y
2018,議員,區域,彰化縣,彰化縣第08選區,5,謝彥慧,2,中國國民黨,10735,16.02,Y
2018,議員,區域,彰化縣,彰化縣第08選區,6,蔡家豪,1,無黨籍及未經政黨推薦,8125,12.13,Y
2018,議員,區域,彰化縣,彰化縣第08選區,7,吳淑娟,2,無黨籍及未經政黨推薦,9304,13.89,Y
2018,議員,區域,彰化縣,彰化縣第08選區,8,洪騰明,1,民主進步黨,7472,11.15,N
2018,議員,區域,彰化縣,彰化縣第08選區,9,蔡金蓮,2,民主進步黨,3230,4.82,N
2018,議員,區域,南投縣,南投縣第01選區,1,于秀英,2,無黨籍及未經政黨推薦,6832,8.45,Y
2018,議員,區域,南投縣,南投縣第01選區,2,張嘉哲,1,無黨籍及未經政黨推薦,4946,6.12,Y
2018,議員,區域,南投縣,南投縣第01選區,3,林威崴,2,無黨籍及未經政黨推薦,3282,4.06,N
2018,議員,區域,南投縣,南投縣第01選區,4,洪明科,1,無黨籍及未經政黨推薦,5533,6.85,Y
2018,議員,區域,南投縣,南投縣第01選區,5,史雪燕,2,中國國民黨,3432,4.24,N
2018,議員,區域,南投縣,南投縣第01選區,6,游宏達,1,無黨籍及未經政黨推薦,4892,6.05,N
2018,議員,區域,南投縣,南投縣第01選區,7,蔡宗智,1,無黨籍及未經政黨推薦,7159,8.86,Y
2018,議員,區域,南投縣,南投縣第01選區,8,陳翰立,1,民主進步黨,6606,8.17,Y
2018,議員,區域,南投縣,南投縣第01選區,9,江國彬,1,無黨籍及未經政黨推薦,251,0.31,N
2018,議員,區域,南投縣,南投縣第01選區,10,羅美玲,2,民主進步黨,6574,8.14,Y
2018,議員,區域,南投縣,南投縣第01選區,11,張維華,1,中國國民黨,6470,8.01,Y
2018,議員,區域,南投縣,南投縣第01選區,12,賴燕雪,2,民主進步黨,8031,9.94,Y
2018,議員,區域,南投縣,南投縣第01選區,13,王永慶,1,無黨籍及未經政黨推薦,120,0.14,N
2018,議員,區域,南投縣,南投縣第01選區,14,曾振炎,1,中國國民黨,7314,9.05,Y
2018,議員,區域,南投縣,南投縣第01選區,15,莊文斌,1,中國國民黨,4928,6.1,Y
2018,議員,區域,南投縣,南投縣第01選區,16,洪浩原,1,無黨籍及未經政黨推薦,4390,5.43,N
2018,議員,區域,南投縣,南投縣第02選區,1,洪巧娟,2,民主進步黨,4240,6.57,N
2018,議員,區域,南投縣,南投縣第02選區,2,李洲忠,1,中國國民黨,7586,11.77,Y
2018,議員,區域,南投縣,南投縣第02選區,3,蔡銘軒,1,民主進步黨,5943,9.22,Y
2018,議員,區域,南投縣,南投縣第02選區,4,莊士傑,1,無黨籍及未經政黨推薦,4329,6.71,Y
2018,議員,區域,南投縣,南投縣第02選區,5,簡賜勝,1,無黨籍及未經政黨推薦,9592,14.88,Y
2018,議員,區域,南投縣,南投縣第02選區,6,李幸花,2,無黨籍及未經政黨推薦,1605,2.49,N
2018,議員,區域,南投縣,南投縣第02選區,7,莊惠惠,2,無黨籍及未經政黨推薦,3806,5.9,N
2018,議員,區域,南投縣,南投縣第02選區,8,張永輝,1,無黨籍及未經政黨推薦,6042,9.37,Y
2018,議員,區域,南投縣,南投縣第02選區,9,廖梓佑,2,民主進步黨,5884,9.13,Y
2018,議員,區域,南投縣,南投縣第02選區,10,陳國大,1,無黨籍及未經政黨推薦,3380,5.24,N
2018,議員,區域,南投縣,南投縣第02選區,11,唐曉棻,2,中國國民黨,7178,11.13,Y
2018,議員,區域,南投縣,南投縣第02選區,12,簡峻庭,1,無黨籍及未經政黨推薦,4854,7.53,Y
2018,議員,區域,南投縣,南投縣第03選區,1,王秋淑,2,民主進步黨,5153,16.25,N
2018,議員,區域,南投縣,南投縣第03選區,2,李雲龍,1,無黨籍及未經政黨推薦,1538,4.85,N
2018,議員,區域,南投縣,南投縣第03選區,3,謝明謀,1,中國國民黨,5972,18.84,Y
2018,議員,區域,南投縣,南投縣第03選區,4,陳昭煜,1,民主進步黨,5323,16.79,Y
2018,議員,區域,南投縣,南投縣第03選區,5,蕭志全,1,中國國民黨,6933,21.87,Y
2018,議員,區域,南投縣,南投縣第03選區,6,陳淑惠,2,中國國民黨,6776,21.37,Y
2018,議員,區域,南投縣,南投縣第04選區,1,吳瑞芳,2,無黨籍及未經政黨推薦,6400,15.1,Y
2018,議員,區域,南投縣,南投縣第04選區,2,張志銘,1,民主進步黨,2744,6.47,N
2018,議員,區域,南投縣,南投縣第04選區,3,何勝豐,1,中國國民黨,6627,15.64,Y
2018,議員,區域,南投縣,南投縣第04選區,4,蔡孟娥,2,無黨籍及未經政黨推薦,5672,13.38,Y
2018,議員,區域,南投縣,南投縣第04選區,5,游顥,1,中國國民黨,7682,18.13,Y
2018,議員,區域,南投縣,南投縣第04選區,6,陳玉鈴,2,民主進步黨,2870,6.77,N
2018,議員,區域,南投縣,南投縣第04選區,7,黃東灝,1,中國國民黨,4462,10.53,Y
2018,議員,區域,南投縣,南投縣第04選區,8,林本立,1,無黨籍及未經政黨推薦,1834,4.32,N
2018,議員,區域,南投縣,南投縣第04選區,9,蔡易呈,1,中國國民黨,4077,9.62,N
2018,議員,區域,南投縣,南投縣第05選區,1,葉仁創,1,民主進步黨,4549,7.89,Y
2018,議員,區域,南投縣,南投縣第05選區,2,戴世詮,1,無黨籍及未經政黨推薦,8086,14.03,Y
2018,議員,區域,南投縣,南投縣第05選區,3,潘一全,1,中國國民黨,8194,14.21,Y
2018,議員,區域,南投縣,南投縣第05選區,4,陳宜君,2,民主進步黨,6998,12.14,Y
2018,議員,區域,南投縣,南投縣第05選區,5,王彩雲,2,中國國民黨,4461,7.74,Y
2018,議員,區域,南投縣,南投縣第05選區,6,林芳伃,2,中國國民黨,6787,11.77,Y
2018,議員,區域,南投縣,南投縣第05選區,7,何惠娟,2,民主進步黨,3288,5.7,N
2018,議員,區域,南投縣,南投縣第05選區,8,黃世芳,1,中國國民黨,7940,13.77,Y
2018,議員,區域,南投縣,南投縣第05選區,9,楊淑芬,2,無黨籍及未經政黨推薦,3637,6.31,N
2018,議員,區域,南投縣,南投縣第05選區,10,黃正男,1,無黨籍及未經政黨推薦,3689,6.4,N
2018,議員,區域,雲林縣,雲林縣第01選區,1,陳俊傑,1,無黨籍及未經政黨推薦,1067,1.24,N
2018,議員,區域,雲林縣,雲林縣第01選區,2,廖郁賢,2,時代力量,6179,7.21,Y
2018,議員,區域,雲林縣,雲林縣第01選區,3,江宗保,1,民主進步黨,3830,4.47,N
2018,議員,區域,雲林縣,雲林縣第01選區,4,邱世文,1,無黨籍及未經政黨推薦,5279,6.16,Y
2018,議員,區域,雲林縣,雲林縣第01選區,5,蘇于珊,2,中國國民黨,8711,10.17,Y
2018,議員,區域,雲林縣,雲林縣第01選區,6,李政達,1,民主進步黨,3879,4.53,N
2018,議員,區域,雲林縣,雲林縣第01選區,7,李建昇,1,民主進步黨,7035,8.21,Y
2018,議員,區域,雲林縣,雲林縣第01選區,8,李建志,1,無黨籍及未經政黨推薦,5216,6.09,Y
2018,議員,區域,雲林縣,雲林縣第01選區,9,陳亮良,1,中國國民黨,3593,4.19,N
2018,議員,區域,雲林縣,雲林縣第01選區,10,林岳璋,1,無黨籍及未經政黨推薦,6909,8.07,Y
2018,議員,區域,雲林縣,雲林縣第01選區,11,林武文,1,無黨籍及未經政黨推薦,2954,3.45,N
2018,議員,區域,雲林縣,雲林縣第01選區,12,周秀月,2,民主進步黨,4278,4.99,N
2018,議員,區域,雲林縣,雲林縣第01選區,13,鍾明馨,1,無黨籍及未經政黨推薦,6508,7.6,Y
2018,議員,區域,雲林縣,雲林縣第01選區,14,鄭自勤,1,無黨籍及未經政黨推薦,871,1.01,N
2018,議員,區域,雲林縣,雲林縣第01選區,15,賴淑娞,2,中國國民黨,8074,9.43,Y
2018,議員,區域,雲林縣,雲林縣第01選區,16,王又民,1,無黨籍及未經政黨推薦,5366,6.26,Y
2018,議員,區域,雲林縣,雲林縣第01選區,17,江文登,1,民主進步黨,5845,6.82,Y
2018,議員,區域,雲林縣,雲林縣第02選區,1,陳毅弘,1,民主進步黨,2214,3.99,N
2018,議員,區域,雲林縣,雲林縣第02選區,2,陳樹吉,1,無黨籍及未經政黨推薦,6957,12.53,Y
2018,議員,區域,雲林縣,雲林縣第02選區,3,黃忠興,1,無黨籍及未經政黨推薦,3433,6.18,N
2018,議員,區域,雲林縣,雲林縣第02選區,4,張庭綺,2,民主進步黨,8080,14.56,Y
2018,議員,區域,雲林縣,雲林縣第02選區,5,蔡東富,1,無黨籍及未經政黨推薦,7983,14.38,Y
2018,議員,區域,雲林縣,雲林縣第02選區,6,賴明源,1,無黨籍及未經政黨推薦,7411,13.35,Y
2018,議員,區域,雲林縣,雲林縣第02選區,7,黃高明,1,無黨籍及未經政黨推薦,1595,2.87,N
2018,議員,區域,雲林縣,雲林縣第02選區,8,鐘泰荃,1,民主進步黨,3197,5.76,N
2018,議員,區域,雲林縣,雲林縣第02選區,9,顏忠義,1,無黨籍及未經政黨推薦,6887,12.41,Y
2018,議員,區域,雲林縣,雲林縣第02選區,10,王秋足,2,中國國民黨,7730,13.93,Y
2018,議員,區域,雲林縣,雲林縣第03選區,1,陳乙辰,1,無黨籍及未經政黨推薦,3051,3.84,N
2018,議員,區域,雲林縣,雲林縣第03選區,2,黃凱,1,無黨籍及未經政黨推薦,6483,8.16,Y
2018,議員,區域,雲林縣,雲林縣第03選區,3,林富源,1,無黨籍及未經政黨推薦,336,0.42,N
2018,議員,區域,雲林縣,雲林縣第03選區,4,陳茂源,1,無黨籍及未經政黨推薦,3610,4.54,N
2018,議員,區域,雲林縣,雲林縣第03選區,5,黃美瑤,2,無黨籍及未經政黨推薦,5375,6.76,Y
2018,議員,區域,雲林縣,雲林縣第03選區,6,王鈺齊,2,台灣團結聯盟,6161,7.75,Y
2018,議員,區域,雲林縣,雲林縣第03選區,7,蔡明水,1,民主進步黨,5854,7.36,Y
2018,議員,區域,雲林縣,雲林縣第03選區,8,沈義隆,1,無黨籍及未經政黨推薦,2488,3.13,N
2018,議員,區域,雲林縣,雲林縣第03選區,9,郭武男,1,中國國民黨,4909,6.17,N
2018,議員,區域,雲林縣,雲林縣第03選區,10,蔣尹瑄,2,無黨籍及未經政黨推薦,1709,2.15,N
2018,議員,區域,雲林縣,雲林縣第03選區,11,林文彬,1,民主進步黨,6482,8.16,Y
2018,議員,區域,雲林縣,雲林縣第03選區,12,許維修,1,無黨籍及未經政黨推薦,633,0.79,N
2018,議員,區域,雲林縣,雲林縣第03選區,13,陳瑞雄,1,中國國民黨,5339,6.72,N
2018,議員,區域,雲林縣,雲林縣第03選區,14,蔡秋敏,2,民主進步黨,4870,6.13,N
2018,議員,區域,雲林縣,雲林縣第03選區,15,陳俊龍,1,無黨籍及未經政黨推薦,6193,7.79,Y
2018,議員,區域,雲林縣,雲林縣第03選區,16,顏旭懋,1,民主進步黨,6939,8.73,Y
2018,議員,區域,雲林縣,雲林縣第03選區,17,沈宗隆,1,中國國民黨,9003,11.33,Y
2018,議員,區域,雲林縣,雲林縣第04選區,1,廖錦珠,2,民主進步黨,4673,8.28,N
2018,議員,區域,雲林縣,雲林縣第04選區,2,廖秋萍,2,民主進步黨,7236,12.83,Y
2018,議員,區域,雲林縣,雲林縣第04選區,3,詹㨗凱,1,無黨籍及未經政黨推薦,2864,5.07,N
2018,議員,區域,雲林縣,雲林縣第04選區,4,游淑雲,2,無黨籍及未經政黨推薦,5975,10.59,Y
2018,議員,區域,雲林縣,雲林縣第04選區,5,鍾政翰,1,時代力量,2209,3.91,N
2018,議員,區域,雲林縣,雲林縣第04選區,6,廖文彬,1,無黨籍及未經政黨推薦,1022,1.81,N
2018,議員,區域,雲林縣,雲林縣第04選區,7,梁銘忠,1,無黨籍及未經政黨推薦,5697,10.1,Y
2018,議員,區域,雲林縣,雲林縣第04選區,8,廖萬,1,民主進步黨,4939,8.75,Y
2018,議員,區域,雲林縣,雲林縣第04選區,9,王鐵道,1,無黨籍及未經政黨推薦,3990,7.07,N
2018,議員,區域,雲林縣,雲林縣第04選區,10,廖偉晴,1,中國國民黨,7606,13.49,Y
2018,議員,區域,雲林縣,雲林縣第04選區,11,李明哲,1,中國國民黨,10171,18.03,Y
2018,議員,區域,雲林縣,雲林縣第05選區,1,丁慶錡,1,皇君人民政黨,673,1.14,N
2018,議員,區域,雲林縣,雲林縣第05選區,2,林深,1,無黨籍及未經政黨推薦,6378,10.84,Y
2018,議員,區域,雲林縣,雲林縣第05選區,3,丁春樹,1,無黨籍及未經政黨推薦,2244,3.81,N
2018,議員,區域,雲林縣,雲林縣第05選區,4,林建鴻,1,中國國民黨,7524,12.79,Y
2018,議員,區域,雲林縣,雲林縣第05選區,5,蔡昌孟,1,無黨籍及未經政黨推薦,4088,6.95,N
2018,議員,區域,雲林縣,雲林縣第05選區,6,黃淑鈴,2,民主進步黨,4424,7.52,Y
2018,議員,區域,雲林縣,雲林縣第05選區,7,吳蕙蘭,2,無黨籍及未經政黨推薦,11242,19.11,Y
2018,議員,區域,雲林縣,雲林縣第05選區,8,蘇俊豪,1,民主進步黨,10115,17.2,Y
2018,議員,區域,雲林縣,雲林縣第05選區,9,許志豪,1,民主進步黨,5107,8.68,Y
2018,議員,區域,雲林縣,雲林縣第05選區,10,陳文益,1,無黨籍及未經政黨推薦,2408,4.09,N
2018,議員,區域,雲林縣,雲林縣第05選區,11,許留賓,1,無黨籍及未經政黨推薦,4602,7.82,Y
2018,議員,區域,雲林縣,雲林縣第06選區,1,黃美蘭,2,無黨籍及未經政黨推薦,7070,12.97,Y
2018,議員,區域,雲林縣,雲林縣第06選區,2,翁水上,1,無黨籍及未經政黨推薦,5752,10.55,Y
2018,議員,區域,雲林縣,雲林縣第06選區,3,蔡岳儒,1,民主進步黨,8400,15.41,Y
2018,議員,區域,雲林縣,雲林縣第06選區,4,林昀蔚,1,民主進步黨,4544,8.34,N
2018,議員,區域,雲林縣,雲林縣第06選區,5,蕭慧敏,2,無黨籍及未經政黨推薦,5738,10.53,Y
2018,議員,區域,雲林縣,雲林縣第06選區,6,蕭惠娟,2,無黨籍及未經政黨推薦,459,0.84,N
2018,議員,區域,雲林縣,雲林縣第06選區,7,蔡孟真,2,無黨籍及未經政黨推薦,9073,16.65,Y
2018,議員,區域,雲林縣,雲林縣第06選區,8,王新堯,1,無黨籍及未經政黨推薦,5360,9.83,N
2018,議員,區域,雲林縣,雲林縣第06選區,9,黃文祥,1,無黨籍及未經政黨推薦,8081,14.83,Y
2018,議員,區域,嘉義縣,嘉義縣第01選區,1,董國誠,1,無黨籍及未經政黨推薦,4576,7.83,N
2018,議員,區域,嘉義縣,嘉義縣第01選區,2,楊秀琴,2,無黨籍及未經政黨推薦,4587,7.85,Y
2018,議員,區域,嘉義縣,嘉義縣第01選區,3,吳建霖,1,無黨籍及未經政黨推薦,1054,1.8,N
2018,議員,區域,嘉義縣,嘉義縣第01選區,4,黃榮俊,1,民主進步黨,5084,8.7,Y
2018,議員,區域,嘉義縣,嘉義縣第01選區,5,詹琬蓁,2,中國國民黨,5842,10,Y
2018,議員,區域,嘉義縣,嘉義縣第01選區,6,林緗亭,2,民主進步黨,9504,16.27,Y
2018,議員,區域,嘉義縣,嘉義縣第01選區,7,王啓澧,1,中國國民黨,7407,12.68,Y
2018,議員,區域,嘉義縣,嘉義縣第01選區,8,賴瓊如,2,無黨籍及未經政黨推薦,7678,13.14,Y
2018,議員,區域,嘉義縣,嘉義縣第01選區,9,戴光宗,1,民主進步黨,7665,13.12,Y
2018,議員,區域,嘉義縣,嘉義縣第01選區,10,林沐惠,1,民主進步黨,4480,7.67,N
2018,議員,區域,嘉義縣,嘉義縣第01選區,11,黃榮杰,1,無黨籍及未經政黨推薦,532,0.91,N
2018,議員,區域,嘉義縣,嘉義縣第02選區,1,陳福成,1,無黨籍及未經政黨推薦,6489,11.21,Y
2018,議員,區域,嘉義縣,嘉義縣第02選區,2,林于玲,2,中國國民黨,8928,15.42,Y
2018,議員,區域,嘉義縣,嘉義縣第02選區,3,黃芳蘭,2,民主進步黨,7006,12.1,Y
2018,議員,區域,嘉義縣,嘉義縣第02選區,4,林淑完,2,民主進步黨,6121,10.57,Y
2018,議員,區域,嘉義縣,嘉義縣第02選區,5,林秀琴,2,民主進步黨,6284,10.85,Y
2018,議員,區域,嘉義縣,嘉義縣第02選區,6,陳文忠,1,無黨籍及未經政黨推薦,7711,13.32,Y
2018,議員,區域,嘉義縣,嘉義縣第02選區,7,黃嘉寬,1,無黨籍及未經政黨推薦,3151,5.44,N
2018,議員,區域,嘉義縣,嘉義縣第02選區,8,葉孟龍,1,民主進步黨,8965,15.49,Y
2018,議員,區域,嘉義縣,嘉義縣第02選區,9,賴朝崙,1,無黨籍及未經政黨推薦,3221,5.56,N
2018,議員,區域,嘉義縣,嘉義縣第03選區,1,吳思蓉,2,中國國民黨,8493,21.67,Y
2018,議員,區域,嘉義縣,嘉義縣第03選區,2,陳信文,1,中國國民黨,5791,14.77,Y
2018,議員,區域,嘉義縣,嘉義縣第03選區,3,陳志明,1,無黨籍及未經政黨推薦,496,1.26,N
2018,議員,區域,嘉義縣,嘉義縣第03選區,4,劉雅文,2,民主進步黨,5984,15.27,Y
2018,議員,區域,嘉義縣,嘉義縣第03選區,5,許有疆,1,民主進步黨,6387,16.29,Y
2018,議員,區域,嘉義縣,嘉義縣第03選區,6,劉宏文,1,無黨籍及未經政黨推薦,5052,12.89,Y
2018,議員,區域,嘉義縣,嘉義縣第03選區,7,郭芳宜,1,民主進步黨,3765,9.6,N
2018,議員,區域,嘉義縣,嘉義縣第03選區,8,趙麗娜,2,無黨籍及未經政黨推薦,3219,8.21,N
2018,議員,區域,嘉義縣,嘉義縣第04選區,1,呂文正,1,無黨籍及未經政黨推薦,3574,7.23,N
2018,議員,區域,嘉義縣,嘉義縣第04選區,2,陳怡岳,1,民主進步黨,6130,12.41,Y
2018,議員,區域,嘉義縣,嘉義縣第04選區,3,黃奕瑄,2,無黨籍及未經政黨推薦,1080,2.18,N
2018,議員,區域,嘉義縣,嘉義縣第04選區,4,陳晉豪,1,無黨籍及未經政黨推薦,837,1.69,N
2018,議員,區域,嘉義縣,嘉義縣第04選區,5,蔡奇璋,1,無黨籍及未經政黨推薦,3668,7.42,Y
2018,議員,區域,嘉義縣,嘉義縣第04選區,6,李國勝,1,中國國民黨,8389,16.98,Y
2018,議員,區域,嘉義縣,嘉義縣第04選區,7,陳崇榮,1,無黨籍及未經政黨推薦,2026,4.1,N
2018,議員,區域,嘉義縣,嘉義縣第04選區,8,蔡鼎三,1,民主進步黨,5555,11.24,Y
2018,議員,區域,嘉義縣,嘉義縣第04選區,9,黃鉦凱,1,民主進步黨,7412,15,Y
2018,議員,區域,嘉義縣,嘉義縣第04選區,10,姜梅紅,2,無黨籍及未經政黨推薦,3600,7.28,Y
2018,議員,區域,嘉義縣,嘉義縣第04選區,11,黃嫈珺,2,民主進步黨,7122,14.41,Y
2018,議員,區域,嘉義縣,嘉義縣第05選區,1,黃金茂,1,無黨籍及未經政黨推薦,6086,21.74,Y
2018,議員,區域,嘉義縣,嘉義縣第05選區,2,蔡瑋傑,1,民主進步黨,6794,24.27,Y
2018,議員,區域,嘉義縣,嘉義縣第05選區,3,李志榮,1,無黨籍及未經政黨推薦,2541,9.07,N
2018,議員,區域,嘉義縣,嘉義縣第05選區,4,翁聰賢,1,民主進步黨,5525,19.74,N
2018,議員,區域,嘉義縣,嘉義縣第05選區,5,蔡信典,1,中國國民黨,7039,25.15,Y
2018,議員,區域,嘉義縣,嘉義縣第06選區,1,林琨閔,1,無黨籍及未經政黨推薦,970,1.73,N
2018,議員,區域,嘉義縣,嘉義縣第06選區,2,張明達,1,民主進步黨,13040,23.26,Y
2018,議員,區域,嘉義縣,嘉義縣第06選區,3,王清美,2,無黨籍及未經政黨推薦,488,0.87,N
2018,議員,區域,嘉義縣,嘉義縣第06選區,4,何子凡,1,無黨籍及未經政黨推薦,5087,9.07,Y
2018,議員,區域,嘉義縣,嘉義縣第06選區,5,王焜玄,1,無黨籍及未經政黨推薦,6848,12.21,Y
2018,議員,區域,嘉義縣,嘉義縣第06選區,6,張貴忠,1,民主進步黨,3394,6.05,N
2018,議員,區域,嘉義縣,嘉義縣第06選區,7,陳柏麟,1,民主進步黨,6637,11.84,Y
2018,議員,區域,嘉義縣,嘉義縣第06選區,8,邱銀海,1,中國國民黨,4386,7.82,Y
2018,議員,區域,嘉義縣,嘉義縣第06選區,9,莊竣傑,1,無黨籍及未經政黨推薦,3376,6.02,N
2018,議員,區域,嘉義縣,嘉義縣第06選區,10,詹黃素蓮,2,中國國民黨,3522,6.28,Y
2018,議員,區域,嘉義縣,嘉義縣第06選區,11,羅士洋,1,民主進步黨,4760,8.49,Y
2018,議員,區域,嘉義縣,嘉義縣第06選區,12,龔良榮,1,無黨籍及未經政黨推薦,2758,4.92,N
2018,議員,區域,嘉義縣,嘉義縣第06選區,13,凃文以,1,無黨籍及未經政黨推薦,788,1.4,N
2018,議員,區域,屏東縣,屏東縣第01選區,1,蔣月惠,2,無黨籍及未經政黨推薦,10806,10.65,Y
2018,議員,區域,屏東縣,屏東縣第01選區,2,唐玉琴,2,中國國民黨,5130,5.05,Y
2018,議員,區域,屏東縣,屏東縣第01選區,4,蘇義峰,1,民主進步黨,3989,3.93,N
2018,議員,區域,屏東縣,屏東縣第01選區,5,李世斌,1,民主進步黨,7461,7.35,Y
2018,議員,區域,屏東縣,屏東縣第01選區,6,黃明賢,1,中國國民黨,7358,7.25,Y
2018,議員,區域,屏東縣,屏東縣第01選區,7,鍾淑娟,2,民主進步黨,2889,2.84,N
2018,議員,區域,屏東縣,屏東縣第01選區,8,曾義雄,1,中國國民黨,5467,5.39,Y
2018,議員,區域,屏東縣,屏東縣第01選區,9,劉振隆,1,無黨籍及未經政黨推薦,100,0.09,N
2018,議員,區域,屏東縣,屏東縣第01選區,10,劉育豪,1,民主進步黨,3890,3.83,N
2018,議員,區域,屏東縣,屏東縣第01選區,11,黃昌源,1,中國國民黨,4551,4.48,N
2018,議員,區域,屏東縣,屏東縣第01選區,12,陳揚,1,中國國民黨,8707,8.58,Y
2018,議員,區域,屏東縣,屏東縣第01選區,13,鄭清原,1,無黨籍及未經政黨推薦,6514,6.42,Y
2018,議員,區域,屏東縣,屏東縣第01選區,14,方一祥,1,民主進步黨,5028,4.95,Y
2018,議員,區域,屏東縣,屏東縣第01選區,15,張金文,1,無黨籍及未經政黨推薦,4684,4.61,N
2018,議員,區域,屏東縣,屏東縣第01選區,16,陳哲蕙,2,無黨籍及未經政黨推薦,3206,3.16,N
2018,議員,區域,屏東縣,屏東縣第01選區,17,蔣家煌,1,無黨籍及未經政黨推薦,6435,6.34,Y
2018,議員,區域,屏東縣,屏東縣第01選區,18,林明順,1,無黨籍及未經政黨推薦,4820,4.75,Y
2018,議員,區域,屏東縣,屏東縣第01選區,19,鍾明輝,1,民主進步黨,4598,4.53,N
2018,議員,區域,屏東縣,屏東縣第01選區,20,張平原,1,無黨籍及未經政黨推薦,5791,5.7,Y
2018,議員,區域,屏東縣,屏東縣第02選區,1,江維屏,1,民主進步黨,6554,7.61,N
2018,議員,區域,屏東縣,屏東縣第02選區,2,吳政育,1,民主進步黨,4844,5.63,N
2018,議員,區域,屏東縣,屏東縣第02選區,3,何春美,2,中國國民黨,6816,7.92,Y
2018,議員,區域,屏東縣,屏東縣第02選區,4,鄭淑嫣,2,無黨籍及未經政黨推薦,5178,6.01,N
2018,議員,區域,屏東縣,屏東縣第02選區,5,尤慶賀,1,無黨籍及未經政黨推薦,7847,9.12,Y
2018,議員,區域,屏東縣,屏東縣第02選區,6,吳亮慶,1,民主進步黨,7890,9.17,Y
2018,議員,區域,屏東縣,屏東縣第02選區,7,許玉秀,2,民主進步黨,3058,3.55,N
2018,議員,區域,屏東縣,屏東縣第02選區,8,鄭雙銓,1,中國國民黨,8758,10.17,Y
2018,議員,區域,屏東縣,屏東縣第02選區,9,宋麗華,2,中國國民黨,7322,8.51,Y
2018,議員,區域,屏東縣,屏東縣第02選區,10,盧文瑞,1,無黨籍及未經政黨推薦,8225,9.56,Y
2018,議員,區域,屏東縣,屏東縣第02選區,11,潘采瑤,2,無黨籍及未經政黨推薦,2753,3.19,N
2018,議員,區域,屏東縣,屏東縣第02選區,12,陳明達,1,民主進步黨,8481,9.85,Y
2018,議員,區域,屏東縣,屏東縣第02選區,13,王景山,1,無黨籍及未經政黨推薦,8309,9.65,Y
2018,議員,區域,屏東縣,屏東縣第03選區,1,潘淑眞,2,民主進步黨,6557,6.51,Y
2018,議員,區域,屏東縣,屏東縣第03選區,2,黃建溢,1,民主進步黨,7362,7.31,Y
2018,議員,區域,屏東縣,屏東縣第03選區,3,李明宗,1,民主進步黨,4602,4.56,N
2018,議員,區域,屏東縣,屏東縣第03選區,4,李世淦,1,中國國民黨,6597,6.55,Y
2018,議員,區域,屏東縣,屏東縣第03選區,5,利八魁,1,民主進步黨,5809,5.76,N
2018,議員,區域,屏東縣,屏東縣第03選區,6,潘政治,1,民主進步黨,792,0.78,N
2018,議員,區域,屏東縣,屏東縣第03選區,7,林宗俉,1,民主進步黨,4587,4.55,N
2018,議員,區域,屏東縣,屏東縣第03選區,8,潘連周,1,無黨籍及未經政黨推薦,9776,9.7,Y
2018,議員,區域,屏東縣,屏東縣第03選區,9,徐榮耀,1,中國國民黨,9186,9.12,Y
2018,議員,區域,屏東縣,屏東縣第03選區,11,潘長成,1,台灣團結聯盟,7223,7.17,Y
2018,議員,區域,屏東縣,屏東縣第03選區,12,林郁虹,2,無黨籍及未經政黨推薦,8023,7.96,Y
2018,議員,區域,屏東縣,屏東縣第03選區,13,洪明江,1,民主進步黨,5616,5.57,N
2018,議員,區域,屏東縣,屏東縣第03選區,14,梁正金,1,民主進步黨,3614,3.58,N
2018,議員,區域,屏東縣,屏東縣第03選區,15,陳志成,1,無黨籍及未經政黨推薦,6887,6.83,Y
2018,議員,區域,屏東縣,屏東縣第03選區,16,許馨勻,2,中國國民黨,7938,7.88,Y
2018,議員,區域,屏東縣,屏東縣第03選區,17,劉淼松,1,無黨籍及未經政黨推薦,6135,6.09,Y
2018,議員,區域,屏東縣,屏東縣第04選區,1,方文正,1,民主進步黨,4514,6.02,Y
2018,議員,區域,屏東縣,屏東縣第04選區,2,郭再添,1,無黨籍及未經政黨推薦,4443,5.93,N
2018,議員,區域,屏東縣,屏東縣第04選區,3,劉孟君,2,民主進步黨,9380,12.51,Y
2018,議員,區域,屏東縣,屏東縣第04選區,4,何輝能,1,民主進步黨,5979,7.98,Y
2018,議員,區域,屏東縣,屏東縣第04選區,5,許展維,1,民主進步黨,12347,16.48,Y
2018,議員,區域,屏東縣,屏東縣第04選區,6,周典論,1,中國國民黨,9967,13.3,Y
2018,議員,區域,屏東縣,屏東縣第04選區,7,鄭張常敏,2,無黨籍及未經政黨推薦,7199,9.6,Y
2018,議員,區域,屏東縣,屏東縣第04選區,8,李曜丞,1,無黨籍及未經政黨推薦,4026,5.37,N
2018,議員,區域,屏東縣,屏東縣第04選區,9,林蔡鳯梅,2,無黨籍及未經政黨推薦,8988,11.99,Y
2018,議員,區域,屏東縣,屏東縣第04選區,10,李香蘭,2,中國國民黨,8078,10.78,Y
2018,議員,區域,屏東縣,屏東縣第05選區,1,林韻濱,1,無黨籍及未經政黨推薦,4133,10.75,N
2018,議員,區域,屏東縣,屏東縣第05選區,2,王啟敏,1,中國國民黨,9356,24.33,Y
2018,議員,區域,屏東縣,屏東縣第05選區,3,林玉花,2,民主進步黨,5323,13.84,Y
2018,議員,區域,屏東縣,屏東縣第05選區,4,周碧雲,2,民主進步黨,10164,26.43,Y
2018,議員,區域,屏東縣,屏東縣第05選區,5,羅平道,1,民主進步黨,8675,22.56,Y
2018,議員,區域,屏東縣,屏東縣第05選區,6,何麗莉,2,中華統一促進黨,795,2.06,N
2018,議員,區域,屏東縣,屏東縣第06選區,1,李志偉,1,民主進步黨,5624,19.13,Y
2018,議員,區域,屏東縣,屏東縣第06選區,2,曾瓊慧,2,中國國民黨,4538,15.43,N
2018,議員,區域,屏東縣,屏東縣第06選區,3,周志仲,1,民主進步黨,5034,17.12,N
2018,議員,區域,屏東縣,屏東縣第06選區,4,郭麗玲,2,無黨籍及未經政黨推薦,1174,3.99,N
2018,議員,區域,屏東縣,屏東縣第06選區,5,盧玟欣,2,中國國民黨,5401,18.37,Y
2018,議員,區域,屏東縣,屏東縣第06選區,6,陳文弘,1,民主進步黨,7622,25.93,Y
2018,議員,區域,屏東縣,屏東縣第07選區,1,洪慈綪,2,無黨籍及未經政黨推薦,1957,28.94,N
2018,議員,區域,屏東縣,屏東縣第07選區,2,王薇茗,2,無黨籍及未經政黨推薦,4803,71.05,Y
2018,議員,區域,宜蘭縣,宜蘭縣第01選區,1,游國良,1,民主進步黨,2209,4.53,N
2018,議員,區域,宜蘭縣,宜蘭縣第01選區,2,黃定和,1,中國國民黨,7161,14.7,Y
2018,議員,區域,宜蘭縣,宜蘭縣第01選區,3,徐坤炎,1,無黨籍及未經政黨推薦,227,0.46,N
2018,議員,區域,宜蘭縣,宜蘭縣第01選區,4,林錫明,1,無黨籍及未經政黨推薦,4359,8.95,Y
2018,議員,區域,宜蘭縣,宜蘭縣第01選區,5,楊順木,1,無黨籍及未經政黨推薦,4050,8.31,Y
2018,議員,區域,宜蘭縣,宜蘭縣第01選區,6,呂健吉,1,無黨籍及未經政黨推薦,899,1.84,N
2018,議員,區域,宜蘭縣,宜蘭縣第01選區,7,史國章,1,無黨籍及未經政黨推薦,149,0.3,N
2018,議員,區域,宜蘭縣,宜蘭縣第01選區,8,黃福生,1,民主進步黨,609,1.25,N
2018,議員,區域,宜蘭縣,宜蘭縣第01選區,9,莊淑如,2,中國國民黨,4005,8.22,Y
2018,議員,區域,宜蘭縣,宜蘭縣第01選區,10,康思源,1,無黨籍及未經政黨推薦,2093,4.29,N
2018,議員,區域,宜蘭縣,宜蘭縣第01選區,11,林麗,2,民主進步黨,2767,5.68,Y
2018,議員,區域,宜蘭縣,宜蘭縣第01選區,12,孫博萮,2,無黨籍及未經政黨推薦,1483,3.04,N
2018,議員,區域,宜蘭縣,宜蘭縣第01選區,13,吳福田,1,民主進步黨,2481,5.09,N
2018,議員,區域,宜蘭縣,宜蘭縣第01選區,14,林正芳,1,時代力量,1335,2.74,N
2018,議員,區域,宜蘭縣,宜蘭縣第01選區,15,林岳賢,1,中國國民黨,6415,13.17,Y
2018,議員,區域,宜蘭縣,宜蘭縣第01選區,16,張建榮,1,中國國民黨,6204,12.74,Y
2018,議員,區域,宜蘭縣,宜蘭縣第01選區,17,林建地,1,無黨籍及未經政黨推薦,241,0.49,N
2018,議員,區域,宜蘭縣,宜蘭縣第01選區,18,林志鴻,1,無黨籍及未經政黨推薦,2010,4.12,N
2018,議員,區域,宜蘭縣,宜蘭縣第02選區,1,林瑞文,1,時代力量,2563,15.14,N
2018,議員,區域,宜蘭縣,宜蘭縣第02選區,2,劉秋展,1,無黨籍及未經政黨推薦,376,2.22,N
2018,議員,區域,宜蘭縣,宜蘭縣第02選區,3,蔡文益,1,中國國民黨,5939,35.1,Y
2018,議員,區域,宜蘭縣,宜蘭縣第02選區,4,林金龍,1,民主進步黨,3513,20.76,N
2018,議員,區域,宜蘭縣,宜蘭縣第02選區,5,賴良洲,1,無黨籍及未經政黨推薦,4529,26.76,Y
2018,議員,區域,宜蘭縣,宜蘭縣第03選區,1,李清林,1,中國國民黨,8548,41.62,Y
2018,議員,區域,宜蘭縣,宜蘭縣第03選區,2,李志文,1,無黨籍及未經政黨推薦,3721,18.11,N
2018,議員,區域,宜蘭縣,宜蘭縣第03選區,3,吳宏謀,1,民主進步黨,7160,34.86,Y
2018,議員,區域,宜蘭縣,宜蘭縣第03選區,4,林敏寬,2,無黨籍及未經政黨推薦,1108,5.39,N
2018,議員,區域,宜蘭縣,宜蘭縣第04選區,1,陳俊宇,1,民主進步黨,9479,55.97,Y
2018,議員,區域,宜蘭縣,宜蘭縣第04選區,2,黃浴沂,1,中國國民黨,7455,44.02,Y
2018,議員,區域,宜蘭縣,宜蘭縣第05選區,1,黃建勇,1,中國國民黨,6642,44.51,Y
2018,議員,區域,宜蘭縣,宜蘭縣第05選區,2,陳福山,1,無黨籍及未經政黨推薦,6234,41.78,Y
2018,議員,區域,宜蘭縣,宜蘭縣第05選區,3,游萬坊,1,無黨籍及未經政黨推薦,2044,13.69,N
2018,議員,區域,宜蘭縣,宜蘭縣第06選區,1,陳鴻禧,1,中國國民黨,6934,20.28,Y
2018,議員,區域,宜蘭縣,宜蘭縣第06選區,2,黃琤婷,2,中國國民黨,5183,15.15,Y
2018,議員,區域,宜蘭縣,宜蘭縣第06選區,3,謝志得,1,無黨籍及未經政黨推薦,793,2.31,N
2018,議員,區域,宜蘭縣,宜蘭縣第06選區,4,劉添梧,1,民主進步黨,4675,13.67,Y
2018,議員,區域,宜蘭縣,宜蘭縣第06選區,5,潘郁儒,2,無黨籍及未經政黨推薦,991,2.89,N
2018,議員,區域,宜蘭縣,宜蘭縣第06選區,6,謝家倫,1,民主進步黨,3747,10.95,N
2018,議員,區域,宜蘭縣,宜蘭縣第06選區,7,陳漢鍾,1,無黨籍及未經政黨推薦,3890,11.37,Y
2018,議員,區域,宜蘭縣,宜蘭縣第06選區,8,歐志銘,1,時代力量,1817,5.31,N
2018,議員,區域,宜蘭縣,宜蘭縣第06選區,9,呂惠卿,2,民主進步黨,4180,12.22,Y
2018,議員,區域,宜蘭縣,宜蘭縣第06選區,10,黃義煌,1,無黨籍及未經政黨推薦,162,0.47,N
2018,議員,區域,宜蘭縣,宜蘭縣第06選區,11,許俊仁,1,無黨籍及未經政黨推薦,1817,5.31,N
2018,議員,區域,宜蘭縣,宜蘭縣第07選區,1,沈信雄,1,無黨籍及未經政黨推薦,2614,12.03,N
2018,議員,區域,宜蘭縣,宜蘭縣第07選區,2,林朝旺,1,中國國民黨,2516,11.58,N
2018,議員,區域,宜蘭縣,宜蘭縣第07選區,3,陳啟生,1,民主進步黨,2048,9.43,N
2018,議員,區域,宜蘭縣,宜蘭縣第07選區,4,簡松樹,1,民主進步黨,3903,17.97,Y
2018,議員,區域,宜蘭縣,宜蘭縣第07選區,5,陳長義,1,無黨籍及未經政黨推薦,2344,10.79,N
2018,議員,區域,宜蘭縣,宜蘭縣第07選區,6,林義剛,1,中國國民黨,4201,19.34,Y
2018,議員,區域,宜蘭縣,宜蘭縣第07選區,7,蔡金惠,2,無黨籍及未經政黨推薦,4088,18.82,Y
2018,議員,區域,宜蘭縣,宜蘭縣第08選區,1,楊弘旻,1,中國國民黨,5622,19.88,Y
2018,議員,區域,宜蘭縣,宜蘭縣第08選區,2,張秋明,1,民主進步黨,3419,12.09,Y
2018,議員,區域,宜蘭縣,宜蘭縣第08選區,3,許美素,2,民主進步黨,3121,11.03,N
2018,議員,區域,宜蘭縣,宜蘭縣第08選區,4,邱素梅,2,無黨籍及未經政黨推薦,5333,18.86,Y
2018,議員,區域,宜蘭縣,宜蘭縣第08選區,5,吳明樺,1,無黨籍及未經政黨推薦,2469,8.73,N
2018,議員,區域,宜蘭縣,宜蘭縣第08選區,6,張建成,1,民主進步黨,3087,10.91,N
2018,議員,區域,宜蘭縣,宜蘭縣第08選區,7,謝燦輝,1,無黨籍及未經政黨推薦,4363,15.43,Y
2018,議員,區域,宜蘭縣,宜蘭縣第08選區,8,游宜恆,1,無黨籍及未經政黨推薦,856,3.02,N
2018,議員,區域,宜蘭縣,宜蘭縣第09選區,1,陳文昌,1,民主進步黨,6709,51.51,Y
2018,議員,區域,宜蘭縣,宜蘭縣第09選區,2,黃錫墉,1,無黨籍及未經政黨推薦,6314,48.48,N
2018,議員,區域,宜蘭縣,宜蘭縣第10選區,1,林棋山,1,無黨籍及未經政黨推薦,5222,22.67,Y
2018,議員,區域,宜蘭縣,宜蘭縣第10選區,2,林騰煌,1,中國國民黨,5275,22.9,Y
2018,議員,區域,宜蘭縣,宜蘭縣第10選區,3,吳淑貞,2,民主進步黨,2450,10.64,N
2018,議員,區域,宜蘭縣,宜蘭縣第10選區,4,邱嘉進,1,民主進步黨,4632,20.11,N
2018,議員,區域,宜蘭縣,宜蘭縣第10選區,5,陳玉萍,2,無黨籍及未經政黨推薦,5446,23.65,Y
2018,議員,區域,花蓮縣,花蓮縣第01選區,1,施金樹,1,民主進步黨,2726,6.11,Y
2018,議員,區域,花蓮縣,花蓮縣第01選區,2,林宗昆,1,中國國民黨,3846,8.62,Y
2018,議員,區域,花蓮縣,花蓮縣第01選區,3,謝國榮,1,中國國民黨,4551,10.2,Y
2018,議員,區域,花蓮縣,花蓮縣第01選區,4,楊華美,2,無黨籍及未經政黨推薦,4092,9.17,Y
2018,議員,區域,花蓮縣,花蓮縣第01選區,5,郭應義,1,民主進步黨,1064,2.38,N
2018,議員,區域,花蓮縣,花蓮縣第01選區,6,謝金城,1,無黨籍及未經政黨推薦,70,0.15,N
2018,議員,區域,花蓮縣,花蓮縣第01選區,7,俞慧君,2,中國國民黨,1081,2.42,N
2018,議員,區域,花蓮縣,花蓮縣第01選區,8,林文松,1,無黨籍及未經政黨推薦,699,1.56,N
2018,議員,區域,花蓮縣,花蓮縣第01選區,9,吳東昇,1,中國國民黨,3043,6.82,Y
2018,議員,區域,花蓮縣,花蓮縣第01選區,10,徐子芳,2,中國國民黨,2025,4.54,N
2018,議員,區域,花蓮縣,花蓮縣第01選區,11,李秋旺,1,中國國民黨,3315,7.43,Y
2018,議員,區域,花蓮縣,花蓮縣第01選區,12,張美慧,2,民主進步黨,4971,11.14,Y
2018,議員,區域,花蓮縣,花蓮縣第01選區,13,洪士閔,1,無黨籍及未經政黨推薦,742,1.66,N
2018,議員,區域,花蓮縣,花蓮縣第01選區,14,莊枝財,1,民主進步黨,2540,5.69,N
2018,議員,區域,花蓮縣,花蓮縣第01選區,15,蔡啟塔,1,無黨籍及未經政黨推薦,3649,8.18,Y
2018,議員,區域,花蓮縣,花蓮縣第01選區,16,魏嘉彥,1,中國國民黨,4823,10.81,Y
2018,議員,區域,花蓮縣,花蓮縣第01選區,17,傅國淵,1,民主進步黨,1350,3.02,N
2018,議員,區域,花蓮縣,花蓮縣第02選區,1,錢自立,1,中國國民黨,2220,25.88,N
2018,議員,區域,花蓮縣,花蓮縣第02選區,2,游象蓁,1,無黨籍及未經政黨推薦,933,10.87,N
2018,議員,區域,花蓮縣,花蓮縣第02選區,3,邱光明,1,中國國民黨,2422,28.23,Y
2018,議員,區域,花蓮縣,花蓮縣第02選區,4,鄭寶秀,2,無黨籍及未經政黨推薦,3002,35,Y
2018,議員,區域,花蓮縣,花蓮縣第03選區,1,張正治,1,中國國民黨,4620,8.95,Y
2018,議員,區域,花蓮縣,花蓮縣第03選區,2,游美雲,2,民主進步黨,3537,6.85,N
2018,議員,區域,花蓮縣,花蓮縣第03選區,3,張峻,1,中國國民黨,5099,9.88,Y
2018,議員,區域,花蓮縣,花蓮縣第03選區,4,吳建志,1,中國國民黨,3887,7.53,Y
2018,議員,區域,花蓮縣,花蓮縣第03選區,5,黃馨,2,中國國民黨,5777,11.19,Y
2018,議員,區域,花蓮縣,花蓮縣第03選區,6,王能昌,1,無黨籍及未經政黨推薦,560,1.08,N
2018,議員,區域,花蓮縣,花蓮縣第03選區,7,沈君茹,2,中國國民黨,2623,5.08,N
2018,議員,區域,花蓮縣,花蓮縣第03選區,8,黃振富,1,民主進步黨,4184,8.11,Y
2018,議員,區域,花蓮縣,花蓮縣第03選區,9,張懷文,2,中國國民黨,5704,11.05,Y
2018,議員,區域,花蓮縣,花蓮縣第03選區,10,莊建威,1,時代力量,919,1.78,N
2018,議員,區域,花蓮縣,花蓮縣第03選區,11,葉鯤璟,1,中國國民黨,4045,7.84,Y
2018,議員,區域,花蓮縣,花蓮縣第03選區,12,陳棟樑,1,無黨籍及未經政黨推薦,1666,3.22,N
2018,議員,區域,花蓮縣,花蓮縣第03選區,13,林源富,1,無黨籍及未經政黨推薦,4118,7.98,Y
2018,議員,區域,花蓮縣,花蓮縣第03選區,14,徐雪玉,2,中國國民黨,4842,9.38,Y
2018,議員,區域,花蓮縣,花蓮縣第04選區,1,陳銘文,1,無黨籍及未經政黨推薦,1654,9.24,N
2018,議員,區域,花蓮縣,花蓮縣第04選區,2,黃文成,1,中國國民黨,3220,17.99,N
2018,議員,區域,花蓮縣,花蓮縣第04選區,3,蘇金勝,1,中國國民黨,2893,16.16,N
2018,議員,區域,花蓮縣,花蓮縣第04選區,4,黃玲蘭,2,中國國民黨,3410,19.05,Y
2018,議員,區域,花蓮縣,花蓮縣第04選區,5,潘月霞,2,中國國民黨,3414,19.07,Y
2018,議員,區域,花蓮縣,花蓮縣第04選區,6,王燕美,2,無黨籍及未經政黨推薦,3307,18.47,Y
2018,議員,區域,臺東縣,臺東縣第01選區,1,李建智,1,中國國民黨,3690,8.03,Y
2018,議員,區域,臺東縣,臺東縣第01選區,2,陳嘉章,1,無黨籍及未經政黨推薦,661,1.43,N
2018,議員,區域,臺東縣,臺東縣第01選區,3,林參天,1,無黨籍及未經政黨推薦,2361,5.14,Y
2018,議員,區域,臺東縣,臺東縣第01選區,4,林文隆,1,無黨籍及未經政黨推薦,216,0.47,N
2018,議員,區域,臺東縣,臺東縣第01選區,5,謝明珠,2,無黨籍及未經政黨推薦,1688,3.67,N
2018,議員,區域,臺東縣,臺東縣第01選區,6,林威志,1,無黨籍及未經政黨推薦,2777,6.04,Y
2018,議員,區域,臺東縣,臺東縣第01選區,7,吳景槐,1,中國國民黨,3706,8.07,Y
2018,議員,區域,臺東縣,臺東縣第01選區,8,劉秋美,2,無黨籍及未經政黨推薦,2138,4.65,N
2018,議員,區域,臺東縣,臺東縣第01選區,9,陳銘風,1,中國國民黨,3005,6.54,Y
2018,議員,區域,臺東縣,臺東縣第01選區,10,林献堯,1,民主進步黨,1483,3.23,N
2018,議員,區域,臺東縣,臺東縣第01選區,11,張震宇,1,無黨籍及未經政黨推薦,56,0.12,N
2018,議員,區域,臺東縣,臺東縣第01選區,12,張裴㻙,2,民主進步黨,553,1.2,N
2018,議員,區域,臺東縣,臺東縣第01選區,13,姜駿傑,1,中國國民黨,1628,3.54,N
2018,議員,區域,臺東縣,臺東縣第01選區,14,陳志峰,1,中國國民黨,4141,9.02,Y
2018,議員,區域,臺東縣,臺東縣第01選區,15,吳秀華,2,中國國民黨,4217,9.18,Y
2018,議員,區域,臺東縣,臺東縣第01選區,16,周達三,1,中國國民黨,3760,8.19,Y
2018,議員,區域,臺東縣,臺東縣第01選區,17,黃治維,1,民主進步黨,2984,6.49,Y
2018,議員,區域,臺東縣,臺東縣第01選區,18,林忠志,1,無黨籍及未經政黨推薦,1392,3.03,N
2018,議員,區域,臺東縣,臺東縣第01選區,19,鄭銘顯,1,中國國民黨,1709,3.72,N
2018,議員,區域,臺東縣,臺東縣第01選區,20,徐悛騰,1,無黨籍及未經政黨推薦,71,0.15,N
2018,議員,區域,臺東縣,臺東縣第01選區,21,王文怡,2,無黨籍及未經政黨推薦,2684,5.84,Y
2018,議員,區域,臺東縣,臺東縣第01選區,22,陳允萍,1,無黨籍及未經政黨推薦,988,2.15,N
2018,議員,區域,臺東縣,臺東縣第02選區,1,郭宗益,1,中國國民黨,3290,53.5,Y
2018,議員,區域,臺東縣,臺東縣第02選區,2,張卓然,1,中國國民黨,2859,46.49,N
2018,議員,區域,臺東縣,臺東縣第03選區,1,李杰,1,無黨籍及未經政黨推薦,1174,15.72,N
2018,議員,區域,臺東縣,臺東縣第03選區,2,許進榮,1,無黨籍及未經政黨推薦,3294,44.13,Y
2018,議員,區域,臺東縣,臺東縣第03選區,3,鄭惠文,2,民主進步黨,613,8.21,N
2018,議員,區域,臺東縣,臺東縣第03選區,4,林東滿,1,中國國民黨,2383,31.92,Y
2018,議員,區域,臺東縣,臺東縣第04選區,1,陳宏宗,1,中國國民黨,4531,41.79,Y
2018,議員,區域,臺東縣,臺東縣第04選區,2,林金樺,1,無黨籍及未經政黨推薦,2564,23.65,N
2018,議員,區域,臺東縣,臺東縣第04選區,3,黃瑞華,1,中國國民黨,3746,34.55,Y
2018,議員,區域,臺東縣,臺東縣第05選區,1,程正俊,1,無黨籍及未經政黨推薦,2150,39.63,N
2018,議員,區域,臺東縣,臺東縣第05選區,2,翁麗吟,2,中國國民黨,3275,60.36,Y
2018,議員,區域,臺東縣,臺東縣第06選區,1,李數奼,2,中國國民黨,1576,70.86,Y
2018,議員,區域,臺東縣,臺東縣第06選區,2,林為德,1,無黨籍及未經政黨推薦,648,29.13,N
2018,議員,區域,澎湖縣,澎湖縣第01選區,1,蘇陳綉色,2,無黨籍及未經政黨推薦,1878,6,Y
2018,議員,區域,澎湖縣,澎湖縣第01選區,2,胡松榮,1,無黨團結聯盟,1632,5.22,Y
2018,議員,區域,澎湖縣,澎湖縣第01選區,3,林瑞添,1,無黨籍及未經政黨推薦,187,0.59,N
2018,議員,區域,澎湖縣,澎湖縣第01選區,4,冼義哲,1,樹黨,379,1.21,N
2018,議員,區域,澎湖縣,澎湖縣第01選區,5,陳永和,1,民主進步黨,934,2.98,N
2018,議員,區域,澎湖縣,澎湖縣第01選區,6,呂光宇,1,中國國民黨,1695,5.42,Y
2018,議員,區域,澎湖縣,澎湖縣第01選區,7,陳海山,1,無黨籍及未經政黨推薦,2428,7.76,Y
2018,議員,區域,澎湖縣,澎湖縣第01選區,8,陳慧玲,2,民主進步黨,1532,4.9,Y
2018,議員,區域,澎湖縣,澎湖縣第01選區,9,蔡尚至,1,時代力量,505,1.61,N
2018,議員,區域,澎湖縣,澎湖縣第01選區,10,張再興,1,無黨籍及未經政黨推薦,2010,6.43,Y
2018,議員,區域,澎湖縣,澎湖縣第01選區,11,蔡見利,1,無黨籍及未經政黨推薦,928,2.96,N
2018,議員,區域,澎湖縣,澎湖縣第01選區,12,許麗音,2,無黨籍及未經政黨推薦,582,1.86,N
2018,議員,區域,澎湖縣,澎湖縣第01選區,13,陳雙全,1,中國國民黨,2380,7.61,Y
2018,議員,區域,澎湖縣,澎湖縣第01選區,14,藍凱元,1,無黨籍及未經政黨推薦,2753,8.8,Y
2018,議員,區域,澎湖縣,澎湖縣第01選區,15,陳慧娟,2,無黨籍及未經政黨推薦,1189,3.8,N
2018,議員,區域,澎湖縣,澎湖縣第01選區,16,劉陳昭玲,2,中國國民黨,3476,11.12,Y
2018,議員,區域,澎湖縣,澎湖縣第01選區,17,呂黃春金,2,民主進步黨,1280,4.09,Y
2018,議員,區域,澎湖縣,澎湖縣第01選區,18,鄭美珠,2,無黨團結聯盟,503,1.6,N
2018,議員,區域,澎湖縣,澎湖縣第01選區,19,顏嘉弘,1,無黨籍及未經政黨推薦,1004,3.21,N
2018,議員,區域,澎湖縣,澎湖縣第01選區,20,鄭雋孜,1,無黨籍及未經政黨推薦,144,0.46,N
2018,議員,區域,澎湖縣,澎湖縣第01選區,21,傅靜凡,1,無黨籍及未經政黨推薦,778,2.48,N
2018,議員,區域,澎湖縣,澎湖縣第01選區,22,歐中慨,1,無黨籍及未經政黨推薦,3061,9.79,Y
2018,議員,區域,澎湖縣,澎湖縣第02選區,1,陳振中,1,中國國民黨,1750,22.53,Y
2018,議員,區域,澎湖縣,澎湖縣第02選區,2,成萬貫,1,無黨團結聯盟,1348,17.35,N
2018,議員,區域,澎湖縣,澎湖縣第02選區,3,蔡清續,1,民主進步黨,1607,20.69,Y
2018,議員,區域,澎湖縣,澎湖縣第02選區,4,許育愷,1,無黨籍及未經政黨推薦,1640,21.11,Y
2018,議員,區域,澎湖縣,澎湖縣第02選區,5,陳進兩,1,無黨籍及未經政黨推薦,1422,18.3,N
2018,議員,區域,澎湖縣,澎湖縣第03選區,1,陳定國,1,無黨籍及未經政黨推薦,1184,23.18,N
2018,議員,區域,澎湖縣,澎湖縣第03選區,2,魏長源,1,無黨籍及未經政黨推薦,1664,32.58,Y
2018,議員,區域,澎湖縣,澎湖縣第03選區,3,吳凱旋,1,無黨籍及未經政黨推薦,380,7.44,N
2018,議員,區域,澎湖縣,澎湖縣第03選區,4,宋國進,1,無黨籍及未經政黨推薦,1879,36.79,Y
2018,議員,區域,澎湖縣,澎湖縣第04選區,1,林玄立,1,無黨籍及未經政黨推薦,512,13.41,N
2018,議員,區域,澎湖縣,澎湖縣第04選區,2,李添進,1,無黨籍及未經政黨推薦,3306,86.58,Y
2018,議員,區域,澎湖縣,澎湖縣第05選區,1,蔡國欽,1,無黨籍及未經政黨推薦,230,7.95,N
2018,議員,區域,澎湖縣,澎湖縣第05選區,2,鐘順祥,1,無黨籍及未經政黨推薦,647,22.37,N
2018,議員,區域,澎湖縣,澎湖縣第05選區,3,陳佩真,2,無黨籍及未經政黨推薦,2015,69.67,Y
2018,議員,區域,澎湖縣,澎湖縣第06選區,1,夏晨榮,1,無黨籍及未經政黨推薦,996,52.25,Y
2018,議員,區域,澎湖縣,澎湖縣第06選區,2,張仁和,1,無黨籍及未經政黨推薦,910,47.74,N
2018,議員,區域,基隆市,基隆市第01選區,1,張顥瀚,1,民主進步黨,4869,20.53,Y
2018,議員,區域,基隆市,基隆市第01選區,2,張淵翔,1,中國國民黨,4407,18.58,Y
2018,議員,區域,基隆市,基隆市第01選區,3,江志強,1,民主進步黨,2483,10.47,N
2018,議員,區域,基隆市,基隆市第01選區,4,呂美玲,2,中國國民黨,4408,18.59,Y
2018,議員,區域,基隆市,基隆市第01選區,5,藍敏煌,1,中國國民黨,5597,23.6,Y
2018,議員,區域,基隆市,基隆市第01選區,6,徐莉莉,2,親民黨,1189,5.01,N
2018,議員,區域,基隆市,基隆市第01選區,7,王慧童,2,無黨籍及未經政黨推薦,758,3.19,N
2018,議員,區域,基隆市,基隆市第02選區,1,江鑒育,1,中國國民黨,4162,15.62,Y
2018,議員,區域,基隆市,基隆市第02選區,2,陳東財,1,民主進步黨,3057,11.47,N
2018,議員,區域,基隆市,基隆市第02選區,3,林月琴,2,無黨籍及未經政黨推薦,2792,10.48,N
2018,議員,區域,基隆市,基隆市第02選區,4,陳宜,2,民主進步黨,3647,13.69,Y
2018,議員,區域,基隆市,基隆市第02選區,5,何淑萍,2,中國國民黨,3999,15.01,Y
2018,議員,區域,基隆市,基隆市第02選區,6,韓世昱,1,中國國民黨,5827,21.87,Y
2018,議員,區域,基隆市,基隆市第02選區,7,黃元良,1,無黨籍及未經政黨推薦,3150,11.82,N
2018,議員,區域,基隆市,基隆市第03選區,1,曾紀嚴,1,中國國民黨,2947,13.31,N
2018,議員,區域,基隆市,基隆市第03選區,2,鄭文婷,2,民主進步黨,3125,14.11,Y
2018,議員,區域,基隆市,基隆市第03選區,3,游祥耀,1,民主進步黨,1943,8.77,N
2018,議員,區域,基隆市,基隆市第03選區,4,莊榮欽,1,中國國民黨,3186,14.39,Y
2018,議員,區域,基隆市,基隆市第03選區,5,童子瑋,1,無黨籍及未經政黨推薦,3606,16.29,Y
2018,議員,區域,基隆市,基隆市第03選區,6,蘇勇綸,1,無黨籍及未經政黨推薦,401,1.81,N
2018,議員,區域,基隆市,基隆市第03選區,7,林華生,1,無黨籍及未經政黨推薦,2549,11.51,N
2018,議員,區域,基隆市,基隆市第03選區,8,張芳麗,2,中國國民黨,3045,13.75,Y
2018,議員,區域,基隆市,基隆市第03選區,9,林淑姣,2,無黨籍及未經政黨推薦,1330,6,N
2018,議員,區域,基隆市,基隆市第04選區,1,張秉鈞,1,民主進步黨,3960,15.85,Y
2018,議員,區域,基隆市,基隆市第04選區,2,張哲源,1,無黨籍及未經政黨推薦,1594,6.38,N
2018,議員,區域,基隆市,基隆市第04選區,3,楊石城,1,民國黨,5711,22.85,Y
2018,議員,區域,基隆市,基隆市第04選區,4,莊敬聖,1,中國國民黨,4001,16.01,Y
2018,議員,區域,基隆市,基隆市第04選區,5,凃慧玲,2,親民黨,1019,4.07,N
2018,議員,區域,基隆市,基隆市第04選區,6,宋瑋莉,2,中國國民黨,5069,20.28,Y
2018,議員,區域,基隆市,基隆市第04選區,7,施偉政,1,民主進步黨,3630,14.52,N
2018,議員,區域,基隆市,基隆市第05選區,1,李玉蘭,2,無黨籍及未經政黨推薦,898,2.2,N
2018,議員,區域,基隆市,基隆市第05選區,2,林沛祥,1,中國國民黨,6174,15.16,Y
2018,議員,區域,基隆市,基隆市第05選區,3,李偉華,1,無黨籍及未經政黨推薦,1456,3.57,N
2018,議員,區域,基隆市,基隆市第05選區,4,羅維新,1,無黨籍及未經政黨推薦,630,1.54,N
2018,議員,區域,基隆市,基隆市第05選區,5,秦鉦,1,中國國民黨,3482,8.55,Y
2018,議員,區域,基隆市,基隆市第05選區,6,鄭愷玲,2,中國國民黨,6159,15.13,Y
2018,議員,區域,基隆市,基隆市第05選區,7,俞叁發,1,中國國民黨,4151,10.19,Y
2018,議員,區域,基隆市,基隆市第05選區,8,莊錦田,1,親民黨,2794,6.86,Y
2018,議員,區域,基隆市,基隆市第05選區,9,洪森永,1,民主進步黨,2426,5.96,N
2018,議員,區域,基隆市,基隆市第05選區,10,張之豪,1,民主進步黨,2904,7.13,Y
2018,議員,區域,基隆市,基隆市第05選區,11,陳志成,1,民主進步黨,2742,6.73,N
2018,議員,區域,基隆市,基隆市第05選區,12,游正義,1,無黨籍及未經政黨推薦,1057,2.59,N
2018,議員,區域,基隆市,基隆市第05選區,13,連淑慧,2,民主進步黨,2096,5.14,N
2018,議員,區域,基隆市,基隆市第05選區,14,陳薇仲,2,時代力量,3732,9.16,Y
2018,議員,區域,基隆市,基隆市第06選區,1,余冠龍,1,中國國民黨,1658,8.49,N
2018,議員,區域,基隆市,基隆市第06選區,2,周懷湘,1,全民生活政策黨,75,0.38,N
2018,議員,區域,基隆市,基隆市第06選區,3,連恩典,1,中國國民黨,4180,21.4,Y
2018,議員,區域,基隆市,基隆市第06選區,4,王醒之,1,無黨籍及未經政黨推薦,4140,21.2,Y
2018,議員,區域,基隆市,基隆市第06選區,5,蔡長宏,1,中國國民黨,1740,8.91,N
2018,議員,區域,基隆市,基隆市第06選區,6,林旻勳,1,無黨籍及未經政黨推薦,4542,23.25,Y
2018,議員,區域,基隆市,基隆市第06選區,7,林明智,1,民主進步黨,3125,16,N
2018,議員,區域,基隆市,基隆市第06選區,8,張志維,1,親民黨,68,0.34,N
2018,議員,區域,基隆市,基隆市第07選區,1,蔡旺璉,1,中國國民黨,5901,22.02,Y
2018,議員,區域,基隆市,基隆市第07選區,2,吳桐茂,1,無黨籍及未經政黨推薦,2056,7.67,N
2018,議員,區域,基隆市,基隆市第07選區,3,蘇仁和,1,民主進步黨,4165,15.54,Y
2018,議員,區域,基隆市,基隆市第07選區,4,楊秀玉,2,親民黨,4946,18.45,Y
2018,議員,區域,基隆市,基隆市第07選區,5,張美瓊,2,民主進步黨,2552,9.52,N
2018,議員,區域,基隆市,基隆市第07選區,6,張耿輝,1,無黨籍及未經政黨推薦,7174,26.77,Y
2018,議員,區域,新竹市,新竹市第01選區,1,嚴翊琦,1,中國國民黨,1590,2.21,N
2018,議員,區域,新竹市,新竹市第01選區,2,曾文濤,1,民主進步黨,2716,3.78,N
2018,議員,區域,新竹市,新竹市第01選區,3,陳珍裕,1,無黨籍及未經政黨推薦,1016,1.41,N
2018,議員,區域,新竹市,新竹市第01選區,4,余邦彥,1,無黨籍及未經政黨推薦,4560,6.35,Y
2018,議員,區域,新竹市,新竹市第01選區,5,蔡惠婷,2,時代力量,5030,7.01,Y
2018,議員,區域,新竹市,新竹市第01選區,6,陳錫文,1,中國國民黨,1729,2.41,N
2018,議員,區域,新竹市,新竹市第01選區,7,鄭美娟,2,民主進步黨,4703,6.55,Y
2018,議員,區域,新竹市,新竹市第01選區,8,曾資程,1,民主進步黨,3930,5.48,Y
2018,議員,區域,新竹市,新竹市第01選區,9,劉聲正,1,民主進步黨,2183,3.04,N
2018,議員,區域,新竹市,新竹市第01選區,10,劉崇顯,1,綠黨,4310,6.01,Y
2018,議員,區域,新竹市,新竹市第01選區,11,李國璋,1,中國國民黨,3545,4.94,Y
2018,議員,區域,新竹市,新竹市第01選區,12,鄭正鈐,1,中國國民黨,6998,9.75,Y
2018,議員,區域,新竹市,新竹市第01選區,13,方俊評,1,無黨籍及未經政黨推薦,468,0.65,N
2018,議員,區域,新竹市,新竹市第01選區,14,鍾淑英,2,中國國民黨,4471,6.23,Y
2018,議員,區域,新竹市,新竹市第01選區,15,林孝怡,2,無黨籍及未經政黨推薦,3314,4.62,N
2018,議員,區域,新竹市,新竹市第01選區,16,戴朝琴,1,無黨籍及未經政黨推薦,56,0.07,N
2018,議員,區域,新竹市,新竹市第01選區,17,黃文政,1,中國國民黨,4028,5.61,Y
2018,議員,區域,新竹市,新竹市第01選區,18,段孝芳,2,中國國民黨,4259,5.93,Y
2018,議員,區域,新竹市,新竹市第01選區,19,羅文熾,1,無黨籍及未經政黨推薦,3360,4.68,Y
2018,議員,區域,新竹市,新竹市第01選區,20,曹永明,1,親民黨,2259,3.15,N
2018,議員,區域,新竹市,新竹市第01選區,21,張祖琰,2,中國國民黨,4333,6.04,Y
2018,議員,區域,新竹市,新竹市第01選區,22,鄭貴元,1,民主進步黨,2843,3.96,N
2018,議員,區域,新竹市,新竹市第02選區,1,黃瑞誠,1,時代力量,1782,6.68,N
2018,議員,區域,新竹市,新竹市第02選區,2,施乃如,2,民主進步黨,5472,20.53,Y
2018,議員,區域,新竹市,新竹市第02選區,3,徐信芳,1,中國國民黨,3728,13.99,Y
2018,議員,區域,新竹市,新竹市第02選區,4,許修睿,1,無黨籍及未經政黨推薦,4691,17.6,Y
2018,議員,區域,新竹市,新竹市第02選區,5,田雅芳,2,無黨籍及未經政黨推薦,3788,14.21,Y
2018,議員,區域,新竹市,新竹市第02選區,6,張志偉,1,綠黨,507,1.9,N
2018,議員,區域,新竹市,新竹市第02選區,7,許文棟,1,無黨籍及未經政黨推薦,3278,12.3,N
2018,議員,區域,新竹市,新竹市第02選區,8,黃國文,1,無黨籍及未經政黨推薦,80,0.3,N
2018,議員,區域,新竹市,新竹市第02選區,9,何佳樺,2,中國國民黨,3315,12.44,N
2018,議員,區域,新竹市,新竹市第03選區,1,熊哲良,1,無黨籍及未經政黨推薦,3141,18.75,N
2018,議員,區域,新竹市,新竹市第03選區,2,易俊廷,1,綠黨,955,5.7,N
2018,議員,區域,新竹市,新竹市第03選區,3,陳治雄,1,中國國民黨,4412,26.34,Y
2018,議員,區域,新竹市,新竹市第03選區,4,杜德弘,1,無黨籍及未經政黨推薦,991,5.91,N
2018,議員,區域,新竹市,新竹市第03選區,5,鄭正宗,1,無黨籍及未經政黨推薦,1613,9.63,N
2018,議員,區域,新竹市,新竹市第03選區,6,陳建名,1,民主進步黨,5636,33.65,Y
2018,議員,區域,新竹市,新竹市第04選區,1,賴稟豐,1,民主進步黨,2172,3.75,N
2018,議員,區域,新竹市,新竹市第04選區,2,顏政德,1,中國國民黨,4258,7.36,Y
2018,議員,區域,新竹市,新竹市第04選區,3,林建賢,1,無黨籍及未經政黨推薦,404,0.69,N
2018,議員,區域,新竹市,新竹市第04選區,4,黃世禮,1,無黨籍及未經政黨推薦,724,1.25,N
2018,議員,區域,新竹市,新竹市第04選區,5,彭昆耀,1,無黨籍及未經政黨推薦,4372,7.56,Y
2018,議員,區域,新竹市,新竹市第04選區,6,蕭志潔,2,中國國民黨,4761,8.24,Y
2018,議員,區域,新竹市,新竹市第04選區,7,吳青山,1,中國國民黨,8909,15.41,Y
2018,議員,區域,新竹市,新竹市第04選區,8,方國華,1,無黨籍及未經政黨推薦,343,0.59,N
2018,議員,區域,新竹市,新竹市第04選區,9,鄭宗銘,1,無黨籍及未經政黨推薦,2813,4.86,N
2018,議員,區域,新竹市,新竹市第04選區,10,孫鍚洲,1,無黨籍及未經政黨推薦,4348,7.52,Y
2018,議員,區域,新竹市,新竹市第04選區,11,劉康彥,1,民主進步黨,3925,6.79,Y
2018,議員,區域,新竹市,新竹市第04選區,12,陳清全,1,無黨籍及未經政黨推薦,3221,5.57,N
2018,議員,區域,新竹市,新竹市第04選區,13,林彥甫,1,時代力量,3571,6.18,Y
2018,議員,區域,新竹市,新竹市第04選區,14,李姸慧,2,民主進步黨,6789,11.75,Y
2018,議員,區域,新竹市,新竹市第04選區,15,𡍼夢龍,1,中國國民黨,1773,3.06,N
2018,議員,區域,新竹市,新竹市第04選區,16,王岢鈺,2,無黨籍及未經政黨推薦,828,1.43,N
2018,議員,區域,新竹市,新竹市第04選區,17,易俊宏,1,綠黨,1097,1.89,N
2018,議員,區域,新竹市,新竹市第04選區,18,黃美慧,2,無黨籍及未經政黨推薦,3470,6,Y
2018,議員,區域,新竹市,新竹市第05選區,1,鄭成光,1,中國國民黨,4157,10.14,Y
2018,議員,區域,新竹市,新竹市第05選區,2,陳雪慧,2,民主進步黨,3686,8.99,N
2018,議員,區域,新竹市,新竹市第05選區,3,林梅華,2,無黨籍及未經政黨推薦,1243,3.03,N
2018,議員,區域,新竹市,新竹市第05選區,4,陳慶齡,1,中國國民黨,4768,11.64,Y
2018,議員,區域,新竹市,新竹市第05選區,5,吳國寶,1,無黨籍及未經政黨推薦,4509,11,Y
2018,議員,區域,新竹市,新竹市第05選區,6,王寶文,2,中國國民黨,1448,3.53,N
2018,議員,區域,新竹市,新竹市第05選區,7,林耕仁,1,中國國民黨,4714,11.5,Y
2018,議員,區域,新竹市,新竹市第05選區,8,張巧玲,2,無黨籍及未經政黨推薦,488,1.19,N
2018,議員,區域,新竹市,新竹市第05選區,9,廖子齊,2,時代力量,4566,11.14,Y
2018,議員,區域,新竹市,新竹市第05選區,10,陳啓源,1,無黨籍及未經政黨推薦,5636,13.75,Y
2018,議員,區域,新竹市,新竹市第05選區,11,葉國文,1,無黨籍及未經政黨推薦,1039,2.53,N
2018,議員,區域,新竹市,新竹市第05選區,12,林盈徹,1,民主進步黨,3969,9.68,N
2018,議員,區域,新竹市,新竹市第05選區,13,王彥涵,2,綠黨,385,0.93,N
2018,議員,區域,新竹市,新竹市第05選區,14,歐大正,1,無黨籍及未經政黨推薦,353,0.86,N
2018,議員,區域,嘉義市,嘉義市第01選區,1,吳俊達,1,無黨籍及未經政黨推薦,1393,2.23,N
2018,議員,區域,嘉義市,嘉義市第01選區,2,黃露慧,2,民主進步黨,5810,9.32,Y
2018,議員,區域,嘉義市,嘉義市第01選區,3,陳家平,1,中國國民黨,4899,7.85,Y
2018,議員,區域,嘉義市,嘉義市第01選區,4,林瑞霞,2,無黨籍及未經政黨推薦,1625,2.6,N
2018,議員,區域,嘉義市,嘉義市第01選區,5,傅大偉,1,中國國民黨,5922,9.5,Y
2018,議員,區域,嘉義市,嘉義市第01選區,6,蔡永泉,1,台灣團結聯盟,3606,5.78,Y
2018,議員,區域,嘉義市,嘉義市第01選區,7,林耿瑋,1,民主進步黨,1400,2.24,N
2018,議員,區域,嘉義市,嘉義市第01選區,8,黃盈智,1,民主進步黨,2877,4.61,N
2018,議員,區域,嘉義市,嘉義市第01選區,9,張榮藏,1,無黨籍及未經政黨推薦,3440,5.51,Y
2018,議員,區域,嘉義市,嘉義市第01選區,10,李奕德,1,無黨籍及未經政黨推薦,3176,5.09,N
2018,議員,區域,嘉義市,嘉義市第01選區,11,周秉駿,1,無黨籍及未經政黨推薦,2794,4.48,N
2018,議員,區域,嘉義市,嘉義市第01選區,12,凌子楚,1,無黨籍及未經政黨推薦,3242,5.2,Y
2018,議員,區域,嘉義市,嘉義市第01選區,13,鄭智仁,1,無黨籍及未經政黨推薦,220,0.35,N
2018,議員,區域,嘉義市,嘉義市第01選區,14,張敏琪,2,中國國民黨,4861,7.79,Y
2018,議員,區域,嘉義市,嘉義市第01選區,15,藍力凱,1,中國國民黨,1672,2.68,N
2018,議員,區域,嘉義市,嘉義市第01選區,16,張志翔,1,時代力量,1865,2.99,N
2018,議員,區域,嘉義市,嘉義市第01選區,17,徐國榮,1,無黨籍及未經政黨推薦,1209,1.93,N
2018,議員,區域,嘉義市,嘉義市第01選區,18,戴寧,2,無黨籍及未經政黨推薦,4419,7.08,Y
2018,議員,區域,嘉義市,嘉義市第01選區,19,郭明賓,1,無黨籍及未經政黨推薦,3775,6.05,Y
2018,議員,區域,嘉義市,嘉義市第01選區,20,許家銘,1,無黨籍及未經政黨推薦,37,0.05,N
2018,議員,區域,嘉義市,嘉義市第01選區,21,黃思婷,2,無黨籍及未經政黨推薦,4091,6.56,Y
2018,議員,區域,嘉義市,嘉義市第02選區,1,李忠曆,1,無黨籍及未經政黨推薦,4203,5.38,Y
2018,議員,區域,嘉義市,嘉義市第02選區,2,陳幸枝,2,民主進步黨,3041,3.89,N
2018,議員,區域,嘉義市,嘉義市第02選區,3,吳卷霖,1,無黨籍及未經政黨推薦,847,1.08,N
2018,議員,區域,嘉義市,嘉義市第02選區,4,蔡榮豐,1,無黨籍及未經政黨推薦,3052,3.91,Y
2018,議員,區域,嘉義市,嘉義市第02選區,5,蘇澤峰,1,無黨籍及未經政黨推薦,5796,7.43,Y
2018,議員,區域,嘉義市,嘉義市第02選區,6,張秀華,2,中國國民黨,6369,8.16,Y
2018,議員,區域,嘉義市,嘉義市第02選區,7,蕭進惠,1,無黨籍及未經政黨推薦,2738,3.51,N
2018,議員,區域,嘉義市,嘉義市第02選區,8,江宗穎,1,無黨籍及未經政黨推薦,248,0.31,N
2018,議員,區域,嘉義市,嘉義市第02選區,9,許明對,1,民主進步黨,1943,2.49,N
2018,議員,區域,嘉義市,嘉義市第02選區,10,廖天隆,1,無黨籍及未經政黨推薦,4357,5.58,Y
2018,議員,區域,嘉義市,嘉義市第02選區,11,王美惠,2,民主進步黨,8007,10.26,Y
2018,議員,區域,嘉義市,嘉義市第02選區,12,黃大祐,1,民主進步黨,5092,6.52,Y
2018,議員,區域,嘉義市,嘉義市第02選區,13,葉冠宜,2,台灣團結聯盟,972,1.24,N
2018,議員,區域,嘉義市,嘉義市第02選區,14,陳姿妏,2,無黨籍及未經政黨推薦,5034,6.45,Y
2018,議員,區域,嘉義市,嘉義市第02選區,15,譚國華,1,中國國民黨,1762,2.25,N
2018,議員,區域,嘉義市,嘉義市第02選區,16,吳上明,1,無黨籍及未經政黨推薦,4014,5.14,Y
2018,議員,區域,嘉義市,嘉義市第02選區,17,蘇慶良,1,無黨籍及未經政黨推薦,1094,1.4,N
2018,議員,區域,嘉義市,嘉義市第02選區,18,莊豐安,1,無黨籍及未經政黨推薦,4369,5.6,Y
2018,議員,區域,嘉義市,嘉義市第02選區,19,蔡文旭,1,民主進步黨,3733,4.78,Y
2018,議員,區域,嘉義市,嘉義市第02選區,20,孫貫志,1,無黨籍及未經政黨推薦,3541,4.53,Y
2018,議員,區域,嘉義市,嘉義市第02選區,21,鄭光宏,1,中國國民黨,5723,7.33,Y
2018,議員,區域,嘉義市,嘉義市第02選區,22,林雪峰,2,中國國民黨,2064,2.64,N
2018,議員,區域,金門縣,金門縣第01選區,1,許玉昭,2,中國國民黨,2388,9.23,Y
2018,議員,區域,金門縣,金門縣第01選區,2,李養生,1,無黨籍及未經政黨推薦,1464,5.65,Y
2018,議員,區域,金門縣,金門縣第01選區,3,楊松發,1,無黨籍及未經政黨推薦,303,1.17,N
2018,議員,區域,金門縣,金門縣第01選區,4,翁銘駿,1,無黨籍及未經政黨推薦,1264,4.88,N
2018,議員,區域,金門縣,金門縣第01選區,5,李彥辛,1,無黨籍及未經政黨推薦,332,1.28,N
2018,議員,區域,金門縣,金門縣第01選區,6,翁文奧,1,無黨籍及未經政黨推薦,724,2.79,N
2018,議員,區域,金門縣,金門縣第01選區,7,郭金堡,1,無黨籍及未經政黨推薦,1121,4.33,N
2018,議員,區域,金門縣,金門縣第01選區,8,楊永立,1,無黨籍及未經政黨推薦,2081,8.04,Y
2018,議員,區域,金門縣,金門縣第01選區,9,蔡建偉,1,民主進步黨,190,0.73,N
2018,議員,區域,金門縣,金門縣第01選區,10,王碧珍,2,無黨籍及未經政黨推薦,2082,8.04,Y
2018,議員,區域,金門縣,金門縣第01選區,11,許建中,1,中國國民黨,1791,6.92,Y
2018,議員,區域,金門縣,金門縣第01選區,12,徐銀磯,2,親民黨,263,1.01,N
2018,議員,區域,金門縣,金門縣第01選區,13,董森堡,1,無黨籍及未經政黨推薦,2843,10.98,Y
2018,議員,區域,金門縣,金門縣第01選區,14,洪允典,1,中國國民黨,1978,7.64,Y
2018,議員,區域,金門縣,金門縣第01選區,15,陳苗生,1,無黨籍及未經政黨推薦,98,0.37,N
2018,議員,區域,金門縣,金門縣第01選區,16,唐麗輝,2,無黨籍及未經政黨推薦,1703,6.58,Y
2018,議員,區域,金門縣,金門縣第01選區,17,歐陽儀雄,1,中國國民黨,1994,7.7,Y
2018,議員,區域,金門縣,金門縣第01選區,18,楊霈璿,1,無黨籍及未經政黨推薦,761,2.94,N
2018,議員,區域,金門縣,金門縣第01選區,19,莊旭英,1,親民黨,177,0.68,N
2018,議員,區域,金門縣,金門縣第01選區,20,石永城,1,無黨籍及未經政黨推薦,2314,8.94,Y
2018,議員,區域,金門縣,金門縣第02選區,1,張貴富,1,無黨籍及未經政黨推薦,236,1.29,N
2018,議員,區域,金門縣,金門縣第02選區,2,李志鴻,1,無黨籍及未經政黨推薦,525,2.89,N
2018,議員,區域,金門縣,金門縣第02選區,3,陳篤驫,1,無黨籍及未經政黨推薦,285,1.56,N
2018,議員,區域,金門縣,金門縣第02選區,4,吳金鏷,1,無黨籍及未經政黨推薦,302,1.66,N
2018,議員,區域,金門縣,金門縣第02選區,5,張雲德,1,中國國民黨,1958,10.77,Y
2018,議員,區域,金門縣,金門縣第02選區,6,蔡水游,1,中國國民黨,2115,11.64,Y
2018,議員,區域,金門縣,金門縣第02選區,7,王秀玉,2,中國國民黨,949,5.22,N
2018,議員,區域,金門縣,金門縣第02選區,8,李應文,1,中國國民黨,2454,13.5,Y
2018,議員,區域,金門縣,金門縣第02選區,9,陳志龍,1,無黨籍及未經政黨推薦,2597,14.29,Y
2018,議員,區域,金門縣,金門縣第02選區,10,周子傑,1,無黨籍及未經政黨推薦,2070,11.39,Y
2018,議員,區域,金門縣,金門縣第02選區,11,謝東龍,1,中國國民黨,1767,9.72,N
2018,議員,區域,金門縣,金門縣第02選區,12,蔡春生,1,中華民族致公黨,1782,9.81,Y
2018,議員,區域,金門縣,金門縣第02選區,13,盧冠宇,1,無黨籍及未經政黨推薦,1125,6.19,N
2018,議員,區域,金門縣,金門縣第03選區,1,洪成發,1,中國國民黨,2209,53.08,Y
2018,議員,區域,金門縣,金門縣第03選區,2,洪鴻斌,1,無黨籍及未經政黨推薦,1952,46.91,Y
2018,議員,區域,連江縣,連江縣第01選區,1,林貽祥,1,中國國民黨,524,12.25,N
2018,議員,區域,連江縣,連江縣第01選區,2,曹爾章,1,中國國民黨,739,17.28,Y
2018,議員,區域,連江縣,連江縣第01選區,3,曹丞君,2,中國國民黨,401,9.37,N
2018,議員,區域,連江縣,連江縣第01選區,4,林惠萍,2,中國國民黨,675,15.78,Y
2018,議員,區域,連江縣,連江縣第01選區,5,陳書建,1,中國國民黨,749,17.51,Y
2018,議員,區域,連江縣,連江縣第01選區,6,曹以標,1,無黨籍及未經政黨推薦,572,13.37,Y
2018,議員,區域,連江縣,連江縣第01選區,7,林明揚,1,中國國民黨,616,14.4,Y
2018,議員,區域,連江縣,連江縣第02選區,1,陳玉發,1,中國國民黨,554,36.81,Y
2018,議員,區域,連江縣,連江縣第02選區,2,王長明,1,無黨籍及未經政黨推薦,445,29.56,N
2018,議員,區域,連江縣,連江縣第02選區,3,周瑞國,1,中國國民黨,506,33.62,Y
2018,議員,區域,連江縣,連江縣第03選區,1,陳貽斌,1,中國國民黨,544,49.32,N
2018,議員,區域,連江縣,連江縣第03選區,2,王孝榛,1,無黨籍及未經政黨推薦,559,50.67,Y
2018,議員,區域,連江縣,連江縣第04選區,1,張永江,1,中國國民黨,605,100,Y
2018,議員,山地原住民,新竹縣,新竹縣第12選區,1,柔夏．布待Rosya．Butay,1,無黨籍及未經政黨推薦,2045,38.46,N
2018,議員,山地原住民,新竹縣,新竹縣第12選區,2,劉建民,1,中國國民黨,3271,61.53,Y
2018,議員,山地原住民,新竹縣,新竹縣第13選區,1,達陸．翡述,1,無黨籍及未經政黨推薦,929,24.15,N
2018,議員,山地原住民,新竹縣,新竹縣第13選區,2,張益生,1,無黨籍及未經政黨推薦,1500,39,Y
2018,議員,山地原住民,新竹縣,新竹縣第13選區,3,凱撒巴燕,1,無黨籍及未經政黨推薦,662,17.21,N
2018,議員,山地原住民,新竹縣,新竹縣第13選區,4,張定國,1,無黨籍及未經政黨推薦,755,19.63,N
2018,議員,山地原住民,苗栗縣,苗栗縣第08選區,1,黃月娥Yuma．Vaiso,2,中國國民黨,1944,50.42,Y
2018,議員,山地原住民,苗栗縣,苗栗縣第08選區,2,楊政孝,1,無黨籍及未經政黨推薦,1911,49.57,N
2018,議員,山地原住民,南投縣,南投縣第07選區,1,王榮儀,1,無黨籍及未經政黨推薦,1452,24.75,N
2018,議員,山地原住民,南投縣,南投縣第07選區,2,全文才Balan．Soqluman,1,中國國民黨,2632,44.86,Y
2018,議員,山地原住民,南投縣,南投縣第07選區,3,全正明Niqo．Soqluman,1,中國國民黨,1782,30.37,N
2018,議員,山地原住民,南投縣,南投縣第08選區,1,古拉斯˙達那哈,1,無黨籍及未經政黨推薦,2677,30.34,N
2018,議員,山地原住民,南投縣,南投縣第08選區,2,普乎克.畢夫,1,新華勞動黨,1415,16.04,N
2018,議員,山地原住民,南投縣,南投縣第08選區,3,廖文賢,1,中國國民黨,4729,53.61,Y
2018,議員,山地原住民,嘉義縣,嘉義縣第07選區,1,石信忠 Voyu．Yaiskana,1,民主進步黨,1108,41.17,N
2018,議員,山地原住民,嘉義縣,嘉義縣第07選區,2,武清山,1,無黨籍及未經政黨推薦,1583,58.82,Y
2018,議員,山地原住民,屏東縣,屏東縣第09選區,1,江金妹,2,無黨籍及未經政黨推薦,2770,54.06,Y
2018,議員,山地原住民,屏東縣,屏東縣第09選區,2,許阿桃,2,中國國民黨,2353,45.93,N
2018,議員,山地原住民,屏東縣,屏東縣第10選區,1,高惠芬,2,中國國民黨,2730,42.41,N
2018,議員,山地原住民,屏東縣,屏東縣第10選區,2,陸月嬌,2,中國國民黨,3707,57.58,Y
2018,議員,山地原住民,屏東縣,屏東縣第11選區,1,卡拉依樣．郎阿錄,1,中國國民黨,1875,46.96,N
2018,議員,山地原住民,屏東縣,屏東縣第11選區,2,何長成,1,無黨籍及未經政黨推薦,2117,53.03,Y
2018,議員,山地原住民,屏東縣,屏東縣第12選區,1,潘正義,1,無黨籍及未經政黨推薦,5281,100,Y
2018,議員,山地原住民,屏東縣,屏東縣第13選區,1,戴文柱 Utasang‧Saljinga,1,中國國民黨,1626,48.74,N
2018,議員,山地原住民,屏東縣,屏東縣第13選區,2,周陳文彬,1,無黨籍及未經政黨推薦,1710,51.25,Y
2018,議員,山地原住民,屏東縣,屏東縣第14選區,1,呂義,1,中國國民黨,728,21.8,N
2018,議員,山地原住民,屏東縣,屏東縣第14選區,2,李紀財 Mulaneng Paliuliu,1,無黨籍及未經政黨推薦,762,22.82,Y
2018,議員,山地原住民,屏東縣,屏東縣第14選區,3,徐梅英,2,無黨籍及未經政黨推薦,388,11.62,N
2018,議員,山地原住民,屏東縣,屏東縣第14選區,4,孔朝 Qaljayub‧Palaeculju,1,中國國民黨,611,18.29,N
2018,議員,山地原住民,屏東縣,屏東縣第14選區,5,陳秋香,2,無黨籍及未經政黨推薦,559,16.74,N
2018,議員,山地原住民,屏東縣,屏東縣第14選區,6,張元鑫,1,無黨籍及未經政黨推薦,291,8.71,N
2018,議員,山地原住民,屏東縣,屏東縣第15選區,1,林采穎,2,中國國民黨,1639,44.55,Y
2018,議員,山地原住民,屏東縣,屏東縣第15選區,2,賴源均,1,無黨籍及未經政黨推薦,96,2.6,N
2018,議員,山地原住民,屏東縣,屏東縣第15選區,3,蔡天成,1,中華統一促進黨,404,10.98,N
2018,議員,山地原住民,屏東縣,屏東縣第15選區,4,詹德行,1,中國國民黨,490,13.31,N
2018,議員,山地原住民,屏東縣,屏東縣第15選區,5,陳英銘,1,無黨籍及未經政黨推薦,1050,28.54,N
2018,議員,山地原住民,屏東縣,屏東縣第16選區,1,宋克強,1,無黨籍及未經政黨推薦,447,18.3,N
2018,議員,山地原住民,屏東縣,屏東縣第16選區,2,杜仁勇,1,無黨籍及未經政黨推薦,822,33.66,Y
2018,議員,山地原住民,屏東縣,屏東縣第16選區,3,賴天賜,1,無黨籍及未經政黨推薦,564,23.09,N
2018,議員,山地原住民,屏東縣,屏東縣第16選區,4,李美惠,2,無黨籍及未經政黨推薦,609,24.93,N
2018,議員,山地原住民,宜蘭縣,宜蘭縣第12選區,1,陳傑麟,1,親民黨,2366,61.16,Y
2018,議員,山地原住民,宜蘭縣,宜蘭縣第12選區,2,王進生,1,中國國民黨,1502,38.83,N
2018,議員,山地原住民,宜蘭縣,宜蘭縣第13選區,1,謝耀祖,1,無黨籍及未經政黨推薦,764,18.88,N
2018,議員,山地原住民,宜蘭縣,宜蘭縣第13選區,2,陳孝仁,1,中國國民黨,988,24.42,N
2018,議員,山地原住民,宜蘭縣,宜蘭縣第13選區,3,陳俊豪,1,無黨籍及未經政黨推薦,1011,24.99,N
2018,議員,山地原住民,宜蘭縣,宜蘭縣第13選區,4,松王淑珍,2,無黨籍及未經政黨推薦,1282,31.69,Y
2018,議員,山地原住民,花蓮縣,花蓮縣第08選區,1,許淑銀Otiam Cirig,2,無黨籍及未經政黨推薦,5985,57.07,Y
2018,議員,山地原住民,花蓮縣,花蓮縣第08選區,2,高毓真,2,無黨籍及未經政黨推薦,1765,16.83,N
2018,議員,山地原住民,花蓮縣,花蓮縣第08選區,3,林素美,2,無黨籍及未經政黨推薦,2736,26.09,N
2018,議員,山地原住民,花蓮縣,花蓮縣第09選區,1,陳秋英,2,中國國民黨,801,19.43,N
2018,議員,山地原住民,花蓮縣,花蓮縣第09選區,2,簡智隆,1,無黨籍及未經政黨推薦,1604,38.92,Y
2018,議員,山地原住民,花蓮縣,花蓮縣第09選區,3,陳長明,1,中國國民黨,889,21.57,N
2018,議員,山地原住民,花蓮縣,花蓮縣第09選區,4,伍興明,1,無黨籍及未經政黨推薦,827,20.06,N
2018,議員,山地原住民,花蓮縣,花蓮縣第10選區,1,蘇忠亮,1,中國國民黨,1775,49.71,N
2018,議員,山地原住民,花蓮縣,花蓮縣第10選區,2,高小成Qaisul‧Tamapima,1,無黨籍及未經政黨推薦,1795,50.28,Y
2018,議員,山地原住民,臺東縣,臺東縣第12選區,1,伊藍‧明基努安,1,信心希望聯盟,813,34.5,N
2018,議員,山地原住民,臺東縣,臺東縣第12選區,2,古志成,1,無黨籍及未經政黨推薦,909,38.58,Y
2018,議員,山地原住民,臺東縣,臺東縣第12選區,3,邱正賢,1,中國國民黨,634,26.91,N
2018,議員,山地原住民,臺東縣,臺東縣第13選區,1,余秀芳,2,無黨籍及未經政黨推薦,465,20.45,N
2018,議員,山地原住民,臺東縣,臺東縣第13選區,2,張全馨嵐,2,中國國民黨,1808,79.54,Y
2018,議員,山地原住民,臺東縣,臺東縣第14選區,1,胡莉亞,2,無黨籍及未經政黨推薦,1055,32.35,N
2018,議員,山地原住民,臺東縣,臺東縣第14選區,2,章正輝 Lemaljiz‧Kusaza,1,中國國民黨,2206,67.64,Y
2018,議員,山地原住民,臺東縣,臺東縣第15選區,1,葉巴格力亞斯振宇,1,無黨籍及未經政黨推薦,642,26.17,N
2018,議員,山地原住民,臺東縣,臺東縣第15選區,2,蔡玉玲,2,中國國民黨,1811,73.82,Y
2018,議員,山地原住民,臺東縣,臺東縣第16選區,1,周秋進,1,無黨籍及未經政黨推薦,339,18.47,N
2018,議員,山地原住民,臺東縣,臺東縣第16選區,2,董昌華,1,無黨籍及未經政黨推薦,491,26.75,N
2018,議員,山地原住民,臺東縣,臺東縣第16選區,3,黃碧妹,2,親民黨,564,30.73,Y
2018,議員,山地原住民,臺東縣,臺東縣第16選區,4,黃天德,1,中國國民黨,441,24.03,N
2018,議員,平地原住民,新竹縣,新竹縣第11選區,1,李漢強,1,無黨籍及未經政黨推薦,186,18.21,N
2018,議員,平地原住民,新竹縣,新竹縣第11選區,2,林秉君Kaying．Kuying．Kalang,2,中國國民黨,835,81.78,Y
2018,議員,平地原住民,苗栗縣,苗栗縣第07選區,1,楊文昌Baiho．Watan,1,無黨籍及未經政黨推薦,917,46.14,Y
2018,議員,平地原住民,苗栗縣,苗栗縣第07選區,2,朱仲一Kalih．Tahes．Didiyun,1,無黨籍及未經政黨推薦,369,18.57,N
2018,議員,平地原住民,苗栗縣,苗栗縣第07選區,3,潘秋榮,1,中國國民黨,397,19.97,N
2018,議員,平地原住民,苗栗縣,苗栗縣第07選區,4,謝建宇Delao．Tadi,1,無黨籍及未經政黨推薦,304,15.29,N
2018,議員,平地原住民,彰化縣,彰化縣第09選區,1,阿發瓦特．阿汶薄薄 Awhat．awenpokpok,1,無黨籍及未經政黨推薦,164,13.94,N
2018,議員,平地原住民,彰化縣,彰化縣第09選區,2,陳榮妹,2,中國國民黨,685,58.24,Y
2018,議員,平地原住民,彰化縣,彰化縣第09選區,3,唐顏華,2,無黨籍及未經政黨推薦,327,27.8,N
2018,議員,平地原住民,南投縣,南投縣第06選區,1,石慶龍Rungquan．Lhkatafatu,1,無黨籍及未經政黨推薦,629,83.2,Y
2018,議員,平地原住民,南投縣,南投縣第06選區,2,阿給拉．拉哈拜,1,無黨籍及未經政黨推薦,127,16.79,N
2018,議員,平地原住民,屏東縣,屏東縣第08選區,1,潘坤福,1,中國國民黨,1165,52.5,Y
2018,議員,平地原住民,屏東縣,屏東縣第08選區,3,潘簡春樹,1,無黨籍及未經政黨推薦,138,6.21,N
2018,議員,平地原住民,屏東縣,屏東縣第08選區,4,潘世杰,1,民主進步黨,916,41.27,N
2018,議員,平地原住民,宜蘭縣,宜蘭縣第11選區,1,陳奕勲,1,無黨籍及未經政黨推薦,268,25.37,N
2018,議員,平地原住民,宜蘭縣,宜蘭縣第11選區,2,孫湯玉惠aly saku,2,無黨籍及未經政黨推薦,788,74.62,Y
2018,議員,平地原住民,花蓮縣,花蓮縣第05選區,1,謝東穎,1,民主進步黨,503,4.5,N
2018,議員,平地原住民,花蓮縣,花蓮縣第05選區,2,笛布斯‧顗賚,2,無黨籍及未經政黨推薦,2763,24.75,Y
2018,議員,平地原住民,花蓮縣,花蓮縣第05選區,3,羅名材Halu．Lihang,1,中國國民黨,1422,12.74,N
2018,議員,平地原住民,花蓮縣,花蓮縣第05選區,4,李正文,1,中國國民黨,2564,22.97,Y
2018,議員,平地原住民,花蓮縣,花蓮縣第05選區,5,林聖富,1,無黨籍及未經政黨推薦,329,2.94,N
2018,議員,平地原住民,花蓮縣,花蓮縣第05選區,6,余夏夫,1,中國國民黨,1460,13.08,N
2018,議員,平地原住民,花蓮縣,花蓮縣第05選區,7,周駿宥,1,中國國民黨,2119,18.98,Y
2018,議員,平地原住民,花蓮縣,花蓮縣第06選區,1,萬榮財Lafi‧Mayaw,1,中國國民黨,1831,17.92,N
2018,議員,平地原住民,花蓮縣,花蓮縣第06選區,2,曾志德,1,民主進步黨,440,4.3,N
2018,議員,平地原住民,花蓮縣,花蓮縣第06選區,3,賴國祥O‧SENG‧KATI,1,無黨籍及未經政黨推薦,2474,24.22,Y
2018,議員,平地原住民,花蓮縣,花蓮縣第06選區,4,林正福,1,中國國民黨,2035,19.92,N
2018,議員,平地原住民,花蓮縣,花蓮縣第06選區,5,蔡依靜Lamen‧Panay,2,無黨籍及未經政黨推薦,2661,26.05,Y
2018,議員,平地原住民,花蓮縣,花蓮縣第06選區,6,林莉芳,2,無黨籍及未經政黨推薦,497,4.86,N
2018,議員,平地原住民,花蓮縣,花蓮縣第06選區,7,吳國民,1,無黨籍及未經政黨推薦,275,2.69,N
2018,議員,平地原住民,花蓮縣,花蓮縣第07選區,1,林聖明,1,中國國民黨,1062,17.2,N
2018,議員,平地原住民,花蓮縣,花蓮縣第07選區,2,哈尼．噶照Hani  Kacaw,1,無黨籍及未經政黨推薦,1752,28.38,Y
2018,議員,平地原住民,花蓮縣,花蓮縣第07選區,3,林高捷,1,時代力量,190,3.07,N
2018,議員,平地原住民,花蓮縣,花蓮縣第07選區,4,陳建忠,1,中國國民黨,1540,24.95,N
2018,議員,平地原住民,花蓮縣,花蓮縣第07選區,5,陳英妹,2,中國國民黨,1628,26.37,Y
2018,議員,平地原住民,臺東縣,臺東縣第07選區,1,余文博,1,無黨籍及未經政黨推薦,325,3.66,N
2018,議員,平地原住民,臺東縣,臺東縣第07選區,2,陳政宗,1,無黨籍及未經政黨推薦,1539,17.34,Y
2018,議員,平地原住民,臺東縣,臺東縣第07選區,3,林琮翰,1,中國國民黨,2370,26.71,Y
2018,議員,平地原住民,臺東縣,臺東縣第07選區,4,方賢仁,1,中國國民黨,1254,14.13,Y
2018,議員,平地原住民,臺東縣,臺東縣第07選區,5,陽昇宏,1,無黨籍及未經政黨推薦,1099,12.38,N
2018,議員,平地原住民,臺東縣,臺東縣第07選區,6,林秀信,1,中國國民黨,1202,13.54,N
2018,議員,平地原住民,臺東縣,臺東縣第07選區,7,賴秀星,2,無黨籍及未經政黨推薦,1083,12.2,N
2018,議員,平地原住民,臺東縣,臺東縣第08選區,1,鄭崗山,1,無黨籍及未經政黨推薦,1493,45.85,Y
2018,議員,平地原住民,臺東縣,臺東縣第08選區,2,江堅壽,1,中國國民黨,1306,40.11,N
2018,議員,平地原住民,臺東縣,臺東縣第08選區,3,林昊宜,2,親民黨,457,14.03,N
2018,議員,平地原住民,臺東縣,臺東縣第09選區,1,吳仲民,1,無黨籍及未經政黨推薦,1784,36.46,N
2018,議員,平地原住民,臺東縣,臺東縣第09選區,2,尤忠正,1,中國國民黨,3109,63.53,Y
2018,議員,平地原住民,臺東縣,臺東縣第10選區,1,周菊英,2,中國國民黨,1366,42.31,N
2018,議員,平地原住民,臺東縣,臺東縣第10選區,2,楊清順 Cinsun Pawtawan,1,中國國民黨,1862,57.68,Y
2018,議員,平地原住民,臺東縣,臺東縣第11選區,1,林富雄,1,無黨籍及未經政黨推薦,1251,14.8,N
2018,議員,平地原住民,臺東縣,臺東縣第11選區,2,陳珊珊,2,時代力量,360,4.25,N
2018,議員,平地原住民,臺東縣,臺東縣第11選區,3,高美珠,2,中國國民黨,2230,26.38,Y
2018,議員,平地原住民,臺東縣,臺東縣第11選區,4,楊秋珍,2,中國國民黨,2757,32.62,Y
2018,議員,平地原住民,臺東縣,臺東縣第11選區,5,嚴惠美 Simoy‧Sapod,2,無黨籍及未經政黨推薦,1853,21.92,N
2018,議員,平地原住民,基隆市,基隆市第08選區,1,黃淑珍,2,親民黨,924,29.81,N
2018,議員,平地原住民,基隆市,基隆市第08選區,2,陳明建,1,無黨籍及未經政黨推薦,2175,70.18,Y
2018,議員,平地原住民,新竹市,新竹市第06選區,1,林慈愛,2,中國國民黨,471,67.57,Y
2018,議員,平地原住民,新竹市,新竹市第06選區,2,劉美玲,2,無黨籍及未經政黨推薦,172,24.67,N
2018,議員,平地原住民,新竹市,新竹市第06選區,3,潘念恩,2,無黨籍及未經政黨推薦,54,7.74,N
2020,立委,區域,嘉義市,嘉義市第01選區,1,陳泰山,1,無黨籍及未經政黨推薦,215,0.13,N
2020,立委,區域,高雄市,高雄市第06選區,1,李鎔任,1,國會政黨聯盟,258,0.11,N
2020,立委,區域,臺南市,臺南市第01選區,1,康淑敏,2,中華聯合黨,306,0.17,N
2020,立委,區域,臺中市,臺中市第03選區,1,朱立凡,1,宗教聯盟,323,0.16,N
2020,立委,區域,臺北市,臺北市第05選區,1,楊烱煌,1,聾國黨,352,0.19,N
2020,立委,區域,花蓮縣,花蓮縣第01選區,1,蕭嘉豪,1,民生公益,417,0.3,N
2020,立委,區域,臺北市,臺北市第08選區,1,蕭曉玲,2,喜樂島聯盟,474,0.25,N
2020,立委,區域,苗栗縣,苗栗縣第01選區,1,鍾林芷綸,2,台澎黨,632,0.42,N
2020,立委,區域,澎湖縣,澎湖縣第01選區,1,呂應宏,1,喜樂島聯盟,653,1.31,N
2020,立委,區域,高雄市,高雄市第01選區,1,晏揚清,1,台灣工黨,704,0.43,N
2020,立委,區域,臺中市,臺中市第04選區,1,李家葳,2,中華統一促進黨,712,0.3,N
2020,立委,區域,新北市,新北市第01選區,1,歐崇敬,1,無黨籍及未經政黨推薦,892,0.35,N
2020,立委,區域,金門縣,金門縣第01選區,1,洪志恒,1,金門高粱黨,899,1.92,N
2020,立委,區域,新北市,新北市第07選區,1,朱盛興,1,安定力量,907,0.51,N
2020,立委,區域,高雄市,高雄市第03選區,1,柳淑芳,2,台灣獨立黨,939,0.4,N
2020,立委,區域,臺北市,臺北市第04選區,1,郭正典,1,一邊一國行動黨,1062,0.43,N
2020,立委,區域,臺北市,臺北市第06選區,1,沈宜璇,2,台灣維新,1267,0.71,N
2020,立委,區域,桃園市,桃園市第03選區,1,胡文中,2,中華文化復興在理黨,1296,0.61,N
2020,立委,區域,嘉義縣,嘉義縣第01選區,1,黃俊雄,1,喜樂島聯盟,1336,0.95,N
2020,立委,區域,臺南市,臺南市第02選區,1,王章記,1,宗教聯盟,1390,0.74,N
2020,立委,區域,新北市,新北市第04選區,1,朱約翰,1,無黨籍及未經政黨推薦,1469,0.68,N
2020,立委,區域,臺北市,臺北市第07選區,1,王映心,2,台灣基進,1979,1.08,N
2020,立委,區域,連江縣,連江縣第01選區,1,曹爾忠,1,無黨籍及未經政黨推薦,2198,36.63,N
2020,立委,區域,新北市,新北市第03選區,1,羅和讚,1,無黨籍及未經政黨推薦,2390,1.22,N
2020,立委,區域,彰化縣,彰化縣第04選區,1,林怡彣,2,勞工黨,2451,1.26,N
2020,立委,區域,臺南市,臺南市第03選區,1,陳西安,1,無黨籍及未經政黨推薦,2892,1.47,N
2020,立委,區域,新北市,新北市第11選區,1,廖再興,1,無黨籍及未經政黨推薦,3082,1.44,N
2020,立委,區域,臺北市,臺北市第01選區,1,王郁揚,1,無黨籍及未經政黨推薦,4004,1.94,N
2020,立委,區域,臺南市,臺南市第04選區,1,蔡明峰,1,無黨籍及未經政黨推薦,4180,2.19,N
2020,立委,區域,臺中市,臺中市第06選區,1,楊木蘭,2,無黨籍及未經政黨推薦,4278,2.11,N
2020,立委,區域,臺南市,臺南市第06選區,1,李晉豪,1,安定力量,4612,2.34,N
2020,立委,區域,新北市,新北市第09選區,1,陳愷寧,2,台灣維新,4881,2.7,N
2020,立委,區域,臺中市,臺中市第05選區,1,段體佩,1,無黨籍及未經政黨推薦,5225,2.03,N
2020,立委,區域,桃園市,桃園市第04選區,1,林國政,1,國會政黨聯盟,5523,2.64,N
2020,立委,區域,臺北市,臺北市第03選區,1,何景榮,1,台灣民眾黨,5730,2.61,N
2020,立委,區域,雲林縣,雲林縣第02選區,1,彭新銘,1,無黨籍及未經政黨推薦,6070,2.91,N
2020,立委,區域,臺南市,臺南市第05選區,1,李伯利,1,安定力量,6350,3.18,N
2020,立委,區域,屏東縣,屏東縣第02選區,1,鄭朝明,1,無黨籍及未經政黨推薦,7214,3.14,N
2020,立委,區域,嘉義縣,嘉義縣第02選區,1,許能通,1,無黨籍及未經政黨推薦,13246,8.47,N
2020,立委,區域,新北市,新北市第12選區,1,賴嘉倫,1,時代力量,13563,7.29,N
2020,立委,區域,高雄市,高雄市第08選區,1,敖博勝,1,台灣民眾黨,14043,6.0,N
2020,立委,區域,新竹縣,新竹縣第02選區,1,林碩彥,1,台灣民眾黨,17902,11.05,N
2020,立委,區域,苗栗縣,苗栗縣第02選區,1,温俊勇,1,無黨籍及未經政黨推薦,19418,11.53,N
2020,立委,區域,高雄市,高雄市第05選區,1,李佳玲,2,台灣民眾黨,20336,8.62,N
2020,立委,區域,臺東縣,臺東縣第01選區,1,張志明,1,中國國民黨,32737,41.88,N
2020,立委,區域,宜蘭縣,宜蘭縣第01選區,1,黃定和,1,無黨籍及未經政黨推薦,33026,12.56,N
2020,立委,區域,臺中市,臺中市第08選區,1,翁美春,2,民主進步黨,62471,38.92,N
2020,立委,區域,高雄市,高雄市第02選區,1,黃韻涵,2,中國國民黨,70867,35.4,N
2020,立委,區域,南投縣,南投縣第01選區,1,馬文君,2,中國國民黨,73480,53.57,Y
2020,立委,區域,新北市,新北市第10選區,1,林金結,1,中國國民黨,73686,35.6,N
2020,立委,區域,新竹縣,新竹縣第01選區,1,林為洲,1,中國國民黨,74087,49.88,Y
2020,立委,區域,彰化縣,彰化縣第02選區,1,張瀚天,1,中國國民黨,78177,42.48,N
2020,立委,區域,南投縣,南投縣第02選區,1,許淑華,2,中國國民黨,80067,54.83,Y
2020,立委,區域,桃園市,桃園市第06選區,1,陳學聖,1,中國國民黨,82152,41.56,N
2020,立委,區域,高雄市,高雄市第07選區,1,李雅靜,2,中國國民黨,86127,38.27,N
2020,立委,區域,雲林縣,雲林縣第01選區,1,張嘉郡,2,中國國民黨,86862,46.38,N
2020,立委,區域,新北市,新北市第06選區,1,張宏陸,1,民主進步黨,88236,54.35,Y
2020,立委,區域,彰化縣,彰化縣第01選區,1,柯呈枋,1,中國國民黨,88690,47.97,N
2020,立委,區域,屏東縣,屏東縣第01選區,1,葉壽山,1,中國國民黨,90467,37.4,N
2020,立委,區域,桃園市,桃園市第05選區,1,呂玉玲,2,中國國民黨,94218,46.72,Y
2020,立委,區域,新竹市,新竹市第01選區,1,鄭正鈐,1,中國國民黨,95298,36.97,Y
2020,立委,區域,新北市,新北市第08選區,1,邱烽堯,1,中國國民黨,95471,44.6,N
2020,立委,區域,彰化縣,彰化縣第03選區,1,謝衣鳯,2,中國國民黨,97396,51.15,Y
2020,立委,區域,桃園市,桃園市第01選區,1,陳根德,1,中國國民黨,97787,43.06,N
2020,立委,區域,基隆市,基隆市第01選區,1,蔡適應,1,民主進步黨,104082,47.29,Y
2020,立委,區域,新北市,新北市第05選區,1,蘇巧慧,2,民主進步黨,106368,57.1,Y
2020,立委,區域,臺中市,臺中市第01選區,1,蔡其昌,1,民主進步黨,106376,66.69,Y
2020,立委,區域,臺中市,臺中市第02選區,1,顏寬恒,1,中國國民黨,107766,48.85,N
2020,立委,區域,桃園市,桃園市第02選區,1,黃世杰,1,民主進步黨,111963,51.64,Y
2020,立委,區域,高雄市,高雄市第04選區,1,林岱樺,2,民主進步黨,118219,60.03,Y
2020,立委,區域,臺北市,臺北市第02選區,1,何志偉,1,民主進步黨,123652,62.87,Y
2020,立委,區域,新北市,新北市第02選區,1,林淑芬,2,民主進步黨,132591,62.37,Y
2020,立委,區域,臺中市,臺中市第07選區,1,何欣純,2,民主進步黨,149538,63.3,Y
2020,立委,區域,臺中市,臺中市第03選區,2,宋柏澄,1,台澎黨,247,0.13,N
2020,立委,區域,高雄市,高雄市第07選區,2,吳青木,1,台澎黨,296,0.13,N
2020,立委,區域,臺北市,臺北市第02選區,2,郭啟源,1,中華統一促進黨,418,0.21,N
2020,立委,區域,金門縣,金門縣第01選區,2,許丕肯,1,中華新住民黨,428,0.91,N
2020,立委,區域,臺南市,臺南市第04選區,2,温米樂,1,圓黨,488,0.26,N
2020,立委,區域,新北市,新北市第06選區,2,陳玉鳳,2,中國和平統一黨,570,0.35,N
2020,立委,區域,新北市,新北市第04選區,2,葉宏仁,1,一邊一國行動黨,637,0.29,N
2020,立委,區域,連江縣,連江縣第01選區,2,李問,1,民主進步黨,706,11.77,N
2020,立委,區域,新北市,新北市第08選區,2,蔡宗霖,1,一邊一國行動黨,739,0.35,N
2020,立委,區域,高雄市,高雄市第06選區,2,林鴻正,1,喜樂島聯盟,763,0.32,N
2020,立委,區域,臺北市,臺北市第06選區,2,楊攸凱,1,無黨籍及未經政黨推薦,964,0.54,N
2020,立委,區域,南投縣,南投縣第02選區,2,謝福全,1,宗教聯盟,978,0.67,N
2020,立委,區域,新竹縣,新竹縣第01選區,2,劉復嵐,1,無黨籍及未經政黨推薦,1176,0.79,N
2020,立委,區域,高雄市,高雄市第03選區,2,湯金全,1,無黨籍及未經政黨推薦,1288,0.55,N
2020,立委,區域,新北市,新北市第11選區,2,臧汝興,1,勞動黨,1414,0.66,N
2020,立委,區域,桃園市,桃園市第05選區,2,劉芳萍,2,勞動黨,1502,0.74,N
2020,立委,區域,彰化縣,彰化縣第04選區,2,洪祐輔,1,無黨籍及未經政黨推薦,1507,0.78,N
2020,立委,區域,新北市,新北市第12選區,2,張志偉,1,綠黨,1638,0.88,N
2020,立委,區域,新北市,新北市第09選區,2,林聲洲,1,勞動黨,1850,1.02,N
2020,立委,區域,桃園市,桃園市第04選區,2,李中,2,勞動黨,2100,1.0,N
2020,立委,區域,新北市,新北市第02選區,2,龍大智,1,合一行動聯盟,2376,1.12,N
2020,立委,區域,新北市,新北市第01選區,2,陳昭宏,1,無黨籍及未經政黨推薦,2579,1.0,N
2020,立委,區域,嘉義縣,嘉義縣第02選區,2,許韶珍,2,喜樂島聯盟,2681,1.71,N
2020,立委,區域,臺中市,臺中市第04選區,2,陳志彬,1,無黨籍及未經政黨推薦,3061,1.3,N
2020,立委,區域,臺中市,臺中市第07選區,2,蔣祖棋,1,司法正義黨,3336,1.41,N
2020,立委,區域,臺東縣,臺東縣第01選區,2,陳允萍,1,台灣民眾黨,3527,4.51,N
2020,立委,區域,桃園市,桃園市第02選區,2,吳文凱,1,台灣維新,3953,1.82,N
2020,立委,區域,新竹縣,新竹縣第02選區,2,陳冠宇,1,綠黨,4121,2.54,N
2020,立委,區域,嘉義市,嘉義市第01選區,2,凌子楚,1,無黨籍及未經政黨推薦,7270,4.54,N
2020,立委,區域,臺北市,臺北市第08選區,2,華珮君,2,台灣動物保護黨,7660,3.97,N
2020,立委,區域,彰化縣,彰化縣第03選區,2,楊麗香,2,無黨籍及未經政黨推薦,8518,4.47,N
2020,立委,區域,臺南市,臺南市第01選區,2,顏耀星,1,台灣民眾黨,8793,4.92,N
2020,立委,區域,臺南市,臺南市第05選區,2,林義豐,1,無黨籍及未經政黨推薦,10110,5.07,N
2020,立委,區域,高雄市,高雄市第04選區,2,黃兆呈,1,台灣維新,10323,5.24,N
2020,立委,區域,臺北市,臺北市第07選區,2,蔡宜芳,2,台灣民眾黨,17435,9.48,N
2020,立委,區域,臺北市,臺北市第05選區,2,徐立信,1,無黨籍及未經政黨推薦,22208,12.19,N
2020,立委,區域,澎湖縣,澎湖縣第01選區,2,歐中慨,1,中國國民黨,22332,44.91,N
2020,立委,區域,臺中市,臺中市第01選區,2,林佳新,1,中國國民黨,47050,29.5,N
2020,立委,區域,苗栗縣,苗栗縣第02選區,2,徐定禎,1,民主進步黨,50629,30.07,N
2020,立委,區域,臺南市,臺南市第03選區,2,童小芸,2,中國國民黨,52886,26.97,N
2020,立委,區域,高雄市,高雄市第01選區,2,王齡嬌,2,中國國民黨,55373,33.82,N
2020,立委,區域,嘉義縣,嘉義縣第01選區,2,王啓澧,1,中國國民黨,56256,39.96,N
2020,立委,區域,花蓮縣,花蓮縣第01選區,2,蕭美琴,2,民主進步黨,56485,40.53,N
2020,立委,區域,苗栗縣,苗栗縣第01選區,2,羅貴星,1,民主進步黨,56622,37.98,N
2020,立委,區域,南投縣,南投縣第01選區,2,蔡培慧,2,民主進步黨,63691,46.43,N
2020,立委,區域,新北市,新北市第03選區,2,李翁月娥,2,無黨籍及未經政黨推薦,63832,32.45,N
2020,立委,區域,臺南市,臺南市第02選區,2,李武龍,1,中國國民黨,66270,35.3,N
2020,立委,區域,新北市,新北市第07選區,2,柯志恩,2,中國國民黨,70659,40.08,N
2020,立委,區域,臺南市,臺南市第06選區,2,洪秀柱,2,中國國民黨,72137,36.54,N
2020,立委,區域,新北市,新北市第05選區,2,黃志雄,1,中國國民黨,77919,41.83,N
2020,立委,區域,新竹市,新竹市第01選區,2,鄭宏輝,1,民主進步黨,82011,31.81,N
2020,立委,區域,彰化縣,彰化縣第02選區,2,黃秀芳,2,民主進步黨,83013,45.11,Y
2020,立委,區域,高雄市,高雄市第08選區,2,陳麗娜,2,中國國民黨,83148,35.54,N
2020,立委,區域,基隆市,基隆市第01選區,2,宋瑋莉,2,中國國民黨,83689,38.03,N
2020,立委,區域,屏東縣,屏東縣第02選區,2,周佳琪,2,中國國民黨,91168,39.67,N
2020,立委,區域,高雄市,高雄市第05選區,2,黃柏霖,1,中國國民黨,92220,39.11,N
2020,立委,區域,新北市,新北市第10選區,2,吳琪銘,1,民主進步黨,92665,44.77,Y
2020,立委,區域,臺中市,臺中市第08選區,2,江啟臣,1,中國國民黨,94750,59.03,Y
2020,立委,區域,雲林縣,雲林縣第01選區,2,蘇治芬,2,民主進步黨,94786,50.61,Y
2020,立委,區域,彰化縣,彰化縣第01選區,2,陳秀寳,2,民主進步黨,96191,52.03,Y
2020,立委,區域,臺北市,臺北市第03選區,2,吳怡農,1,民主進步黨,99539,45.4,N
2020,立委,區域,桃園市,桃園市第03選區,2,魯明哲,1,中國國民黨,100463,47.46,Y
2020,立委,區域,桃園市,桃園市第01選區,2,鄭運鵬,1,民主進步黨,104735,46.12,Y
2020,立委,區域,臺北市,臺北市第01選區,2,吳思瑤,2,民主進步黨,107850,52.12,Y
2020,立委,區域,臺中市,臺中市第02選區,2,陳柏惟,1,台灣基進,112839,51.15,Y
2020,立委,區域,臺中市,臺中市第06選區,2,黃國書,1,民主進步黨,113128,55.91,Y
2020,立委,區域,臺中市,臺中市第05選區,2,莊競程,1,民主進步黨,114738,44.63,Y
2020,立委,區域,桃園市,桃園市第06選區,2,趙正宇,1,無黨籍及未經政黨推薦,115496,58.44,Y
2020,立委,區域,臺北市,臺北市第04選區,2,李彥秀,2,中國國民黨,118432,47.44,N
2020,立委,區域,雲林縣,雲林縣第02選區,2,劉建國,1,民主進步黨,119468,57.3,Y
2020,立委,區域,屏東縣,屏東縣第01選區,2,鍾佳濱,1,民主進步黨,119871,49.55,Y
2020,立委,區域,宜蘭縣,宜蘭縣第01選區,2,陳歐珀,1,民主進步黨,121526,46.23,Y
2020,立委,區域,高雄市,高雄市第02選區,2,邱志偉,1,民主進步黨,126469,63.17,Y
2020,立委,區域,新北市,新北市第07選區,3,連石磊,1,台灣工黨,235,0.13,N
2020,立委,區域,臺北市,臺北市第04選區,3,文祥志,1,宗教聯盟,246,0.1,N
2020,立委,區域,高雄市,高雄市第03選區,3,李郭秋蘭,2,宗教聯盟,319,0.14,N
2020,立委,區域,臺北市,臺北市第02選區,3,巫超勝,1,宗教聯盟,394,0.2,N
2020,立委,區域,臺東縣,臺東縣第01選區,3,張坤和,1,無黨籍及未經政黨推薦,404,0.52,N
2020,立委,區域,新北市,新北市第03選區,3,李崇威,1,無黨籍及未經政黨推薦,447,0.23,N
2020,立委,區域,桃園市,桃園市第03選區,3,李奇峰,1,宗教聯盟,535,0.25,N
2020,立委,區域,高雄市,高雄市第06選區,3,劉仙娥,2,勞動黨,690,0.29,N
2020,立委,區域,桃園市,桃園市第02選區,3,陳志豪,1,中華統一促進黨,800,0.37,N
2020,立委,區域,雲林縣,雲林縣第02選區,3,張永津,1,喜樂島聯盟,805,0.39,N
2020,立委,區域,彰化縣,彰化縣第03選區,3,劉銀鬃,1,台澎黨,1116,0.59,N
2020,立委,區域,臺北市,臺北市第03選區,3,田方宇,1,安定力量,1209,0.55,N
2020,立委,區域,臺南市,臺南市第06選區,3,唐宇姮,2,台澎黨,1228,0.62,N
2020,立委,區域,臺北市,臺北市第08選區,3,彭子軒,1,無黨籍及未經政黨推薦,1324,0.69,N
2020,立委,區域,臺中市,臺中市第07選區,3,林培基,1,一邊一國行動黨,1480,0.63,N
2020,立委,區域,桃園市,桃園市第04選區,3,吳清江,2,合一行動聯盟,1569,0.75,N
2020,立委,區域,新北市,新北市第12選區,3,周武榮,1,無黨籍及未經政黨推薦,1620,0.87,N
2020,立委,區域,宜蘭縣,宜蘭縣第01選區,3,許育嘉,1,勞動黨,1730,0.66,N
2020,立委,區域,臺南市,臺南市第04選區,3,林志文,1,一邊一國行動黨,1860,0.97,N
2020,立委,區域,新北市,新北市第05選區,3,徐金菊,2,中華照生黨,1999,1.07,N
2020,立委,區域,桃園市,桃園市第01選區,3,楊淂鉉,1,無黨籍及未經政黨推薦,2031,0.89,N
2020,立委,區域,嘉義縣,嘉義縣第01選區,3,黃奕瑄,2,中華統一促進黨,2175,1.54,N
2020,立委,區域,臺中市,臺中市第08選區,3,朱智德,1,台灣維新,2614,1.63,N
2020,立委,區域,屏東縣,屏東縣第01選區,3,黃冬輝,1,無黨籍及未經政黨推薦,2700,1.12,N
2020,立委,區域,苗栗縣,苗栗縣第02選區,3,曾宛菁,2,中華統一促進黨,2803,1.66,N
2020,立委,區域,高雄市,高雄市第02選區,3,李柏融,1,台灣維新,2871,1.43,N
2020,立委,區域,連江縣,連江縣第01選區,3,陳雪生,1,中國國民黨,2938,48.97,Y
2020,立委,區域,新北市,新北市第08選區,3,李國憲,1,安定力量,2977,1.39,N
2020,立委,區域,雲林縣,雲林縣第01選區,3,林富源,1,無黨籍及未經政黨推薦,3558,1.9,N
2020,立委,區域,彰化縣,彰化縣第04選區,3,蕭翠瑩,2,綠黨,3831,1.97,N
2020,立委,區域,臺中市,臺中市第06選區,3,吳光中,1,親民黨,3882,1.92,N
2020,立委,區域,新北市,新北市第06選區,3,石人仁,1,親民黨,4362,2.69,N
2020,立委,區域,南投縣,南投縣第02選區,3,吳承叡,1,台灣基進,4865,3.33,N
2020,立委,區域,新竹市,新竹市第01選區,3,廖蓓瑩,2,國會政黨聯盟,5151,2.0,N
2020,立委,區域,臺中市,臺中市第01選區,3,黃朝淵,1,親民黨,6086,3.82,N
2020,立委,區域,臺北市,臺北市第01選區,3,李婉鈺,2,一邊一國行動黨,6636,3.21,N
2020,立委,區域,新竹縣,新竹縣第01選區,3,余筱菁,2,綠黨,7142,4.81,N
2020,立委,區域,金門縣,金門縣第01選區,3,陳滄江,1,無黨籍及未經政黨推薦,7303,15.57,N
2020,立委,區域,高雄市,高雄市第04選區,3,周凱崙,1,無黨籍及未經政黨推薦,11102,5.64,N
2020,立委,區域,基隆市,基隆市第01選區,3,張耿輝,1,無黨籍及未經政黨推薦,13374,6.08,N
2020,立委,區域,桃園市,桃園市第05選區,3,張誠,1,國會政黨聯盟,13533,6.71,N
2020,立委,區域,嘉義市,嘉義市第01選區,3,戴寧,2,無黨籍及未經政黨推薦,14000,8.75,N
2020,立委,區域,苗栗縣,苗栗縣第01選區,3,朱哲成,1,台灣民眾黨,16566,11.11,N
2020,立委,區域,花蓮縣,花蓮縣第01選區,3,黃啓嘉,1,中國國民黨,17507,12.56,N
2020,立委,區域,新北市,新北市第01選區,3,張衞航,1,時代力量,19641,7.63,N
2020,立委,區域,彰化縣,彰化縣第02選區,3,黄玉芬,2,無黨籍及未經政黨推薦,22834,12.41,N
2020,立委,區域,澎湖縣,澎湖縣第01選區,3,楊曜,1,民主進步黨,26737,53.77,Y
2020,立委,區域,新北市,新北市第10選區,3,李縉穎,1,無黨籍及未經政黨推薦,38977,18.83,N
2020,立委,區域,新竹縣,新竹縣第02選區,3,林思銘,1,中國國民黨,58575,36.17,Y
2020,立委,區域,嘉義縣,嘉義縣第02選區,3,林國慶,1,無黨籍及未經政黨推薦,64415,41.2,N
2020,立委,區域,新北市,新北市第09選區,3,蔡沐霖,1,民主進步黨,68206,37.68,N
2020,立委,區域,臺北市,臺北市第05選區,3,林郁方,1,中國國民黨,76437,41.94,N
2020,立委,區域,新北市,新北市第02選區,3,黃桂蘭,2,中國國民黨,77625,36.51,N
2020,立委,區域,臺北市,臺北市第07選區,3,費鴻泰,1,中國國民黨,85082,46.28,Y
2020,立委,區域,臺中市,臺中市第03選區,3,洪慈庸,2,無黨籍及未經政黨推薦,90213,45.79,N
2020,立委,區域,高雄市,高雄市第01選區,3,邱議瑩,2,民主進步黨,91561,55.92,Y
2020,立委,區域,臺北市,臺北市第06選區,3,林奕華,2,中國國民黨,93785,52.41,Y
2020,立委,區域,臺中市,臺中市第04選區,3,黃馨慧,2,中國國民黨,96460,40.95,N
2020,立委,區域,臺南市,臺南市第01選區,3,賴惠員,2,民主進步黨,99344,55.64,Y
2020,立委,區域,屏東縣,屏東縣第02選區,3,蘇震清,1,無黨籍及未經政黨推薦,107956,46.98,Y
2020,立委,區域,臺中市,臺中市第05選區,3,沈智慧,2,中國國民黨,109466,42.58,N
2020,立委,區域,臺南市,臺南市第05選區,3,林俊憲,1,民主進步黨,110547,55.41,Y
2020,立委,區域,高雄市,高雄市第07選區,3,許智傑,1,民主進步黨,114998,51.1,Y
2020,立委,區域,新北市,新北市第04選區,3,吳秉叡,1,民主進步黨,119461,55.13,Y
2020,立委,區域,臺南市,臺南市第02選區,3,郭國文,1,民主進步黨,120097,63.96,Y
2020,立委,區域,高雄市,高雄市第05選區,3,李昆澤,1,民主進步黨,123239,52.27,Y
2020,立委,區域,新北市,新北市第11選區,3,羅明才,1,中國國民黨,124714,58.37,Y
2020,立委,區域,高雄市,高雄市第08選區,3,賴瑞隆,1,民主進步黨,135052,57.73,Y
2020,立委,區域,臺南市,臺南市第03選區,3,陳亭妃,2,民主進步黨,136815,69.77,Y
2020,立委,區域,連江縣,連江縣第01選區,4,李克焜,1,國會政黨聯盟,6,0.1,N
2020,立委,區域,金門縣,金門縣第01選區,4,林志錦,1,無黨籍及未經政黨推薦,264,0.56,N
2020,立委,區域,臺北市,臺北市第05選區,4,盧憲孚,1,無黨籍及未經政黨推薦,385,0.21,N
2020,立委,區域,高雄市,高雄市第06選區,4,周金榜,1,無黨籍及未經政黨推薦,447,0.18,N
2020,立委,區域,新北市,新北市第10選區,4,劉瑞娜,2,無黨籍及未經政黨推薦,476,0.23,N
2020,立委,區域,臺中市,臺中市第04選區,4,楊書銘,1,國會政黨聯盟,482,0.2,N
2020,立委,區域,高雄市,高雄市第04選區,4,孫蓬逸,1,台澎黨,500,0.25,N
2020,立委,區域,臺中市,臺中市第06選區,4,洪偉富,1,宗教聯盟,558,0.28,N
2020,立委,區域,臺中市,臺中市第05選區,4,彭振芳,1,臺灣前進黨,561,0.22,N
2020,立委,區域,新北市,新北市第08選區,4,許惠珍,2,天宙和平統一家庭黨,574,0.27,N
2020,立委,區域,新北市,新北市第01選區,4,張立蔭,1,無黨籍及未經政黨推薦,604,0.23,N
2020,立委,區域,臺南市,臺南市第01選區,4,蔡承攸,1,合一行動聯盟,616,0.35,N
2020,立委,區域,臺中市,臺中市第08選區,4,劉星龍,1,無黨籍及未經政黨推薦,664,0.41,N
2020,立委,區域,臺北市,臺北市第06選區,4,蕭瑞麟,1,無黨籍及未經政黨推薦,739,0.41,N
2020,立委,區域,花蓮縣,花蓮縣第01選區,4,許願神,1,臺灣前進黨,795,0.57,N
2020,立委,區域,臺北市,臺北市第01選區,4,孫士堅,1,合一行動聯盟,795,0.38,N
2020,立委,區域,南投縣,南投縣第02選區,4,傅文佐,1,合一行動聯盟,800,0.55,N
2020,立委,區域,桃園市,桃園市第02選區,4,張馨云,2,台澎黨,813,0.37,N
2020,立委,區域,高雄市,高雄市第07選區,4,葉鳳強,1,無黨籍及未經政黨推薦,822,0.37,N
2020,立委,區域,新北市,新北市第04選區,4,黃博仁,1,勞動黨,887,0.41,N
2020,立委,區域,新北市,新北市第07選區,4,黃足貞,2,無黨籍及未經政黨推薦,927,0.53,N
2020,立委,區域,新竹市,新竹市第01選區,4,王榮德,1,無黨籍及未經政黨推薦,971,0.38,N
2020,立委,區域,屏東縣,屏東縣第02選區,4,何秋葺,2,台灣工黨,1102,0.48,N
2020,立委,區域,臺北市,臺北市第02選區,4,陳民乾,1,一邊一國行動黨,1192,0.61,N
2020,立委,區域,嘉義市,嘉義市第01選區,4,黃宏成台灣阿成世界偉人財神總統,1,無黨籍及未經政黨推薦,1208,0.75,N
2020,立委,區域,高雄市,高雄市第03選區,4,莊于萱,2,喜樂島聯盟,1237,0.53,N
2020,立委,區域,嘉義縣,嘉義縣第02選區,4,簡明廉,1,無黨籍及未經政黨推薦,1443,0.92,N
2020,立委,區域,臺北市,臺北市第04選區,4,錢一凡,1,安定力量,1596,0.64,N
2020,立委,區域,宜蘭縣,宜蘭縣第01選區,4,林獻山,1,台灣維新,1618,0.62,N
2020,立委,區域,苗栗縣,苗栗縣第02選區,4,林名哲,1,勞動黨,1706,1.01,N
2020,立委,區域,高雄市,高雄市第08選區,4,蔡媽福,1,宗教聯盟,1710,0.73,N
2020,立委,區域,臺北市,臺北市第08選區,4,柯士翎,1,綠黨,2024,1.05,N
2020,立委,區域,雲林縣,雲林縣第01選區,4,李昭儀,2,台灣革命黨,2088,1.11,N
2020,立委,區域,桃園市,桃園市第05選區,4,易乃文,1,無黨籍及未經政黨推薦,2783,1.38,N
2020,立委,區域,臺南市,臺南市第03選區,4,鄧秀寶,2,親民黨,3493,1.78,N
2020,立委,區域,高雄市,高雄市第01選區,4,黃綉晶,2,親民黨,5443,3.32,N
2020,立委,區域,新北市,新北市第11選區,4,李欣翰,1,台灣基進,7363,3.45,N
2020,立委,區域,新竹縣,新竹縣第01選區,4,吳旭智,1,國會政黨聯盟,9623,6.48,N
2020,立委,區域,臺中市,臺中市第03選區,4,張睿倉,1,台灣民眾黨,14700,7.46,N
2020,立委,區域,基隆市,基隆市第01選區,4,楊石城,1,國會政黨聯盟,18942,8.61,N
2020,立委,區域,桃園市,桃園市第01選區,4,陳泓維,1,台灣民眾黨,21951,9.67,N
2020,立委,區域,屏東縣,屏東縣第01選區,4,蔣月惠,2,無黨籍及未經政黨推薦,24118,9.97,N
2020,立委,區域,新北市,新北市第03選區,4,李旻蔚,2,台灣民眾黨,35843,18.22,N
2020,立委,區域,臺東縣,臺東縣第01選區,4,劉櫂豪,1,民主進步黨,41493,53.09,Y
2020,立委,區域,新竹縣,新竹縣第02選區,4,鄭朝方,1,民主進步黨,56075,34.62,N
2020,立委,區域,臺南市,臺南市第05選區,4,蔡淑惠,2,中國國民黨,67364,33.76,N
2020,立委,區域,新北市,新北市第06選區,4,林國春,1,中國國民黨,69178,42.61,N
2020,立委,區域,臺南市,臺南市第04選區,4,林燕祝,2,中國國民黨,71052,37.15,N
2020,立委,區域,苗栗縣,苗栗縣第01選區,4,陳超明,1,中國國民黨,73154,49.07,Y
2020,立委,區域,臺北市,臺北市第07選區,4,許淑華,2,民主進步黨,79057,43.0,N
2020,立委,區域,臺中市,臺中市第07選區,4,莊子富,1,中國國民黨,80000,33.86,N
2020,立委,區域,嘉義縣,嘉義縣第01選區,4,蔡易餘,1,民主進步黨,81028,57.55,Y
2020,立委,區域,新北市,新北市第12選區,4,李永萍,2,中國國民黨,81613,43.87,N
2020,立委,區域,雲林縣,雲林縣第02選區,4,謝淑亞,2,中國國民黨,82150,39.4,N
2020,立委,區域,彰化縣,彰化縣第03選區,4,洪宗熠,1,民主進步黨,83380,43.79,N
2020,立委,區域,桃園市,桃園市第03選區,4,彭俊豪,1,民主進步黨,90148,42.59,N
2020,立委,區域,新北市,新北市第09選區,4,林德福,1,中國國民黨,102108,56.41,Y
2020,立委,區域,桃園市,桃園市第04選區,4,萬美玲,2,中國國民黨,102763,49.11,Y
2020,立委,區域,彰化縣,彰化縣第04選區,4,陳素月,2,民主進步黨,103740,53.42,Y
2020,立委,區域,臺北市,臺北市第03選區,4,蔣萬安,1,中國國民黨,112784,51.44,Y
2020,立委,區域,臺南市,臺南市第06選區,4,王定宇,1,民主進步黨,116174,58.85,Y
2020,立委,區域,花蓮縣,花蓮縣第01選區,5,曹純明,1,中華統一促進黨,90,0.06,N
2020,立委,區域,連江縣,連江縣第01選區,5,王長明,1,無黨籍及未經政黨推薦,152,2.53,N
2020,立委,區域,臺中市,臺中市第05選區,5,苗豐隆,1,無黨籍及未經政黨推薦,211,0.08,N
2020,立委,區域,屏東縣,屏東縣第01選區,5,秦鴻明,1,無黨籍及未經政黨推薦,281,0.12,N
2020,立委,區域,臺北市,臺北市第07選區,5,蘇伊文,2,言論自由聯盟,290,0.16,N
2020,立委,區域,新北市,新北市第12選區,5,張依維,2,中華統一促進黨,316,0.17,N
2020,立委,區域,臺中市,臺中市第03選區,5,張烱春,1,喜樂島聯盟,331,0.17,N
2020,立委,區域,臺南市,臺南市第01選區,5,蘇志仁,1,宗教聯盟,389,0.22,N
2020,立委,區域,高雄市,高雄市第03選區,5,鄭品娟,2,國會政黨聯盟,412,0.18,N
2020,立委,區域,新北市,新北市第03選區,5,蘇卿彥,1,無黨籍及未經政黨推薦,437,0.22,N
2020,立委,區域,新北市,新北市第11選區,5,胡大剛,1,中華統一促進黨,534,0.25,N
2020,立委,區域,臺北市,臺北市第05選區,5,邱一峰,1,一邊一國行動黨,551,0.3,N
2020,立委,區域,桃園市,桃園市第01選區,5,沈育和,1,一邊一國行動黨,601,0.26,N
2020,立委,區域,屏東縣,屏東縣第02選區,5,何麗莉,2,中華統一促進黨,631,0.27,N
2020,立委,區域,臺南市,臺南市第04選區,5,林淑娟,2,宗教聯盟,636,0.33,N
2020,立委,區域,臺北市,臺北市第06選區,5,羅世晧,1,勞動黨,677,0.38,N
2020,立委,區域,新北市,新北市第09選區,5,楊智淵,1,一邊一國行動黨,900,0.5,N
2020,立委,區域,苗栗縣,苗栗縣第01選區,5,朱英濠,1,無黨籍及未經政黨推薦,1046,0.7,N
2020,立委,區域,新竹縣,新竹縣第02選區,5,黃秀龍,1,無黨籍及未經政黨推薦,1072,0.66,N
2020,立委,區域,新北市,新北市第10選區,5,曾怡晴,2,合一行動聯盟,1166,0.56,N
2020,立委,區域,金門縣,金門縣第01選區,5,洪正,1,台灣基進,1627,3.47,N
2020,立委,區域,臺北市,臺北市第01選區,5,賴宗育,1,人民民主黨,1870,0.9,N
2020,立委,區域,臺中市,臺中市第07選區,5,傅若怡,2,合一行動聯盟,1883,0.8,N
2020,立委,區域,苗栗縣,苗栗縣第02選區,5,林昱同,1,台灣基進,2694,1.6,N
2020,立委,區域,臺南市,臺南市第06選區,5,翁語含,2,台灣維新,3255,1.65,N
2020,立委,區域,新北市,新北市第04選區,5,王斯儀,2,國會政黨聯盟,3389,1.56,N
2020,立委,區域,新北市,新北市第01選區,5,余長欣,1,綠黨,3663,1.42,N
2020,立委,區域,高雄市,高雄市第06選區,5,吳佩蓉,2,無黨籍及未經政黨推薦,4112,1.7,N
2020,立委,區域,臺南市,臺南市第05選區,5,陳致曉,1,無黨籍及未經政黨推薦,4175,2.09,N
2020,立委,區域,高雄市,高雄市第01選區,5,羅鼎城,1,台灣民眾黨,10661,6.51,N
2020,立委,區域,臺中市,臺中市第04選區,5,張渝江,1,台灣民眾黨,13434,5.7,N
2020,立委,區域,高雄市,高雄市第07選區,5,陳惠敏,2,時代力量,17466,7.76,N
2020,立委,區域,桃園市,桃園市第03選區,5,林佳瑋,2,時代力量,17512,8.27,N
2020,立委,區域,新北市,新北市第07選區,5,吳達偉,1,台灣民眾黨,20579,11.67,N
2020,立委,區域,嘉義市,嘉義市第01選區,5,傅大偉,1,中國國民黨,53154,33.22,N
2020,立委,區域,新竹縣,新竹縣第01選區,5,周江杰,1,民主進步黨,54862,36.93,N
2020,立委,區域,高雄市,高雄市第04選區,5,徐慶煌,1,中國國民黨,56774,28.83,N
2020,立委,區域,南投縣,南投縣第02選區,5,陳癸佑,1,民主進步黨,59322,40.62,N
2020,立委,區域,臺北市,臺北市第08選區,5,阮昭雄,1,民主進步黨,67470,34.99,N
2020,立委,區域,臺北市,臺北市第02選區,5,孫大千,1,中國國民黨,68667,34.91,N
2020,立委,區域,嘉義縣,嘉義縣第02選區,5,陳明文,1,民主進步黨,72141,46.14,Y
2020,立委,區域,新竹市,新竹市第01選區,5,高鈺婷,2,時代力量,73770,28.62,N
2020,立委,區域,彰化縣,彰化縣第04選區,5,蕭景田,1,中國國民黨,78603,40.48,N
2020,立委,區域,臺中市,臺中市第06選區,5,李中,1,中國國民黨,80478,39.78,N
2020,立委,區域,宜蘭縣,宜蘭縣第01選區,5,呂國華,1,中國國民黨,89380,34.0,N
2020,立委,區域,桃園市,桃園市第05選區,5,蔣絜安,2,民主進步黨,89629,44.44,N
2020,立委,區域,桃園市,桃園市第04選區,5,鄭寶清,1,民主進步黨,97316,46.5,N
2020,立委,區域,桃園市,桃園市第02選區,5,吳志揚,1,中國國民黨,99281,45.79,N
2020,立委,區域,新北市,新北市第08選區,5,江永昌,1,民主進步黨,101068,47.22,Y
2020,立委,區域,臺北市,臺北市第04選區,5,高嘉瑜,2,民主進步黨,125138,50.12,Y
2020,立委,區域,金門縣,金門縣第01選區,6,盧月香,2,中國生產黨,112,0.24,N
2020,立委,區域,新北市,新北市第07選區,6,張源益,1,宗教聯盟,224,0.13,N
2020,立委,區域,臺北市,臺北市第04選區,6,蕭蒼澤,1,喜樂島聯盟,338,0.14,N
2020,立委,區域,臺南市,臺南市第01選區,6,黃天辰,1,台灣民意黨,534,0.3,N
2020,立委,區域,新竹市,新竹市第01選區,6,曾楷耀,1,台灣維新,589,0.23,N
2020,立委,區域,屏東縣,屏東縣第02選區,6,姚宗翰,1,無黨籍及未經政黨推薦,957,0.42,N
2020,立委,區域,臺南市,臺南市第05選區,6,吳炳輝,1,無黨籍及未經政黨推薦,973,0.49,N
2020,立委,區域,苗栗縣,苗栗縣第01選區,6,曾國良,1,無黨籍及未經政黨推薦,1050,0.7,N
2020,立委,區域,新竹縣,新竹縣第02選區,6,劉士睿,1,台灣基進,1245,0.77,N
2020,立委,區域,高雄市,高雄市第07選區,6,林杰正,1,無黨籍及未經政黨推薦,1405,0.62,N
2020,立委,區域,新竹縣,新竹縣第01選區,6,傅家賢,1,無黨籍及未經政黨推薦,1655,1.11,N
2020,立委,區域,桃園市,桃園市第03選區,6,李文雄,1,無黨籍及未經政黨推薦,1727,0.82,N
2020,立委,區域,臺北市,臺北市第01選區,6,方儉,1,綠黨,2203,1.06,N
2020,立委,區域,臺北市,臺北市第02選區,6,熊嘉玲,2,合一行動聯盟,2360,1.2,N
2020,立委,區域,嘉義縣,嘉義縣第02選區,6,王金山,1,台灣維新,2418,1.55,N
2020,立委,區域,新北市,新北市第04選區,6,陳俊憲,1,安定力量,2729,1.26,N
2020,立委,區域,新北市,新北市第11選區,6,廖麗娟,2,合一行動聯盟,2806,1.31,N
2020,立委,區域,彰化縣,彰化縣第04選區,6,陳志傑,1,安定力量,2913,1.5,N
2020,立委,區域,新北市,新北市第09選區,6,詹宇賢,1,台灣基進,3053,1.69,N
2020,立委,區域,屏東縣,屏東縣第01選區,6,潘偉龍,1,一邊一國行動黨,4476,1.85,N
2020,立委,區域,臺中市,臺中市第05選區,6,賴建豪,1,親民黨,5100,1.98,N
2020,立委,區域,高雄市,高雄市第06選區,6,吳益政,1,親民黨,11964,4.95,N
2020,立委,區域,新北市,新北市第08選區,6,李正皓,1,親民黨,13226,6.18,N
2020,立委,區域,宜蘭縣,宜蘭縣第01選區,6,孫博萮,2,無黨籍及未經政黨推薦,15570,5.92,N
2020,立委,區域,花蓮縣,花蓮縣第01選區,6,傅崐萁,1,無黨籍及未經政黨推薦,64060,45.97,Y
2020,立委,區域,臺北市,臺北市第06選區,6,謝佩芬,2,民主進步黨,75718,42.32,N
2020,立委,區域,嘉義市,嘉義市第01選區,6,王美惠,2,民主進步黨,80333,50.2,Y
2020,立委,區域,臺北市,臺北市第05選區,6,林昶佐,1,無黨籍及未經政黨推薦,81853,44.91,Y
2020,立委,區域,新北市,新北市第12選區,6,賴品妤,2,民主進步黨,84393,45.36,Y
2020,立委,區域,高雄市,高雄市第03選區,6,黃昭順,2,中國國民黨,87665,37.49,N
2020,立委,區域,新北市,新北市第03選區,6,余天,1,民主進步黨,90022,45.77,Y
2020,立委,區域,苗栗縣,苗栗縣第02選區,6,徐志榮,1,中國國民黨,91144,54.13,Y
2020,立委,區域,臺中市,臺中市第03選區,6,楊瓊瓔,2,中國國民黨,91182,46.29,Y
2020,立委,區域,臺北市,臺北市第08選區,6,賴士葆,1,中國國民黨,96377,49.98,Y
2020,立委,區域,新北市,新北市第01選區,6,呂孫綾,2,民主進步黨,110162,42.81,N
2020,立委,區域,臺南市,臺南市第04選區,6,林宜瑾,2,民主進步黨,113046,59.11,Y
2020,立委,區域,臺中市,臺中市第04選區,6,張廖萬堅,1,民主進步黨,119886,50.9,Y
2020,立委,區域,臺北市,臺北市第06選區,7,黃典本,1,無黨籍及未經政黨推薦,177,0.1,N
2020,立委,區域,高雄市,高雄市第06選區,7,劉哲嘉,1,台澎黨,183,0.08,N
2020,立委,區域,臺北市,臺北市第05選區,7,黃義豐,1,無黨籍及未經政黨推薦,325,0.18,N
2020,立委,區域,臺中市,臺中市第05選區,7,顧吉熙,1,無黨籍及未經政黨推薦,339,0.13,N
2020,立委,區域,臺中市,臺中市第04選區,7,紀經儀,2,合一行動聯盟,446,0.19,N
2020,立委,區域,屏東縣,屏東縣第02選區,7,鄭文龍,1,國會政黨聯盟,887,0.39,N
2020,立委,區域,彰化縣,彰化縣第04選區,7,何倍爾,1,勞動黨,1138,0.59,N
2020,立委,區域,臺北市,臺北市第04選區,7,郭佩雯,2,綠黨,2846,1.14,N
2020,立委,區域,新北市,新北市第12選區,7,孫繼正,1,安定力量,2889,1.55,N
2020,立委,區域,嘉義市,嘉義市第01選區,7,蔡永泉,1,無黨籍及未經政黨推薦,3501,2.19,N
2020,立委,區域,新北市,新北市第03選區,7,林宜瑄,2,綠黨,3731,1.9,N
2020,立委,區域,高雄市,高雄市第07選區,7,秦詩雁,2,親民黨,3920,1.74,N
2020,立委,區域,臺北市,臺北市第08選區,7,顏銘緯,1,台灣基進,4330,2.25,N
2020,立委,區域,金門縣,金門縣第01選區,7,陳福海,1,無黨籍及未經政黨推薦,13801,29.42,N
2020,立委,區域,新竹縣,新竹縣第02選區,7,邱靖雅,2,國會政黨聯盟,22964,14.18,N
2020,立委,區域,高雄市,高雄市第03選區,7,郭新政,2,無黨籍及未經政黨推薦,24277,10.38,N
2020,立委,區域,臺南市,臺南市第01選區,7,蔡育輝,1,中國國民黨,68568,38.4,N
2020,立委,區域,新北市,新北市第11選區,7,張銘祐,1,民主進步黨,73755,34.52,N
2020,立委,區域,新北市,新北市第04選區,7,陳明義,1,中國國民黨,80455,37.13,N
2020,立委,區域,新北市,新北市第07選區,7,羅致政,1,民主進步黨,82764,46.95,Y
2020,立委,區域,臺北市,臺北市第01選區,7,汪志冰,2,中國國民黨,83566,40.38,N
2020,立委,區域,新北市,新北市第01選區,7,洪孟楷,1,中國國民黨,119401,46.4,Y
2020,立委,區域,臺北市,臺北市第05選區,8,周慶峻,1,中華愛國同心黨,134,0.07,N
2020,立委,區域,金門縣,金門縣第01選區,8,洪和成,1,無黨籍及未經政黨推薦,283,0.6,N
2020,立委,區域,嘉義市,嘉義市第01選區,8,郭瑞豐,1,國會政黨聯盟,338,0.21,N
2020,立委,區域,新北市,新北市第01選區,8,陳榮太,1,台灣整復師聯盟工黨,366,0.14,N
2020,立委,區域,臺中市,臺中市第04選區,8,林金連,1,無黨籍及未經政黨推薦,1061,0.45,N
2020,立委,區域,臺北市,臺北市第08選區,8,李文,2,無黨籍及未經政黨推薦,1064,0.55,N
2020,立委,區域,臺中市,臺中市第05選區,8,黃名白,2,無黨籍及未經政黨推薦,2657,1.03,N
2020,立委,區域,高雄市,高雄市第06選區,8,李建輝,1,台灣維新,3082,1.27,N
2020,立委,區域,臺北市,臺北市第06選區,8,孟藹倫,2,中華婦女黨,3507,1.96,N
2020,立委,區域,新北市,新北市第04選區,8,張哲偉,1,綠黨,7025,3.24,N
2020,立委,區域,屏東縣,屏東縣第02選區,8,張怡,2,無黨籍及未經政黨推薦,19209,8.36,N
2020,立委,區域,高雄市,高雄市第03選區,8,劉世芳,2,民主進步黨,102300,43.75,Y
2020,立委,區域,臺北市,臺北市第06選區,9,張余健,1,喜樂島聯盟,589,0.33,N
2020,立委,區域,新北市,新北市第04選區,9,林麗容,2,正黨,623,0.29,N
2020,立委,區域,屏東縣,屏東縣第02選區,9,馮家芸,2,台澎黨,682,0.3,N
2020,立委,區域,高雄市,高雄市第03選區,9,蘇博廷,1,親民黨,3138,1.34,N
2020,立委,區域,臺北市,臺北市第08選區,9,張幸松,1,台灣民眾黨,12111,6.28,N
2020,立委,區域,臺中市,臺中市第05選區,9,謝文卿,1,台灣民眾黨,18768,7.3,N
2020,立委,區域,金門縣,金門縣第01選區,9,陳玉珍,2,中國國民黨,21875,46.64,Y
2020,立委,區域,高雄市,高雄市第06選區,9,趙天麟,1,民主進步黨,128072,52.94,Y
2020,立委,區域,金門縣,金門縣第01選區,10,程耀德,1,中華統一促進黨,311,0.66,N
2020,立委,區域,臺北市,臺北市第06選區,10,葉日勤,1,台灣基進,1508,0.84,N
2020,立委,區域,高雄市,高雄市第03選區,10,莊貽量,1,台灣民眾黨,12099,5.17,N
2020,立委,區域,高雄市,高雄市第06選區,10,陳美雅,2,中國國民黨,92337,38.17,N
2020,立委,區域,高雄市,高雄市第03選區,11,王貴雄,1,興中同盟會,155,0.07,N
2020,立委,山地原住民,全國,01,1,伍麗華Saidhai．Tahovecahe,2,民主進步黨,25772,17.81,Y
2020,立委,山地原住民,全國,01,2,林曉婷,2,無黨籍及未經政黨推薦,634,0.44,N
2020,立委,山地原住民,全國,01,3,高畹芯,2,喜樂島聯盟,577,0.4,N
2020,立委,山地原住民,全國,01,4,高金素梅,2,無黨籍及未經政黨推薦,50501,34.89,Y
2020,立委,山地原住民,全國,01,5,張曜羣Lawpaw Buya,1,綠黨,1163,0.8,N
2020,立委,山地原住民,全國,01,6,撒卡伊,1,台澎黨,366,0.25,N
2020,立委,山地原住民,全國,01,7,伊斯坦大．貝雅夫．正福Istanda．Paingav,1,無黨籍及未經政黨推薦,8954,6.19,N
2020,立委,山地原住民,全國,01,8,章正輝Lemaljiz．Kusaza,1,中國國民黨,24305,16.79,N
2020,立委,山地原住民,全國,01,9,錢宥均,1,安定力量,1241,0.86,N
2020,立委,山地原住民,全國,01,10,孔文吉,1,中國國民黨,25788,17.82,Y
2020,立委,山地原住民,全國,01,11,林信義,1,無黨籍及未經政黨推薦,5423,3.75,N
2020,立委,平地原住民,全國,01,1,鄭天財Sra．Kacaw,1,中國國民黨,39740,32.61,Y
2020,立委,平地原住民,全國,01,2,巫化．巴阿立佑司,2,喜樂島聯盟,2958,2.43,N
2020,立委,平地原住民,全國,01,3,黃仁,1,中國國民黨,15158,12.44,N
2020,立委,平地原住民,全國,01,4,高潞．以用．巴魕剌Kawlo．Iyun．Pacidal,2,台灣維新,5020,4.12,N
2020,立委,平地原住民,全國,01,5,曾美華,2,安定力量,1273,1.04,N
2020,立委,平地原住民,全國,01,6,楊進福,1,無黨籍及未經政黨推薦,7604,6.24,N
2020,立委,平地原住民,全國,01,7,達佶祐．卡造Takiyo．Kacaw,1,合一行動聯盟,725,0.59,N
2020,立委,平地原住民,全國,01,8,張寶美Ungo．Panay,2,合一行動聯盟,304,0.25,N
2020,立委,平地原住民,全國,01,9,陳瑩,2,民主進步黨,25843,21.2,Y
2020,立委,平地原住民,全國,01,10,廖國棟Sufin．Siluko,1,中國國民黨,23255,19.08,Y
2022,議員,區域,連江縣,第01選舉區,1,曹爾章,1,無黨籍及未經政黨推薦,593,13.16,Y
2022,議員,區域,連江縣,第01選舉區,2,曹丞君,2,中國國民黨,644,14.29,Y
2022,議員,區域,連江縣,第01選舉區,3,劉浩晨,1,民主進步黨,151,3.35,N
2022,議員,區域,連江縣,第01選舉區,4,陳書建,1,中國國民黨,604,13.40,Y
2022,議員,區域,連江縣,第01選舉區,5,曹以標,1,無黨籍及未經政黨推薦,925,20.53,Y
2022,議員,區域,連江縣,第01選舉區,6,林惠萍,2,無黨籍及未經政黨推薦,535,11.87,N
2022,議員,區域,連江縣,第01選舉區,7,林明揚,1,中國國民黨,816,18.11,Y
2022,議員,區域,連江縣,第01選舉區,8,楊清宇,1,中國國民黨,238,5.28,N
2022,議員,區域,連江縣,第02選舉區,1,周瑞國,1,中國國民黨,821,40.07,Y
2022,議員,區域,連江縣,第02選舉區,2,陳如嵐,1,中國國民黨,519,25.33,N
2022,議員,區域,連江縣,第02選舉區,3,陳玉發,1,中國國民黨,709,34.60,Y
2022,議員,區域,連江縣,第03選舉區,1,陳善澔,1,無黨籍及未經政黨推薦,301,31.99,N
2022,議員,區域,連江縣,第03選舉區,2,陳貽斌,1,中國國民黨,640,68.01,Y
2022,議員,區域,連江縣,第04選舉區,1,馮印才,1,無黨籍及未經政黨推薦,446,46.31,N
2022,議員,區域,連江縣,第04選舉區,2,張永江,1,中國國民黨,517,53.69,Y
2022,議員,區域,金門縣,第01選舉區,1,歐陽儀雄,1,中國國民黨,1781,7.09,Y
2022,議員,區域,金門縣,第01選舉區,2,石永城,1,無黨籍及未經政黨推薦,1835,7.30,Y
2022,議員,區域,金門縣,第01選舉區,3,許玉昭,2,中國國民黨,2044,8.13,Y
2022,議員,區域,金門縣,第01選舉區,4,楊霈璿,1,無黨籍及未經政黨推薦,1221,4.86,N
2022,議員,區域,金門縣,第01選舉區,5,蔡其雍,1,民主進步黨,1963,7.81,Y
2022,議員,區域,金門縣,第01選舉區,6,周曉芸,2,台灣民眾黨,1157,4.60,N
2022,議員,區域,金門縣,第01選舉區,7,楊永立,1,無黨籍及未經政黨推薦,1687,6.71,N
2022,議員,區域,金門縣,第01選舉區,8,陳泱瑚,1,無黨籍及未經政黨推薦,2113,8.41,Y
2022,議員,區域,金門縣,第01選舉區,9,洪允典,1,中國國民黨,2194,8.73,Y
2022,議員,區域,金門縣,第01選舉區,10,李養生,1,無黨籍及未經政黨推薦,2241,8.92,Y
2022,議員,區域,金門縣,第01選舉區,11,唐麗輝,2,無黨籍及未經政黨推薦,1468,5.84,N
2022,議員,區域,金門縣,第01選舉區,12,王碧珍,2,無黨籍及未經政黨推薦,236,0.94,N
2022,議員,區域,金門縣,第01選舉區,13,許大鴻,1,無黨籍及未經政黨推薦,2018,8.03,Y
2022,議員,區域,金門縣,第01選舉區,14,翁文奧,1,無黨籍及未經政黨推薦,648,2.58,N
2022,議員,區域,金門縣,第01選舉區,15,董森堡,1,無黨籍及未經政黨推薦,1699,6.76,Y
2022,議員,區域,金門縣,第01選舉區,16,胡凱宇,1,無黨籍及未經政黨推薦,823,3.28,N
2022,議員,區域,金門縣,第02選舉區,1,陳錦偉,1,無黨籍及未經政黨推薦,2175,12.36,Y
2022,議員,區域,金門縣,第02選舉區,2,黃子誠,1,無黨籍及未經政黨推薦,382,2.17,N
2022,議員,區域,金門縣,第02選舉區,3,吳金鏷,1,無黨籍及未經政黨推薦,98,0.56,N
2022,議員,區域,金門縣,第02選舉區,4,歐陽豪,1,無黨籍及未經政黨推薦,304,1.73,N
2022,議員,區域,金門縣,第02選舉區,5,王國代,1,中國國民黨,1700,9.66,Y
2022,議員,區域,金門縣,第02選舉區,6,馬自壯,1,中國國民黨,1035,5.88,N
2022,議員,區域,金門縣,第02選舉區,7,楊育菡,2,無黨籍及未經政黨推薦,1920,10.91,Y
2022,議員,區域,金門縣,第02選舉區,8,周子傑,1,中國國民黨,1985,11.28,Y
2022,議員,區域,金門縣,第02選舉區,9,王秀玉,2,中國國民黨,1752,9.95,Y
2022,議員,區域,金門縣,第02選舉區,10,蔡水游,1,無黨籍及未經政黨推薦,1695,9.63,Y
2022,議員,區域,金門縣,第02選舉區,11,林長鴻,1,中國國民黨,812,4.61,N
2022,議員,區域,金門縣,第02選舉區,12,吳佩雯,2,無黨籍及未經政黨推薦,1464,8.32,N
2022,議員,區域,金門縣,第02選舉區,13,張雲量,1,無黨籍及未經政黨推薦,2282,12.96,Y
2022,議員,區域,金門縣,第03選舉區,1,洪成發,1,中國國民黨,1529,36.86,Y
2022,議員,區域,金門縣,第03選舉區,2,吳嘉將,1,無黨籍及未經政黨推薦,1000,24.11,N
2022,議員,區域,金門縣,第03選舉區,3,洪鴻斌,1,無黨籍及未經政黨推薦,1619,39.03,Y
2022,議員,區域,宜蘭縣,第01選舉區,1,陳漢澤,1,台灣基進,2186,4.81,N
2022,議員,區域,宜蘭縣,第01選舉區,2,魯秀傑,1,無黨籍及未經政黨推薦,427,0.94,N
2022,議員,區域,宜蘭縣,第01選舉區,3,張勝德,1,中國國民黨,4285,9.43,Y
2022,議員,區域,宜蘭縣,第01選舉區,4,尤文瀚,1,台灣民眾黨,2085,4.59,N
2022,議員,區域,宜蘭縣,第01選舉區,5,林麗,2,民主進步黨,4181,9.20,Y
2022,議員,區域,宜蘭縣,第01選舉區,6,林錫明,1,無黨籍及未經政黨推薦,4664,10.27,Y
2022,議員,區域,宜蘭縣,第01選舉區,7,吳福田,1,民主進步黨,1953,4.30,N
2022,議員,區域,宜蘭縣,第01選舉區,8,林正芳,1,時代力量,1929,4.25,N
2022,議員,區域,宜蘭縣,第01選舉區,9,胡健森,1,無黨籍及未經政黨推薦,248,0.55,N
2022,議員,區域,宜蘭縣,第01選舉區,10,莊淑如,2,中國國民黨,3525,7.76,Y
2022,議員,區域,宜蘭縣,第01選舉區,11,黃惠慈,2,民主進步黨,3462,7.62,N
2022,議員,區域,宜蘭縣,第01選舉區,12,楊順木,1,正神名黨,3691,8.13,Y
2022,議員,區域,宜蘭縣,第01選舉區,13,黃定和,1,無黨籍及未經政黨推薦,4768,10.50,Y
2022,議員,區域,宜蘭縣,第01選舉區,14,孫博萮,2,無黨籍及未經政黨推薦,576,1.27,N
2022,議員,區域,宜蘭縣,第01選舉區,15,潘淑芬,2,無黨籍及未經政黨推薦,767,1.69,N
2022,議員,區域,宜蘭縣,第01選舉區,16,吳長青,1,無黨籍及未經政黨推薦,252,0.55,N
2022,議員,區域,宜蘭縣,第01選舉區,17,林岳賢,1,中國國民黨,6426,14.15,Y
2022,議員,區域,宜蘭縣,第02選舉區,1,林東成,1,無黨籍及未經政黨推薦,3216,19.24,N
2022,議員,區域,宜蘭縣,第02選舉區,2,簡英俊,1,無黨籍及未經政黨推薦,4211,25.20,N
2022,議員,區域,宜蘭縣,第02選舉區,3,賴良洲,1,中國國民黨,4259,25.49,Y
2022,議員,區域,宜蘭縣,第02選舉區,4,林詩穎,2,民主進步黨,5025,30.07,Y
2022,議員,區域,宜蘭縣,第03選舉區,1,林聰池,1,無黨籍及未經政黨推薦,7010,36.37,Y
2022,議員,區域,宜蘭縣,第03選舉區,2,李清林,1,中國國民黨,5964,30.94,N
2022,議員,區域,宜蘭縣,第03選舉區,3,吳宏謀,1,民主進步黨,6301,32.69,Y
2022,議員,區域,宜蘭縣,第04選舉區,1,陳俊宇,1,民主進步黨,9197,58.77,Y
2022,議員,區域,宜蘭縣,第04選舉區,2,黃浴沂,1,中國國民黨,6453,41.23,Y
2022,議員,區域,宜蘭縣,第05選舉區,1,黃建勇,1,中國國民黨,6572,50.77,Y
2022,議員,區域,宜蘭縣,第05選舉區,2,陳福山,1,無黨籍及未經政黨推薦,6373,49.23,Y
2022,議員,區域,宜蘭縣,第06選舉區,1,黃琤婷,2,中國國民黨,5062,15.74,Y
2022,議員,區域,宜蘭縣,第06選舉區,2,謝志得,1,台灣民眾黨,817,2.54,N
2022,議員,區域,宜蘭縣,第06選舉區,3,陳漢鍾,1,無黨籍及未經政黨推薦,5294,16.46,Y
2022,議員,區域,宜蘭縣,第06選舉區,4,林意評,1,台灣基進,2223,6.91,N
2022,議員,區域,宜蘭縣,第06選舉區,5,劉添梧,1,民主進步黨,4070,12.66,N
2022,議員,區域,宜蘭縣,第06選舉區,6,楊坊翔,1,時代力量,461,1.43,N
2022,議員,區域,宜蘭縣,第06選舉區,7,呂惠卿,2,民主進步黨,4248,13.21,Y
2022,議員,區域,宜蘭縣,第06選舉區,8,謝家倫,1,民主進步黨,5396,16.78,Y
2022,議員,區域,宜蘭縣,第06選舉區,9,陳鴻禧,1,中國國民黨,4584,14.26,Y
2022,議員,區域,宜蘭縣,第07選舉區,1,沈信雄,1,無黨籍及未經政黨推薦,4747,23.65,Y
2022,議員,區域,宜蘭縣,第07選舉區,2,張明華,1,民主進步黨,4456,22.20,N
2022,議員,區域,宜蘭縣,第07選舉區,3,簡松樹,1,民主進步黨,6004,29.91,Y
2022,議員,區域,宜蘭縣,第07選舉區,4,林義剛,1,中國國民黨,4869,24.25,Y
2022,議員,區域,宜蘭縣,第08選舉區,1,謝燦輝,1,民主進步黨,4959,18.70,Y
2022,議員,區域,宜蘭縣,第08選舉區,2,林佩螢,2,民主進步黨,5426,20.46,Y
2022,議員,區域,宜蘭縣,第08選舉區,3,邱素梅,2,無黨籍及未經政黨推薦,4888,18.43,Y
2022,議員,區域,宜蘭縣,第08選舉區,4,張芷珊,2,無黨籍及未經政黨推薦,3855,14.54,N
2022,議員,區域,宜蘭縣,第08選舉區,5,江汶賢,1,民主進步黨,2043,7.70,N
2022,議員,區域,宜蘭縣,第08選舉區,6,楊弘旻,1,中國國民黨,5345,20.16,Y
2022,議員,區域,宜蘭縣,第09選舉區,1,吳珮菱,2,無黨籍及未經政黨推薦,4285,33.97,N
2022,議員,區域,宜蘭縣,第09選舉區,2,陳文昌,1,民主進步黨,6247,49.53,Y
2022,議員,區域,宜蘭縣,第09選舉區,3,江信賢,1,無黨籍及未經政黨推薦,2081,16.50,N
2022,議員,區域,宜蘭縣,第10選舉區,1,陳金麟,1,中國國民黨,4208,20.01,N
2022,議員,區域,宜蘭縣,第10選舉區,2,李茂豐,1,中國國民黨,5486,26.09,Y
2022,議員,區域,宜蘭縣,第10選舉區,3,謝正信,1,民主進步黨,6590,31.34,Y
2022,議員,區域,宜蘭縣,第10選舉區,4,陳玉萍,2,無黨籍及未經政黨推薦,4744,22.56,Y
2022,議員,區域,新竹縣,第01選舉區,1,林禹佑,1,無黨籍及未經政黨推薦,6532,8.18,Y
2022,議員,區域,新竹縣,第01選舉區,2,蔡蕥鍹,2,民主進步黨,3807,4.76,Y
2022,議員,區域,新竹縣,第01選舉區,3,陳冠宇,1,綠黨,1872,2.34,N
2022,議員,區域,新竹縣,第01選舉區,4,蔡志環,2,中國國民黨,4477,5.60,Y
2022,議員,區域,新竹縣,第01選舉區,5,林增堂,1,中國國民黨,3373,4.22,N
2022,議員,區域,新竹縣,第01選舉區,6,張珈源,1,民主進步黨,4252,5.32,Y
2022,議員,區域,新竹縣,第01選舉區,7,吳旭智,1,中國國民黨,6912,8.65,Y
2022,議員,區域,新竹縣,第01選舉區,8,王炳漢,1,中國國民黨,5929,7.42,Y
2022,議員,區域,新竹縣,第01選舉區,9,杜文中,1,中國國民黨,3000,3.75,N
2022,議員,區域,新竹縣,第01選舉區,10,范植華,1,無黨籍及未經政黨推薦,1328,1.66,N
2022,議員,區域,新竹縣,第01選舉區,11,許育綸,1,勞動黨,1027,1.29,N
2022,議員,區域,新竹縣,第01選舉區,12,林碩彥,1,台灣民眾黨,4778,5.98,Y
2022,議員,區域,新竹縣,第01選舉區,13,歐陽霆,1,民主進步黨,4441,5.56,Y
2022,議員,區域,新竹縣,第01選舉區,14,邱靖雅,2,無黨籍及未經政黨推薦,6965,8.72,Y
2022,議員,區域,新竹縣,第01選舉區,15,朱健銘,1,無黨籍及未經政黨推薦,5018,6.28,Y
2022,議員,區域,新竹縣,第01選舉區,16,林祺軒,1,無黨籍及未經政黨推薦,1621,2.03,N
2022,議員,區域,新竹縣,第01選舉區,17,陳立基,1,台灣民眾黨,873,1.09,N
2022,議員,區域,新竹縣,第01選舉區,18,陳凱榮,1,中國國民黨,4173,5.22,Y
2022,議員,區域,新竹縣,第01選舉區,19,連郁婷,2,時代力量,3203,4.01,N
2022,議員,區域,新竹縣,第01選舉區,20,陳文得,1,無黨籍及未經政黨推薦,910,1.14,N
2022,議員,區域,新竹縣,第01選舉區,21,鄭美琴,2,無黨籍及未經政黨推薦,4964,6.21,Y
2022,議員,區域,新竹縣,第01選舉區,22,鄭福強,1,無黨籍及未經政黨推薦,447,0.56,N
2022,議員,區域,新竹縣,第02選舉區,1,范振龍,1,中國國民黨,3958,10.91,N
2022,議員,區域,新竹縣,第02選舉區,2,萬正英,1,中國國民黨,2166,5.97,N
2022,議員,區域,新竹縣,第02選舉區,3,吳菊花,2,中國國民黨,2619,7.22,N
2022,議員,區域,新竹縣,第02選舉區,4,齊占翔,1,中國國民黨,2983,8.22,N
2022,議員,區域,新竹縣,第02選舉區,5,陳栢誠,1,中國國民黨,3954,10.90,N
2022,議員,區域,新竹縣,第02選舉區,6,何建樺,1,民主進步黨,5909,16.29,Y
2022,議員,區域,新竹縣,第02選舉區,7,陳德木,1,中國國民黨,4184,11.54,Y
2022,議員,區域,新竹縣,第02選舉區,8,甄克堅,1,無黨籍及未經政黨推薦,5186,14.30,Y
2022,議員,區域,新竹縣,第02選舉區,9,羅美文,1,勞動黨,4246,11.71,Y
2022,議員,區域,新竹縣,第02選舉區,10,張燦堂,1,無黨籍及未經政黨推薦,1064,2.93,N
2022,議員,區域,新竹縣,第03選舉區,1,徐勝凌,1,台灣民眾黨,3943,16.25,N
2022,議員,區域,新竹縣,第03選舉區,2,吳傳地,1,民主進步黨,6184,25.49,Y
2022,議員,區域,新竹縣,第03選舉區,3,何智達,1,無黨籍及未經政黨推薦,5674,23.38,Y
2022,議員,區域,新竹縣,第03選舉區,4,張鎮榮,1,中國國民黨,8463,34.88,Y
2022,議員,區域,新竹縣,第04選舉區,1,徐瑜新,1,中國國民黨,6625,43.55,Y
2022,議員,區域,新竹縣,第04選舉區,2,吳發勝,1,民主進步黨,3573,23.49,N
2022,議員,區域,新竹縣,第04選舉區,3,羅仕琦,1,中國國民黨,5015,32.97,Y
2022,議員,區域,新竹縣,第05選舉區,1,呂宛庭,2,無黨籍及未經政黨推薦,7972,45.40,Y
2022,議員,區域,新竹縣,第05選舉區,2,范曰富,1,中國國民黨,5036,28.68,Y
2022,議員,區域,新竹縣,第05選舉區,3,林保祿,1,無黨籍及未經政黨推薦,4553,25.93,N
2022,議員,區域,新竹縣,第06選舉區,1,張良印,1,中國國民黨,6659,87.63,Y
2022,議員,區域,新竹縣,第06選舉區,2,張永奎,1,無黨籍及未經政黨推薦,940,12.37,N
2022,議員,區域,新竹縣,第07選舉區,1,鄭昱芸,2,無黨籍及未經政黨推薦,5396,51.79,Y
2022,議員,區域,新竹縣,第07選舉區,2,劉代洋,1,中國國民黨,5022,48.21,N
2022,議員,區域,新竹縣,第08選舉區,1,呂幸潤,1,無黨籍及未經政黨推薦,1464,3.61,N
2022,議員,區域,新竹縣,第08選舉區,2,范振東,1,無黨籍及未經政黨推薦,1635,4.03,N
2022,議員,區域,新竹縣,第08選舉區,3,林昭錡,1,無黨籍及未經政黨推薦,2884,7.11,Y
2022,議員,區域,新竹縣,第08選舉區,4,上官秋燕,2,中國國民黨,3465,8.54,Y
2022,議員,區域,新竹縣,第08選舉區,5,鄭朝鐘,1,無黨籍及未經政黨推薦,3537,8.71,Y
2022,議員,區域,新竹縣,第08選舉區,6,林若宸,2,無黨籍及未經政黨推薦,1094,2.70,N
2022,議員,區域,新竹縣,第08選舉區,7,楊昌德,1,民主進步黨,3132,7.72,Y
2022,議員,區域,新竹縣,第08選舉區,8,陳晏華,2,無黨籍及未經政黨推薦,845,2.08,N
2022,議員,區域,新竹縣,第08選舉區,9,彭致豪,1,時代力量,1056,2.60,N
2022,議員,區域,新竹縣,第08選舉區,10,劉興藻,1,無黨籍及未經政黨推薦,715,1.76,N
2022,議員,區域,新竹縣,第08選舉區,11,余筱菁,2,綠黨,2324,5.73,N
2022,議員,區域,新竹縣,第08選舉區,12,彭余美玲,2,中國國民黨,4403,10.85,Y
2022,議員,區域,新竹縣,第08選舉區,13,鄭正,1,無黨籍及未經政黨推薦,1874,4.62,N
2022,議員,區域,新竹縣,第08選舉區,14,馮守亮,1,中國國民黨,2873,7.08,N
2022,議員,區域,新竹縣,第08選舉區,15,范振港,1,無黨籍及未經政黨推薦,1469,3.62,N
2022,議員,區域,新竹縣,第08選舉區,16,黃豪杰,1,中國國民黨,5259,12.96,Y
2022,議員,區域,新竹縣,第08選舉區,17,林子丞,1,台灣民眾黨,2562,6.31,N
2022,議員,區域,新竹縣,第09選舉區,1,邱坤桶,1,中國國民黨,6771,100.00,Y
2022,議員,區域,新竹縣,第10選舉區,1,王辰翔,1,中國國民黨,3944,46.26,Y
2022,議員,區域,新竹縣,第10選舉區,2,范文鴻,1,民主進步黨,3804,44.62,N
2022,議員,區域,新竹縣,第10選舉區,3,湯惠鈴,2,無黨籍及未經政黨推薦,778,9.13,N
2022,議員,區域,苗栗縣,第01選舉區,1,禹耀東,1,無黨籍及未經政黨推薦,5140,7.63,Y
2022,議員,區域,苗栗縣,第01選舉區,2,曾美露,2,中國國民黨,6772,10.05,Y
2022,議員,區域,苗栗縣,第01選舉區,3,湯維岳,1,無黨籍及未經政黨推薦,3042,4.52,N
2022,議員,區域,苗栗縣,第01選舉區,4,許櫻萍,2,民主進步黨,5486,8.14,Y
2022,議員,區域,苗栗縣,第01選舉區,5,張志宇,1,無黨籍及未經政黨推薦,4752,7.05,Y
2022,議員,區域,苗栗縣,第01選舉區,6,孫素娥,2,無黨籍及未經政黨推薦,5137,7.63,Y
2022,議員,區域,苗栗縣,第01選舉區,7,林志豪,1,時代力量,3979,5.91,N
2022,議員,區域,苗栗縣,第01選舉區,8,羅以明,1,無黨籍及未經政黨推薦,2645,3.93,N
2022,議員,區域,苗栗縣,第01選舉區,9,莊智凱,1,無黨籍及未經政黨推薦,179,0.27,N
2022,議員,區域,苗栗縣,第01選舉區,10,徐筱菁,2,民主進步黨,5876,8.72,Y
2022,議員,區域,苗栗縣,第01選舉區,11,鄭碧玉,2,中國國民黨,4715,7.00,Y
2022,議員,區域,苗栗縣,第01選舉區,12,楊喬安,2,台灣民眾黨,4563,6.77,N
2022,議員,區域,苗栗縣,第01選舉區,13,余文忠,1,無黨籍及未經政黨推薦,6468,9.60,Y
2022,議員,區域,苗栗縣,第01選舉區,14,黃萬盛,1,無黨籍及未經政黨推薦,1572,2.33,N
2022,議員,區域,苗栗縣,第01選舉區,15,謝庚霖,1,中國國民黨,1214,1.80,N
2022,議員,區域,苗栗縣,第01選舉區,16,楊明燁,1,無黨籍及未經政黨推薦,5826,8.65,Y
2022,議員,區域,苗栗縣,第02選舉區,1,黎尚安,2,中國國民黨,6723,29.73,Y
2022,議員,區域,苗栗縣,第02選舉區,2,徐文達,1,中國國民黨,2832,12.52,N
2022,議員,區域,苗栗縣,第02選舉區,3,吳昌運,1,無黨籍及未經政黨推薦,3291,14.55,N
2022,議員,區域,苗栗縣,第02選舉區,4,黃芳椿,1,中國國民黨,4657,20.59,Y
2022,議員,區域,苗栗縣,第02選舉區,5,羅貴星,1,民主進步黨,5112,22.60,Y
2022,議員,區域,苗栗縣,第03選舉區,1,張顧礫,1,無黨籍及未經政黨推薦,7952,18.00,Y
2022,議員,區域,苗栗縣,第03選舉區,2,陳品安,2,無黨籍及未經政黨推薦,9119,20.64,Y
2022,議員,區域,苗栗縣,第03選舉區,3,傅郁揚,1,台灣民眾黨,2382,5.39,N
2022,議員,區域,苗栗縣,第03選舉區,4,徐永煌,1,無黨籍及未經政黨推薦,7049,15.96,Y
2022,議員,區域,苗栗縣,第03選舉區,5,劉寶鈴,2,無黨籍及未經政黨推薦,3525,7.98,N
2022,議員,區域,苗栗縣,第03選舉區,6,周玉滿,2,無黨籍及未經政黨推薦,5185,11.74,Y
2022,議員,區域,苗栗縣,第03選舉區,7,翁杰,1,民主進步黨,5933,13.43,Y
2022,議員,區域,苗栗縣,第03選舉區,8,孟文源,1,無黨籍及未經政黨推薦,3032,6.86,N
2022,議員,區域,苗栗縣,第04選舉區,1,李文斌,1,無黨籍及未經政黨推薦,9130,13.22,Y
2022,議員,區域,苗栗縣,第04選舉區,2,邱毓興,1,民主進步黨,7224,10.46,Y
2022,議員,區域,苗栗縣,第04選舉區,3,謝大山,1,無黨籍及未經政黨推薦,321,0.46,N
2022,議員,區域,苗栗縣,第04選舉區,4,林寶珠,2,無黨籍及未經政黨推薦,6095,8.83,Y
2022,議員,區域,苗栗縣,第04選舉區,5,張佳玲,2,無黨籍及未經政黨推薦,8667,12.55,Y
2022,議員,區域,苗栗縣,第04選舉區,6,吳亭亭,2,無黨籍及未經政黨推薦,3794,5.49,N
2022,議員,區域,苗栗縣,第04選舉區,7,徐明傑,1,無黨籍及未經政黨推薦,394,0.57,N
2022,議員,區域,苗栗縣,第04選舉區,8,陳碧華,2,無黨籍及未經政黨推薦,4565,6.61,Y
2022,議員,區域,苗栗縣,第04選舉區,9,蕭國清,1,無黨籍及未經政黨推薦,2491,3.61,N
2022,議員,區域,苗栗縣,第04選舉區,10,廖英利,2,無黨籍及未經政黨推薦,4424,6.41,Y
2022,議員,區域,苗栗縣,第04選舉區,11,葉忠倫,1,時代力量,5677,8.22,Y
2022,議員,區域,苗栗縣,第04選舉區,12,鄭秋風,1,中國國民黨,6163,8.93,Y
2022,議員,區域,苗栗縣,第04選舉區,13,謝端容,2,台灣民眾黨,4008,5.80,N
2022,議員,區域,苗栗縣,第04選舉區,14,廖秀紅,2,無黨籍及未經政黨推薦,6100,8.83,Y
2022,議員,區域,苗栗縣,第05選舉區,1,黎光明,1,無黨籍及未經政黨推薦,1942,3.31,N
2022,議員,區域,苗栗縣,第05選舉區,2,吳翌立,2,時代力量,1131,1.93,N
2022,議員,區域,苗栗縣,第05選舉區,3,曾宛菁,2,中華統一促進黨,1160,1.98,N
2022,議員,區域,苗栗縣,第05選舉區,4,陳光軒,1,民主進步黨,3097,5.28,Y
2022,議員,區域,苗栗縣,第05選舉區,5,曾玟學,1,無黨籍及未經政黨推薦,11149,19.00,Y
2022,議員,區域,苗栗縣,第05選舉區,6,黃聲全,1,無黨籍及未經政黨推薦,3180,5.42,Y
2022,議員,區域,苗栗縣,第05選舉區,7,林志學,1,台灣民眾黨,1207,2.06,N
2022,議員,區域,苗栗縣,第05選舉區,8,張淑芬,2,中國國民黨,5696,9.71,Y
2022,議員,區域,苗栗縣,第05選舉區,9,李貴富,1,民主進步黨,2536,4.32,N
2022,議員,區域,苗栗縣,第05選舉區,10,温俊勇,1,無黨籍及未經政黨推薦,4339,7.39,Y
2022,議員,區域,苗栗縣,第05選舉區,11,黃桂坤,1,無黨籍及未經政黨推薦,1770,3.02,N
2022,議員,區域,苗栗縣,第05選舉區,12,陳永賢,1,無黨籍及未經政黨推薦,4547,7.75,Y
2022,議員,區域,苗栗縣,第05選舉區,13,蕭詠萱,2,無黨籍及未經政黨推薦,2368,4.04,N
2022,議員,區域,苗栗縣,第05選舉區,14,饒斯淵,1,無黨籍及未經政黨推薦,1019,1.74,N
2022,議員,區域,苗栗縣,第05選舉區,15,徐沄臻,2,無黨籍及未經政黨推薦,1321,2.25,N
2022,議員,區域,苗栗縣,第05選舉區,16,陳詩弦,1,民主進步黨,2878,4.90,N
2022,議員,區域,苗栗縣,第05選舉區,17,徐功凡,1,無黨籍及未經政黨推薦,4370,7.45,Y
2022,議員,區域,苗栗縣,第05選舉區,18,劉恭銘,1,無黨籍及未經政黨推薦,647,1.10,N
2022,議員,區域,苗栗縣,第05選舉區,19,鍾維發,1,無黨籍及未經政黨推薦,792,1.35,N
2022,議員,區域,苗栗縣,第05選舉區,20,李本欽,1,無黨籍及未經政黨推薦,550,0.94,N
2022,議員,區域,苗栗縣,第05選舉區,21,鄭聚然,1,中國國民黨,2986,5.09,N
2022,議員,區域,苗栗縣,第06選舉區,1,盛瑛,2,無黨籍及未經政黨推薦,5224,24.25,N
2022,議員,區域,苗栗縣,第06選舉區,2,胡娘妹,2,無黨籍及未經政黨推薦,5335,24.76,N
2022,議員,區域,苗栗縣,第06選舉區,3,楊恭林,1,無黨籍及未經政黨推薦,5380,24.97,Y
2022,議員,區域,苗栗縣,第06選舉區,4,陳春暖,2,民主進步黨,5604,26.01,Y
2022,議員,區域,彰化縣,第01選舉區,1,李寶銀,2,無黨籍及未經政黨推薦,4690,3.19,N
2022,議員,區域,彰化縣,第01選舉區,2,顧黃水花,2,中國國民黨,8435,5.74,Y
2022,議員,區域,彰化縣,第01選舉區,3,林茂明,1,無黨籍及未經政黨推薦,6691,4.56,Y
2022,議員,區域,彰化縣,第01選舉區,4,白玉如,2,中國國民黨,5809,3.96,Y
2022,議員,區域,彰化縣,第01選舉區,5,許原龍,1,中國國民黨,10947,7.46,Y
2022,議員,區域,彰化縣,第01選舉區,6,李成濟,1,民主進步黨,9481,6.46,Y
2022,議員,區域,彰化縣,第01選舉區,7,陳銌銌,2,無黨籍及未經政黨推薦,5905,4.02,Y
2022,議員,區域,彰化縣,第01選舉區,8,莊陞漢,1,民主進步黨,8568,5.83,Y
2022,議員,區域,彰化縣,第01選舉區,9,黃柏瑜,1,民主進步黨,8637,5.88,Y
2022,議員,區域,彰化縣,第01選舉區,10,許雅琳,2,民主進步黨,11194,7.62,Y
2022,議員,區域,彰化縣,第01選舉區,11,吳明融,1,無黨籍及未經政黨推薦,431,0.29,N
2022,議員,區域,彰化縣,第01選舉區,12,辜皇譯,1,民主進步黨,4926,3.35,N
2022,議員,區域,彰化縣,第01選舉區,13,王孝裕,1,台灣民眾黨,5301,3.61,N
2022,議員,區域,彰化縣,第01選舉區,14,温芝樺,2,中國國民黨,11869,8.08,Y
2022,議員,區域,彰化縣,第01選舉區,15,黃千宴,2,中國國民黨,6215,4.23,Y
2022,議員,區域,彰化縣,第01選舉區,16,吳韋達,1,時代力量,5801,3.95,N
2022,議員,區域,彰化縣,第01選舉區,17,宋玅女,2,無黨籍及未經政黨推薦,5392,3.67,N
2022,議員,區域,彰化縣,第01選舉區,18,曾煥程,1,台灣維新,144,0.10,N
2022,議員,區域,彰化縣,第01選舉區,19,葉永清,1,中國國民黨,7594,5.17,Y
2022,議員,區域,彰化縣,第01選舉區,20,洪柏葳,1,無黨籍及未經政黨推薦,1616,1.10,N
2022,議員,區域,彰化縣,第01選舉區,21,楊子賢,1,民主進步黨,10967,7.47,Y
2022,議員,區域,彰化縣,第01選舉區,22,韓德生,1,中國國民黨,3321,2.26,N
2022,議員,區域,彰化縣,第01選舉區,23,蔡坤翰,1,無黨籍及未經政黨推薦,1886,1.28,N
2022,議員,區域,彰化縣,第01選舉區,24,洪信獻,1,無黨籍及未經政黨推薦,1021,0.70,N
2022,議員,區域,彰化縣,第02選舉區,1,楊竣程,1,中國國民黨,9323,10.68,Y
2022,議員,區域,彰化縣,第02選舉區,2,藍駿宇,1,民主進步黨,10346,11.86,Y
2022,議員,區域,彰化縣,第02選舉區,3,楊妙月,2,民主進步黨,9006,10.32,Y
2022,議員,區域,彰化縣,第02選舉區,4,凃淑媚,2,中國國民黨,9953,11.41,Y
2022,議員,區域,彰化縣,第02選舉區,5,施佩妤,2,無黨籍及未經政黨推薦,16328,18.71,Y
2022,議員,區域,彰化縣,第02選舉區,6,郭燕陵,2,無黨籍及未經政黨推薦,10332,11.84,Y
2022,議員,區域,彰化縣,第02選舉區,7,黃俊源,1,中國國民黨,8563,9.81,Y
2022,議員,區域,彰化縣,第02選舉區,8,鄭敬議,1,台灣民眾黨,5432,6.22,N
2022,議員,區域,彰化縣,第02選舉區,9,葉國雄,1,民主進步黨,7984,9.15,N
2022,議員,區域,彰化縣,第03選舉區,1,賴清美,2,民主進步黨,10068,13.98,Y
2022,議員,區域,彰化縣,第03選舉區,2,蕭文雄,1,無黨籍及未經政黨推薦,6481,9.00,N
2022,議員,區域,彰化縣,第03選舉區,3,林宗翰,1,無黨籍及未經政黨推薦,8859,12.31,Y
2022,議員,區域,彰化縣,第03選舉區,4,柯振杯,1,中國國民黨,8122,11.28,Y
2022,議員,區域,彰化縣,第03選舉區,5,王國忠,1,民主進步黨,6197,8.61,N
2022,議員,區域,彰化縣,第03選舉區,6,周君綾,2,民主進步黨,10401,14.45,Y
2022,議員,區域,彰化縣,第03選舉區,7,施嘉華,1,中國國民黨,7030,9.76,Y
2022,議員,區域,彰化縣,第03選舉區,8,林小琪,2,中國國民黨,14835,20.61,Y
2022,議員,區域,彰化縣,第04選舉區,1,林俊毅,1,無黨籍及未經政黨推薦,970,0.95,N
2022,議員,區域,彰化縣,第04選舉區,2,張雪如,2,台灣民眾黨,8006,7.87,Y
2022,議員,區域,彰化縣,第04選舉區,3,凃俊任,1,中國國民黨,13485,13.26,Y
2022,議員,區域,彰化縣,第04選舉區,4,曹嘉豪,1,中國國民黨,7649,7.52,Y
2022,議員,區域,彰化縣,第04選舉區,5,詹閔雄,1,台灣維新,416,0.41,N
2022,議員,區域,彰化縣,第04選舉區,6,張順畝,1,無黨籍及未經政黨推薦,300,0.29,N
2022,議員,區域,彰化縣,第04選舉區,7,黃正盛,1,中國國民黨,9178,9.02,Y
2022,議員,區域,彰化縣,第04選舉區,8,張欣倩,2,民主進步黨,12302,12.10,Y
2022,議員,區域,彰化縣,第04選舉區,9,張錦昆,1,中國國民黨,12967,12.75,Y
2022,議員,區域,彰化縣,第04選舉區,10,劉惠娟,2,中國國民黨,8351,8.21,Y
2022,議員,區域,彰化縣,第04選舉區,11,鄭宇焱,1,時代力量,7074,6.96,N
2022,議員,區域,彰化縣,第04選舉區,12,賴澤民,1,民主進步黨,7387,7.26,N
2022,議員,區域,彰化縣,第04選舉區,13,吳為杰,1,民主進步黨,5409,5.32,N
2022,議員,區域,彰化縣,第04選舉區,14,詹木根,1,無黨籍及未經政黨推薦,8210,8.07,Y
2022,議員,區域,彰化縣,第05選舉區,1,劉珊伶,2,民主進步黨,13981,21.90,Y
2022,議員,區域,彰化縣,第05選舉區,2,陳重嘉,1,台灣民眾黨,7531,11.79,Y
2022,議員,區域,彰化縣,第05選舉區,3,陳清峰,1,無黨籍及未經政黨推薦,723,1.13,N
2022,議員,區域,彰化縣,第05選舉區,4,陳玉姫,2,中國國民黨,13243,20.74,Y
2022,議員,區域,彰化縣,第05選舉區,5,張春洋,1,無黨籍及未經政黨推薦,10948,17.15,Y
2022,議員,區域,彰化縣,第05選舉區,6,洪本成,1,中國國民黨,11212,17.56,Y
2022,議員,區域,彰化縣,第05選舉區,7,歐陽蓁珠,2,民主進步黨,6215,9.73,N
2022,議員,區域,彰化縣,第06選舉區,1,宋鴻鈞,1,無黨籍及未經政黨推薦,2435,4.69,N
2022,議員,區域,彰化縣,第06選舉區,2,鄭俊雄,1,中國國民黨,10645,20.50,Y
2022,議員,區域,彰化縣,第06選舉區,3,張諄萬,1,無黨籍及未經政黨推薦,3078,5.93,N
2022,議員,區域,彰化縣,第06選舉區,4,劉景滄,1,無黨籍及未經政黨推薦,6357,12.24,N
2022,議員,區域,彰化縣,第06選舉區,5,蕭妤亘,2,中國國民黨,11637,22.41,Y
2022,議員,區域,彰化縣,第06選舉區,6,詹琬惠,2,民主進步黨,9780,18.84,Y
2022,議員,區域,彰化縣,第06選舉區,7,許書維,1,民主進步黨,7986,15.38,Y
2022,議員,區域,彰化縣,第07選舉區,1,李浩誠,1,中國國民黨,8442,13.64,Y
2022,議員,區域,彰化縣,第07選舉區,2,謝典林,1,中國國民黨,13616,22.01,Y
2022,議員,區域,彰化縣,第07選舉區,3,李俊諭,1,民主進步黨,7721,12.48,Y
2022,議員,區域,彰化縣,第07選舉區,4,劉淑芳,2,中國國民黨,7580,12.25,Y
2022,議員,區域,彰化縣,第07選舉區,5,黃盛祿,1,無黨籍及未經政黨推薦,6579,10.63,N
2022,議員,區域,彰化縣,第07選舉區,6,吳錦潭,1,無黨籍及未經政黨推薦,8674,14.02,Y
2022,議員,區域,彰化縣,第07選舉區,7,江熊一楓,2,民主進步黨,7485,12.10,N
2022,議員,區域,彰化縣,第07選舉區,8,陳亞楠,2,無黨籍及未經政黨推薦,1778,2.87,N
2022,議員,區域,彰化縣,第08選舉區,1,謝淑如,2,中國國民黨,7395,12.37,N
2022,議員,區域,彰化縣,第08選舉區,2,洪子超,1,民主進步黨,11234,18.79,Y
2022,議員,區域,彰化縣,第08選舉區,3,吳淑娟,2,無黨籍及未經政黨推薦,8612,14.40,Y
2022,議員,區域,彰化縣,第08選舉區,4,蔡家豪,1,無黨籍及未經政黨推薦,6159,10.30,N
2022,議員,區域,彰化縣,第08選舉區,5,洪騰明,1,民主進步黨,8944,14.96,Y
2022,議員,區域,彰化縣,第08選舉區,6,張國棟,1,中國國民黨,9242,15.45,Y
2022,議員,區域,彰化縣,第08選舉區,7,陳一惇,1,中國國民黨,8215,13.74,Y
2022,議員,區域,南投縣,第01選舉區,1,洪明科,1,無黨籍及未經政黨推薦,5420,7.14,Y
2022,議員,區域,南投縣,第01選舉區,2,王燕珠,2,無黨籍及未經政黨推薦,516,0.68,N
2022,議員,區域,南投縣,第01選舉區,3,林憶如,2,中國國民黨,4406,5.80,Y
2022,議員,區域,南投縣,第01選舉區,4,洪浩原,1,中國國民黨,2135,2.81,N
2022,議員,區域,南投縣,第01選舉區,5,沈夙崢,2,民主進步黨,3794,5.00,Y
2022,議員,區域,南投縣,第01選舉區,6,紀百鍊,1,中國國民黨,1809,2.38,N
2022,議員,區域,南投縣,第01選舉區,7,邱奇才,1,無黨籍及未經政黨推薦,1541,2.03,N
2022,議員,區域,南投縣,第01選舉區,8,白騏澤,1,無黨籍及未經政黨推薦,829,1.09,N
2022,議員,區域,南投縣,第01選舉區,9,張雅琪,2,無黨籍及未經政黨推薦,1946,2.56,N
2022,議員,區域,南投縣,第01選舉區,10,林佑虔,1,無黨籍及未經政黨推薦,936,1.23,N
2022,議員,區域,南投縣,第01選舉區,11,張婉慈,2,無黨籍及未經政黨推薦,6780,8.93,Y
2022,議員,區域,南投縣,第01選舉區,12,史雪燕,2,中國國民黨,3243,4.27,N
2022,議員,區域,南投縣,第01選舉區,13,蔡宗智,1,無黨籍及未經政黨推薦,5098,6.71,Y
2022,議員,區域,南投縣,第01選舉區,14,賴世皎,1,無黨籍及未經政黨推薦,400,0.53,N
2022,議員,區域,南投縣,第01選舉區,15,簡千翔,1,台灣民眾黨,3960,5.22,Y
2022,議員,區域,南投縣,第01選舉區,16,曾琮愷,1,民主進步黨,3251,4.28,N
2022,議員,區域,南投縣,第01選舉區,17,王鵬霖,1,無黨籍及未經政黨推薦,457,0.60,N
2022,議員,區域,南投縣,第01選舉區,18,吳棋楠,1,民主進步黨,4158,5.48,Y
2022,議員,區域,南投縣,第01選舉區,19,宋懷琳,2,中國國民黨,4545,5.99,Y
2022,議員,區域,南投縣,第01選舉區,20,張錫淵,1,無黨籍及未經政黨推薦,1701,2.24,N
2022,議員,區域,南投縣,第01選舉區,21,曾振炎,1,無黨籍及未經政黨推薦,3572,4.70,Y
2022,議員,區域,南投縣,第01選舉區,22,張秀枝,2,無黨籍及未經政黨推薦,3469,4.57,N
2022,議員,區域,南投縣,第01選舉區,23,林儒暘,1,中國國民黨,5408,7.12,Y
2022,議員,區域,南投縣,第01選舉區,24,史祝賢,1,無黨籍及未經政黨推薦,956,1.26,N
2022,議員,區域,南投縣,第01選舉區,25,楊玉秀,2,民主進步黨,3283,4.32,N
2022,議員,區域,南投縣,第01選舉區,26,洪志杰,1,無黨籍及未經政黨推薦,2309,3.04,N
2022,議員,區域,南投縣,第02選舉區,1,廖梓佑,2,民主進步黨,6054,9.96,Y
2022,議員,區域,南投縣,第02選舉區,2,李洲忠,1,中國國民黨,5489,9.03,Y
2022,議員,區域,南投縣,第02選舉區,3,簡賜勝,1,無黨籍及未經政黨推薦,8996,14.80,Y
2022,議員,區域,南投縣,第02選舉區,4,莊士傑,1,無黨籍及未經政黨推薦,4908,8.08,Y
2022,議員,區域,南投縣,第02選舉區,5,林友友,2,無黨籍及未經政黨推薦,5284,8.69,Y
2022,議員,區域,南投縣,第02選舉區,6,唐曉棻,2,中國國民黨,8235,13.55,Y
2022,議員,區域,南投縣,第02選舉區,7,李帛璋,1,民主進步黨,3355,5.52,N
2022,議員,區域,南投縣,第02選舉區,8,阮惠心,2,台灣新住民黨,529,0.87,N
2022,議員,區域,南投縣,第02選舉區,9,蔡銘軒,1,民主進步黨,6446,10.61,Y
2022,議員,區域,南投縣,第02選舉區,10,邱淑君,2,無黨籍及未經政黨推薦,2185,3.60,N
2022,議員,區域,南投縣,第02選舉區,11,簡峻庭,1,無黨籍及未經政黨推薦,7012,11.54,Y
2022,議員,區域,南投縣,第02選舉區,12,廖明川,1,無黨籍及未經政黨推薦,2284,3.76,N
2022,議員,區域,南投縣,第03選舉區,1,林良政,1,民主進步黨,4933,16.84,N
2022,議員,區域,南投縣,第03選舉區,2,陳奎合,1,中國國民黨,2645,9.03,N
2022,議員,區域,南投縣,第03選舉區,3,黃春麟,1,無黨籍及未經政黨推薦,5586,19.07,Y
2022,議員,區域,南投縣,第03選舉區,4,王秋淑,2,民主進步黨,5172,17.65,Y
2022,議員,區域,南投縣,第03選舉區,5,謝明謀,1,中國國民黨,5382,18.37,Y
2022,議員,區域,南投縣,第03選舉區,6,陳淑惠,2,中國國民黨,5213,17.79,Y
2022,議員,區域,南投縣,第03選舉區,7,李天慧,2,台灣民眾黨,364,1.24,N
2022,議員,區域,南投縣,第04選舉區,1,李廣演,1,無黨籍及未經政黨推薦,3300,8.43,N
2022,議員,區域,南投縣,第04選舉區,2,黃東灝,1,中國國民黨,4621,11.80,N
2022,議員,區域,南投縣,第04選舉區,3,蔡孟娥,2,無黨籍及未經政黨推薦,5716,14.60,Y
2022,議員,區域,南投縣,第04選舉區,4,吳瑞芳,2,無黨籍及未經政黨推薦,5673,14.49,Y
2022,議員,區域,南投縣,第04選舉區,5,游顥,1,中國國民黨,7765,19.83,Y
2022,議員,區域,南投縣,第04選舉區,6,陳玉鈴,2,民主進步黨,5028,12.84,Y
2022,議員,區域,南投縣,第04選舉區,7,何勝豐,1,無黨籍及未經政黨推薦,7048,18.00,Y
2022,議員,區域,南投縣,第05選舉區,1,陳淯程,1,無黨籍及未經政黨推薦,369,0.69,N
2022,議員,區域,南投縣,第05選舉區,2,陳宜君,2,民主進步黨,5958,11.17,Y
2022,議員,區域,南投縣,第05選舉區,3,吳國昌,1,無黨籍及未經政黨推薦,7276,13.64,Y
2022,議員,區域,南投縣,第05選舉區,4,戴世詮,1,無黨籍及未經政黨推薦,5811,10.89,Y
2022,議員,區域,南投縣,第05選舉區,5,林芳伃,2,中國國民黨,5405,10.13,Y
2022,議員,區域,南投縣,第05選舉區,6,黃世芳,1,中國國民黨,7541,14.14,Y
2022,議員,區域,南投縣,第05選舉區,7,王彩雲,2,中國國民黨,4627,8.68,N
2022,議員,區域,南投縣,第05選舉區,8,潘一全,1,中國國民黨,6765,12.68,Y
2022,議員,區域,南投縣,第05選舉區,9,葉仁創,1,民主進步黨,4205,7.88,N
2022,議員,區域,南投縣,第05選舉區,10,蘇昱誠,1,民主進步黨,5380,10.09,Y
2022,議員,區域,雲林縣,第01選舉區,1,王又民,1,中國國民黨,5757,7.15,Y
2022,議員,區域,雲林縣,第01選舉區,2,陳永修,1,中國國民黨,6346,7.88,Y
2022,議員,區域,雲林縣,第01選舉區,3,林靖冠,1,台灣民眾黨,4305,5.35,N
2022,議員,區域,雲林縣,第01選舉區,4,江文登,1,民主進步黨,5535,6.87,Y
2022,議員,區域,雲林縣,第01選舉區,5,林聖智,1,無黨籍及未經政黨推薦,1910,2.37,N
2022,議員,區域,雲林縣,第01選舉區,6,張光儀,1,無黨籍及未經政黨推薦,1479,1.84,N
2022,議員,區域,雲林縣,第01選舉區,7,林岳璋,1,無黨籍及未經政黨推薦,5430,6.74,Y
2022,議員,區域,雲林縣,第01選舉區,8,周秀月,2,民主進步黨,5106,6.34,N
2022,議員,區域,雲林縣,第01選舉區,9,廖郁賢,2,無黨籍及未經政黨推薦,3249,4.04,N
2022,議員,區域,雲林縣,第01選舉區,10,賴淑娞,2,中國國民黨,5805,7.21,Y
2022,議員,區域,雲林縣,第01選舉區,11,鄭自勤,1,無黨籍及未經政黨推薦,1222,1.52,N
2022,議員,區域,雲林縣,第01選舉區,12,張維崢,1,民主進步黨,7938,9.86,Y
2022,議員,區域,雲林縣,第01選舉區,13,陳芳盈,2,無黨籍及未經政黨推薦,5221,6.48,Y
2022,議員,區域,雲林縣,第01選舉區,14,黃勝志,1,中國國民黨,6090,7.56,Y
2022,議員,區域,雲林縣,第01選舉區,15,黃英學,1,無黨籍及未經政黨推薦,1115,1.38,N
2022,議員,區域,雲林縣,第01選舉區,16,呂宜臻,2,無黨籍及未經政黨推薦,716,0.89,N
2022,議員,區域,雲林縣,第01選舉區,17,鍾明馨,1,無黨籍及未經政黨推薦,7145,8.87,Y
2022,議員,區域,雲林縣,第01選舉區,18,曾博鴻,1,民主進步黨,6144,7.63,Y
2022,議員,區域,雲林縣,第02選舉區,1,彭新銘,1,無黨籍及未經政黨推薦,1640,3.13,N
2022,議員,區域,雲林縣,第02選舉區,2,顏忠義,1,無黨籍及未經政黨推薦,6816,13.01,Y
2022,議員,區域,雲林縣,第02選舉區,3,陳世彬,1,無黨籍及未經政黨推薦,2677,5.11,N
2022,議員,區域,雲林縣,第02選舉區,4,張庭綺,2,民主進步黨,6215,11.86,Y
2022,議員,區域,雲林縣,第02選舉區,5,吳錦凉,1,無黨籍及未經政黨推薦,4565,8.71,N
2022,議員,區域,雲林縣,第02選舉區,6,蔡東富,1,無黨籍及未經政黨推薦,5990,11.44,Y
2022,議員,區域,雲林縣,第02選舉區,7,陳志榮,1,無黨籍及未經政黨推薦,741,1.41,N
2022,議員,區域,雲林縣,第02選舉區,8,沈銘恭,1,無黨籍及未經政黨推薦,1139,2.17,N
2022,議員,區域,雲林縣,第02選舉區,9,簡慈坊,2,無黨籍及未經政黨推薦,6424,12.26,Y
2022,議員,區域,雲林縣,第02選舉區,10,王秋足,2,中國國民黨,4622,8.82,Y
2022,議員,區域,雲林縣,第02選舉區,11,賴明源,1,無黨籍及未經政黨推薦,7262,13.86,Y
2022,議員,區域,雲林縣,第02選舉區,12,吳滄得,1,民主進步黨,4292,8.19,N
2022,議員,區域,雲林縣,第03選舉區,1,陳乙辰,1,台灣民眾黨,5550,7.60,Y
2022,議員,區域,雲林縣,第03選舉區,2,王鈺齊,2,台灣團結聯盟,9036,12.38,Y
2022,議員,區域,雲林縣,第03選舉區,3,蔡秋敏,2,民主進步黨,4132,5.66,N
2022,議員,區域,雲林縣,第03選舉區,4,林文彬,1,民主進步黨,4739,6.49,Y
2022,議員,區域,雲林縣,第03選舉區,5,蔡明水,1,無黨籍及未經政黨推薦,5403,7.40,Y
2022,議員,區域,雲林縣,第03選舉區,6,沈宗隆,1,中國國民黨,10883,14.91,Y
2022,議員,區域,雲林縣,第03選舉區,7,黃美瑤,2,無黨籍及未經政黨推薦,8618,11.81,Y
2022,議員,區域,雲林縣,第03選舉區,8,李政峯,1,民主進步黨,3372,4.62,N
2022,議員,區域,雲林縣,第03選舉區,9,魏順興,1,無黨籍及未經政黨推薦,89,0.12,N
2022,議員,區域,雲林縣,第03選舉區,10,張維心,1,無黨籍及未經政黨推薦,6145,8.42,Y
2022,議員,區域,雲林縣,第03選舉區,11,黃凱,1,無黨籍及未經政黨推薦,6222,8.52,Y
2022,議員,區域,雲林縣,第03選舉區,12,陳俊龍,1,無黨籍及未經政黨推薦,4995,6.84,Y
2022,議員,區域,雲林縣,第03選舉區,13,林武正,1,民主進步黨,3155,4.32,N
2022,議員,區域,雲林縣,第03選舉區,14,林明進,1,無黨籍及未經政黨推薦,648,0.89,N
2022,議員,區域,雲林縣,第04選舉區,1,楊國寬,1,無黨籍及未經政黨推薦,6757,13.42,Y
2022,議員,區域,雲林縣,第04選舉區,2,鄭玲惠,2,民主進步黨,6022,11.96,Y
2022,議員,區域,雲林縣,第04選舉區,3,游淑雲,2,無黨籍及未經政黨推薦,6557,13.02,Y
2022,議員,區域,雲林縣,第04選舉區,4,洪如萍,2,民主進步黨,6756,13.42,Y
2022,議員,區域,雲林縣,第04選舉區,5,梁銘忠,1,無黨籍及未經政黨推薦,5147,10.22,N
2022,議員,區域,雲林縣,第04選舉區,6,廖偉晴,1,中國國民黨,8543,16.96,Y
2022,議員,區域,雲林縣,第04選舉區,7,李明哲,1,中國國民黨,10576,21.00,Y
2022,議員,區域,雲林縣,第05選舉區,1,陳清圳,1,無黨籍及未經政黨推薦,5019,8.45,N
2022,議員,區域,雲林縣,第05選舉區,2,張揚科,1,無黨籍及未經政黨推薦,672,1.13,N
2022,議員,區域,雲林縣,第05選舉區,3,蔡永富,1,民主進步黨,6873,11.57,Y
2022,議員,區域,雲林縣,第05選舉區,4,顏嘉葦,2,民主進步黨,7544,12.70,Y
2022,議員,區域,雲林縣,第05選舉區,5,吳蕙蘭,2,無黨籍及未經政黨推薦,9721,16.36,Y
2022,議員,區域,雲林縣,第05選舉區,6,丁慶錡,1,台灣君民黨,563,0.95,N
2022,議員,區域,雲林縣,第05選舉區,7,林深,1,中國國民黨,5246,8.83,Y
2022,議員,區域,雲林縣,第05選舉區,8,王英文,1,無黨籍及未經政黨推薦,1284,2.16,N
2022,議員,區域,雲林縣,第05選舉區,9,蘇俊豪,1,無黨籍及未經政黨推薦,7845,13.21,Y
2022,議員,區域,雲林縣,第05選舉區,10,許留賓,1,無黨籍及未經政黨推薦,5745,9.67,Y
2022,議員,區域,雲林縣,第05選舉區,11,蘇國瓏,1,無黨籍及未經政黨推薦,8894,14.97,Y
2022,議員,區域,雲林縣,第06選舉區,1,王新堯,1,台灣民眾黨,4908,9.88,N
2022,議員,區域,雲林縣,第06選舉區,2,林哲凌,1,無黨籍及未經政黨推薦,5214,10.50,N
2022,議員,區域,雲林縣,第06選舉區,3,蕭慧敏,2,無黨籍及未經政黨推薦,6697,13.49,Y
2022,議員,區域,雲林縣,第06選舉區,4,蔡咏鍀,1,無黨籍及未經政黨推薦,7008,14.11,Y
2022,議員,區域,雲林縣,第06選舉區,5,黃文祥,1,無黨籍及未經政黨推薦,9135,18.40,Y
2022,議員,區域,雲林縣,第06選舉區,6,蔡孟真,2,民主進步黨,7929,15.97,Y
2022,議員,區域,雲林縣,第06選舉區,7,蔡岳儒,1,民主進步黨,8761,17.64,Y
2022,議員,區域,嘉義縣,第01選舉區,1,黃榮利,1,民主進步黨,7092,12.95,Y
2022,議員,區域,嘉義縣,第01選舉區,2,楊秀琴,2,無黨籍及未經政黨推薦,4543,8.30,Y
2022,議員,區域,嘉義縣,第01選舉區,3,詹琬蓁,2,中國國民黨,7417,13.54,Y
2022,議員,區域,嘉義縣,第01選舉區,4,黃惠汝,2,民主進步黨,4800,8.77,Y
2022,議員,區域,嘉義縣,第01選舉區,5,賴瓊如,2,無黨籍及未經政黨推薦,6204,11.33,Y
2022,議員,區域,嘉義縣,第01選舉區,6,王啓澧,1,中國國民黨,8539,15.59,Y
2022,議員,區域,嘉義縣,第01選舉區,7,江佩曄,2,民主進步黨,7631,13.94,Y
2022,議員,區域,嘉義縣,第01選舉區,8,陳主明,1,民主進步黨,3847,7.03,N
2022,議員,區域,嘉義縣,第01選舉區,9,黃榮俊,1,民主進步黨,4688,8.56,Y
2022,議員,區域,嘉義縣,第02選舉區,1,郭金雀,2,無黨籍及未經政黨推薦,2359,4.18,N
2022,議員,區域,嘉義縣,第02選舉區,2,何文華,1,民主進步黨,4857,8.60,N
2022,議員,區域,嘉義縣,第02選舉區,3,簡嘉億,1,中國國民黨,7282,12.89,Y
2022,議員,區域,嘉義縣,第02選舉區,4,劉宜奮,1,無黨籍及未經政黨推薦,705,1.25,N
2022,議員,區域,嘉義縣,第02選舉區,5,陳福成,1,無黨籍及未經政黨推薦,6062,10.73,Y
2022,議員,區域,嘉義縣,第02選舉區,6,黃啟豪,1,民主進步黨,10001,17.71,Y
2022,議員,區域,嘉義縣,第02選舉區,7,洪安仁,1,無黨籍及未經政黨推薦,483,0.86,N
2022,議員,區域,嘉義縣,第02選舉區,8,高子羚,2,無黨籍及未經政黨推薦,1797,3.18,N
2022,議員,區域,嘉義縣,第02選舉區,9,陳文忠,1,無黨籍及未經政黨推薦,5690,10.08,Y
2022,議員,區域,嘉義縣,第02選舉區,10,林岱杰,1,無黨籍及未經政黨推薦,6938,12.29,Y
2022,議員,區域,嘉義縣,第02選舉區,11,林淑完,2,民主進步黨,5038,8.92,Y
2022,議員,區域,嘉義縣,第02選舉區,12,林秀琴,2,民主進步黨,5263,9.32,Y
2022,議員,區域,嘉義縣,第03選舉區,1,王啟瑞,1,無黨籍及未經政黨推薦,1470,4.15,N
2022,議員,區域,嘉義縣,第03選舉區,2,莊信宗,1,民主進步黨,4923,13.88,Y
2022,議員,區域,嘉義縣,第03選舉區,3,江志明,1,民主進步黨,5690,16.05,Y
2022,議員,區域,嘉義縣,第03選舉區,4,陳信文,1,中國國民黨,6326,17.84,Y
2022,議員,區域,嘉義縣,第03選舉區,5,劉世承,1,無黨籍及未經政黨推薦,3581,10.10,N
2022,議員,區域,嘉義縣,第03選舉區,6,吳思蓉,2,中國國民黨,6321,17.83,Y
2022,議員,區域,嘉義縣,第03選舉區,7,高義清,1,無黨籍及未經政黨推薦,441,1.24,N
2022,議員,區域,嘉義縣,第03選舉區,8,陳志明,1,無黨籍及未經政黨推薦,325,0.92,N
2022,議員,區域,嘉義縣,第03選舉區,9,劉雅文,2,民主進步黨,6384,18.00,Y
2022,議員,區域,嘉義縣,第04選舉區,1,蔡政宜,1,無黨籍及未經政黨推薦,9496,19.10,Y
2022,議員,區域,嘉義縣,第04選舉區,2,陳崇榮,1,無黨籍及未經政黨推薦,1527,3.07,N
2022,議員,區域,嘉義縣,第04選舉區,3,陳怡岳,1,民主進步黨,6385,12.84,Y
2022,議員,區域,嘉義縣,第04選舉區,4,蔡建漢,1,無黨籍及未經政黨推薦,3966,7.98,N
2022,議員,區域,嘉義縣,第04選舉區,5,姜梅紅,2,民主進步黨,4748,9.55,Y
2022,議員,區域,嘉義縣,第04選舉區,6,黃嫈珺,2,民主進步黨,5866,11.80,Y
2022,議員,區域,嘉義縣,第04選舉區,7,蔡奇璋,1,無黨籍及未經政黨推薦,5069,10.20,Y
2022,議員,區域,嘉義縣,第04選舉區,8,郭西川,1,無黨籍及未經政黨推薦,1381,2.78,N
2022,議員,區域,嘉義縣,第04選舉區,9,呂文正,1,民主進步黨,4703,9.46,N
2022,議員,區域,嘉義縣,第04選舉區,10,李國勝,1,中國國民黨,6574,13.22,Y
2022,議員,區域,嘉義縣,第05選舉區,1,蔡信典,1,中國國民黨,6317,24.73,Y
2022,議員,區域,嘉義縣,第05選舉區,2,翁聰賢,1,民主進步黨,6508,25.47,Y
2022,議員,區域,嘉義縣,第05選舉區,3,黃金茂,1,無黨籍及未經政黨推薦,6861,26.86,Y
2022,議員,區域,嘉義縣,第05選舉區,4,陳鳳梅,2,民主進步黨,5861,22.94,N
2022,議員,區域,嘉義縣,第06選舉區,1,江季珍,2,民主進步黨,4789,9.45,Y
2022,議員,區域,嘉義縣,第06選舉區,2,羅士洋,1,民主進步黨,4565,9.01,Y
2022,議員,區域,嘉義縣,第06選舉區,3,陳柏麟,1,民主進步黨,7049,13.91,Y
2022,議員,區域,嘉義縣,第06選舉區,4,凃文以,1,無黨籍及未經政黨推薦,388,0.77,N
2022,議員,區域,嘉義縣,第06選舉區,5,邱銀海,1,中國國民黨,2621,5.17,N
2022,議員,區域,嘉義縣,第06選舉區,6,蔡瀧賢,1,民主進步黨,3489,6.89,N
2022,議員,區域,嘉義縣,第06選舉區,7,莊竣傑,1,無黨籍及未經政黨推薦,4125,8.14,Y
2022,議員,區域,嘉義縣,第06選舉區,8,林嘉欣,1,無黨籍及未經政黨推薦,250,0.49,N
2022,議員,區域,嘉義縣,第06選舉區,9,張明達,1,民主進步黨,11316,22.33,Y
2022,議員,區域,嘉義縣,第06選舉區,10,詹志暉,1,中國國民黨,2620,5.17,N
2022,議員,區域,嘉義縣,第06選舉區,11,詹黃素蓮,2,中國國民黨,4977,9.82,Y
2022,議員,區域,嘉義縣,第06選舉區,12,何子凡,1,無黨籍及未經政黨推薦,4479,8.84,Y
2022,議員,區域,屏東縣,第01選舉區,1,鄭清原,1,無黨籍及未經政黨推薦,5663,6.03,Y
2022,議員,區域,屏東縣,第01選舉區,2,吳尤敏,2,民主進步黨,1188,1.26,N
2022,議員,區域,屏東縣,第01選舉區,3,林建志,1,無黨籍及未經政黨推薦,170,0.18,N
2022,議員,區域,屏東縣,第01選舉區,4,陳韋強,1,無黨籍及未經政黨推薦,224,0.24,N
2022,議員,區域,屏東縣,第01選舉區,5,梁梅瑛,2,無黨籍及未經政黨推薦,3566,3.79,N
2022,議員,區域,屏東縣,第01選舉區,6,黃明賢,1,中國國民黨,6587,7.01,Y
2022,議員,區域,屏東縣,第01選舉區,7,蔣月惠,2,無黨籍及未經政黨推薦,4989,5.31,Y
2022,議員,區域,屏東縣,第01選舉區,8,陳秋豪,1,台灣基進,1407,1.50,N
2022,議員,區域,屏東縣,第01選舉區,9,蘇資婷,2,中國國民黨,4292,4.57,Y
2022,議員,區域,屏東縣,第01選舉區,10,蔣家煌,1,無黨籍及未經政黨推薦,6102,6.49,Y
2022,議員,區域,屏東縣,第01選舉區,11,唐玉琴,2,中國國民黨,3790,4.03,N
2022,議員,區域,屏東縣,第01選舉區,12,趙文俊,1,無黨籍及未經政黨推薦,1336,1.42,N
2022,議員,區域,屏東縣,第01選舉區,13,曾義雄,1,中國國民黨,4557,4.85,Y
2022,議員,區域,屏東縣,第01選舉區,14,李承育,1,時代力量,747,0.79,N
2022,議員,區域,屏東縣,第01選舉區,15,陳揚,1,中國國民黨,4675,4.97,Y
2022,議員,區域,屏東縣,第01選舉區,16,陳炫言,1,台灣民眾黨,2500,2.66,N
2022,議員,區域,屏東縣,第01選舉區,17,蘇煥鈞,1,民主進步黨,3927,4.18,N
2022,議員,區域,屏東縣,第01選舉區,18,陳哲蕙,2,無黨籍及未經政黨推薦,3219,3.43,N
2022,議員,區域,屏東縣,第01選舉區,19,方一祥,1,民主進步黨,4279,4.55,Y
2022,議員,區域,屏東縣,第01選舉區,20,方華雄,1,中國國民黨,3956,4.21,N
2022,議員,區域,屏東縣,第01選舉區,21,梁育慈,2,民主進步黨,7559,8.04,Y
2022,議員,區域,屏東縣,第01選舉區,22,鍾明輝,1,民主進步黨,3116,3.32,N
2022,議員,區域,屏東縣,第01選舉區,23,張平原,1,無黨籍及未經政黨推薦,4221,4.49,Y
2022,議員,區域,屏東縣,第01選舉區,24,李世斌,1,民主進步黨,6091,6.48,Y
2022,議員,區域,屏東縣,第01選舉區,25,林明順,1,無黨籍及未經政黨推薦,5815,6.19,Y
2022,議員,區域,屏東縣,第02選舉區,1,蘇孟婕,2,無黨籍及未經政黨推薦,7212,9.05,Y
2022,議員,區域,屏東縣,第02選舉區,2,吳亮慶,1,民主進步黨,8843,11.10,Y
2022,議員,區域,屏東縣,第02選舉區,3,鍾詔元,1,無黨籍及未經政黨推薦,5010,6.29,N
2022,議員,區域,屏東縣,第02選舉區,4,王景山,1,中國國民黨,6861,8.61,Y
2022,議員,區域,屏東縣,第02選舉區,5,葉明博,1,無黨籍及未經政黨推薦,5736,7.20,Y
2022,議員,區域,屏東縣,第02選舉區,6,張振亮,1,民主進步黨,5542,6.95,N
2022,議員,區域,屏東縣,第02選舉區,7,何春美,2,中國國民黨,6235,7.82,Y
2022,議員,區域,屏東縣,第02選舉區,8,宋麗華,2,中國國民黨,7870,9.87,Y
2022,議員,區域,屏東縣,第02選舉區,9,柯信行,1,無黨籍及未經政黨推薦,4731,5.94,N
2022,議員,區域,屏東縣,第02選舉區,10,許重慶,1,民主進步黨,4261,5.35,N
2022,議員,區域,屏東縣,第02選舉區,11,陳明達,1,民主進步黨,7820,9.81,Y
2022,議員,區域,屏東縣,第02選舉區,12,盧文瑞,1,無黨籍及未經政黨推薦,9577,12.02,Y
2022,議員,區域,屏東縣,第03選舉區,1,潘連周,1,無黨籍及未經政黨推薦,8082,8.86,Y
2022,議員,區域,屏東縣,第03選舉區,2,利八魁,1,民主進步黨,7480,8.20,Y
2022,議員,區域,屏東縣,第03選舉區,3,潘長成,1,台灣團結聯盟,6293,6.90,N
2022,議員,區域,屏東縣,第03選舉區,4,林志成,1,無黨籍及未經政黨推薦,3782,4.15,N
2022,議員,區域,屏東縣,第03選舉區,5,黃建溢,1,民主進步黨,6310,6.92,N
2022,議員,區域,屏東縣,第03選舉區,6,徐榮耀,1,中國國民黨,8343,9.14,Y
2022,議員,區域,屏東縣,第03選舉區,7,許馨勻,2,中國國民黨,7142,7.83,Y
2022,議員,區域,屏東縣,第03選舉區,8,陳宗廷,1,無黨籍及未經政黨推薦,6319,6.93,Y
2022,議員,區域,屏東縣,第03選舉區,9,蕭禾秦,1,無黨籍及未經政黨推薦,3508,3.84,N
2022,議員,區域,屏東縣,第03選舉區,10,李世淦,1,中國國民黨,6588,7.22,Y
2022,議員,區域,屏東縣,第03選舉區,11,陳志成,1,無黨籍及未經政黨推薦,6875,7.54,Y
2022,議員,區域,屏東縣,第03選舉區,12,洪明江,1,民主進步黨,6608,7.24,Y
2022,議員,區域,屏東縣,第03選舉區,13,林郁虹,2,無黨籍及未經政黨推薦,6385,7.00,Y
2022,議員,區域,屏東縣,第03選舉區,14,吳慈慧,2,中國國民黨,6494,7.12,Y
2022,議員,區域,屏東縣,第03選舉區,15,潘敏泉,2,無黨籍及未經政黨推薦,856,0.94,N
2022,議員,區域,屏東縣,第03選舉區,16,曾德正,1,無黨籍及未經政黨推薦,172,0.19,N
2022,議員,區域,屏東縣,第04選舉區,1,洪志明,1,中國國民黨,4047,5.49,N
2022,議員,區域,屏東縣,第04選舉區,2,鄭張常敏,2,無黨籍及未經政黨推薦,6069,8.23,Y
2022,議員,區域,屏東縣,第04選舉區,3,周典論,1,中國國民黨,7449,10.10,Y
2022,議員,區域,屏東縣,第04選舉區,4,呂少麒,1,無黨籍及未經政黨推薦,5276,7.15,N
2022,議員,區域,屏東縣,第04選舉區,5,林蔡鳯梅,2,無黨籍及未經政黨推薦,5963,8.08,Y
2022,議員,區域,屏東縣,第04選舉區,6,方文正,1,民主進步黨,5373,7.28,Y
2022,議員,區域,屏東縣,第04選舉區,7,許展維,1,民主進步黨,9332,12.65,Y
2022,議員,區域,屏東縣,第04選舉區,8,劉孟君,2,民主進步黨,6682,9.06,Y
2022,議員,區域,屏東縣,第04選舉區,9,郭再添,1,無黨籍及未經政黨推薦,6001,8.13,Y
2022,議員,區域,屏東縣,第04選舉區,10,林宇澤,1,無黨籍及未經政黨推薦,2670,3.62,N
2022,議員,區域,屏東縣,第04選舉區,11,何輝能,1,民主進步黨,4617,6.26,N
2022,議員,區域,屏東縣,第04選舉區,12,洪宗麒,1,中國國民黨,6816,9.24,Y
2022,議員,區域,屏東縣,第04選舉區,13,方天仕,1,民主進步黨,3484,4.72,N
2022,議員,區域,屏東縣,第05選舉區,1,周碧雲,2,民主進步黨,7413,21.39,Y
2022,議員,區域,屏東縣,第05選舉區,2,張榮傑,1,無黨籍及未經政黨推薦,5263,15.19,N
2022,議員,區域,屏東縣,第05選舉區,3,王啟敏,1,中國國民黨,6909,19.94,Y
2022,議員,區域,屏東縣,第05選舉區,4,黃盈裕,1,無黨籍及未經政黨推薦,5611,16.19,Y
2022,議員,區域,屏東縣,第05選舉區,5,羅平道,1,民主進步黨,9454,27.28,Y
2022,議員,區域,屏東縣,第06選舉區,1,張榮志,1,中國國民黨,6385,23.31,Y
2022,議員,區域,屏東縣,第06選舉區,2,郭麗玲,2,無黨籍及未經政黨推薦,490,1.79,N
2022,議員,區域,屏東縣,第06選舉區,3,張怡,2,無黨籍及未經政黨推薦,2740,10.00,N
2022,議員,區域,屏東縣,第06選舉區,4,盧玟欣,2,中國國民黨,4976,18.17,Y
2022,議員,區域,屏東縣,第06選舉區,5,潘芳泉,1,民主進步黨,5599,20.44,Y
2022,議員,區域,屏東縣,第06選舉區,6,李建華,1,民主進步黨,4650,16.98,N
2022,議員,區域,屏東縣,第06選舉區,7,曾瓊慧,2,無黨籍及未經政黨推薦,2553,9.32,N
2022,議員,區域,屏東縣,第07選舉區,1,王薇茗,2,無黨籍及未經政黨推薦,3970,55.76,Y
2022,議員,區域,屏東縣,第07選舉區,2,許允良,1,無黨籍及未經政黨推薦,650,9.13,N
2022,議員,區域,屏東縣,第07選舉區,3,陳建興,1,無黨籍及未經政黨推薦,2500,35.11,N
2022,議員,區域,臺東縣,第01選舉區,1,周達三,1,中國國民黨,4101,9.68,Y
2022,議員,區域,臺東縣,第01選舉區,2,林冠任,1,台灣民眾黨,589,1.39,N
2022,議員,區域,臺東縣,第01選舉區,3,陳志峰,1,中國國民黨,2854,6.74,Y
2022,議員,區域,臺東縣,第01選舉區,4,林參天,1,無黨籍及未經政黨推薦,2746,6.48,Y
2022,議員,區域,臺東縣,第01選舉區,5,吳秀華,2,中國國民黨,5575,13.16,Y
2022,議員,區域,臺東縣,第01選舉區,6,蔣明道,1,無黨籍及未經政黨推薦,566,1.34,N
2022,議員,區域,臺東縣,第01選舉區,7,陳允萍,1,無黨籍及未經政黨推薦,743,1.75,N
2022,議員,區域,臺東縣,第01選舉區,8,宋良安,1,無黨籍及未經政黨推薦,163,0.38,N
2022,議員,區域,臺東縣,第01選舉區,9,黃治維,1,民主進步黨,3004,7.09,Y
2022,議員,區域,臺東縣,第01選舉區,10,吳景槐,1,無黨籍及未經政黨推薦,2550,6.02,Y
2022,議員,區域,臺東縣,第01選舉區,11,余振維,1,民主進步黨,1356,3.20,N
2022,議員,區域,臺東縣,第01選舉區,12,傅文鵬,1,中國國民黨,1829,4.32,N
2022,議員,區域,臺東縣,第01選舉區,13,張躍贏,1,無黨籍及未經政黨推薦,411,0.97,N
2022,議員,區域,臺東縣,第01選舉區,14,李建智,1,中國國民黨,2660,6.28,Y
2022,議員,區域,臺東縣,第01選舉區,15,林文隆,1,民主進步黨,1031,2.43,N
2022,議員,區域,臺東縣,第01選舉區,16,王文怡,2,無黨籍及未經政黨推薦,2699,6.37,Y
2022,議員,區域,臺東縣,第01選舉區,17,劉秋美,2,無黨籍及未經政黨推薦,2342,5.53,N
2022,議員,區域,臺東縣,第01選舉區,18,簡維國,1,民主進步黨,2405,5.68,Y
2022,議員,區域,臺東縣,第01選舉區,19,張國洲,1,中國國民黨,4738,11.18,Y
2022,議員,區域,臺東縣,第02選舉區,1,楊招信,1,中國國民黨,3442,56.57,Y
2022,議員,區域,臺東縣,第02選舉區,2,許文獻,1,民主進步黨,2643,43.43,N
2022,議員,區域,臺東縣,第03選舉區,1,林東滿,1,中國國民黨,3096,45.96,Y
2022,議員,區域,臺東縣,第03選舉區,2,許進榮,1,無黨籍及未經政黨推薦,3640,54.04,Y
2022,議員,區域,臺東縣,第04選舉區,1,戴文達,1,中國國民黨,2226,21.35,N
2022,議員,區域,臺東縣,第04選舉區,2,潘貴蘭,2,無黨籍及未經政黨推薦,2737,26.25,Y
2022,議員,區域,臺東縣,第04選舉區,3,陳宏宗,1,無黨籍及未經政黨推薦,2931,28.11,Y
2022,議員,區域,臺東縣,第04選舉區,4,王瀚駿,1,台灣維新,90,0.86,N
2022,議員,區域,臺東縣,第04選舉區,5,張堯城,1,無黨籍及未經政黨推薦,984,9.44,N
2022,議員,區域,臺東縣,第04選舉區,6,林金樺,1,民主進步黨,1458,13.98,N
2022,議員,區域,臺東縣,第05選舉區,1,翁麗吟,2,中國國民黨,3040,66.89,Y
2022,議員,區域,臺東縣,第05選舉區,2,林曉彤,2,無黨籍及未經政黨推薦,1505,33.11,N
2022,議員,區域,臺東縣,第06選舉區,1,林誌鴻,1,無黨籍及未經政黨推薦,596,24.93,N
2022,議員,區域,臺東縣,第06選舉區,2,王姷力,2,無黨籍及未經政黨推薦,677,28.31,Y
2022,議員,區域,臺東縣,第06選舉區,3,林為德,1,無黨籍及未經政黨推薦,470,19.66,N
2022,議員,區域,臺東縣,第06選舉區,4,李數奼,2,中國國民黨,648,27.10,N
2022,議員,區域,花蓮縣,第01選舉區,1,張美慧,2,民主進步黨,4164,11.37,Y
2022,議員,區域,花蓮縣,第01選舉區,2,楊華美,2,無黨籍及未經政黨推薦,3628,9.90,Y
2022,議員,區域,花蓮縣,第01選舉區,3,傅國淵,1,台灣民眾黨,2561,6.99,Y
2022,議員,區域,花蓮縣,第01選舉區,4,林宗昆,1,中國國民黨,2461,6.72,N
2022,議員,區域,花蓮縣,第01選舉區,5,洪士閔,1,中國國民黨,664,1.81,N
2022,議員,區域,花蓮縣,第01選舉區,6,徐子芳,2,中國國民黨,2713,7.41,Y
2022,議員,區域,花蓮縣,第01選舉區,7,韓林梅,2,中國國民黨,2793,7.63,Y
2022,議員,區域,花蓮縣,第01選舉區,8,魏嘉賢,1,無黨籍及未經政黨推薦,7263,19.83,Y
2022,議員,區域,花蓮縣,第01選舉區,9,謝國榮,1,中國國民黨,2818,7.69,Y
2022,議員,區域,花蓮縣,第01選舉區,10,蔡翼鍾,1,中國國民黨,1956,5.34,N
2022,議員,區域,花蓮縣,第01選舉區,11,吳東昇,1,中國國民黨,2663,7.27,Y
2022,議員,區域,花蓮縣,第01選舉區,12,胡仁順,1,民主進步黨,2944,8.04,Y
2022,議員,區域,花蓮縣,第02選舉區,1,邱光明,1,中國國民黨,2754,35.68,Y
2022,議員,區域,花蓮縣,第02選舉區,2,鄭寶秀,2,中國國民黨,3517,45.56,Y
2022,議員,區域,花蓮縣,第02選舉區,3,陳財能,1,民主進步黨,1448,18.76,N
2022,議員,區域,花蓮縣,第03選舉區,1,林則葹,2,民主進步黨,4095,9.20,Y
2022,議員,區域,花蓮縣,第03選舉區,2,林品仰,1,中國國民黨,5046,11.33,Y
2022,議員,區域,花蓮縣,第03選舉區,3,徐雪玉,2,中國國民黨,4698,10.55,Y
2022,議員,區域,花蓮縣,第03選舉區,4,吳建志,1,中國國民黨,3431,7.71,Y
2022,議員,區域,花蓮縣,第03選舉區,5,陳慶元,1,時代力量,2071,4.65,N
2022,議員,區域,花蓮縣,第03選舉區,6,張峻,1,無黨籍及未經政黨推薦,5761,12.94,Y
2022,議員,區域,花蓮縣,第03選舉區,7,潘璿安,1,台灣民眾黨,915,2.06,N
2022,議員,區域,花蓮縣,第03選舉區,8,王格致,1,民主進步黨,1419,3.19,N
2022,議員,區域,花蓮縣,第03選舉區,9,蔡文隆,1,中國國民黨,1700,3.82,N
2022,議員,區域,花蓮縣,第03選舉區,10,王能昌,1,無黨籍及未經政黨推薦,404,0.91,N
2022,議員,區域,花蓮縣,第03選舉區,11,鄭乾龍,1,無黨籍及未經政黨推薦,3365,7.56,Y
2022,議員,區域,花蓮縣,第03選舉區,12,張正治,1,中國國民黨,2615,5.87,Y
2022,議員,區域,花蓮縣,第03選舉區,13,黃馨,2,中國國民黨,3652,8.20,Y
2022,議員,區域,花蓮縣,第03選舉區,14,沈君茹,2,無黨籍及未經政黨推薦,1685,3.78,N
2022,議員,區域,花蓮縣,第03選舉區,15,林源富,1,無黨籍及未經政黨推薦,3662,8.23,Y
2022,議員,區域,花蓮縣,第04選舉區,1,陳志明,1,無黨籍及未經政黨推薦,2472,15.63,N
2022,議員,區域,花蓮縣,第04選舉區,2,黃玲蘭,2,無黨籍及未經政黨推薦,4191,26.50,Y
2022,議員,區域,花蓮縣,第04選舉區,3,鍾素政,2,中國國民黨,3291,20.81,Y
2022,議員,區域,花蓮縣,第04選舉區,4,詹金富,1,中國國民黨,4357,27.55,Y
2022,議員,區域,花蓮縣,第04選舉區,5,陳飛廷,1,民主進步黨,1502,9.50,N
2022,議員,區域,澎湖縣,第01選舉區,1,許智富,1,台灣民眾黨,1291,4.31,N
2022,議員,區域,澎湖縣,第01選舉區,2,陳海山,1,無黨籍及未經政黨推薦,2396,8.00,Y
2022,議員,區域,澎湖縣,第01選舉區,3,陳毓仁,1,無黨籍及未經政黨推薦,1552,5.18,Y
2022,議員,區域,澎湖縣,第01選舉區,4,呂光宇,1,中國國民黨,1339,4.47,N
2022,議員,區域,澎湖縣,第01選舉區,5,林建勳,1,中國國民黨,543,1.81,N
2022,議員,區域,澎湖縣,第01選舉區,6,呂黃春金,2,民主進步黨,1546,5.16,Y
2022,議員,區域,澎湖縣,第01選舉區,7,陳文謙,1,無黨籍及未經政黨推薦,599,2.00,N
2022,議員,區域,澎湖縣,第01選舉區,8,藍凱元,1,無黨籍及未經政黨推薦,1965,6.56,Y
2022,議員,區域,澎湖縣,第01選舉區,9,張再興,1,無黨籍及未經政黨推薦,2098,7.01,Y
2022,議員,區域,澎湖縣,第01選舉區,10,歐中,1,中國國民黨,2404,8.03,Y
2022,議員,區域,澎湖縣,第01選舉區,11,胡松榮,1,無黨團結聯盟,1696,5.67,Y
2022,議員,區域,澎湖縣,第01選舉區,12,劉陳昭玲,2,中國國民黨,3289,10.99,Y
2022,議員,區域,澎湖縣,第01選舉區,13,蘇育德,1,民主進步黨,2828,9.45,Y
2022,議員,區域,澎湖縣,第01選舉區,14,盧長在,1,民主進步黨,591,1.97,N
2022,議員,區域,澎湖縣,第01選舉區,15,歐修智,1,無黨籍及未經政黨推薦,650,2.17,N
2022,議員,區域,澎湖縣,第01選舉區,16,莊光大,1,無黨籍及未經政黨推薦,1521,5.08,N
2022,議員,區域,澎湖縣,第01選舉區,17,蘇陳綉色,2,無黨籍及未經政黨推薦,1834,6.13,Y
2022,議員,區域,澎湖縣,第01選舉區,18,許國政,1,中國國民黨,1794,5.99,Y
2022,議員,區域,澎湖縣,第02選舉區,1,許育愷,1,無黨籍及未經政黨推薦,2332,30.67,Y
2022,議員,區域,澎湖縣,第02選舉區,2,蔡清續,1,民主進步黨,1740,22.88,Y
2022,議員,區域,澎湖縣,第02選舉區,3,吳政杰,1,中國國民黨,2607,34.28,Y
2022,議員,區域,澎湖縣,第02選舉區,4,廖璟華,2,無黨籍及未經政黨推薦,925,12.16,N
2022,議員,區域,澎湖縣,第03選舉區,1,魏睿宏,1,無黨籍及未經政黨推薦,2120,44.77,Y
2022,議員,區域,澎湖縣,第03選舉區,2,宋昀芝,2,無黨籍及未經政黨推薦,2615,55.23,Y
2022,議員,區域,澎湖縣,第04選舉區,1,薛雲鴻,1,無黨籍及未經政黨推薦,1365,36.07,N
2022,議員,區域,澎湖縣,第04選舉區,2,許月里,2,無黨籍及未經政黨推薦,2419,63.93,Y
2022,議員,區域,澎湖縣,第05選舉區,1,陳佩真,2,無黨籍及未經政黨推薦,2697,100.00,Y
2022,議員,區域,澎湖縣,第06選舉區,1,夏晨榮,1,無黨籍及未經政黨推薦,932,46.46,N
2022,議員,區域,澎湖縣,第06選舉區,2,張仁和,1,無黨籍及未經政黨推薦,1074,53.54,Y
2022,議員,區域,基隆市,第01選舉區,1,張淵翔,1,中國國民黨,3808,16.34,N
2022,議員,區域,基隆市,第01選舉區,2,呂美玲,2,中國國民黨,4267,18.31,Y
2022,議員,區域,基隆市,第01選舉區,3,林毓峯,1,台灣民眾黨,603,2.59,N
2022,議員,區域,基隆市,第01選舉區,4,藍敏煌,1,中國國民黨,5742,24.63,Y
2022,議員,區域,基隆市,第01選舉區,5,許睿慈,2,民主進步黨,4956,21.26,Y
2022,議員,區域,基隆市,第01選舉區,6,張顥瀚,1,民主進步黨,3933,16.87,Y
2022,議員,區域,基隆市,第02選舉區,1,陳軍佐,1,民主進步黨,4013,15.05,Y
2022,議員,區域,基隆市,第02選舉區,2,江鑒育,1,中國國民黨,3333,12.50,N
2022,議員,區域,基隆市,第02選舉區,3,李嘉濠,1,無黨籍及未經政黨推薦,2465,9.25,N
2022,議員,區域,基隆市,第02選舉區,4,紀珈,2,台灣民眾黨,1105,4.14,N
2022,議員,區域,基隆市,第02選舉區,5,韓世昱,1,中國國民黨,8067,30.26,Y
2022,議員,區域,基隆市,第02選舉區,6,陳宜,2,民主進步黨,3896,14.61,Y
2022,議員,區域,基隆市,第02選舉區,7,何淑萍,2,中國國民黨,3781,14.18,Y
2022,議員,區域,基隆市,第03選舉區,1,曾紀嚴,1,中國國民黨,3304,16.09,Y
2022,議員,區域,基隆市,第03選舉區,2,童子瑋,1,民主進步黨,5099,24.83,Y
2022,議員,區域,基隆市,第03選舉區,3,鄭文婷,2,民主進步黨,3209,15.63,Y
2022,議員,區域,基隆市,第03選舉區,4,紀文荃,1,中國國民黨,1780,8.67,N
2022,議員,區域,基隆市,第03選舉區,5,莊榮欽,1,中國國民黨,2528,12.31,N
2022,議員,區域,基隆市,第03選舉區,6,李依芩,2,台灣民眾黨,1301,6.34,N
2022,議員,區域,基隆市,第03選舉區,7,張芳麗,2,中國國民黨,3314,16.14,Y
2022,議員,區域,基隆市,第04選舉區,1,宋瑋莉,2,中國國民黨,5089,21.43,Y
2022,議員,區域,基隆市,第04選舉區,2,張秉鈞,1,民主進步黨,5778,24.33,Y
2022,議員,區域,基隆市,第04選舉區,3,徐佑昇,1,台灣民眾黨,1142,4.81,N
2022,議員,區域,基隆市,第04選舉區,4,郭美秀,2,親民黨,3023,12.73,Y
2022,議員,區域,基隆市,第04選舉區,5,張哲源,1,無黨籍及未經政黨推薦,932,3.93,N
2022,議員,區域,基隆市,第04選舉區,6,施偉政,1,民主進步黨,5097,21.47,Y
2022,議員,區域,基隆市,第04選舉區,7,梁堂華,1,無黨籍及未經政黨推薦,60,0.25,N
2022,議員,區域,基隆市,第04選舉區,8,莊敬聖,1,中國國民黨,2624,11.05,N
2022,議員,區域,基隆市,第05選舉區,1,洪森永,1,民主進步黨,3090,7.75,Y
2022,議員,區域,基隆市,第05選舉區,2,江欣怡,2,時代力量,1391,3.49,N
2022,議員,區域,基隆市,第05選舉區,3,秦鉦,1,中國國民黨,2983,7.48,Y
2022,議員,區域,基隆市,第05選舉區,4,莊錦田,1,親民黨,2178,5.46,N
2022,議員,區域,基隆市,第05選舉區,5,林沛祥,1,中國國民黨,6527,16.36,Y
2022,議員,區域,基隆市,第05選舉區,6,俞叁發,1,中國國民黨,3895,9.77,Y
2022,議員,區域,基隆市,第05選舉區,7,許超勝,1,無黨籍及未經政黨推薦,1605,4.02,N
2022,議員,區域,基隆市,第05選舉區,8,吳驊珈,2,民主進步黨,3369,8.45,Y
2022,議員,區域,基隆市,第05選舉區,9,張之豪,1,民主進步黨,3257,8.17,Y
2022,議員,區域,基隆市,第05選舉區,10,李偉華,1,無黨籍及未經政黨推薦,1815,4.55,N
2022,議員,區域,基隆市,第05選舉區,11,鄭愷玲,2,中國國民黨,5993,15.03,Y
2022,議員,區域,基隆市,第05選舉區,12,黃紀棠,1,無黨籍及未經政黨推薦,967,2.42,N
2022,議員,區域,基隆市,第05選舉區,13,張銘傑,1,無黨籍及未經政黨推薦,462,1.16,N
2022,議員,區域,基隆市,第05選舉區,14,劉韋巡,1,台灣民眾黨,1039,2.60,N
2022,議員,區域,基隆市,第05選舉區,15,黃永翔,1,無黨籍及未經政黨推薦,1315,3.30,N
2022,議員,區域,基隆市,第06選舉區,1,莫璦緁,2,無黨籍及未經政黨推薦,1297,7.06,N
2022,議員,區域,基隆市,第06選舉區,2,陳冠羽,1,無黨籍及未經政黨推薦,3499,19.05,Y
2022,議員,區域,基隆市,第06選舉區,3,連恩典,1,中國國民黨,6467,35.20,Y
2022,議員,區域,基隆市,第06選舉區,4,林旻勳,1,無黨籍及未經政黨推薦,7107,38.69,Y
2022,議員,區域,基隆市,第07選舉區,1,楊秀玉,2,親民黨,4771,18.67,Y
2022,議員,區域,基隆市,第07選舉區,2,陳愷閎,1,時代力量,1221,4.78,N
2022,議員,區域,基隆市,第07選舉區,3,曾怡芳,2,民主進步黨,6109,23.90,Y
2022,議員,區域,基隆市,第07選舉區,4,蔡旺璉,1,中國國民黨,5402,21.14,Y
2022,議員,區域,基隆市,第07選舉區,5,張耿輝,1,無黨籍及未經政黨推薦,5771,22.58,Y
2022,議員,區域,基隆市,第07選舉區,6,林坤明,1,民主進步黨,2285,8.94,N
2022,議員,區域,新竹市,第01選舉區,1,陳清智,1,中國國民黨,2783,3.72,N
2022,議員,區域,新竹市,第01選舉區,2,陳錫文,1,台灣民眾黨,2614,3.50,N
2022,議員,區域,新竹市,第01選舉區,3,李國璋,1,台灣民眾黨,3889,5.20,Y
2022,議員,區域,新竹市,第01選舉區,4,陳珍裕,1,無黨籍及未經政黨推薦,546,0.73,N
2022,議員,區域,新竹市,第01選舉區,5,余邦彥,1,無黨籍及未經政黨推薦,4785,6.40,Y
2022,議員,區域,新竹市,第01選舉區,6,周莉柔,2,無黨籍及未經政黨推薦,1740,2.33,N
2022,議員,區域,新竹市,第01選舉區,7,劉崇顯,1,綠黨,3797,5.08,Y
2022,議員,區域,新竹市,第01選舉區,8,段孝芳,2,中國國民黨,4300,5.75,Y
2022,議員,區域,新竹市,第01選舉區,9,宋品瑩,2,台灣民眾黨,5743,7.69,Y
2022,議員,區域,新竹市,第01選舉區,10,張祖琰,2,中國國民黨,4620,6.18,Y
2022,議員,區域,新竹市,第01選舉區,11,何志勇,1,中國國民黨,2038,2.73,N
2022,議員,區域,新竹市,第01選舉區,12,林志雅,1,無黨籍及未經政黨推薦,1845,2.47,N
2022,議員,區域,新竹市,第01選舉區,13,謝佩妤,2,無黨籍及未經政黨推薦,210,0.28,N
2022,議員,區域,新竹市,第01選舉區,14,鍾淑英,2,中國國民黨,3611,4.83,Y
2022,議員,區域,新竹市,第01選舉區,15,張文興,1,中國國民黨,3231,4.32,N
2022,議員,區域,新竹市,第01選舉區,16,劉明鴻,1,無黨籍及未經政黨推薦,183,0.24,N
2022,議員,區域,新竹市,第01選舉區,17,戴朝琴,1,無黨籍及未經政黨推薦,34,0.05,N
2022,議員,區域,新竹市,第01選舉區,18,黃耀正,1,無黨籍及未經政黨推薦,326,0.44,N
2022,議員,區域,新竹市,第01選舉區,19,黃文政,1,中國國民黨,5217,6.98,Y
2022,議員,區域,新竹市,第01選舉區,20,王銘宗,1,無黨籍及未經政黨推薦,208,0.28,N
2022,議員,區域,新竹市,第01選舉區,21,蔡惠婷,2,時代力量,4907,6.57,Y
2022,議員,區域,新竹市,第01選舉區,22,曾資程,1,民主進步黨,5374,7.19,Y
2022,議員,區域,新竹市,第01選舉區,23,鄭美娟,2,民主進步黨,6271,8.39,Y
2022,議員,區域,新竹市,第01選舉區,24,黃家曄,2,無黨籍及未經政黨推薦,365,0.49,N
2022,議員,區域,新竹市,第01選舉區,25,劉彥伶,2,民主進步黨,6084,8.14,Y
2022,議員,區域,新竹市,第02選舉區,1,何智昌,1,無黨籍及未經政黨推薦,1811,7.21,N
2022,議員,區域,新竹市,第02選舉區,2,王岢鈺,2,小民參政歐巴桑聯盟,245,0.98,N
2022,議員,區域,新竹市,第02選舉區,3,田雅芳,2,無黨籍及未經政黨推薦,3461,13.78,Y
2022,議員,區域,新竹市,第02選舉區,4,許修睿,1,中國國民黨,5040,20.06,Y
2022,議員,區域,新竹市,第02選舉區,5,施乃如,2,民主進步黨,5989,23.84,Y
2022,議員,區域,新竹市,第02選舉區,6,徐美惠,2,中國國民黨,2968,11.81,Y
2022,議員,區域,新竹市,第02選舉區,7,黃立達,1,無黨籍及未經政黨推薦,202,0.80,N
2022,議員,區域,新竹市,第02選舉區,8,何佳樺,2,無黨籍及未經政黨推薦,1210,4.82,N
2022,議員,區域,新竹市,第02選舉區,9,許登淇,1,台灣民眾黨,1975,7.86,N
2022,議員,區域,新竹市,第02選舉區,10,陳鶴文,1,時代力量,2220,8.84,N
2022,議員,區域,新竹市,第03選舉區,1,陳建名,1,民主進步黨,6292,39.27,Y
2022,議員,區域,新竹市,第03選舉區,2,施淑婷,2,台灣民眾黨,4333,27.04,N
2022,議員,區域,新竹市,第03選舉區,3,陳治雄,1,中國國民黨,5398,33.69,Y
2022,議員,區域,新竹市,第04選舉區,1,林彥甫,1,時代力量,4926,8.46,Y
2022,議員,區域,新竹市,第04選舉區,2,孫鍚洲,1,無黨籍及未經政黨推薦,4049,6.95,Y
2022,議員,區域,新竹市,第04選舉區,3,蔡文盛,1,台灣民眾黨,3141,5.39,N
2022,議員,區域,新竹市,第04選舉區,4,顏政德,1,無黨籍及未經政黨推薦,2360,4.05,N
2022,議員,區域,新竹市,第04選舉區,5,劉康彥,1,民主進步黨,7077,12.15,Y
2022,議員,區域,新竹市,第04選舉區,6,黃美慧,2,中國國民黨,4896,8.41,Y
2022,議員,區域,新竹市,第04選舉區,7,彭昆耀,1,無黨籍及未經政黨推薦,3480,5.98,Y
2022,議員,區域,新竹市,第04選舉區,8,蕭志潔,2,中國國民黨,4462,7.66,Y
2022,議員,區域,新竹市,第04選舉區,9,黃世禮,1,無黨籍及未經政黨推薦,602,1.03,N
2022,議員,區域,新竹市,第04選舉區,10,楊玲宜,2,民主進步黨,6320,10.85,Y
2022,議員,區域,新竹市,第04選舉區,11,鄭慶欽,1,無黨籍及未經政黨推薦,3293,5.65,Y
2022,議員,區域,新竹市,第04選舉區,12,曾泰程,1,無黨籍及未經政黨推薦,2056,3.53,N
2022,議員,區域,新竹市,第04選舉區,13,陳清全,1,無黨籍及未經政黨推薦,2499,4.29,N
2022,議員,區域,新竹市,第04選舉區,14,吳旭豐,1,中國國民黨,9081,15.59,Y
2022,議員,區域,新竹市,第05選舉區,1,陳慶齡,1,中國國民黨,4900,12.34,Y
2022,議員,區域,新竹市,第05選舉區,2,林盈徹,1,民主進步黨,8432,21.24,Y
2022,議員,區域,新竹市,第05選舉區,3,葉國文,1,台灣民眾黨,3518,8.86,N
2022,議員,區域,新竹市,第05選舉區,4,廖子齊,2,時代力量,5366,13.52,Y
2022,議員,區域,新竹市,第05選舉區,5,吳國寶,1,無黨籍及未經政黨推薦,5777,14.55,Y
2022,議員,區域,新竹市,第05選舉區,6,劉昊禮,1,無黨籍及未經政黨推薦,608,1.53,N
2022,議員,區域,新竹市,第05選舉區,7,陳啓源,1,無黨籍及未經政黨推薦,6216,15.66,Y
2022,議員,區域,新竹市,第05選舉區,8,鄭成光,1,無黨籍及未經政黨推薦,4582,11.54,Y
2022,議員,區域,新竹市,第05選舉區,9,曾沛騰,1,無黨籍及未經政黨推薦,305,0.77,N
2022,議員,區域,嘉義市,第01選舉區,1,林瑞霞,2,無黨籍及未經政黨推薦,1958,3.88,N
2022,議員,區域,嘉義市,第01選舉區,2,蔡永泉,1,台灣團結聯盟,2188,4.33,N
2022,議員,區域,嘉義市,第01選舉區,3,張榮藏,1,無黨籍及未經政黨推薦,2892,5.73,Y
2022,議員,區域,嘉義市,第01選舉區,4,陳家平,1,中國國民黨,3947,7.81,Y
2022,議員,區域,嘉義市,第01選舉區,5,傅大偉,1,中國國民黨,5054,10.01,Y
2022,議員,區域,嘉義市,第01選舉區,6,黃盈智,1,民主進步黨,4259,8.43,Y
2022,議員,區域,嘉義市,第01選舉區,7,郭文居,1,無黨籍及未經政黨推薦,2437,4.82,N
2022,議員,區域,嘉義市,第01選舉區,8,凌子楚,1,民主進步黨,2447,4.84,N
2022,議員,區域,嘉義市,第01選舉區,9,梁樹綸,1,中國國民黨,2524,5.00,N
2022,議員,區域,嘉義市,第01選舉區,10,郭定緯,1,中國國民黨,3404,6.74,Y
2022,議員,區域,嘉義市,第01選舉區,11,黃露慧,2,民主進步黨,4292,8.50,Y
2022,議員,區域,嘉義市,第01選舉區,12,林昱孜,2,台灣民眾黨,870,1.72,N
2022,議員,區域,嘉義市,第01選舉區,13,張敏琪,2,中國國民黨,3438,6.81,Y
2022,議員,區域,嘉義市,第01選舉區,14,顏色不分藍綠支持性專區顏色田慎節,2,無黨籍及未經政黨推薦,2813,5.57,Y
2022,議員,區域,嘉義市,第01選舉區,15,吳家慧,2,無黨籍及未經政黨推薦,486,0.96,N
2022,議員,區域,嘉義市,第01選舉區,16,翁渙瑤,1,台灣基進,1350,2.67,N
2022,議員,區域,嘉義市,第01選舉區,17,李奕德,1,無黨籍及未經政黨推薦,2771,5.49,Y
2022,議員,區域,嘉義市,第01選舉區,18,戴寧,2,無黨籍及未經政黨推薦,3382,6.70,Y
2022,議員,區域,嘉義市,第02選舉區,1,李忠曆,1,無黨籍及未經政黨推薦,2811,4.42,Y
2022,議員,區域,嘉義市,第02選舉區,2,黃大祐,1,民主進步黨,4223,6.64,Y
2022,議員,區域,嘉義市,第02選舉區,3,黃敏修,1,民主進步黨,4372,6.88,Y
2022,議員,區域,嘉義市,第02選舉區,4,蘇澤峰,1,無黨籍及未經政黨推薦,3502,5.51,Y
2022,議員,區域,嘉義市,第02選舉區,5,許明對,1,民主進步黨,1055,1.66,N
2022,議員,區域,嘉義市,第02選舉區,6,洪瑋庭,2,台灣基進,1891,2.97,N
2022,議員,區域,嘉義市,第02選舉區,7,張閔舜,1,中國國民黨,1691,2.66,N
2022,議員,區域,嘉義市,第02選舉區,8,王浩,1,時代力量,2732,4.30,Y
2022,議員,區域,嘉義市,第02選舉區,9,蘇慶良,1,中國國民黨,961,1.51,N
2022,議員,區域,嘉義市,第02選舉區,10,莊豐安,1,無黨籍及未經政黨推薦,2348,3.69,N
2022,議員,區域,嘉義市,第02選舉區,11,林煒軒,1,民主進步黨,3822,6.01,Y
2022,議員,區域,嘉義市,第02選舉區,12,陳品蓁,2,民主進步黨,888,1.40,N
2022,議員,區域,嘉義市,第02選舉區,13,張秀華,2,中國國民黨,5896,9.27,Y
2022,議員,區域,嘉義市,第02選舉區,14,孫貫志,1,無黨籍及未經政黨推薦,3146,4.95,Y
2022,議員,區域,嘉義市,第02選舉區,15,林雪峰,2,中國國民黨,2036,3.20,N
2022,議員,區域,嘉義市,第02選舉區,16,陳姿妏,2,無黨籍及未經政黨推薦,3452,5.43,Y
2022,議員,區域,嘉義市,第02選舉區,17,李錦洋,1,無黨籍及未經政黨推薦,1635,2.57,N
2022,議員,區域,嘉義市,第02選舉區,18,黃思婷,2,無黨籍及未經政黨推薦,4318,6.79,Y
2022,議員,區域,嘉義市,第02選舉區,19,蔡文旭,1,民主進步黨,3029,4.76,Y
2022,議員,區域,嘉義市,第02選舉區,20,鄭光宏,1,中國國民黨,4855,7.64,Y
2022,議員,區域,嘉義市,第02選舉區,21,王冠鈞,1,無黨籍及未經政黨推薦,1936,3.05,N
2022,議員,區域,嘉義市,第02選舉區,22,蔡坤叡,1,無黨籍及未經政黨推薦,2977,4.68,Y
2022,議員,區域,臺北市,第01選舉區,1,林延鳳,2,民主進步黨,23427,8.51,Y
2022,議員,區域,臺北市,第01選舉區,2,陳賢蔚,1,民主進步黨,16153,5.87,Y
2022,議員,區域,臺北市,第01選舉區,3,李光輝,1,無黨籍及未經政黨推薦,228,0.08,N
2022,議員,區域,臺北市,第01選舉區,4,林杏兒,2,中國國民黨,16369,5.95,Y
2022,議員,區域,臺北市,第01選舉區,5,汪志冰,2,中國國民黨,18450,6.70,Y
2022,議員,區域,臺北市,第01選舉區,6,林世宗,1,民主進步黨,13971,5.08,Y
2022,議員,區域,臺北市,第01選舉區,7,陳重文,1,中國國民黨,13606,4.94,Y
2022,議員,區域,臺北市,第01選舉區,8,劉仕傑,1,時代力量,4636,1.68,N
2022,議員,區域,臺北市,第01選舉區,9,陳慈慧,2,民主進步黨,15611,5.67,Y
2022,議員,區域,臺北市,第01選舉區,10,鍾佩玲,2,民主進步黨,18264,6.63,Y
2022,議員,區域,臺北市,第01選舉區,11,侯漢廷,1,新黨,17253,6.27,Y
2022,議員,區域,臺北市,第01選舉區,12,郝淑薏,2,無黨籍及未經政黨推薦,175,0.06,N
2022,議員,區域,臺北市,第01選舉區,13,黃瀞瑩,2,台灣民眾黨,29270,10.63,Y
2022,議員,區域,臺北市,第01選舉區,14,林瑞圖,1,無黨籍及未經政黨推薦,13150,4.78,N
2022,議員,區域,臺北市,第01選舉區,15,陳思宇,2,台灣民眾黨,11453,4.16,N
2022,議員,區域,臺北市,第01選舉區,16,張渝江,1,無黨籍及未經政黨推薦,393,0.14,N
2022,議員,區域,臺北市,第01選舉區,17,林志穎,1,無黨籍及未經政黨推薦,473,0.17,N
2022,議員,區域,臺北市,第01選舉區,18,鄭穎隆,1,共和黨,67,0.02,N
2022,議員,區域,臺北市,第01選舉區,19,王郁揚,1,金色力量黨,816,0.30,N
2022,議員,區域,臺北市,第01選舉區,20,張斯綱,1,中國國民黨,15683,5.70,Y
2022,議員,區域,臺北市,第01選舉區,21,蘇府庭,1,無黨籍及未經政黨推薦,5559,2.02,N
2022,議員,區域,臺北市,第01選舉區,22,黃郁芬,2,無黨籍及未經政黨推薦,12033,4.37,N
2022,議員,區域,臺北市,第01選舉區,23,楊靜宇,1,無黨籍及未經政黨推薦,9884,3.59,N
2022,議員,區域,臺北市,第01選舉區,24,項豪,1,中國國家社會主義勞工黨,99,0.04,N
2022,議員,區域,臺北市,第01選舉區,25,陳政忠,1,無黨籍及未經政黨推薦,18256,6.63,Y
2022,議員,區域,臺北市,第02選舉區,1,陳志明,1,時代力量,3548,1.72,N
2022,議員,區域,臺北市,第02選舉區,2,劉榮之,1,新黨,238,0.12,N
2022,議員,區域,臺北市,第02選舉區,3,江志銘,1,民主進步黨,9767,4.74,N
2022,議員,區域,臺北市,第02選舉區,4,李明賢,1,中國國民黨,20657,10.02,Y
2022,議員,區域,臺北市,第02選舉區,5,吳世正,1,中國國民黨,11576,5.62,Y
2022,議員,區域,臺北市,第02選舉區,6,王孝維,1,民主進步黨,13872,6.73,Y
2022,議員,區域,臺北市,第02選舉區,7,陳宥丞,1,台灣民眾黨,25899,12.57,Y
2022,議員,區域,臺北市,第02選舉區,8,何孟樺,2,民主進步黨,19340,9.38,Y
2022,議員,區域,臺北市,第02選舉區,9,吳欣岱,2,台灣基進,10186,4.94,N
2022,議員,區域,臺北市,第02選舉區,10,李建昌,1,民主進步黨,12103,5.87,Y
2022,議員,區域,臺北市,第02選舉區,11,闕枚莎,2,中國國民黨,18684,9.06,Y
2022,議員,區域,臺北市,第02選舉區,12,游淑慧,2,中國國民黨,22577,10.95,Y
2022,議員,區域,臺北市,第02選舉區,13,李彥秀,2,中國國民黨,37669,18.28,Y
2022,議員,區域,臺北市,第03選舉區,1,郭榮先,1,新黨,604,0.28,N
2022,議員,區域,臺北市,第03選舉區,2,張文潔,2,民主進步黨,21011,9.83,Y
2022,議員,區域,臺北市,第03選舉區,3,許家蓓,2,民主進步黨,17618,8.24,Y
2022,議員,區域,臺北市,第03選舉區,4,吳蕚洋,1,無黨籍及未經政黨推薦,1479,0.69,N
2022,議員,區域,臺北市,第03選舉區,5,林柏勛,1,時代力量,1955,0.91,N
2022,議員,區域,臺北市,第03選舉區,6,楊寶楨,2,台灣民眾黨,12158,5.69,N
2022,議員,區域,臺北市,第03選舉區,7,洪士奇,1,無黨籍及未經政黨推薦,3272,1.53,N
2022,議員,區域,臺北市,第03選舉區,8,秦慧珠,2,中國國民黨,17103,8.00,Y
2022,議員,區域,臺北市,第03選舉區,9,詹為元,1,中國國民黨,19273,9.01,Y
2022,議員,區域,臺北市,第03選舉區,10,高毓安,1,無黨籍及未經政黨推薦,161,0.08,N
2022,議員,區域,臺北市,第03選舉區,11,徐巧芯,2,中國國民黨,27205,12.72,Y
2022,議員,區域,臺北市,第03選舉區,12,戴錫欽,1,中國國民黨,15944,7.46,Y
2022,議員,區域,臺北市,第03選舉區,13,許淑華,2,民主進步黨,20539,9.61,Y
2022,議員,區域,臺北市,第03選舉區,14,王鴻薇,2,中國國民黨,25727,12.03,Y
2022,議員,區域,臺北市,第03選舉區,15,吳崢,1,無黨籍及未經政黨推薦,14686,6.87,N
2022,議員,區域,臺北市,第03選舉區,16,洪健益,1,民主進步黨,15082,7.05,Y
2022,議員,區域,臺北市,第04選舉區,1,陳怡君,2,民主進步黨,15782,8.79,Y
2022,議員,區域,臺北市,第04選舉區,2,高世俊,1,中國國民黨,3082,1.72,N
2022,議員,區域,臺北市,第04選舉區,3,林婕麗,2,新黨,3137,1.75,N
2022,議員,區域,臺北市,第04選舉區,4,林亮君,2,無黨籍及未經政黨推薦,13817,7.70,Y
2022,議員,區域,臺北市,第04選舉區,5,陳炳甫,1,中國國民黨,23934,13.33,Y
2022,議員,區域,臺北市,第04選舉區,6,王世堅,1,民主進步黨,29796,16.60,Y
2022,議員,區域,臺北市,第04選舉區,7,連紹傑,1,小民參政歐巴桑聯盟,1469,0.82,N
2022,議員,區域,臺北市,第04選舉區,8,柳采葳,2,中國國民黨,18372,10.23,Y
2022,議員,區域,臺北市,第04選舉區,9,葉林傳,1,中國國民黨,17076,9.51,Y
2022,議員,區域,臺北市,第04選舉區,10,顏若芳,2,民主進步黨,22718,12.65,Y
2022,議員,區域,臺北市,第04選舉區,11,徐千淳,2,時代力量,637,0.35,N
2022,議員,區域,臺北市,第04選舉區,12,梁文傑,1,民主進步黨,12919,7.20,N
2022,議員,區域,臺北市,第04選舉區,13,林珍羽,2,台灣民眾黨,16787,9.35,Y
2022,議員,區域,臺北市,第05選舉區,1,劉耀仁,1,民主進步黨,14518,8.51,Y
2022,議員,區域,臺北市,第05選舉區,2,郭智亭,1,無黨籍及未經政黨推薦,319,0.19,N
2022,議員,區域,臺北市,第05選舉區,3,鍾小平,1,中國國民黨,15422,9.04,Y
2022,議員,區域,臺北市,第05選舉區,4,吳沛憶,2,民主進步黨,17034,9.98,Y
2022,議員,區域,臺北市,第05選舉區,5,徐立信,1,無黨籍及未經政黨推薦,15747,9.23,Y
2022,議員,區域,臺北市,第05選舉區,6,吳志剛,1,中國國民黨,16022,9.39,Y
2022,議員,區域,臺北市,第05選舉區,7,曾琳詒,2,台灣動物保護黨,1277,0.75,N
2022,議員,區域,臺北市,第05選舉區,8,吳怡萱,2,台灣民眾黨,13368,7.83,N
2022,議員,區域,臺北市,第05選舉區,9,邵維倫,1,民主進步黨,12451,7.30,N
2022,議員,區域,臺北市,第05選舉區,10,李有宜,2,無黨籍及未經政黨推薦,4864,2.85,N
2022,議員,區域,臺北市,第05選舉區,11,張榮法,1,新黨,2802,1.64,N
2022,議員,區域,臺北市,第05選舉區,12,應曉薇,2,中國國民黨,19440,11.39,Y
2022,議員,區域,臺北市,第05選舉區,13,李菁琪,2,綠黨,1704,1.00,N
2022,議員,區域,臺北市,第05選舉區,14,王麒傑,1,無黨籍及未經政黨推薦,195,0.11,N
2022,議員,區域,臺北市,第05選舉區,15,陳樹霖,1,無黨籍及未經政黨推薦,71,0.04,N
2022,議員,區域,臺北市,第05選舉區,16,郭昭巖,2,中國國民黨,19228,11.27,Y
2022,議員,區域,臺北市,第05選舉區,17,洪婉臻,2,民主進步黨,16096,9.43,Y
2022,議員,區域,臺北市,第05選舉區,18,呂增塔,1,無黨籍及未經政黨推薦,106,0.06,N
2022,議員,區域,臺北市,第06選舉區,1,張幸松,1,台灣民眾黨,3883,1.36,N
2022,議員,區域,臺北市,第06選舉區,2,張四維,1,無黨籍及未經政黨推薦,316,0.11,N
2022,議員,區域,臺北市,第06選舉區,3,林泓泰,1,時代力量,991,0.35,N
2022,議員,區域,臺北市,第06選舉區,4,曾獻瑩,1,無黨籍及未經政黨推薦,21888,7.68,Y
2022,議員,區域,臺北市,第06選舉區,5,王閔生,1,民主進步黨,11811,4.14,Y
2022,議員,區域,臺北市,第06選舉區,6,華珮君,2,台灣動物保護黨,3203,1.12,N
2022,議員,區域,臺北市,第06選舉區,7,鄭淑娟,2,無黨籍及未經政黨推薦,392,0.14,N
2022,議員,區域,臺北市,第06選舉區,8,詹晉鑒,1,民主進步黨,9074,3.18,N
2022,議員,區域,臺北市,第06選舉區,9,高揚凱,1,中國國民黨,9081,3.19,N
2022,議員,區域,臺北市,第06選舉區,10,李柏毅,1,中國國民黨,30325,10.64,Y
2022,議員,區域,臺北市,第06選舉區,11,蘇恆,2,無黨籍及未經政黨推薦,4332,1.52,N
2022,議員,區域,臺北市,第06選舉區,12,林岳龍,1,新黨,3433,1.20,N
2022,議員,區域,臺北市,第06選舉區,13,趙怡翔,1,民主進步黨,17489,6.13,Y
2022,議員,區域,臺北市,第06選舉區,14,張志豪,1,台灣民眾黨,10693,3.75,Y
2022,議員,區域,臺北市,第06選舉區,15,鍾沛君,2,中國國民黨,15074,5.29,Y
2022,議員,區域,臺北市,第06選舉區,16,徐正文,1,無黨籍及未經政黨推薦,866,0.30,N
2022,議員,區域,臺北市,第06選舉區,17,徐弘庭,1,中國國民黨,19340,6.78,Y
2022,議員,區域,臺北市,第06選舉區,18,王欣儀,2,中國國民黨,18253,6.40,Y
2022,議員,區域,臺北市,第06選舉區,19,苗博雅,2,社會民主黨,28417,9.97,Y
2022,議員,區域,臺北市,第06選舉區,20,陳錦祥,1,中國國民黨,14309,5.02,Y
2022,議員,區域,臺北市,第06選舉區,21,林穎孟,2,無黨籍及未經政黨推薦,4630,1.62,N
2022,議員,區域,臺北市,第06選舉區,22,簡舒培,2,民主進步黨,20742,7.28,Y
2022,議員,區域,臺北市,第06選舉區,23,林元敏,1,無黨籍及未經政黨推薦,2221,0.78,N
2022,議員,區域,臺北市,第06選舉區,24,鄭建炘,1,臺灣人民共產黨,165,0.06,N
2022,議員,區域,臺北市,第06選舉區,25,耿葳,2,中國國民黨,11603,4.07,Y
2022,議員,區域,臺北市,第06選舉區,26,楊植斗,1,中國國民黨,13797,4.84,Y
2022,議員,區域,臺北市,第06選舉區,27,陳聖文,1,民主進步黨,8774,3.08,N
2022,議員,區域,高雄市,第01選舉區,1,朱信強,1,無黨團結聯盟,15790,24.98,Y
2022,議員,區域,高雄市,第01選舉區,2,林義迪,1,中國國民黨,16247,25.70,Y
2022,議員,區域,高雄市,第01選舉區,3,林慧欣,2,民主進步黨,14289,22.60,N
2022,議員,區域,高雄市,第01選舉區,4,林富寶,1,民主進步黨,16887,26.71,Y
2022,議員,區域,高雄市,第02選舉區,1,李亞築,2,中國國民黨,25376,35.24,Y
2022,議員,區域,高雄市,第02選舉區,2,陳明澤,1,民主進步黨,15959,22.16,Y
2022,議員,區域,高雄市,第02選舉區,3,鄭東元,1,中國國民黨,9007,12.51,N
2022,議員,區域,高雄市,第02選舉區,4,李柏融,1,無黨籍及未經政黨推薦,1128,1.57,N
2022,議員,區域,高雄市,第02選舉區,5,黃明太,1,民主進步黨,20532,28.52,Y
2022,議員,區域,高雄市,第03選舉區,1,方信淵,1,中國國民黨,17540,14.37,Y
2022,議員,區域,高雄市,第03選舉區,2,劉航遠,1,台灣基進,922,0.76,N
2022,議員,區域,高雄市,第03選舉區,3,林志誠,1,民主進步黨,19634,16.09,Y
2022,議員,區域,高雄市,第03選舉區,4,宋立彬,1,中國國民黨,24505,20.08,Y
2022,議員,區域,高雄市,第03選舉區,5,黃思學,1,時代力量,3715,3.04,N
2022,議員,區域,高雄市,第03選舉區,6,黃秋媖,2,民主進步黨,23862,19.55,Y
2022,議員,區域,高雄市,第03選舉區,7,陸淑美,2,中國國民黨,16140,13.22,Y
2022,議員,區域,高雄市,第03選舉區,8,陳慶鴻,1,民主進步黨,15741,12.90,N
2022,議員,區域,高雄市,第04選舉區,1,劉文晏,1,無黨籍及未經政黨推薦,194,0.12,N
2022,議員,區域,高雄市,第04選舉區,2,李柏毅,1,民主進步黨,15949,9.56,Y
2022,議員,區域,高雄市,第04選舉區,3,白喬茵,2,中國國民黨,18582,11.14,Y
2022,議員,區域,高雄市,第04選舉區,4,陳善慧,1,無黨籍及未經政黨推薦,17404,10.43,Y
2022,議員,區域,高雄市,第04選舉區,5,吳佩蓉,2,無黨籍及未經政黨推薦,868,0.52,N
2022,議員,區域,高雄市,第04選舉區,6,李眉蓁,2,中國國民黨,14572,8.73,Y
2022,議員,區域,高雄市,第04選舉區,7,劉宥廷,1,無黨籍及未經政黨推薦,528,0.32,N
2022,議員,區域,高雄市,第04選舉區,8,謝天助,1,無黨籍及未經政黨推薦,312,0.19,N
2022,議員,區域,高雄市,第04選舉區,9,李雅慧,2,民主進步黨,12087,7.24,Y
2022,議員,區域,高雄市,第04選舉區,10,李雅芬,2,中國國民黨,14281,8.56,Y
2022,議員,區域,高雄市,第04選舉區,11,蘇博廷,1,無黨籍及未經政黨推薦,412,0.25,N
2022,議員,區域,高雄市,第04選舉區,12,鄭侑青,2,時代力量,3707,2.22,N
2022,議員,區域,高雄市,第04選舉區,13,陳麗珍,2,中國國民黨,15597,9.35,Y
2022,議員,區域,高雄市,第04選舉區,14,柳淑芳,2,無黨籍及未經政黨推薦,635,0.38,N
2022,議員,區域,高雄市,第04選舉區,15,莊貽量,1,台灣民眾黨,5887,3.53,N
2022,議員,區域,高雄市,第04選舉區,16,黃文志,1,民主進步黨,15298,9.17,Y
2022,議員,區域,高雄市,第04選舉區,17,黃偵琳,2,民主進步黨,11480,6.88,N
2022,議員,區域,高雄市,第04選舉區,18,陳子瑜,1,台灣基進,5952,3.57,N
2022,議員,區域,高雄市,第04選舉區,19,陳玫娟,2,中國國民黨,12005,7.20,Y
2022,議員,區域,高雄市,第04選舉區,20,蘇柏銓,1,無黨籍及未經政黨推薦,1091,0.65,N
2022,議員,區域,高雄市,第05選舉區,1,黃飛鳳,2,民主進步黨,10142,9.97,Y
2022,議員,區域,高雄市,第05選舉區,2,吳利成,1,中國國民黨,13656,13.42,Y
2022,議員,區域,高雄市,第05選舉區,3,謝誌峰,1,無黨籍及未經政黨推薦,720,0.71,N
2022,議員,區域,高雄市,第05選舉區,4,張惟晴,2,中國國民黨,9051,8.90,N
2022,議員,區域,高雄市,第05選舉區,5,劉佳達,1,無黨籍及未經政黨推薦,389,0.38,N
2022,議員,區域,高雄市,第05選舉區,6,江瑞鴻,1,民主進步黨,17160,16.87,Y
2022,議員,區域,高雄市,第05選舉區,7,張勝富,1,民主進步黨,13519,13.29,Y
2022,議員,區域,高雄市,第05選舉區,8,陳清茂,1,無黨籍及未經政黨推薦,8199,8.06,N
2022,議員,區域,高雄市,第05選舉區,9,王齡嬌,2,無黨籍及未經政黨推薦,3446,3.39,N
2022,議員,區域,高雄市,第05選舉區,10,邱俊憲,1,民主進步黨,12746,12.53,Y
2022,議員,區域,高雄市,第05選舉區,11,張婷婷,2,台灣基進,6629,6.52,N
2022,議員,區域,高雄市,第05選舉區,12,吳彥輝,1,無黨籍及未經政黨推薦,1613,1.59,N
2022,議員,區域,高雄市,第05選舉區,13,陳惠君,2,台灣民眾黨,4459,4.38,N
2022,議員,區域,高雄市,第06選舉區,1,蔡金晏,1,中國國民黨,17934,20.89,Y
2022,議員,區域,高雄市,第06選舉區,2,陳美雅,2,中國國民黨,20408,23.78,Y
2022,議員,區域,高雄市,第06選舉區,3,簡煥宗,1,民主進步黨,19567,22.80,Y
2022,議員,區域,高雄市,第06選舉區,4,李喬如,2,民主進步黨,22410,26.11,Y
2022,議員,區域,高雄市,第06選舉區,5,劉家榮,1,台灣民眾黨,5519,6.43,N
2022,議員,區域,高雄市,第07選舉區,1,李佳玲,2,台灣民眾黨,4220,2.76,N
2022,議員,區域,高雄市,第07選舉區,2,陳建良,1,無黨籍及未經政黨推薦,3031,1.98,N
2022,議員,區域,高雄市,第07選舉區,3,何權峰,1,民主進步黨,13108,8.57,Y
2022,議員,區域,高雄市,第07選舉區,4,王文心,2,無黨籍及未經政黨推薦,2563,1.68,N
2022,議員,區域,高雄市,第07選舉區,5,林于凱,1,時代力量,9788,6.40,N
2022,議員,區域,高雄市,第07選舉區,6,張博洋,1,台灣基進,14817,9.69,Y
2022,議員,區域,高雄市,第07選舉區,7,曾俊傑,1,中國國民黨,12389,8.10,Y
2022,議員,區域,高雄市,第07選舉區,8,鄭孟洳,2,民主進步黨,14148,9.25,Y
2022,議員,區域,高雄市,第07選舉區,9,林武忠,1,民主進步黨,11379,7.44,N
2022,議員,區域,高雄市,第07選舉區,10,童燕珍,2,中國國民黨,8846,5.79,N
2022,議員,區域,高雄市,第07選舉區,11,康裕成,2,民主進步黨,16082,10.52,Y
2022,議員,區域,高雄市,第07選舉區,12,黃柏霖,1,中國國民黨,24503,16.03,Y
2022,議員,區域,高雄市,第07選舉區,13,黃香菽,2,中國國民黨,18003,11.78,Y
2022,議員,區域,高雄市,第08選舉區,1,郭建盟,1,民主進步黨,18039,15.51,Y
2022,議員,區域,高雄市,第08選舉區,2,陳若翠,2,中國國民黨,10747,9.24,N
2022,議員,區域,高雄市,第08選舉區,3,許釆蓁,2,中國國民黨,22570,19.40,Y
2022,議員,區域,高雄市,第08選舉區,4,劉景裕,1,無黨籍及未經政黨推薦,516,0.44,N
2022,議員,區域,高雄市,第08選舉區,5,湯詠瑜,2,民主進步黨,18535,15.93,Y
2022,議員,區域,高雄市,第08選舉區,6,吳益政,1,無黨籍及未經政黨推薦,10874,9.35,N
2022,議員,區域,高雄市,第08選舉區,7,黃紹庭,1,中國國民黨,15244,13.10,Y
2022,議員,區域,高雄市,第08選舉區,8,黃文益,1,民主進步黨,19810,17.03,Y
2022,議員,區域,高雄市,第09選舉區,1,李雨蓁,2,台灣基進,9467,5.81,N
2022,議員,區域,高雄市,第09選舉區,2,羅章譽,1,無黨籍及未經政黨推薦,179,0.11,N
2022,議員,區域,高雄市,第09選舉區,3,李雅靜,2,中國國民黨,17363,10.66,Y
2022,議員,區域,高雄市,第09選舉區,4,鍾易仲,1,中國國民黨,18619,11.43,Y
2022,議員,區域,高雄市,第09選舉區,5,陳妙真,2,台灣民眾黨,4107,2.52,N
2022,議員,區域,高雄市,第09選舉區,6,劉德林,1,中國國民黨,14570,8.94,Y
2022,議員,區域,高雄市,第09選舉區,7,鄭安秝,2,中國國民黨,12563,7.71,Y
2022,議員,區域,高雄市,第09選舉區,8,黃捷,2,無黨籍及未經政黨推薦,27744,17.03,Y
2022,議員,區域,高雄市,第09選舉區,9,陳慧文,2,民主進步黨,14134,8.67,Y
2022,議員,區域,高雄市,第09選舉區,10,廖國誌,1,無黨籍及未經政黨推薦,1811,1.11,N
2022,議員,區域,高雄市,第09選舉區,11,蘇致榮,1,民主進步黨,10718,6.58,N
2022,議員,區域,高雄市,第09選舉區,12,林智鴻,1,民主進步黨,13501,8.29,Y
2022,議員,區域,高雄市,第09選舉區,13,顧崇德,1,時代力量,1433,0.88,N
2022,議員,區域,高雄市,第09選舉區,14,徐尚賢,1,無黨籍及未經政黨推薦,3782,2.32,N
2022,議員,區域,高雄市,第09選舉區,15,張漢忠,1,民主進步黨,12943,7.94,Y
2022,議員,區域,高雄市,第10選舉區,1,顏坤泉,1,左翼聯盟,1498,0.93,N
2022,議員,區域,高雄市,第10選舉區,2,朱挺玗,2,無黨籍及未經政黨推薦,4671,2.90,N
2022,議員,區域,高雄市,第10選舉區,3,鄭光峰,1,民主進步黨,15917,9.89,Y
2022,議員,區域,高雄市,第10選舉區,4,黃雍琇,2,民主進步黨,10601,6.59,N
2022,議員,區域,高雄市,第10選舉區,5,陳致中,1,民主進步黨,18545,11.53,Y
2022,議員,區域,高雄市,第10選舉區,6,余宗熹,1,無黨籍及未經政黨推薦,3237,2.01,N
2022,議員,區域,高雄市,第10選舉區,7,曾麗燕,2,中國國民黨,15469,9.62,Y
2022,議員,區域,高雄市,第10選舉區,8,于仙玲,2,小民參政歐巴桑聯盟,3490,2.17,N
2022,議員,區域,高雄市,第10選舉區,9,黃敬雅,2,台灣基進,7634,4.75,N
2022,議員,區域,高雄市,第10選舉區,10,黃彥毓,1,民主進步黨,10826,6.73,Y
2022,議員,區域,高雄市,第10選舉區,11,吳銘賜,1,台灣團結聯盟,13428,8.35,Y
2022,議員,區域,高雄市,第10選舉區,12,蔡武宏,1,中國國民黨,14689,9.13,Y
2022,議員,區域,高雄市,第10選舉區,13,湯茹婷,2,時代力量,5990,3.72,N
2022,議員,區域,高雄市,第10選舉區,14,陳麗娜,2,中國國民黨,15696,9.76,Y
2022,議員,區域,高雄市,第10選舉區,15,陳識明,1,中國國民黨,4910,3.05,N
2022,議員,區域,高雄市,第10選舉區,16,李順進,1,無黨團結聯盟,13660,8.49,Y
2022,議員,區域,高雄市,第10選舉區,17,蔡媽福,1,無黨籍及未經政黨推薦,613,0.38,N
2022,議員,區域,高雄市,第11選舉區,1,張雨柔,2,時代力量,2864,3.15,N
2022,議員,區域,高雄市,第11選舉區,2,李雨庭,2,民主進步黨,15200,16.74,Y
2022,議員,區域,高雄市,第11選舉區,3,洪村銘,1,民主進步黨,12246,13.49,N
2022,議員,區域,高雄市,第11選舉區,4,邱于軒,2,中國國民黨,14980,16.50,Y
2022,議員,區域,高雄市,第11選舉區,5,蔡永晶,1,無黨籍及未經政黨推薦,104,0.11,N
2022,議員,區域,高雄市,第11選舉區,6,楊佩樺,2,台灣基進,2838,3.13,N
2022,議員,區域,高雄市,第11選舉區,7,王耀裕,1,中國國民黨,14703,16.19,Y
2022,議員,區域,高雄市,第11選舉區,8,黃天煌,1,中國國民黨,13203,14.54,Y
2022,議員,區域,高雄市,第11選舉區,9,李建輝,1,無黨籍及未經政黨推薦,1733,1.91,N
2022,議員,區域,高雄市,第11選舉區,10,韓賜村,1,民主進步黨,12918,14.23,N
2022,議員,區域,新北市,第01選舉區,1,鄭宇恩,2,民主進步黨,23913,20.49,Y
2022,議員,區域,新北市,第01選舉區,2,陳偉杰,1,中國國民黨,28272,24.23,Y
2022,議員,區域,新北市,第01選舉區,3,彭莉惠,2,民主進步黨,17210,14.75,N
2022,議員,區域,新北市,第01選舉區,4,陳靜儀,2,台灣民眾黨,4053,3.47,N
2022,議員,區域,新北市,第01選舉區,5,陳家琪,2,中國國民黨,20391,17.48,Y
2022,議員,區域,新北市,第01選舉區,6,蔡錦賢,1,無黨團結聯盟,22839,19.57,Y
2022,議員,區域,新北市,第02選舉區,1,李宇翔,1,民主進步黨,23558,18.93,Y
2022,議員,區域,新北市,第02選舉區,2,郭原佑,1,無黨籍及未經政黨推薦,1466,1.18,N
2022,議員,區域,新北市,第02選舉區,3,蔡淑君,2,中國國民黨,28783,23.13,Y
2022,議員,區域,新北市,第02選舉區,4,董俊宏,1,台灣基進,889,0.71,N
2022,議員,區域,新北市,第02選舉區,5,陳明義,1,中國國民黨,26511,21.31,Y
2022,議員,區域,新北市,第02選舉區,6,宋明宗,1,中國國民黨,21587,17.35,Y
2022,議員,區域,新北市,第02選舉區,7,賴秋媚,2,民主進步黨,20201,16.23,N
2022,議員,區域,新北市,第02選舉區,8,黃琦翔,1,台灣民眾黨,1436,1.15,N
2022,議員,區域,新北市,第03選舉區,1,張志宏,1,無黨籍及未經政黨推薦,10194,5.59,N
2022,議員,區域,新北市,第03選舉區,2,黃聖超,1,中國國民黨,11124,6.10,N
2022,議員,區域,新北市,第03選舉區,3,陳炫銘,1,無黨籍及未經政黨推薦,640,0.35,N
2022,議員,區域,新北市,第03選舉區,4,邱吉均,1,無黨籍及未經政黨推薦,411,0.23,N
2022,議員,區域,新北市,第03選舉區,6,許明偉,1,無黨籍及未經政黨推薦,2311,1.27,N
2022,議員,區域,新北市,第03選舉區,7,郭岱軒,1,無黨籍及未經政黨推薦,3113,1.71,N
2022,議員,區域,新北市,第03選舉區,8,陳世軒,1,台灣民眾黨,14906,8.17,Y
2022,議員,區域,新北市,第03選舉區,9,蔡健棠,1,中國國民黨,17674,9.69,Y
2022,議員,區域,新北市,第03選舉區,10,林秉宥,1,民主進步黨,19685,10.79,Y
2022,議員,區域,新北市,第03選舉區,11,何語蓉,2,小民參政歐巴桑聯盟,4631,2.54,N
2022,議員,區域,新北市,第03選舉區,12,蔣根煌,1,中國國民黨,22509,12.34,Y
2022,議員,區域,新北市,第03選舉區,13,陳科名,1,無黨籍及未經政黨推薦,11436,6.27,N
2022,議員,區域,新北市,第03選舉區,14,翁震州,1,民主進步黨,18436,10.11,Y
2022,議員,區域,新北市,第03選舉區,15,鍾宏仁,1,民主進步黨,15883,8.71,Y
2022,議員,區域,新北市,第03選舉區,16,吳香君,2,時代力量,10725,5.88,N
2022,議員,區域,新北市,第03選舉區,17,陳吉,1,無黨籍及未經政黨推薦,781,0.43,N
2022,議員,區域,新北市,第03選舉區,18,戴湘儀,2,中國國民黨,17963,9.85,Y
2022,議員,區域,新北市,第04選舉區,1,陳啟能,1,民主進步黨,27570,10.31,Y
2022,議員,區域,新北市,第04選舉區,2,王威元,1,中國國民黨,25494,9.54,Y
2022,議員,區域,新北市,第04選舉區,3,陳俊霖,1,台灣民眾黨,14568,5.45,N
2022,議員,區域,新北市,第04選舉區,4,李余典,1,民主進步黨,20484,7.66,Y
2022,議員,區域,新北市,第04選舉區,5,陳宛毓,2,小民參政歐巴桑聯盟,8122,3.04,N
2022,議員,區域,新北市,第04選舉區,6,黃桂蘭,2,中國國民黨,25189,9.42,Y
2022,議員,區域,新北市,第04選舉區,7,邱婷蔚,2,民主進步黨,22733,8.50,Y
2022,議員,區域,新北市,第04選舉區,8,彭佳芸,2,民主進步黨,26059,9.75,Y
2022,議員,區域,新北市,第04選舉區,9,李倩萍,2,民主進步黨,20501,7.67,Y
2022,議員,區域,新北市,第04選舉區,10,李翁月娥,2,無黨籍及未經政黨推薦,24468,9.15,Y
2022,議員,區域,新北市,第04選舉區,11,林鼎超,1,中國國民黨,15242,5.70,N
2022,議員,區域,新北市,第04選舉區,12,顏蔚慈,2,民主進步黨,17689,6.62,Y
2022,議員,區域,新北市,第04選舉區,13,吳訓孝,1,中國國民黨,14918,5.58,N
2022,議員,區域,新北市,第04選舉區,14,王景弘,1,時代力量,3654,1.37,N
2022,議員,區域,新北市,第04選舉區,15,董俊良,1,新黨,612,0.23,N
2022,議員,區域,新北市,第05選舉區,1,林國春,1,中國國民黨,29612,11.55,Y
2022,議員,區域,新北市,第05選舉區,2,劉美芳,2,中國國民黨,18796,7.33,Y
2022,議員,區域,新北市,第05選舉區,3,曾煥嘉,1,中國國民黨,20798,8.11,Y
2022,議員,區域,新北市,第05選舉區,4,吳達偉,1,台灣民眾黨,10588,4.13,N
2022,議員,區域,新北市,第05選舉區,5,王淑慧,2,無黨籍及未經政黨推薦,8404,3.28,N
2022,議員,區域,新北市,第05選舉區,6,戴瑋姗,2,民主進步黨,24938,9.72,Y
2022,議員,區域,新北市,第05選舉區,7,彭盛韶,1,時代力量,7352,2.87,N
2022,議員,區域,新北市,第05選舉區,8,周勝考,1,中國國民黨,15049,5.87,Y
2022,議員,區域,新北市,第05選舉區,9,顏維勲,1,無黨籍及未經政黨推薦,1257,0.49,N
2022,議員,區域,新北市,第05選舉區,10,張淑惠,2,小民參政歐巴桑聯盟,4320,1.68,N
2022,議員,區域,新北市,第05選舉區,11,李婉鈺,2,無黨籍及未經政黨推薦,7152,2.79,N
2022,議員,區域,新北市,第05選舉區,12,郭柏成,1,無黨籍及未經政黨推薦,436,0.17,N
2022,議員,區域,新北市,第05選舉區,13,陳玉鳳,2,中國和平統一黨,182,0.07,N
2022,議員,區域,新北市,第05選舉區,14,葉元之,1,中國國民黨,28418,11.08,Y
2022,議員,區域,新北市,第05選舉區,15,山田摩衣,2,民主進步黨,19740,7.70,Y
2022,議員,區域,新北市,第05選舉區,16,黃俊哲,1,民主進步黨,15254,5.95,Y
2022,議員,區域,新北市,第05選舉區,17,阮橋本,1,無黨籍及未經政黨推薦,3335,1.30,N
2022,議員,區域,新北市,第05選舉區,18,黃淑君,2,民主進步黨,17964,7.01,Y
2022,議員,區域,新北市,第05選舉區,19,張家維,1,無黨籍及未經政黨推薦,2848,1.11,N
2022,議員,區域,新北市,第05選舉區,20,廖裕德,1,無黨團結聯盟,6479,2.53,N
2022,議員,區域,新北市,第05選舉區,21,石一佑,2,民主進步黨,13514,5.27,N
2022,議員,區域,新北市,第06選舉區,1,蔡明璋,1,新黨,2019,1.04,N
2022,議員,區域,新北市,第06選舉區,2,陳逸展,1,無黨籍及未經政黨推薦,1232,0.63,N
2022,議員,區域,新北市,第06選舉區,3,邱烽堯,1,中國國民黨,24932,12.80,Y
2022,議員,區域,新北市,第06選舉區,4,金瑞龍,1,中國國民黨,29395,15.09,Y
2022,議員,區域,新北市,第06選舉區,5,李正皓,1,無黨籍及未經政黨推薦,13673,7.02,N
2022,議員,區域,新北市,第06選舉區,6,游輝宂,1,中國國民黨,23991,12.31,Y
2022,議員,區域,新北市,第06選舉區,7,陳錦錠,2,中國國民黨,28509,14.63,Y
2022,議員,區域,新北市,第06選舉區,8,張維倩,2,民主進步黨,24254,12.45,Y
2022,議員,區域,新北市,第06選舉區,9,張嘉玲,2,民主進步黨,20301,10.42,Y
2022,議員,區域,新北市,第06選舉區,10,張志豪,1,民主進步黨,16625,8.53,N
2022,議員,區域,新北市,第06選舉區,11,王如意,2,台灣民眾黨,9909,5.09,N
2022,議員,區域,新北市,第07選舉區,1,陳鴻源,1,中國國民黨,27547,27.81,Y
2022,議員,區域,新北市,第07選舉區,2,連斐璠,2,中國國民黨,31408,31.71,Y
2022,議員,區域,新北市,第07選舉區,3,蕭蒼澤,1,台灣維新,1853,1.87,N
2022,議員,區域,新北市,第07選舉區,4,羅文崇,1,民主進步黨,17767,17.94,N
2022,議員,區域,新北市,第07選舉區,5,許昭興,2,民主進步黨,20486,20.68,Y
2022,議員,區域,新北市,第08選舉區,1,彭一書,1,民主進步黨,22779,8.43,Y
2022,議員,區域,新北市,第08選舉區,2,江怡臻,2,中國國民黨,19409,7.19,Y
2022,議員,區域,新北市,第08選舉區,3,黃永昌,1,中國國民黨,21369,7.91,Y
2022,議員,區域,新北市,第08選舉區,4,王正,1,勞動黨,2035,0.75,N
2022,議員,區域,新北市,第08選舉區,5,張昭隆,1,台灣民眾黨,4629,1.71,N
2022,議員,區域,新北市,第08選舉區,6,洪佳君,2,中國國民黨,26526,9.82,Y
2022,議員,區域,新北市,第08選舉區,7,蘇泓欽,1,無黨籍及未經政黨推薦,18741,6.94,Y
2022,議員,區域,新北市,第08選舉區,8,曾進益,1,民主進步黨,13384,4.95,N
2022,議員,區域,新北市,第08選舉區,9,歐金獅,1,無黨籍及未經政黨推薦,4340,1.61,N
2022,議員,區域,新北市,第08選舉區,10,高乃芸,2,民主進步黨,15806,5.85,N
2022,議員,區域,新北市,第08選舉區,11,廖宜琨,1,民主進步黨,18824,6.97,Y
2022,議員,區域,新北市,第08選舉區,12,呂家愷,1,中國國民黨,16922,6.26,Y
2022,議員,區域,新北市,第08選舉區,13,陳世榮,1,無黨籍及未經政黨推薦,15333,5.68,N
2022,議員,區域,新北市,第08選舉區,14,林金結,1,中國國民黨,29933,11.08,Y
2022,議員,區域,新北市,第08選舉區,15,林銘仁,1,民主進步黨,15846,5.87,Y
2022,議員,區域,新北市,第08選舉區,16,簡元泰,1,無黨籍及未經政黨推薦,346,0.13,N
2022,議員,區域,新北市,第08選舉區,17,卓冠廷,1,民主進步黨,23907,8.85,Y
2022,議員,區域,新北市,第09選舉區,1,陳乃瑜,2,民主進步黨,31473,19.55,Y
2022,議員,區域,新北市,第09選舉區,2,陳儀君,2,中國國民黨,27488,17.07,Y
2022,議員,區域,新北市,第09選舉區,3,張凱鈞,1,台灣民眾黨,15301,9.50,N
2022,議員,區域,新北市,第09選舉區,4,陳永福,1,民主進步黨,24362,15.13,Y
2022,議員,區域,新北市,第09選舉區,5,黃心華,1,中國國民黨,32806,20.37,Y
2022,議員,區域,新北市,第09選舉區,6,劉哲彰,1,中國國民黨,29592,18.38,Y
2022,議員,區域,新北市,第10選舉區,1,蕭敬嚴,1,中國國民黨,11043,36.80,N
2022,議員,區域,新北市,第10選舉區,2,林裔綺,2,民主進步黨,18968,63.20,Y
2022,議員,區域,新北市,第11選舉區,1,彭立信,1,台灣民眾黨,3364,3.06,N
2022,議員,區域,新北市,第11選舉區,2,周雅玲,2,民主進步黨,20409,18.59,Y
2022,議員,區域,新北市,第11選舉區,3,廖先翔,1,中國國民黨,32190,29.33,Y
2022,議員,區域,新北市,第11選舉區,4,白珮茹,2,中國國民黨,29591,26.96,Y
2022,議員,區域,新北市,第11選舉區,5,黃瑞傳,1,無黨籍及未經政黨推薦,1375,1.25,N
2022,議員,區域,新北市,第11選舉區,6,張錦豪,1,民主進步黨,22835,20.80,Y
2022,議員,區域,臺中市,第01選舉區,1,李文傑,1,中國國民黨,15214,23.27,Y
2022,議員,區域,臺中市,第01選舉區,2,施志昌,1,民主進步黨,18367,28.09,Y
2022,議員,區域,臺中市,第01選舉區,3,楊啓邦,1,中國國民黨,19654,30.06,Y
2022,議員,區域,臺中市,第01選舉區,4,吳敏濟,1,民主進步黨,12144,18.57,N
2022,議員,區域,臺中市,第02選舉區,1,陳廷秀,1,無黨籍及未經政黨推薦,15305,12.60,Y
2022,議員,區域,臺中市,第02選舉區,2,陳怡萱,2,小民參政歐巴桑聯盟,3787,3.12,N
2022,議員,區域,臺中市,第02選舉區,3,尤碧鈴,2,無黨籍及未經政黨推薦,12344,10.16,N
2022,議員,區域,臺中市,第02選舉區,4,王立任,1,民主進步黨,16777,13.81,Y
2022,議員,區域,臺中市,第02選舉區,5,張清照,1,中國國民黨,19979,16.45,Y
2022,議員,區域,臺中市,第02選舉區,6,楊典忠,1,民主進步黨,21320,17.55,Y
2022,議員,區域,臺中市,第02選舉區,7,紀金豐,1,無黨籍及未經政黨推薦,966,0.80,N
2022,議員,區域,臺中市,第02選舉區,8,顏莉敏,2,中國國民黨,29586,24.36,Y
2022,議員,區域,臺中市,第02選舉區,9,陳奇勲,1,無黨籍及未經政黨推薦,1412,1.16,N
2022,議員,區域,臺中市,第03選舉區,1,林昊佑,1,無黨籍及未經政黨推薦,20919,20.41,Y
2022,議員,區域,臺中市,第03選舉區,2,曾威,1,民主進步黨,13421,13.09,Y
2022,議員,區域,臺中市,第03選舉區,3,林孟令,1,無黨籍及未經政黨推薦,18414,17.97,Y
2022,議員,區域,臺中市,第03選舉區,4,宋柏誼,1,無黨籍及未經政黨推薦,1049,1.02,N
2022,議員,區域,臺中市,第03選舉區,5,張家銨,2,民主進步黨,15440,15.06,Y
2022,議員,區域,臺中市,第03選舉區,6,陳玄曄,1,無黨籍及未經政黨推薦,4167,4.07,N
2022,議員,區域,臺中市,第03選舉區,7,魏嘉慶,1,台灣民眾黨,4930,4.81,N
2022,議員,區域,臺中市,第03選舉區,8,楊文元,1,無黨籍及未經政黨推薦,344,0.34,N
2022,議員,區域,臺中市,第03選舉區,9,吳瓊華,2,中國國民黨,23813,23.23,Y
2022,議員,區域,臺中市,第04選舉區,1,陳若庭,2,台灣基進,6992,6.43,N
2022,議員,區域,臺中市,第04選舉區,2,陳本添,1,中國國民黨,10770,9.90,Y
2022,議員,區域,臺中市,第04選舉區,3,張瀞分,2,中國國民黨,10717,9.85,Y
2022,議員,區域,臺中市,第04選舉區,4,廖芝晏,2,民主進步黨,10046,9.23,N
2022,議員,區域,臺中市,第04選舉區,5,翁美春,2,無黨籍及未經政黨推薦,8803,8.09,N
2022,議員,區域,臺中市,第04選舉區,6,謝志忠,1,民主進步黨,12529,11.52,Y
2022,議員,區域,臺中市,第04選舉區,7,邱愛珊,2,中國國民黨,16177,14.87,Y
2022,議員,區域,臺中市,第04選舉區,8,傅智恒,1,時代力量,1465,1.35,N
2022,議員,區域,臺中市,第04選舉區,9,黃朝淵,1,無黨籍及未經政黨推薦,6854,6.30,N
2022,議員,區域,臺中市,第04選舉區,10,陳清龍,1,無黨籍及未經政黨推薦,15363,14.12,Y
2022,議員,區域,臺中市,第04選舉區,11,蔡怡萱,2,無黨籍及未經政黨推薦,9088,8.35,N
2022,議員,區域,臺中市,第05選舉區,1,黃威堯,1,無黨籍及未經政黨推薦,681,0.54,N
2022,議員,區域,臺中市,第05選舉區,2,蕭隆澤,1,民主進步黨,17735,14.04,Y
2022,議員,區域,臺中市,第05選舉區,3,周永鴻,1,民主進步黨,21094,16.70,Y
2022,議員,區域,臺中市,第05選舉區,4,徐瑄灃,2,無黨籍及未經政黨推薦,16488,13.05,Y
2022,議員,區域,臺中市,第05選舉區,5,林義偉,1,民主進步黨,4389,3.47,N
2022,議員,區域,臺中市,第05選舉區,6,鄭勁節,1,時代力量,3532,2.80,N
2022,議員,區域,臺中市,第05選舉區,7,邢振華,1,無黨籍及未經政黨推薦,219,0.17,N
2022,議員,區域,臺中市,第05選舉區,8,羅永珍,2,中國國民黨,16805,13.30,Y
2022,議員,區域,臺中市,第05選舉區,9,賴朝國,1,中國國民黨,17264,13.67,Y
2022,議員,區域,臺中市,第05選舉區,10,黃郁芩,2,小民參政歐巴桑聯盟,1199,0.95,N
2022,議員,區域,臺中市,第05選舉區,11,吳呈賢,1,中國國民黨,16803,13.30,Y
2022,議員,區域,臺中市,第05選舉區,12,張睿倉,1,台灣民眾黨,10116,8.01,N
2022,議員,區域,臺中市,第06選舉區,1,羅東霖,1,無黨籍及未經政黨推薦,505,0.51,N
2022,議員,區域,臺中市,第06選舉區,2,黃馨慧,2,中國國民黨,18190,18.20,Y
2022,議員,區域,臺中市,第06選舉區,3,林祈烽,1,民主進步黨,17065,17.08,Y
2022,議員,區域,臺中市,第06選舉區,4,陳淑華,2,民主進步黨,18274,18.29,Y
2022,議員,區域,臺中市,第06選舉區,5,張廖乃綸,2,中國國民黨,11560,11.57,Y
2022,議員,區域,臺中市,第06選舉區,6,楊大鋐,1,中國國民黨,22864,22.88,Y
2022,議員,區域,臺中市,第06選舉區,7,曾崇芳,1,無黨籍及未經政黨推薦,7702,7.71,N
2022,議員,區域,臺中市,第06選舉區,8,張仲翹,1,台灣民眾黨,3760,3.76,N
2022,議員,區域,臺中市,第07選舉區,1,吳佩芸,2,時代力量,14054,17.94,Y
2022,議員,區域,臺中市,第07選舉區,2,何坤鑫,1,無黨籍及未經政黨推薦,368,0.47,N
2022,議員,區域,臺中市,第07選舉區,3,張耀中,1,民主進步黨,12416,15.85,N
2022,議員,區域,臺中市,第07選舉區,4,何文海,1,民主進步黨,15418,19.68,Y
2022,議員,區域,臺中市,第07選舉區,5,劉士州,1,中國國民黨,13869,17.70,Y
2022,議員,區域,臺中市,第07選舉區,6,洪鑫任,1,台灣民眾黨,4709,6.01,N
2022,議員,區域,臺中市,第07選舉區,7,朱暖英,2,中國國民黨,17512,22.35,Y
2022,議員,區域,臺中市,第08選舉區,1,沈佑蓮,2,中國國民黨,22788,17.64,Y
2022,議員,區域,臺中市,第08選舉區,2,陳成添,1,中國國民黨,14281,11.06,Y
2022,議員,區域,臺中市,第08選舉區,3,曾朝榮,1,民主進步黨,17164,13.29,Y
2022,議員,區域,臺中市,第08選舉區,4,李文基,1,無黨籍及未經政黨推薦,2574,1.99,N
2022,議員,區域,臺中市,第08選舉區,5,邱于珊,2,台灣民眾黨,5058,3.92,N
2022,議員,區域,臺中市,第08選舉區,6,謝家宜,2,民主進步黨,14349,11.11,Y
2022,議員,區域,臺中市,第08選舉區,7,彭振芳,1,前進黨,265,0.21,N
2022,議員,區域,臺中市,第08選舉區,8,黃健豪,1,中國國民黨,16657,12.90,Y
2022,議員,區域,臺中市,第08選舉區,9,賴順仁,1,中國國民黨,12792,9.90,Y
2022,議員,區域,臺中市,第08選舉區,10,蔡雅玲,2,民主進步黨,10195,7.89,N
2022,議員,區域,臺中市,第08選舉區,11,段體佩,1,無黨籍及未經政黨推薦,8755,6.78,N
2022,議員,區域,臺中市,第08選舉區,12,楊欣怡,2,台灣基進,4283,3.32,N
2022,議員,區域,臺中市,第09選舉區,1,陳政顯,1,中國國民黨,18236,27.47,Y
2022,議員,區域,臺中市,第09選舉區,2,賴佳微,2,民主進步黨,11643,17.54,N
2022,議員,區域,臺中市,第09選舉區,3,陳文政,1,中國國民黨,16574,24.97,Y
2022,議員,區域,臺中市,第09選舉區,4,林欣德,1,台灣民眾黨,3301,4.97,N
2022,議員,區域,臺中市,第09選舉區,5,陳俞融,2,民主進步黨,16621,25.04,Y
2022,議員,區域,臺中市,第10選舉區,1,紀文清,1,無黨籍及未經政黨推薦,368,0.62,N
2022,議員,區域,臺中市,第10選舉區,2,林京玲,2,無黨籍及未經政黨推薦,9285,15.71,N
2022,議員,區域,臺中市,第10選舉區,3,黃守達,1,民主進步黨,14614,24.72,Y
2022,議員,區域,臺中市,第10選舉區,4,江肇國,1,民主進步黨,13646,23.09,Y
2022,議員,區域,臺中市,第10選舉區,5,黃敬傑,1,無黨籍及未經政黨推薦,361,0.61,N
2022,議員,區域,臺中市,第10選舉區,6,張彥彤,1,中國國民黨,16161,27.34,Y
2022,議員,區域,臺中市,第10選舉區,7,許瑞宏,1,台灣民眾黨,4676,7.91,N
2022,議員,區域,臺中市,第11選舉區,1,何昆霖,1,民主進步黨,10751,11.16,N
2022,議員,區域,臺中市,第11選舉區,2,張鈺偵,2,小民參政歐巴桑聯盟,2212,2.30,N
2022,議員,區域,臺中市,第11選舉區,3,徐小媚,2,時代力量,2413,2.50,N
2022,議員,區域,臺中市,第11選舉區,4,翁俊楠,1,無黨籍及未經政黨推薦,1854,1.92,N
2022,議員,區域,臺中市,第11選舉區,5,林文仲,1,無黨籍及未經政黨推薦,1093,1.13,N
2022,議員,區域,臺中市,第11選舉區,6,羅廷瑋,1,中國國民黨,25381,26.34,Y
2022,議員,區域,臺中市,第11選舉區,7,李中,1,中國國民黨,14736,15.29,Y
2022,議員,區域,臺中市,第11選舉區,8,陳雅惠,2,民主進步黨,11420,11.85,Y
2022,議員,區域,臺中市,第11選舉區,9,林俊凱,1,台灣民眾黨,3573,3.71,N
2022,議員,區域,臺中市,第11選舉區,10,林霈涵,2,中國國民黨,11136,11.56,Y
2022,議員,區域,臺中市,第11選舉區,11,鄭功進,1,民主進步黨,11803,12.25,Y
2022,議員,區域,臺中市,第12選舉區,1,張玉嬿,2,民主進步黨,13753,16.16,Y
2022,議員,區域,臺中市,第12選舉區,2,吳吉森,1,無黨籍及未經政黨推薦,3025,3.55,N
2022,議員,區域,臺中市,第12選舉區,3,賴義鍠,1,中國國民黨,20861,24.52,Y
2022,議員,區域,臺中市,第12選舉區,4,林宜蓁,2,台灣基進,5994,7.04,N
2022,議員,區域,臺中市,第12選舉區,5,葉諾凡,1,台灣民眾黨,6810,8.00,N
2022,議員,區域,臺中市,第12選舉區,6,蔡耀頡,1,民主進步黨,13078,15.37,Y
2022,議員,區域,臺中市,第12選舉區,7,黃佳恬,2,中國國民黨,21572,25.35,Y
2022,議員,區域,臺中市,第13選舉區,1,林碧秀,2,中國國民黨,18757,14.47,Y
2022,議員,區域,臺中市,第13選舉區,2,張芬郁,2,民主進步黨,13411,10.35,Y
2022,議員,區域,臺中市,第13選舉區,3,薛安琪,2,小民參政歐巴桑聯盟,1463,1.13,N
2022,議員,區域,臺中市,第13選舉區,4,楊偉浚,1,無黨籍及未經政黨推薦,1564,1.21,N
2022,議員,區域,臺中市,第13選舉區,5,段中仁,1,無黨籍及未經政黨推薦,7067,5.45,N
2022,議員,區域,臺中市,第13選舉區,6,林德宇,1,民主進步黨,14752,11.38,Y
2022,議員,區域,臺中市,第13選舉區,7,江和樹,1,台灣民眾黨,15198,11.73,Y
2022,議員,區域,臺中市,第13選舉區,8,張滄沂,1,無黨籍及未經政黨推薦,11939,9.21,N
2022,議員,區域,臺中市,第13選舉區,9,蘇柏興,1,中國國民黨,12362,9.54,Y
2022,議員,區域,臺中市,第13選舉區,10,鄒明諺,1,時代力量,5041,3.89,N
2022,議員,區域,臺中市,第13選舉區,11,林子傑,1,無黨籍及未經政黨推薦,751,0.58,N
2022,議員,區域,臺中市,第13選舉區,12,鄭伯其,1,中國國民黨,11919,9.20,N
2022,議員,區域,臺中市,第13選舉區,13,陳裕承,1,無黨籍及未經政黨推薦,2700,2.08,N
2022,議員,區域,臺中市,第13選舉區,14,李天生,1,民主進步黨,12670,9.78,Y
2022,議員,區域,臺中市,第14選舉區,1,吳振嘉,1,中國國民黨,17997,35.47,Y
2022,議員,區域,臺中市,第14選舉區,2,賴裕銘,1,無黨籍及未經政黨推薦,7387,14.56,N
2022,議員,區域,臺中市,第14選舉區,3,蔡成圭,1,民主進步黨,11295,22.26,Y
2022,議員,區域,臺中市,第14選舉區,4,徐煊博,1,台灣基進,6100,12.02,N
2022,議員,區域,臺中市,第14選舉區,5,冉齡軒,2,無黨籍及未經政黨推薦,7956,15.68,N
2022,議員,區域,臺南市,第01選舉區,1,蔡育輝,1,中國國民黨,18304,19.63,Y
2022,議員,區域,臺南市,第01選舉區,2,沈家鳳,2,民主進步黨,9055,9.71,N
2022,議員,區域,臺南市,第01選舉區,3,廖志峯,1,無黨籍及未經政黨推薦,835,0.90,N
2022,議員,區域,臺南市,第01選舉區,4,趙昆原,1,無黨籍及未經政黨推薦,12730,13.65,Y
2022,議員,區域,臺南市,第01選舉區,5,劉米山,1,民主進步黨,9446,10.13,N
2022,議員,區域,臺南市,第01選舉區,6,姚正玉,2,中國國民黨,5986,6.42,N
2022,議員,區域,臺南市,第01選舉區,7,張世賢,1,中國國民黨,12650,13.56,Y
2022,議員,區域,臺南市,第01選舉區,8,王宣貿,1,民主進步黨,12660,13.57,Y
2022,議員,區域,臺南市,第01選舉區,9,李宗翰,1,民主進步黨,11597,12.43,Y
2022,議員,區域,臺南市,第02選舉區,1,蔡秋蘭,2,民主進步黨,11836,14.86,Y
2022,議員,區域,臺南市,第02選舉區,2,蔡蘇秋金,2,民主進步黨,14711,18.47,Y
2022,議員,區域,臺南市,第02選舉區,3,謝舒凡,2,民主進步黨,13979,17.55,Y
2022,議員,區域,臺南市,第02選舉區,4,陳昆和,1,無黨籍及未經政黨推薦,13243,16.63,Y
2022,議員,區域,臺南市,第02選舉區,5,黄建昌,1,台灣基進,5808,7.29,N
2022,議員,區域,臺南市,第02選舉區,6,蔣琦君,2,無黨籍及未經政黨推薦,5288,6.64,N
2022,議員,區域,臺南市,第02選舉區,7,方一峰,1,中國國民黨,14766,18.54,Y
2022,議員,區域,臺南市,第03選舉區,1,陳秋宏,1,民主進步黨,18457,30.06,Y
2022,議員,區域,臺南市,第03選舉區,2,陳沛然,1,無黨籍及未經政黨推薦,749,1.22,N
2022,議員,區域,臺南市,第03選舉區,3,尤榮智,1,中國國民黨,14978,24.40,Y
2022,議員,區域,臺南市,第03選舉區,4,姜雨良,1,無黨籍及未經政黨推薦,791,1.29,N
2022,議員,區域,臺南市,第03選舉區,5,郭秀珠,2,無黨團結聯盟,12929,21.06,N
2022,議員,區域,臺南市,第03選舉區,6,吳通龍,1,民主進步黨,13493,21.98,Y
2022,議員,區域,臺南市,第04選舉區,1,周奕齊,1,無黨籍及未經政黨推薦,12475,65.14,Y
2022,議員,區域,臺南市,第04選舉區,2,陳福慶,1,民主進步黨,6676,34.86,N
2022,議員,區域,臺南市,第05選舉區,1,廖俊道,1,無黨籍及未經政黨推薦,8028,9.90,N
2022,議員,區域,臺南市,第05選舉區,2,李文俊,1,中國國民黨,12391,15.28,Y
2022,議員,區域,臺南市,第05選舉區,3,李偉智,1,民主進步黨,10371,12.79,Y
2022,議員,區域,臺南市,第05選舉區,4,洪岳銘,1,台灣民眾黨,3198,3.94,N
2022,議員,區域,臺南市,第05選舉區,5,陳碧玉,2,民主進步黨,9772,12.05,Y
2022,議員,區域,臺南市,第05選舉區,6,林全忠,1,中國國民黨,7725,9.53,N
2022,議員,區域,臺南市,第05選舉區,7,余柷青,2,民主進步黨,11109,13.70,Y
2022,議員,區域,臺南市,第05選舉區,8,王清崎,1,無黨籍及未經政黨推薦,6662,8.22,N
2022,議員,區域,臺南市,第05選舉區,9,林志展,1,民主進步黨,11820,14.58,Y
2022,議員,區域,臺南市,第06選舉區,1,王明彥,1,台灣基進,1859,1.95,N
2022,議員,區域,臺南市,第06選舉區,2,邱昭勝,1,無黨籍及未經政黨推薦,8896,9.34,Y
2022,議員,區域,臺南市,第06選舉區,3,陳建大明,1,時代力量,467,0.49,N
2022,議員,區域,臺南市,第06選舉區,4,郭信良,1,無黨籍及未經政黨推薦,18922,19.86,Y
2022,議員,區域,臺南市,第06選舉區,5,陳進星,1,無黨籍及未經政黨推薦,75,0.08,N
2022,議員,區域,臺南市,第06選舉區,6,陳詩薇,2,台灣民眾黨,3909,4.10,N
2022,議員,區域,臺南市,第06選舉區,7,郭清華,1,民主進步黨,10733,11.27,Y
2022,議員,區域,臺南市,第06選舉區,8,林緯,1,無黨籍及未經政黨推薦,6754,7.09,N
2022,議員,區域,臺南市,第06選舉區,9,黃麗招,2,無黨籍及未經政黨推薦,8841,9.28,Y
2022,議員,區域,臺南市,第06選舉區,10,李中岑,2,中國國民黨,9371,9.84,Y
2022,議員,區域,臺南市,第06選舉區,11,陳瑜緁,2,無黨籍及未經政黨推薦,274,0.29,N
2022,議員,區域,臺南市,第06選舉區,12,蔡麗青,2,民主進步黨,9217,9.67,Y
2022,議員,區域,臺南市,第06選舉區,13,童小芸,2,中國國民黨,7536,7.91,N
2022,議員,區域,臺南市,第06選舉區,14,王錦德,1,民主進步黨,8420,8.84,N
2022,議員,區域,臺南市,第07選舉區,1,陳秋萍,2,民主進步黨,9531,9.03,Y
2022,議員,區域,臺南市,第07選舉區,2,杜雪吟,2,小民參政歐巴桑聯盟,1008,0.95,N
2022,議員,區域,臺南市,第07選舉區,3,林燕祝,2,中國國民黨,18948,17.95,Y
2022,議員,區域,臺南市,第07選舉區,4,吳依潔,2,台灣基進,5053,4.79,N
2022,議員,區域,臺南市,第07選舉區,5,楊中成,1,台灣團結聯盟,7248,6.87,Y
2022,議員,區域,臺南市,第07選舉區,6,陳世霖,1,無黨籍及未經政黨推薦,7084,6.71,N
2022,議員,區域,臺南市,第07選舉區,7,李鎮國,1,中國國民黨,9566,9.06,Y
2022,議員,區域,臺南市,第07選舉區,8,許崇洲,1,無黨籍及未經政黨推薦,584,0.55,N
2022,議員,區域,臺南市,第07選舉區,9,黄肇輝,1,民主進步黨,7432,7.04,Y
2022,議員,區域,臺南市,第07選舉區,10,馬杰睿,1,無黨籍及未經政黨推薦,3427,3.25,N
2022,議員,區域,臺南市,第07選舉區,11,朱正軒,1,民主進步黨,9993,9.47,Y
2022,議員,區域,臺南市,第07選舉區,12,林冠維,1,無黨團結聯盟,17041,16.14,Y
2022,議員,區域,臺南市,第07選舉區,13,蔡明峰,1,無黨籍及未經政黨推薦,491,0.47,N
2022,議員,區域,臺南市,第07選舉區,14,江品璁,1,台灣民眾黨,2337,2.21,N
2022,議員,區域,臺南市,第07選舉區,15,林易瑩,2,時代力量,5821,5.51,N
2022,議員,區域,臺南市,第08選舉區,1,邱莉莉,2,民主進步黨,10014,10.90,Y
2022,議員,區域,臺南市,第08選舉區,2,江明宗,1,台灣民眾黨,1655,1.80,N
2022,議員,區域,臺南市,第08選舉區,3,陳怡珍,2,民主進步黨,17818,19.40,Y
2022,議員,區域,臺南市,第08選舉區,4,蔡宗豪,1,中國國民黨,14920,16.25,Y
2022,議員,區域,臺南市,第08選舉區,5,高凱旋,1,中國國民黨,5201,5.66,N
2022,議員,區域,臺南市,第08選舉區,6,許至椿,1,中國國民黨,12995,14.15,Y
2022,議員,區域,臺南市,第08選舉區,7,沈震東,1,民主進步黨,15474,16.85,Y
2022,議員,區域,臺南市,第08選舉區,8,李冠霖,1,時代力量,3541,3.86,N
2022,議員,區域,臺南市,第08選舉區,9,李晉豪,1,無黨籍及未經政黨推薦,1287,1.40,N
2022,議員,區域,臺南市,第08選舉區,10,周嘉韋,1,民主進步黨,8925,9.72,Y
2022,議員,區域,臺南市,第09選舉區,1,盧崑福,1,中國國民黨,11040,12.55,Y
2022,議員,區域,臺南市,第09選舉區,2,林美燕,2,中國國民黨,14427,16.40,Y
2022,議員,區域,臺南市,第09選舉區,3,周麗津,2,民主進步黨,7824,8.89,Y
2022,議員,區域,臺南市,第09選舉區,4,陳嘉伶,2,台灣基進,5111,5.81,N
2022,議員,區域,臺南市,第09選舉區,5,陳冠娟,2,小民參政歐巴桑聯盟,1319,1.50,N
2022,議員,區域,臺南市,第09選舉區,6,林依婷,2,民主進步黨,12967,14.74,Y
2022,議員,區域,臺南市,第09選舉區,7,李伯利,1,無黨籍及未經政黨推薦,5316,6.04,N
2022,議員,區域,臺南市,第09選舉區,8,李啓維,1,民主進步黨,7841,8.91,Y
2022,議員,區域,臺南市,第09選舉區,9,莊玉珠,2,無黨籍及未經政黨推薦,2907,3.30,N
2022,議員,區域,臺南市,第09選舉區,10,呂維胤,1,民主進步黨,6804,7.73,N
2022,議員,區域,臺南市,第09選舉區,11,蔡淑惠,2,中國國民黨,12424,14.12,Y
2022,議員,區域,臺南市,第10選舉區,1,李宗霖,1,台灣基進,8484,10.45,Y
2022,議員,區域,臺南市,第10選舉區,2,蔡筱薇,2,民主進步黨,10211,12.58,Y
2022,議員,區域,臺南市,第10選舉區,3,曾培雅,2,中國國民黨,16174,19.92,Y
2022,議員,區域,臺南市,第10選舉區,4,陳金鐘,1,民主進步黨,8301,10.23,N
2022,議員,區域,臺南市,第10選舉區,5,曾之婕,2,無黨籍及未經政黨推薦,13971,17.21,Y
2022,議員,區域,臺南市,第10選舉區,6,蔡宛秦,2,台灣民眾黨,4927,6.07,N
2022,議員,區域,臺南市,第10選舉區,7,蔡旺詮,1,民主進步黨,6523,8.03,N
2022,議員,區域,臺南市,第10選舉區,8,王家貞,2,中國國民黨,10741,13.23,Y
2022,議員,區域,臺南市,第10選舉區,9,陳世安,1,無黨籍及未經政黨推薦,638,0.79,N
2022,議員,區域,臺南市,第10選舉區,10,邱瓊儀,2,小民參政歐巴桑聯盟,1213,1.49,N
2022,議員,區域,臺南市,第11選舉區,1,鄭佳欣,2,民主進步黨,13791,15.36,Y
2022,議員,區域,臺南市,第11選舉區,2,陳皇宇,1,民主進步黨,11926,13.28,Y
2022,議員,區域,臺南市,第11選舉區,3,江國銘,1,台灣民眾黨,4733,5.27,N
2022,議員,區域,臺南市,第11選舉區,4,許又仁,1,無黨籍及未經政黨推薦,11348,12.64,N
2022,議員,區域,臺南市,第11選舉區,5,翁語含,2,無黨籍及未經政黨推薦,3693,4.11,N
2022,議員,區域,臺南市,第11選舉區,6,吳禹寰,1,無黨籍及未經政黨推薦,14557,16.21,Y
2022,議員,區域,臺南市,第11選舉區,7,郭鴻儀,1,民主進步黨,14010,15.60,Y
2022,議員,區域,臺南市,第11選舉區,8,杜素吟,2,無黨團結聯盟,15723,17.51,Y
2022,議員,區域,桃園市,第01選舉區,1,藍士博,1,台灣基進,5995,2.90,N
2022,議員,區域,桃園市,第01選舉區,2,黃成峻,1,台灣民眾黨,5503,2.66,N
2022,議員,區域,桃園市,第01選舉區,3,簡智翔,1,時代力量,6379,3.08,N
2022,議員,區域,桃園市,第01選舉區,4,袁慧心,2,無黨籍及未經政黨推薦,2389,1.15,N
2022,議員,區域,桃園市,第01選舉區,5,黃婉如,2,中國國民黨,11343,5.48,Y
2022,議員,區域,桃園市,第01選舉區,6,凌濤,1,中國國民黨,21987,10.63,Y
2022,議員,區域,桃園市,第01選舉區,7,林政賢,1,中國國民黨,11695,5.65,Y
2022,議員,區域,桃園市,第01選舉區,8,連俊男,1,無黨籍及未經政黨推薦,397,0.19,N
2022,議員,區域,桃園市,第01選舉區,9,詹江村,1,中國國民黨,15825,7.65,Y
2022,議員,區域,桃園市,第01選舉區,10,朱智菁,2,民主進步黨,5508,2.66,N
2022,議員,區域,桃園市,第01選舉區,11,彭沛妤,2,無黨籍及未經政黨推薦,1849,0.89,N
2022,議員,區域,桃園市,第01選舉區,12,黃進仕,1,無黨籍及未經政黨推薦,4012,1.94,N
2022,議員,區域,桃園市,第01選舉區,13,呂儀恬,2,無黨籍及未經政黨推薦,918,0.44,N
2022,議員,區域,桃園市,第01選舉區,14,余信憲,1,民主進步黨,12877,6.22,Y
2022,議員,區域,桃園市,第01選舉區,15,于北辰,1,無黨籍及未經政黨推薦,10781,5.21,Y
2022,議員,區域,桃園市,第01選舉區,16,陳美梅,2,中國國民黨,11725,5.67,Y
2022,議員,區域,桃園市,第01選舉區,17,李光達,1,民主進步黨,11333,5.48,Y
2022,議員,區域,桃園市,第01選舉區,18,沈佩玲,2,小民參政歐巴桑聯盟,3250,1.57,N
2022,議員,區域,桃園市,第01選舉區,19,黃家齊,1,民主進步黨,8706,4.21,Y
2022,議員,區域,桃園市,第01選舉區,20,陳品杰,1,無黨籍及未經政黨推薦,590,0.29,N
2022,議員,區域,桃園市,第01選舉區,21,李曉鐘,1,中國國民黨,11145,5.39,Y
2022,議員,區域,桃園市,第01選舉區,22,李柏瑟,2,民主進步黨,8142,3.93,N
2022,議員,區域,桃園市,第01選舉區,23,張凱翔,1,無黨籍及未經政黨推薦,4747,2.29,N
2022,議員,區域,桃園市,第01選舉區,24,羅岳峰,1,無黨籍及未經政黨推薦,3225,1.56,N
2022,議員,區域,桃園市,第01選舉區,25,官正平,1,無黨籍及未經政黨推薦,2024,0.98,N
2022,議員,區域,桃園市,第01選舉區,26,黃瓊慧,2,民主進步黨,15325,7.41,Y
2022,議員,區域,桃園市,第01選舉區,27,張碩芳,2,中國國民黨,9262,4.48,Y
2022,議員,區域,桃園市,第02選舉區,1,陳葦澤,1,時代力量,2239,3.07,N
2022,議員,區域,桃園市,第02選舉區,2,簡僑亨,1,台灣民眾黨,2918,4.00,N
2022,議員,區域,桃園市,第02選舉區,3,李宗豪,1,民主進步黨,13605,18.65,Y
2022,議員,區域,桃園市,第02選舉區,4,牛煦庭,1,無黨籍及未經政黨推薦,12541,17.19,Y
2022,議員,區域,桃園市,第02選舉區,5,黃偉群,1,無黨籍及未經政黨推薦,2114,2.90,N
2022,議員,區域,桃園市,第02選舉區,6,孫韻璇,2,中國國民黨,12966,17.78,Y
2022,議員,區域,桃園市,第02選舉區,7,陳雅倫,2,民主進步黨,15586,21.37,Y
2022,議員,區域,桃園市,第02選舉區,8,林明義,1,中國國民黨,8414,11.54,N
2022,議員,區域,桃園市,第02選舉區,9,陳泓維,1,無黨籍及未經政黨推薦,2560,3.51,N
2022,議員,區域,桃園市,第03選舉區,1,許家睿,1,民主進步黨,10874,11.53,Y
2022,議員,區域,桃園市,第03選舉區,2,楊朝偉,1,中國國民黨,11571,12.27,Y
2022,議員,區域,桃園市,第03選舉區,3,伍世文,1,無黨籍及未經政黨推薦,1132,1.20,N
2022,議員,區域,桃園市,第03選舉區,4,呂宇晟,1,時代力量,5272,5.59,N
2022,議員,區域,桃園市,第03選舉區,5,段樹文,1,無黨籍及未經政黨推薦,11436,12.13,Y
2022,議員,區域,桃園市,第03選舉區,6,呂林小鳳,2,民主進步黨,13757,14.59,Y
2022,議員,區域,桃園市,第03選舉區,7,朱珍瑤,2,中國國民黨,12872,13.65,Y
2022,議員,區域,桃園市,第03選舉區,8,蔡永芳,1,民主進步黨,9902,10.50,N
2022,議員,區域,桃園市,第03選舉區,9,張碩芬,2,中國國民黨,8999,9.54,N
2022,議員,區域,桃園市,第03選舉區,10,趙宏勳,1,無黨籍及未經政黨推薦,340,0.36,N
2022,議員,區域,桃園市,第03選舉區,11,邱述文,1,無黨籍及未經政黨推薦,8145,8.64,N
2022,議員,區域,桃園市,第04選舉區,1,余適霖,1,無黨籍及未經政黨推薦,284,0.37,N
2022,議員,區域,桃園市,第04選舉區,2,郭麗華,2,民主進步黨,11971,15.74,N
2022,議員,區域,桃園市,第04選舉區,3,張桂綿,2,中國國民黨,14599,19.19,Y
2022,議員,區域,桃園市,第04選舉區,4,黃國晏,1,台灣民眾黨,2623,3.45,N
2022,議員,區域,桃園市,第04選舉區,5,林志評,1,無黨籍及未經政黨推薦,5302,6.97,N
2022,議員,區域,桃園市,第04選舉區,6,許清順,1,民主進步黨,12281,16.14,Y
2022,議員,區域,桃園市,第04選舉區,7,林宥辰,1,無黨籍及未經政黨推薦,335,0.44,N
2022,議員,區域,桃園市,第04選舉區,8,徐鈺雯,2,時代力量,3508,4.61,N
2022,議員,區域,桃園市,第04選舉區,9,錢龍,1,中國國民黨,13157,17.29,Y
2022,議員,區域,桃園市,第04選舉區,10,劉勝全,1,民主進步黨,12018,15.80,Y
2022,議員,區域,桃園市,第05選舉區,1,林清松,1,無黨籍及未經政黨推薦,2941,7.84,N
2022,議員,區域,桃園市,第05選舉區,2,徐其萬,1,中國國民黨,20317,54.19,Y
2022,議員,區域,桃園市,第05選舉區,3,游吾和,1,民主進步黨,14232,37.96,Y
2022,議員,區域,桃園市,第06選舉區,1,陳治文,2,民主進步黨,18380,41.53,Y
2022,議員,區域,桃園市,第06選舉區,2,李柏坊,1,中國國民黨,21789,49.24,Y
2022,議員,區域,桃園市,第06選舉區,3,徐慈檉,1,台灣民眾黨,4084,9.23,N
2022,議員,區域,桃園市,第07選舉區,1,徐景文,1,民主進步黨,9647,4.92,Y
2022,議員,區域,桃園市,第07選舉區,2,謝美英,2,無黨籍及未經政黨推薦,11751,6.00,Y
2022,議員,區域,桃園市,第07選舉區,3,謝克洋,1,中國國民黨,8051,4.11,N
2022,議員,區域,桃園市,第07選舉區,4,劉曾玉春,2,無黨籍及未經政黨推薦,10382,5.30,Y
2022,議員,區域,桃園市,第07選舉區,5,彭俊豪,1,民主進步黨,21667,11.06,Y
2022,議員,區域,桃園市,第07選舉區,6,黃柏儒,1,無黨籍及未經政黨推薦,999,0.51,N
2022,議員,區域,桃園市,第07選舉區,7,李荳芽,2,小民參政歐巴桑聯盟,2976,1.52,N
2022,議員,區域,桃園市,第07選舉區,8,林佳瑋,2,時代力量,5690,2.90,N
2022,議員,區域,桃園市,第07選舉區,9,張曉昀,2,民主進步黨,10359,5.29,Y
2022,議員,區域,桃園市,第07選舉區,10,黃崇真,1,民主進步黨,9660,4.93,Y
2022,議員,區域,桃園市,第07選舉區,11,吳正吉,1,無黨籍及未經政黨推薦,3451,1.76,N
2022,議員,區域,桃園市,第07選舉區,12,邱仁德,1,無黨籍及未經政黨推薦,3334,1.70,N
2022,議員,區域,桃園市,第07選舉區,13,葉明月,2,中國國民黨,12066,6.16,Y
2022,議員,區域,桃園市,第07選舉區,14,邱奕勝,1,中國國民黨,18129,9.25,Y
2022,議員,區域,桃園市,第07選舉區,15,吳嘉和,1,中國國民黨,10546,5.38,Y
2022,議員,區域,桃園市,第07選舉區,16,簡維成,1,無黨籍及未經政黨推薦,703,0.36,N
2022,議員,區域,桃園市,第07選舉區,17,魏筠,2,民主進步黨,16042,8.19,Y
2022,議員,區域,桃園市,第07選舉區,18,楊翊堂,1,無黨籍及未經政黨推薦,1231,0.63,N
2022,議員,區域,桃園市,第07選舉區,19,游智彬,1,新黨,4266,2.18,N
2022,議員,區域,桃園市,第07選舉區,20,毛嘉慶,1,無黨籍及未經政黨推薦,8900,4.54,N
2022,議員,區域,桃園市,第07選舉區,21,劉安祺,1,中國國民黨,9350,4.77,N
2022,議員,區域,桃園市,第07選舉區,22,林昭印,1,台灣民眾黨,4178,2.13,N
2022,議員,區域,桃園市,第07選舉區,23,梁為超,1,中國國民黨,12597,6.43,Y
2022,議員,區域,桃園市,第08選舉區,1,劉邦鉉,1,無黨籍及未經政黨推薦,3909,3.68,N
2022,議員,區域,桃園市,第08選舉區,2,朱哲成,1,時代力量,1357,1.28,N
2022,議員,區域,桃園市,第08選舉區,3,黃敬平,1,中國國民黨,19409,18.29,Y
2022,議員,區域,桃園市,第08選舉區,4,高宇彥,1,無黨籍及未經政黨推薦,4448,4.19,N
2022,議員,區域,桃園市,第08選舉區,5,黃永欽,1,綠黨,4204,3.96,N
2022,議員,區域,桃園市,第08選舉區,6,曾姸潔,2,台灣民眾黨,5640,5.32,N
2022,議員,區域,桃園市,第08選舉區,7,楊家俍,1,民主進步黨,10127,9.54,Y
2022,議員,區域,桃園市,第08選舉區,8,舒翠玲,2,中國國民黨,15047,14.18,Y
2022,議員,區域,桃園市,第08選舉區,9,劉仁照,1,民主進步黨,10545,9.94,Y
2022,議員,區域,桃園市,第08選舉區,10,陳韋曄,1,中國國民黨,12863,12.12,Y
2022,議員,區域,桃園市,第08選舉區,11,陳羽凡,2,中國國民黨,3773,3.56,N
2022,議員,區域,桃園市,第08選舉區,12,王珮毓,2,民主進步黨,14780,13.93,Y
2022,議員,區域,桃園市,第09選舉區,1,蕭立妍,2,民主進步黨,9655,12.36,N
2022,議員,區域,桃園市,第09選舉區,2,周玉琴,2,中國國民黨,15346,19.64,Y
2022,議員,區域,桃園市,第09選舉區,3,涂權吉,1,中國國民黨,19658,25.16,Y
2022,議員,區域,桃園市,第09選舉區,4,張清俊,1,台灣民眾黨,7428,9.51,N
2022,議員,區域,桃園市,第09選舉區,5,鄭淑方,2,民主進步黨,14695,18.81,Y
2022,議員,區域,桃園市,第09選舉區,6,李家興,1,無黨籍及未經政黨推薦,11356,14.53,Y
2022,議員,區域,桃園市,第10選舉區,1,劉熒隆,1,中國國民黨,14307,24.44,Y
2022,議員,區域,桃園市,第10選舉區,2,林昭賢,1,中國國民黨,12706,21.71,N
2022,議員,區域,桃園市,第10選舉區,3,劉哲夫,1,無黨籍及未經政黨推薦,3564,6.09,N
2022,議員,區域,桃園市,第10選舉區,4,徐玉樹,1,中國國民黨,13282,22.69,Y
2022,議員,區域,桃園市,第10選舉區,5,張肇良,1,民主進步黨,14672,25.07,Y
2022,議員,區域,桃園市,第11選舉區,1,邱文威,1,無黨籍及未經政黨推薦,12994,49.68,N
2022,議員,區域,桃園市,第11選舉區,2,陳睿生,1,民主進步黨,13162,50.32,Y
2022,議員,區域,桃園市,第12選舉區,1,許更生,1,無黨籍及未經政黨推薦,10276,29.49,Y
2022,議員,區域,桃園市,第12選舉區,2,江承洲,1,無黨籍及未經政黨推薦,1502,4.31,N
2022,議員,區域,桃園市,第12選舉區,3,吳宗憲,1,民主進步黨,6836,19.62,N
2022,議員,區域,桃園市,第12選舉區,4,吳進昌,1,中國國民黨,7286,20.91,Y
2022,議員,區域,桃園市,第12選舉區,5,郭蔡美英,2,民主進步黨,7004,20.10,N
2022,議員,區域,桃園市,第12選舉區,6,戴兆華,1,無黨籍及未經政黨推薦,1937,5.56,N
2022,議員,山地原住民,宜蘭縣,第11選舉區,1,孫湯玉惠 aly saku,2,無黨籍及未經政黨推薦,997,100.00,Y
2022,議員,山地原住民,新竹縣,第11選舉區,1,法隆伊佑,1,民主進步黨,237,23.84,N
2022,議員,山地原住民,新竹縣,第11選舉區,2,林秉君 kaying．kuying．kalang,2,中國國民黨,757,76.16,Y
2022,議員,山地原住民,苗栗縣,第07選舉區,1,朱仲一 Kalih·Tahes·Didiyun,1,無黨籍及未經政黨推薦,871,47.08,N
2022,議員,山地原住民,苗栗縣,第07選舉區,2,楊文昌 Baiho·Watan,1,無黨籍及未經政黨推薦,979,52.92,Y
2022,議員,山地原住民,彰化縣,第09選舉區,1,陳榮妹,2,中國國民黨,748,61.51,Y
2022,議員,山地原住民,彰化縣,第09選舉區,2,張新男,1,無黨籍及未經政黨推薦,468,38.49,N
2022,議員,山地原住民,南投縣,第06選舉區,1,石慶龍Rungquan．Lhkatafatu,1,無黨籍及未經政黨推薦,531,63.75,Y
2022,議員,山地原住民,南投縣,第06選舉區,2,江秉翰,1,民主進步黨,302,36.25,N
2022,議員,山地原住民,屏東縣,第08選舉區,1,潘世杰,1,無黨籍及未經政黨推薦,522,21.26,N
2022,議員,山地原住民,屏東縣,第08選舉區,2,潘翠雲,2,中國國民黨,1060,43.18,Y
2022,議員,山地原住民,屏東縣,第08選舉區,3,潘坤福,1,中國國民黨,873,35.56,N
2022,議員,山地原住民,臺東縣,第07選舉區,1,陽昇宏,1,中國國民黨,1529,18.51,N
2022,議員,山地原住民,臺東縣,第07選舉區,2,張信一,1,無黨籍及未經政黨推薦,459,5.56,N
2022,議員,山地原住民,臺東縣,第07選舉區,3,林秀信,1,無黨籍及未經政黨推薦,856,10.36,N
2022,議員,山地原住民,臺東縣,第07選舉區,4,方賢仁,1,中國國民黨,1581,19.14,Y
2022,議員,山地原住民,臺東縣,第07選舉區,5,陳政宗,1,無黨籍及未經政黨推薦,1605,19.43,Y
2022,議員,山地原住民,臺東縣,第07選舉區,6,林琮翰,1,中國國民黨,2232,27.02,Y
2022,議員,山地原住民,臺東縣,第08選舉區,1,鄭崗山,1,中國國民黨,1625,51.67,Y
2022,議員,山地原住民,臺東縣,第08選舉區,2,江堅壽,1,無黨籍及未經政黨推薦,1520,48.33,N
2022,議員,山地原住民,臺東縣,第09選舉區,1,尤忠正,1,中國國民黨,4037,100.00,Y
2022,議員,山地原住民,臺東縣,第10選舉區,1,楊清順 Cinsun Pawtawan,1,中國國民黨,2859,100.00,Y
2022,議員,山地原住民,臺東縣,第11選舉區,1,嚴惠美 Simoy．Sapod,2,無黨籍及未經政黨推薦,2054,25.34,Y
2022,議員,山地原住民,臺東縣,第11選舉區,2,楊秋珍,2,中國國民黨,2780,34.29,Y
2022,議員,山地原住民,臺東縣,第11選舉區,3,高美珠,2,中國國民黨,1948,24.03,N
2022,議員,山地原住民,臺東縣,第11選舉區,4,武雪恩,2,無黨籍及未經政黨推薦,1325,16.34,N
2022,議員,山地原住民,花蓮縣,第05選舉區,1,笛布斯．顗賚,2,無黨籍及未經政黨推薦,2491,24.61,Y
2022,議員,山地原住民,花蓮縣,第05選舉區,2,葉志豪,1,無黨籍及未經政黨推薦,443,4.38,N
2022,議員,山地原住民,花蓮縣,第05選舉區,3,督固．撒耘,1,中國國民黨,890,8.79,N
2022,議員,山地原住民,花蓮縣,第05選舉區,4,周駿宥,1,中國國民黨,1807,17.86,Y
2022,議員,山地原住民,花蓮縣,第05選舉區,5,李正文,1,無黨籍及未經政黨推薦,2033,20.09,Y
2022,議員,山地原住民,花蓮縣,第05選舉區,6,陳進德,1,中國國民黨,1428,14.11,N
2022,議員,山地原住民,花蓮縣,第05選舉區,7,林資斌,1,民主進步黨,1028,10.16,N
2022,議員,山地原住民,花蓮縣,第06選舉區,1,何進雄 Kin Cian．Ri Pun,1,中國國民黨,224,2.41,N
2022,議員,山地原住民,花蓮縣,第06選舉區,2,林正福,1,中國國民黨,2989,32.14,Y
2022,議員,山地原住民,花蓮縣,第06選舉區,3,賴國祥 O‧Seng‧Ka'ti,1,無黨籍及未經政黨推薦,2613,28.10,N
2022,議員,山地原住民,花蓮縣,第06選舉區,4,蔡依靜 Lamen．Panay,2,無黨籍及未經政黨推薦,3474,37.35,Y
2022,議員,山地原住民,花蓮縣,第07選舉區,1,林玉芬,2,中國國民黨,1662,27.94,Y
2022,議員,山地原住民,花蓮縣,第07選舉區,2,陳德仁,1,無黨籍及未經政黨推薦,539,9.06,N
2022,議員,山地原住民,花蓮縣,第07選舉區,3,陳建忠,1,中國國民黨,1227,20.63,N
2022,議員,山地原住民,花蓮縣,第07選舉區,4,葉微琪,2,無黨籍及未經政黨推薦,1215,20.42,N
2022,議員,山地原住民,花蓮縣,第07選舉區,5,哈尼．噶照 Hani Kacaw,1,無黨籍及未經政黨推薦,1306,21.95,Y
2022,議員,山地原住民,基隆市,第08選舉區,1,拔耐．茹妮老王,2,無黨籍及未經政黨推薦,1025,33.34,N
2022,議員,山地原住民,基隆市,第08選舉區,2,王尚潔,2,中國國民黨,703,22.87,N
2022,議員,山地原住民,基隆市,第08選舉區,3,陳明建,1,無黨籍及未經政黨推薦,1346,43.79,Y
2022,議員,山地原住民,新竹市,第06選舉區,1,林慈愛,2,中國國民黨,570,100.00,Y
2022,議員,山地原住民,臺北市,第07選舉區,1,吳郁瑾 Sawmah Kawlo,2,民主進步黨,1114,29.72,N
2022,議員,山地原住民,臺北市,第07選舉區,2,李芳儒,1,中國國民黨,2634,70.28,Y
2022,議員,山地原住民,高雄市,第12選舉區,1,王義雄,1,中國國民黨,1847,42.71,Y
2022,議員,山地原住民,高雄市,第12選舉區,2,巫振興,1,民主進步黨,1750,40.46,N
2022,議員,山地原住民,高雄市,第12選舉區,3,余葆祈 Fo tol Ki la,1,無黨籍及未經政黨推薦,728,16.83,N
2022,議員,山地原住民,新北市,第12選舉區,1,達佶祐．卡造Takiyo．Kacaw,1,台灣民眾黨,528,4.61,N
2022,議員,山地原住民,新北市,第12選舉區,2,吳國譽La．Is．Amid,1,中國國民黨,1177,10.27,N
2022,議員,山地原住民,新北市,第12選舉區,3,宋雨蓁 Nikar．Falong,2,無黨籍及未經政黨推薦,2644,23.08,Y
2022,議員,山地原住民,新北市,第12選舉區,4,藞妏．尼卡兒,2,無黨籍及未經政黨推薦,1086,9.48,N
2022,議員,山地原住民,新北市,第12選舉區,5,楊春妹,2,中國國民黨,3630,31.68,Y
2022,議員,山地原住民,新北市,第12選舉區,6,蘇錦雄Paylang．Caya,1,民主進步黨,1181,10.31,Y
2022,議員,山地原住民,新北市,第12選舉區,7,楊曉君,2,無黨籍及未經政黨推薦,1154,10.07,N
2022,議員,山地原住民,新北市,第12選舉區,8,林霈宸,2,新黨,58,0.51,N
2022,議員,山地原住民,臺中市,第15選舉區,1,江愛珍,2,民主進步黨,572,12.09,N
2022,議員,山地原住民,臺中市,第15選舉區,2,林清發,1,無黨籍及未經政黨推薦,270,5.71,N
2022,議員,山地原住民,臺中市,第15選舉區,3,洪志明,1,台灣民眾黨,727,15.36,N
2022,議員,山地原住民,臺中市,第15選舉區,4,黃仁,1,中國國民黨,1695,35.82,Y
2022,議員,山地原住民,臺中市,第15選舉區,5,吳建德,1,無黨籍及未經政黨推薦,1468,31.02,N
2022,議員,山地原住民,臺南市,第12選舉區,1,李美素,2,無黨籍及未經政黨推薦,594,43.33,N
2022,議員,山地原住民,臺南市,第12選舉區,2,穎艾達利 Ingay Tali,1,無黨籍及未經政黨推薦,777,56.67,Y
2022,議員,山地原住民,桃園市,第13選舉區,1,林志強,1,民主進步黨,2797,21.45,Y
2022,議員,山地原住民,桃園市,第13選舉區,2,楊進福,1,無黨籍及未經政黨推薦,2847,21.83,Y
2022,議員,山地原住民,桃園市,第13選舉區,3,張秀菊,2,無黨籍及未經政黨推薦,2260,17.33,Y
2022,議員,山地原住民,桃園市,第13選舉區,4,林春蘭,2,親民黨,184,1.41,N
2022,議員,山地原住民,桃園市,第13選舉區,5,王仙蓮,2,中國國民黨,2791,21.40,Y
2022,議員,山地原住民,桃園市,第13選舉區,6,陳姿伶 Amuy．Muwakay,2,中國國民黨,1821,13.96,N
2022,議員,山地原住民,桃園市,第13選舉區,7,蔡惠蘭,2,台灣維新,342,2.62,N
2022,議員,平地原住民,宜蘭縣,第12選舉區,1,沈志弘,1,中國國民黨,2141,55.47,Y
2022,議員,平地原住民,宜蘭縣,第12選舉區,2,陳傑麟,1,親民黨,1719,44.53,N
2022,議員,平地原住民,宜蘭縣,第13選舉區,1,游吉祥,1,中國國民黨,3587,100.00,Y
2022,議員,平地原住民,新竹縣,第12選舉區,1,林世偉,1,無黨籍及未經政黨推薦,1529,30.15,N
2022,議員,平地原住民,新竹縣,第12選舉區,2,劉建民,1,中國國民黨,3543,69.85,Y
2022,議員,平地原住民,新竹縣,第13選舉區,1,張益生,1,中國國民黨,2288,62.19,Y
2022,議員,平地原住民,新竹縣,第13選舉區,2,張雁萍,2,無黨籍及未經政黨推薦,1391,37.81,N
2022,議員,平地原住民,苗栗縣,第08選舉區,1,劉美蘭 Iwan·Sigiy,2,中國國民黨,1989,52.08,Y
2022,議員,平地原住民,苗栗縣,第08選舉區,2,黃月娥 Yuma’Baysu’,2,無黨籍及未經政黨推薦,1830,47.92,N
2022,議員,平地原住民,南投縣,第07選舉區,1,王榮儀,1,無黨籍及未經政黨推薦,2219,40.81,N
2022,議員,平地原住民,南投縣,第07選舉區,2,全文才Balan．Soqluman,1,中國國民黨,3218,59.19,Y
2022,議員,平地原住民,南投縣,第08選舉區,1,廖崧皓,1,中國國民黨,3491,40.22,N
2022,議員,平地原住民,南投縣,第08選舉區,2,林婷立Ali．Walis,2,中國國民黨,5188,59.78,Y
2022,議員,平地原住民,嘉義縣,第07選舉區,1,武清山,1,無黨籍及未經政黨推薦,2188,100.00,Y
2022,議員,平地原住民,屏東縣,第09選舉區,1,江金妹,2,無黨籍及未經政黨推薦,2520,48.46,N
2022,議員,平地原住民,屏東縣,第09選舉區,2,張利惠,2,中國國民黨,2680,51.54,Y
2022,議員,平地原住民,屏東縣,第10選舉區,1,高惠芬,2,中國國民黨,3114,47.28,Y
2022,議員,平地原住民,屏東縣,第10選舉區,2,梁明輝,1,無黨籍及未經政黨推薦,1587,24.10,N
2022,議員,平地原住民,屏東縣,第10選舉區,3,陸宥熹,2,無黨籍及未經政黨推薦,1885,28.62,N
2022,議員,平地原住民,屏東縣,第11選舉區,1,何長成,1,無黨籍及未經政黨推薦,3549,100.00,Y
2022,議員,平地原住民,屏東縣,第12選舉區,1,許蘭花,2,無黨籍及未經政黨推薦,2098,37.01,N
2022,議員,平地原住民,屏東縣,第12選舉區,2,越秋女,2,無黨籍及未經政黨推薦,2272,40.08,Y
2022,議員,平地原住民,屏東縣,第12選舉區,3,羅俊傑,1,中國國民黨,1299,22.91,N
2022,議員,平地原住民,屏東縣,第13選舉區,1,柯自強 Langalang．Palivulj,1,無黨籍及未經政黨推薦,1484,46.43,N
2022,議員,平地原住民,屏東縣,第13選舉區,2,周陳曉玟,2,無黨籍及未經政黨推薦,1712,53.57,Y
2022,議員,平地原住民,屏東縣,第14選舉區,1,李振榮,1,無黨籍及未經政黨推薦,1442,46.28,N
2022,議員,平地原住民,屏東縣,第14選舉區,2,李紀財 Mulaneng Paliuliu,1,無黨籍及未經政黨推薦,1674,53.72,Y
2022,議員,平地原住民,屏東縣,第15選舉區,1,林采穎,2,無黨籍及未經政黨推薦,3272,100.00,Y
2022,議員,平地原住民,屏東縣,第16選舉區,1,賴天賜,1,無黨籍及未經政黨推薦,808,32.97,N
2022,議員,平地原住民,屏東縣,第16選舉區,2,杜仁勇,1,無黨籍及未經政黨推薦,1061,43.29,Y
2022,議員,平地原住民,屏東縣,第16選舉區,3,柯海燕,1,無黨籍及未經政黨推薦,582,23.75,N
2022,議員,平地原住民,臺東縣,第12選舉區,1,古志成,1,中國國民黨,1926,100.00,Y
2022,議員,平地原住民,臺東縣,第13選舉區,1,張全馨嵐,2,中國國民黨,1696,75.71,Y
2022,議員,平地原住民,臺東縣,第13選舉區,2,江金香,2,無黨籍及未經政黨推薦,313,13.97,N
2022,議員,平地原住民,臺東縣,第13選舉區,3,余秀芳,2,無黨籍及未經政黨推薦,231,10.31,N
2022,議員,平地原住民,臺東縣,第14選舉區,1,章正輝 Lemaljiz．Kusaza,1,中國國民黨,2372,72.65,Y
2022,議員,平地原住民,臺東縣,第14選舉區,2,林本森,1,無黨籍及未經政黨推薦,893,27.35,N
2022,議員,平地原住民,臺東縣,第15選舉區,1,林芳如,2,無黨籍及未經政黨推薦,631,26.55,N
2022,議員,平地原住民,臺東縣,第15選舉區,2,葉巴格力亞斯振宇,1,無黨籍及未經政黨推薦,142,5.97,N
2022,議員,平地原住民,臺東縣,第15選舉區,3,蔡玉玲,2,中國國民黨,1604,67.48,Y
2022,議員,平地原住民,臺東縣,第16選舉區,1,黃碧妹,2,無黨籍及未經政黨推薦,886,48.90,Y
2022,議員,平地原住民,臺東縣,第16選舉區,2,黃天德,1,無黨籍及未經政黨推薦,494,27.26,N
2022,議員,平地原住民,臺東縣,第16選舉區,3,施森茂,1,無黨籍及未經政黨推薦,432,23.84,N
2022,議員,平地原住民,花蓮縣,第08選舉區,1,連一龍,1,無黨籍及未經政黨推薦,3541,34.16,N
2022,議員,平地原住民,花蓮縣,第08選舉區,2,田韻馨,2,無黨籍及未經政黨推薦,2852,27.51,N
2022,議員,平地原住民,花蓮縣,第08選舉區,3,程美蓮,2,中國國民黨,3974,38.33,Y
2022,議員,平地原住民,花蓮縣,第09選舉區,1,吳香蘭 Hisa‧Sakay,2,中國國民黨,1703,44.90,N
2022,議員,平地原住民,花蓮縣,第09選舉區,2,簡智隆,1,無黨籍及未經政黨推薦,2090,55.10,Y
2022,議員,平地原住民,花蓮縣,第10選舉區,1,高小成 Haisul．Tanapima,1,中國國民黨,1717,49.07,N
2022,議員,平地原住民,花蓮縣,第10選舉區,2,金淑敏,2,中國國民黨,1782,50.93,Y
2022,議員,平地原住民,臺北市,第08選舉區,1,李傅中武,1,中國國民黨,2100,73.97,Y
2022,議員,平地原住民,臺北市,第08選舉區,2,陳慧君 Mulas．Ismahasan,2,民主進步黨,590,20.78,N
2022,議員,平地原住民,臺北市,第08選舉區,3,高為人Sayun Watan,2,無黨籍及未經政黨推薦,149,5.25,N
2022,議員,平地原住民,高雄市,第13選舉區,1,葛姵瑩,2,無黨籍及未經政黨推薦,1211,38.01,N
2022,議員,平地原住民,高雄市,第13選舉區,2,陳幸富,1,無黨籍及未經政黨推薦,1975,61.99,Y
2022,議員,平地原住民,高雄市,第14選舉區,1,高忠德 Takiludun．Anu,1,無黨籍及未經政黨推薦,1281,40.54,Y
2022,議員,平地原住民,高雄市,第14選舉區,2,賴文德,1,無黨籍及未經政黨推薦,1228,38.86,N
2022,議員,平地原住民,高雄市,第14選舉區,3,林錫閔,1,無黨籍及未經政黨推薦,651,20.60,N
2022,議員,平地原住民,高雄市,第15選舉區,1,范織欽 Pasulang．Tomatalate,1,無黨籍及未經政黨推薦,1899,53.87,Y
2022,議員,平地原住民,高雄市,第15選舉區,2,林榮昊,1,中國國民黨,1626,46.13,N
2022,議員,平地原住民,新北市,第13選舉區,1,楊萬金,1,無黨籍及未經政黨推薦,633,10.99,N
2022,議員,平地原住民,新北市,第13選舉區,2,馬見Lahuy．Ipin,1,無黨團結聯盟,2767,48.04,Y
2022,議員,平地原住民,新北市,第13選舉區,3,林家豪,1,台灣民眾黨,790,13.72,N
2022,議員,平地原住民,新北市,第13選舉區,4,何應明,1,中國國民黨,1570,27.26,N
2022,議員,平地原住民,臺中市,第16選舉區,1,劉新仁,1,民主進步黨,221,5.25,N
2022,議員,平地原住民,臺中市,第16選舉區,2,古秀英,2,無黨籍及未經政黨推薦,2275,54.09,Y
2022,議員,平地原住民,臺中市,第16選舉區,3,林榮進,1,中國國民黨,1710,40.66,N
2022,議員,平地原住民,臺中市,第17選舉區,1,孫造雄,1,民主進步黨,503,15.32,N
2022,議員,平地原住民,臺中市,第17選舉區,2,朱元宏,1,無黨籍及未經政黨推薦,2082,63.40,Y
2022,議員,平地原住民,臺中市,第17選舉區,3,柯靜志,1,無黨籍及未經政黨推薦,699,21.29,N
2022,議員,平地原住民,臺南市,第13選舉區,1,賴惠美,2,無黨籍及未經政黨推薦,316,18.72,N
2022,議員,平地原住民,臺南市,第13選舉區,2,伍宗康,1,無黨籍及未經政黨推薦,537,31.81,N
2022,議員,平地原住民,臺南市,第13選舉區,3,施余興望 Tjakumay Tagaw,1,無黨籍及未經政黨推薦,835,49.47,Y
2022,議員,平地原住民,桃園市,第14選舉區,1,歐蜜．偉浪,1,無黨籍及未經政黨推薦,1435,11.43,N
2022,議員,平地原住民,桃園市,第14選舉區,2,周星文,1,無黨籍及未經政黨推薦,1709,13.61,N
2022,議員,平地原住民,桃園市,第14選舉區,3,蘇偉恩,1,無黨籍及未經政黨推薦,1758,14.00,Y
2022,議員,平地原住民,桃園市,第14選舉區,4,邱志成,1,民主進步黨,1482,11.80,N
2022,議員,平地原住民,桃園市,第14選舉區,5,簡志偉,1,中國國民黨,3337,26.58,Y
2022,議員,平地原住民,桃園市,第14選舉區,6,湯宏鈞,1,無黨籍及未經政黨推薦,221,1.76,N
2022,議員,平地原住民,桃園市,第14選舉區,7,陳瑛,2,中國國民黨,2613,20.81,Y
2024,立委,區域,新竹市,新竹市第01選區,1,趙福龍,1,制度救世島,249,0.1,N
2024,立委,區域,臺北市,臺北市第07選區,1,李承龍,1,中華愛國同心黨,310,0.18,N
2024,立委,區域,雲林縣,雲林縣第01選區,1,郭炳宏,1,中華統一促進黨,445,0.25,N
2024,立委,區域,臺北市,臺北市第03選區,1,余新造,1,人民最大黨,596,0.3,N
2024,立委,區域,桃園市,桃園市第03選區,1,戴浙,1,制度救世島,721,0.33,N
2024,立委,區域,臺北市,臺北市第06選區,1,張雪卿,2,制度救世島,896,0.54,N
2024,立委,區域,臺北市,臺北市第02選區,1,熊嘉玲,2,制度救世島,968,0.53,N
2024,立委,區域,臺北市,臺北市第08選區,1,劉佩玲,2,台灣維新,1122,0.61,N
2024,立委,區域,屏東縣,屏東縣第01選區,1,曾鈺庭,1,無黨籍及未經政黨推薦,1158,0.52,N
2024,立委,區域,連江縣,連江縣第01選區,1,李問,1,民主進步黨,1382,23.53,N
2024,立委,區域,新竹縣,新竹縣第01選區,1,劉復嵐,1,台灣維新,1392,0.92,N
2024,立委,區域,金門縣,金門縣第01選區,1,洪和成,1,無黨籍及未經政黨推薦,2168,4.91,N
2024,立委,區域,新北市,新北市第12選區,1,黃瑞傳,1,無黨籍及未經政黨推薦,2348,1.29,N
2024,立委,區域,基隆市,基隆市第01選區,1,邱紹祐,1,家庭基本收入,2361,1.12,N
2024,立委,區域,桃園市,桃園市第06選區,1,葉堂宇,1,無黨籍及未經政黨推薦,2523,1.27,N
2024,立委,區域,新北市,新北市第01選區,1,徐百弟,1,台灣維新,2633,0.97,N
2024,立委,區域,臺中市,臺中市第05選區,1,彭振芳,1,司法改革黨,2647,1.01,N
2024,立委,區域,高雄市,高雄市第08選區,1,李政憲,1,司法改革黨,3087,1.47,N
2024,立委,區域,新北市,新北市第10選區,1,孟藹倫,2,人民最大黨,3319,1.62,N
2024,立委,區域,高雄市,高雄市第05選區,1,楊椒喬,1,無黨籍及未經政黨推薦,3964,1.84,N
2024,立委,區域,南投縣,南投縣第02選區,1,陳癸佑,1,無黨籍及未經政黨推薦,4023,2.86,N
2024,立委,區域,屏東縣,屏東縣第02選區,1,吳媚宮,2,中華聯合黨,4139,2.03,N
2024,立委,區域,彰化縣,彰化縣第04選區,1,鄭錫懋,1,臺灣雙語無法黨,4257,2.27,N
2024,立委,區域,臺中市,臺中市第03選區,1,張烱春,1,司法改革黨,4368,2.29,N
2024,立委,區域,彰化縣,彰化縣第03選區,1,洪建興,1,無黨籍及未經政黨推薦,4908,2.7,N
2024,立委,區域,花蓮縣,花蓮縣第01選區,1,許願神,1,無黨籍及未經政黨推薦,6493,5.08,N
2024,立委,區域,嘉義縣,嘉義縣第02選區,1,廖昱婧,2,無黨籍及未經政黨推薦,6601,4.44,N
2024,立委,區域,高雄市,高雄市第03選區,1,郭璽,1,台灣麻將最大黨,7147,3.24,N
2024,立委,區域,新北市,新北市第06選區,1,黃淑珍,2,司法改革黨,7450,4.63,N
2024,立委,區域,高雄市,高雄市第07選區,1,洪啟修,1,無黨籍及未經政黨推薦,7978,3.84,N
2024,立委,區域,臺南市,臺南市第01選區,1,魏耀乾,1,無黨籍及未經政黨推薦,8978,5.6,N
2024,立委,區域,臺南市,臺南市第04選區,1,劉清田,1,司法改革黨,10082,5.54,N
2024,立委,區域,新北市,新北市第04選區,1,洪懿馥,2,無黨籍及未經政黨推薦,14840,6.91,N
2024,立委,區域,高雄市,高雄市第06選區,1,郭倍宏,1,喜樂島聯盟,15433,6.93,N
2024,立委,區域,桃園市,桃園市第01選區,1,馬治薇,2,無黨籍及未經政黨推薦,20600,8.56,N
2024,立委,區域,臺東縣,臺東縣第01選區,1,賴坤成,1,民主進步黨,23420,31.6,N
2024,立委,區域,澎湖縣,澎湖縣第01選區,1,楊曜,1,民主進步黨,24669,50.95,Y
2024,立委,區域,臺南市,臺南市第05選區,1,蕭燐洪,1,臺灣雙語無法黨,38695,23.46,N
2024,立委,區域,高雄市,高雄市第01選區,1,林義迪,1,無黨籍及未經政黨推薦,42219,29.01,N
2024,立委,區域,嘉義縣,嘉義縣第01選區,1,詹琬蓁,2,中國國民黨,54097,40.78,N
2024,立委,區域,臺南市,臺南市第03選區,1,姚正玉,2,中國國民黨,56348,29.86,N
2024,立委,區域,臺北市,臺北市第05選區,1,鍾小平,1,中國國民黨,57634,34.28,N
2024,立委,區域,苗栗縣,苗栗縣第01選區,1,康世明,1,民主進步黨,60358,43.15,N
2024,立委,區域,新竹縣,新竹縣第02選區,1,王婉諭,2,時代力量,63566,37.19,N
2024,立委,區域,高雄市,高雄市第02選區,1,曹桓榮,1,中國國民黨,68168,36.62,N
2024,立委,區域,南投縣,南投縣第01選區,1,馬文君,2,中國國民黨,68890,53.09,Y
2024,立委,區域,桃園市,桃園市第05選區,1,劉仁照,1,民主進步黨,69022,33.89,N
2024,立委,區域,臺中市,臺中市第01選區,1,蔡壁如,2,台灣民眾黨,72634,45.13,N
2024,立委,區域,臺南市,臺南市第02選區,1,陳昆和,1,無黨籍及未經政黨推薦,76614,42.95,N
2024,立委,區域,新北市,新北市第08選區,1,吳崢,1,民主進步黨,77763,36.97,N
2024,立委,區域,嘉義市,嘉義市第01選區,1,王美惠,2,民主進步黨,78069,50.64,Y
2024,立委,區域,新北市,新北市第07選區,1,葉元之,1,中國國民黨,78134,46.11,Y
2024,立委,區域,新北市,新北市第03選區,1,蔡明堂,1,中國國民黨,79828,42.49,N
2024,立委,區域,桃園市,桃園市第04選區,1,范綱祥,1,民主進步黨,83183,38.63,N
2024,立委,區域,臺中市,臺中市第08選區,1,江啟臣,1,中國國民黨,88651,57.87,Y
2024,立委,區域,苗栗縣,苗栗縣第02選區,1,邱鎮軍,1,中國國民黨,89111,55.05,Y
2024,立委,區域,臺南市,臺南市第06選區,1,王定宇,1,民主進步黨,89235,46.91,Y
2024,立委,區域,彰化縣,彰化縣第02選區,1,黃秀芳,2,民主進步黨,90688,52.7,Y
2024,立委,區域,臺北市,臺北市第01選區,1,吳思瑤,2,民主進步黨,91958,47.22,Y
2024,立委,區域,臺中市,臺中市第07選區,1,林家興,1,中國國民黨,95549,40.89,N
2024,立委,區域,新北市,新北市第09選區,1,林德福,1,中國國民黨,98260,57.73,Y
2024,立委,區域,彰化縣,彰化縣第01選區,1,陳秀寳,2,民主進步黨,98437,54.57,Y
2024,立委,區域,新北市,新北市第05選區,1,蘇巧慧,2,民主進步黨,98586,54.17,Y
2024,立委,區域,桃園市,桃園市第02選區,1,黃世杰,1,民主進步黨,102468,47.61,N
2024,立委,區域,臺中市,臺中市第06選區,1,羅廷瑋,1,中國國民黨,103630,52.1,Y
2024,立委,區域,宜蘭縣,宜蘭縣第01選區,1,陳俊宇,1,民主進步黨,107308,41.99,Y
2024,立委,區域,臺北市,臺北市第04選區,1,李彥秀,2,中國國民黨,112743,47.64,Y
2024,立委,區域,臺中市,臺中市第04選區,1,張廖萬堅,1,民主進步黨,113350,47.35,N
2024,立委,區域,雲林縣,雲林縣第02選區,1,劉建國,1,民主進步黨,115376,59.48,Y
2024,立委,區域,新北市,新北市第02選區,1,林淑芬,2,民主進步黨,118544,57.05,Y
2024,立委,區域,臺中市,臺中市第02選區,1,顏寬恒,1,中國國民黨,118962,53.18,Y
2024,立委,區域,高雄市,高雄市第04選區,1,林岱樺,2,民主進步黨,121001,65.31,Y
2024,立委,區域,新北市,新北市第11選區,1,羅明才,1,中國國民黨,123399,59.38,Y
2024,立委,區域,臺北市,臺北市第05選區,2,陳燕玉,2,無黨籍及未經政黨推薦,194,0.12,N
2024,立委,區域,新竹市,新竹市第01選區,2,楊清華,1,司法改革黨,566,0.22,N
2024,立委,區域,新北市,新北市第12選區,2,楊木火,1,無黨籍及未經政黨推薦,1023,0.56,N
2024,立委,區域,高雄市,高雄市第07選區,2,王和平統一,1,司法改革黨,1141,0.55,N
2024,立委,區域,嘉義市,嘉義市第01選區,2,簡明廉,1,無黨籍及未經政黨推薦,1219,0.79,N
2024,立委,區域,基隆市,基隆市第01選區,2,黃傑陽,1,無黨籍及未經政黨推薦,1331,0.63,N
2024,立委,區域,連江縣,連江縣第01選區,2,曹爾凱,1,台灣民眾黨,1374,23.39,N
2024,立委,區域,臺東縣,臺東縣第01選區,2,黃婉茹,2,小民參政歐巴桑聯盟,1428,1.93,N
2024,立委,區域,雲林縣,雲林縣第01選區,2,吳炳輝,1,無黨籍及未經政黨推薦,1470,0.83,N
2024,立委,區域,臺中市,臺中市第06選區,2,紀文清,1,無黨籍及未經政黨推薦,1532,0.77,N
2024,立委,區域,臺南市,臺南市第01選區,2,林芳竹,2,中華統一促進黨,1603,1.0,N
2024,立委,區域,臺北市,臺北市第02選區,2,何梅娟,2,人民最大黨,1741,0.94,N
2024,立委,區域,宜蘭縣,宜蘭縣第01選區,2,林錦坤,1,無黨籍及未經政黨推薦,1754,0.69,N
2024,立委,區域,臺北市,臺北市第03選區,2,陳源發,1,無黨籍及未經政黨推薦,1851,0.93,N
2024,立委,區域,桃園市,桃園市第02選區,2,陳志豪,1,中華統一促進黨,1912,0.89,N
2024,立委,區域,新北市,新北市第11選區,2,鄭添泉,1,無黨籍及未經政黨推薦,2208,1.06,N
2024,立委,區域,嘉義縣,嘉義縣第02選區,2,簡銘傑,1,制度救世島,2499,1.68,N
2024,立委,區域,高雄市,高雄市第03選區,2,陳銓霖,1,無黨籍及未經政黨推薦,2549,1.16,N
2024,立委,區域,新北市,新北市第10選區,2,袁興,1,復康聯盟黨,2608,1.28,N
2024,立委,區域,桃園市,桃園市第04選區,2,甘乃迪,1,台灣國民黨,3293,1.53,N
2024,立委,區域,南投縣,南投縣第01選區,2,許文忠,1,勞動黨,3577,2.76,N
2024,立委,區域,臺中市,臺中市第01選區,2,賴信全,1,無黨籍及未經政黨推薦,3742,2.33,N
2024,立委,區域,新北市,新北市第03選區,2,蘇卿彥,1,無黨籍及未經政黨推薦,4805,2.56,N
2024,立委,區域,新北市,新北市第02選區,2,何淯笙,1,中華統一促進黨,4845,2.33,N
2024,立委,區域,彰化縣,彰化縣第01選區,2,蘇群傑,1,無黨籍及未經政黨推薦,5503,3.05,N
2024,立委,區域,桃園市,桃園市第03選區,2,游智彬,1,新黨,8280,3.8,N
2024,立委,區域,屏東縣,屏東縣第02選區,2,何秋葺,2,人民最大黨,8845,4.33,N
2024,立委,區域,臺中市,臺中市第05選區,2,蔡善雯,2,小民參政歐巴桑聯盟,9266,3.55,N
2024,立委,區域,澎湖縣,澎湖縣第01選區,2,吳政杰,1,中國國民黨,20226,41.77,N
2024,立委,區域,高雄市,高雄市第01選區,2,曾尹儷,2,台灣民眾黨,22169,15.23,N
2024,立委,區域,臺北市,臺北市第04選區,2,吳欣岱,2,台灣基進,26382,11.15,N
2024,立委,區域,金門縣,金門縣第01選區,2,陳玉珍,2,中國國民黨,28846,65.28,Y
2024,立委,區域,新竹縣,新竹縣第02選區,2,曾聖凱,1,民主進步黨,30738,17.98,N
2024,立委,區域,臺南市,臺南市第06選區,2,陳永和,1,無黨籍及未經政黨推薦,36985,19.44,N
2024,立委,區域,新北市,新北市第08選區,2,邱臣遠,1,台灣民眾黨,42759,20.33,N
2024,立委,區域,新北市,新北市第09選區,2,莊銘淵,1,民主進步黨,50613,29.73,N
2024,立委,區域,花蓮縣,花蓮縣第01選區,2,張美慧,2,民主進步黨,51732,40.45,N
2024,立委,區域,高雄市,高雄市第04選區,2,陳若翠,2,中國國民黨,64261,34.69,N
2024,立委,區域,臺中市,臺中市第08選區,2,謝志忠,1,民主進步黨,64542,42.13,N
2024,立委,區域,南投縣,南投縣第02選區,2,蔡培慧,2,民主進步黨,66551,47.34,N
2024,立委,區域,臺北市,臺北市第01選區,2,張斯綱,1,中國國民黨,71837,36.89,N
2024,立委,區域,苗栗縣,苗栗縣第02選區,2,曾玟學,1,無黨籍及未經政黨推薦,72749,44.95,N
2024,立委,區域,臺北市,臺北市第06選區,2,苗博雅,2,社會民主黨,74375,44.78,N
2024,立委,區域,新北市,新北市第06選區,2,林國春,1,中國國民黨,74652,46.38,N
2024,立委,區域,新北市,新北市第07選區,2,羅致政,1,民主進步黨,75841,44.76,N
2024,立委,區域,桃園市,桃園市第06選區,2,趙正宇,1,無黨籍及未經政黨推薦,76346,38.34,N
2024,立委,區域,嘉義縣,嘉義縣第01選區,2,蔡易餘,1,民主進步黨,78551,59.22,Y
2024,立委,區域,雲林縣,雲林縣第02選區,2,邱良閱,1,中國國民黨,78596,40.52,N
2024,立委,區域,苗栗縣,苗栗縣第01選區,2,陳超明,1,無黨籍及未經政黨推薦,79521,56.85,Y
2024,立委,區域,臺中市,臺中市第03選區,2,謝子涵,2,民主進步黨,80128,42.0,N
2024,立委,區域,彰化縣,彰化縣第02選區,2,楊曜聰,1,中國國民黨,81403,47.3,N
2024,立委,區域,高雄市,高雄市第08選區,2,李明璇,2,中國國民黨,82602,39.4,N
2024,立委,區域,彰化縣,彰化縣第04選區,2,鄭俊雄,1,中國國民黨,83214,44.34,N
2024,立委,區域,新北市,新北市第05選區,2,洪佳君,2,中國國民黨,83424,45.83,N
2024,立委,區域,新竹縣,新竹縣第01選區,2,徐欣瑩,2,中國國民黨,84959,55.91,Y
2024,立委,區域,臺北市,臺北市第08選區,2,賴士葆,1,中國國民黨,87099,47.46,Y
2024,立委,區域,桃園市,桃園市第05選區,2,呂玉玲,2,中國國民黨,89372,43.88,Y
2024,立委,區域,臺北市,臺北市第07選區,2,徐巧芯,2,中國國民黨,89727,52.62,Y
2024,立委,區域,臺中市,臺中市第02選區,2,林靜儀,2,民主進步黨,96151,42.99,N
2024,立委,區域,彰化縣,彰化縣第03選區,2,謝衣鳯,2,中國國民黨,97681,53.75,Y
2024,立委,區域,臺南市,臺南市第02選區,2,郭國文,1,民主進步黨,97981,54.93,Y
2024,立委,區域,桃園市,桃園市第01選區,2,鄭運鵬,1,民主進步黨,103466,43.0,N
2024,立委,區域,臺南市,臺南市第04選區,2,林宜瑾,2,民主進步黨,104688,57.48,Y
2024,立委,區域,新北市,新北市第01選區,2,何博文,1,民主進步黨,106454,39.41,N
2024,立委,區域,新北市,新北市第04選區,2,吳秉叡,1,民主進步黨,107772,50.21,Y
2024,立委,區域,屏東縣,屏東縣第01選區,2,鍾佳濱,1,民主進步黨,108723,48.4,Y
2024,立委,區域,高雄市,高雄市第05選區,2,李昆澤,1,民主進步黨,108735,50.57,Y
2024,立委,區域,高雄市,高雄市第06選區,2,黃捷,2,民主進步黨,113670,51.01,Y
2024,立委,區域,高雄市,高雄市第02選區,2,邱志偉,1,民主進步黨,117992,63.38,Y
2024,立委,區域,臺中市,臺中市第04選區,2,廖偉翔,1,中國國民黨,119740,50.02,Y
2024,立委,區域,臺南市,臺南市第05選區,2,林俊憲,1,民主進步黨,126248,76.54,Y
2024,立委,區域,臺中市,臺中市第07選區,2,何欣純,2,民主進步黨,132235,56.58,Y
2024,立委,區域,臺南市,臺南市第03選區,2,陳亭妃,2,民主進步黨,132377,70.14,Y
2024,立委,區域,臺北市,臺北市第05選區,3,許敬民,1,合一行動聯盟,174,0.1,N
2024,立委,區域,宜蘭縣,宜蘭縣第01選區,3,邱介勲,1,制度救世島,647,0.25,N
2024,立委,區域,臺北市,臺北市第01選區,3,賴宗育,1,人民民主黨,836,0.43,N
2024,立委,區域,新北市,新北市第11選區,3,魏趨安,1,制度救世島,915,0.44,N
2024,立委,區域,臺北市,臺北市第07選區,3,羅丹,1,台灣維新,1073,0.63,N
2024,立委,區域,高雄市,高雄市第01選區,3,劉承智,1,人民最大黨,1596,1.1,N
2024,立委,區域,臺中市,臺中市第04選區,3,林中翊,1,臺灣雙語無法黨,1661,0.69,N
2024,立委,區域,新北市,新北市第01選區,3,游清池,1,制度救世島,1867,0.69,N
2024,立委,區域,新北市,新北市第04選區,3,蘇輝湟,1,無黨籍及未經政黨推薦,1924,0.9,N
2024,立委,區域,臺北市,臺北市第06選區,3,崔建章,1,臺灣雙語無法黨,2202,1.33,N
2024,立委,區域,臺中市,臺中市第06選區,3,賀姿華,2,無黨籍及未經政黨推薦,2972,1.49,N
2024,立委,區域,連江縣,連江縣第01選區,3,陳雪生,1,中國國民黨,3118,53.08,Y
2024,立委,區域,新北市,新北市第12選區,3,李佳蒨,2,臺灣雙語無法黨,3170,1.74,N
2024,立委,區域,澎湖縣,澎湖縣第01選區,3,陳慧娟,2,無黨籍及未經政黨推薦,3525,7.28,N
2024,立委,區域,臺南市,臺南市第02選區,3,詹秋嫻,2,人民最大黨,3775,2.12,N
2024,立委,區域,臺中市,臺中市第05選區,3,陳維新,2,無黨籍及未經政黨推薦,4224,1.62,N
2024,立委,區域,臺東縣,臺東縣第01選區,3,許瑞貴,1,無黨籍及未經政黨推薦,4522,6.1,N
2024,立委,區域,新竹縣,新竹縣第01選區,3,劉台穠,2,小民參政歐巴桑聯盟,4610,3.03,N
2024,立委,區域,臺中市,臺中市第01選區,3,劉燈鐘,1,無黨籍及未經政黨推薦,4685,2.91,N
2024,立委,區域,臺中市,臺中市第07選區,3,林振東,1,司法改革黨,5911,2.53,N
2024,立委,區域,嘉義市,嘉義市第01選區,3,陳玥妗,2,小民參政歐巴桑聯盟,6232,4.04,N
2024,立委,區域,臺中市,臺中市第02選區,3,洪麗華,2,司法正義黨,6331,2.83,N
2024,立委,區域,桃園市,桃園市第02選區,3,王思玟,1,無黨籍及未經政黨推薦,7127,3.31,N
2024,立委,區域,基隆市,基隆市第01選區,3,謝海菁,2,小民參政歐巴桑聯盟,8192,3.88,N
2024,立委,區域,高雄市,高雄市第05選區,3,張芳愉,2,小民參政歐巴桑聯盟,12264,5.7,N
2024,立委,區域,金門縣,金門縣第01選區,3,尚文凱,2,台灣民眾黨,13177,29.82,N
2024,立委,區域,新北市,新北市第07選區,3,劉書婷,2,小民參政歐巴桑聯盟,15479,9.13,N
2024,立委,區域,新北市,新北市第09選區,3,陳愷寧,2,台灣維新,21345,12.54,N
2024,立委,區域,屏東縣,屏東縣第01選區,3,蔣月惠,2,無黨籍及未經政黨推薦,25270,11.25,N
2024,立委,區域,桃園市,桃園市第06選區,3,李慕妍,2,台灣民眾黨,35183,17.67,N
2024,立委,區域,桃園市,桃園市第05選區,3,賴香伶,2,台灣民眾黨,43691,21.45,N
2024,立委,區域,南投縣,南投縣第01選區,3,蔡銘軒,1,民主進步黨,50886,39.22,N
2024,立委,區域,新竹市,新竹市第01選區,3,柯美蘭,2,無黨籍及未經政黨推薦,51663,19.78,N
2024,立委,區域,臺北市,臺北市第08選區,3,王閔生,1,民主進步黨,59490,32.42,N
2024,立委,區域,臺南市,臺南市第06選區,3,陳以信,1,中國國民黨,64018,33.65,N
2024,立委,區域,嘉義縣,嘉義縣第02選區,3,林國慶,1,無黨籍及未經政黨推薦,64778,43.57,N
2024,立委,區域,臺南市,臺南市第04選區,3,李全教,1,無黨籍及未經政黨推薦,67357,36.98,N
2024,立委,區域,花蓮縣,花蓮縣第01選區,3,傅崐萁,1,中國國民黨,68786,53.79,Y
2024,立委,區域,南投縣,南投縣第02選區,3,游顥,1,中國國民黨,70012,49.8,Y
2024,立委,區域,彰化縣,彰化縣第01選區,3,阮厚爵,1,中國國民黨,76448,42.38,N
2024,立委,區域,新竹縣,新竹縣第02選區,3,林思銘,1,中國國民黨,76608,44.82,Y
2024,立委,區域,彰化縣,彰化縣第03選區,3,吳音寧,2,民主進步黨,78473,43.18,N
2024,立委,區域,新北市,新北市第06選區,3,張宏陸,1,民主進步黨,78847,48.99,Y
2024,立委,區域,雲林縣,雲林縣第01選區,3,蘇治芬,2,民主進步黨,81707,46.06,N
2024,立委,區域,新北市,新北市第02選區,3,李有宜,2,台灣民眾黨,84393,40.62,N
2024,立委,區域,高雄市,高雄市第07選區,3,鍾易仲,1,中國國民黨,89355,42.97,N
2024,立委,區域,新北市,新北市第08選區,3,張智倫,1,中國國民黨,89808,42.7,Y
2024,立委,區域,臺北市,臺北市第03選區,3,謝佩芬,2,民主進步黨,89850,44.92,N
2024,立委,區域,高雄市,高雄市第06選區,3,陳美雅,2,中國國民黨,93750,42.07,N
2024,立委,區域,臺北市,臺北市第04選區,3,高嘉瑜,2,民主進步黨,95241,40.24,N
2024,立委,區域,臺南市,臺南市第01選區,3,賴惠員,2,民主進步黨,96662,60.26,Y
2024,立委,區域,彰化縣,彰化縣第04選區,3,陳素月,2,民主進步黨,97608,52.01,Y
2024,立委,區域,新北市,新北市第03選區,3,李坤城,1,民主進步黨,100141,53.3,Y
2024,立委,區域,高雄市,高雄市第03選區,3,李眉蓁,2,中國國民黨,101513,46.03,N
2024,立委,區域,桃園市,桃園市第03選區,3,魯明哲,1,中國國民黨,102056,46.84,Y
2024,立委,區域,新北市,新北市第10選區,3,吳琪銘,1,民主進步黨,103437,50.58,Y
2024,立委,區域,臺中市,臺中市第03選區,3,楊瓊瓔,2,中國國民黨,106306,55.72,Y
2024,立委,區域,屏東縣,屏東縣第02選區,3,徐富癸,1,民主進步黨,108923,53.38,Y
2024,立委,區域,臺北市,臺北市第02選區,3,王世堅,1,民主進步黨,111605,60.53,Y
2024,立委,區域,桃園市,桃園市第01選區,3,牛煦庭,1,中國國民黨,116571,48.44,Y
2024,立委,區域,桃園市,桃園市第04選區,3,萬美玲,2,中國國民黨,119430,55.46,Y
2024,立委,區域,高雄市,高雄市第08選區,3,賴瑞隆,1,民主進步黨,121064,57.75,Y
2024,立委,區域,臺北市,臺北市第05選區,4,林志成,1,無黨籍及未經政黨推薦,138,0.08,N
2024,立委,區域,臺北市,臺北市第03選區,4,高士恩,1,制度救世島,195,0.1,N
2024,立委,區域,臺東縣,臺東縣第01選區,4,陳長宏,1,無黨籍及未經政黨推薦,211,0.28,N
2024,立委,區域,臺北市,臺北市第02選區,4,郭啟源,1,中華統一促進黨,305,0.17,N
2024,立委,區域,新竹市,新竹市第01選區,4,王榮德,1,無黨籍及未經政黨推薦,405,0.16,N
2024,立委,區域,臺北市,臺北市第04選區,4,黃啟彬,1,制度救世島,422,0.18,N
2024,立委,區域,屏東縣,屏東縣第01選區,4,張庭源,1,台灣維新,496,0.22,N
2024,立委,區域,彰化縣,彰化縣第03選區,4,桂麗娜,2,中華統一促進黨,683,0.38,N
2024,立委,區域,花蓮縣,花蓮縣第01選區,4,周玉梅,2,制度救世島,879,0.69,N
2024,立委,區域,新北市,新北市第12選區,4,陳長志,1,台灣維新,980,0.54,N
2024,立委,區域,嘉義市,嘉義市第01選區,4,林智勲,1,臺灣雙語無法黨,990,0.64,N
2024,立委,區域,嘉義縣,嘉義縣第02選區,4,黃一哲,1,台灣維新,1213,0.82,N
2024,立委,區域,桃園市,桃園市第05選區,4,易乃文,1,司法改革黨,1580,0.78,N
2024,立委,區域,臺中市,臺中市第02選區,4,紀銘修,1,無黨籍及未經政黨推薦,2232,1.0,N
2024,立委,區域,彰化縣,彰化縣第04選區,4,蔡念諶,1,中華文化共和黨,2583,1.38,N
2024,立委,區域,高雄市,高雄市第08選區,4,湛秀英,2,勞動黨,2876,1.37,N
2024,立委,區域,南投縣,南投縣第01選區,4,李圓恩,2,小民參政歐巴桑聯盟,3035,2.34,N
2024,立委,區域,雲林縣,雲林縣第01選區,4,李昭儀,2,台灣革命黨,3072,1.73,N
2024,立委,區域,新北市,新北市第03選區,4,陳東雲,1,無黨籍及未經政黨推薦,3094,1.65,N
2024,立委,區域,臺北市,臺北市第07選區,4,陳韋安,1,無黨籍及未經政黨推薦,3286,1.93,N
2024,立委,區域,臺中市,臺中市第04選區,4,陳志彬,1,無黨籍及未經政黨推薦,3824,1.6,N
2024,立委,區域,新北市,新北市第11選區,4,張家榛,2,人民最大黨,4038,1.94,N
2024,立委,區域,臺北市,臺北市第08選區,4,賴宣任,2,小民參政歐巴桑聯盟,6374,3.47,N
2024,立委,區域,桃園市,桃園市第04選區,4,黃明莉,2,無黨籍及未經政黨推薦,9426,4.38,N
2024,立委,區域,桃園市,桃園市第03選區,4,徐鶯慈,2,小民參政歐巴桑聯盟,11258,5.17,N
2024,立委,區域,新竹縣,新竹縣第01選區,4,余筱菁,2,台灣綠黨,15557,10.24,N
2024,立委,區域,臺北市,臺北市第01選區,4,侯漢廷,1,無黨籍及未經政黨推薦,28510,14.64,N
2024,立委,區域,基隆市,基隆市第01選區,4,王醒之,1,無黨籍及未經政黨推薦,37260,17.67,N
2024,立委,區域,臺南市,臺南市第01選區,4,周宏昌,1,中國國民黨,49045,30.57,N
2024,立委,區域,宜蘭縣,宜蘭縣第01選區,4,陳琬惠,2,台灣民眾黨,53499,20.94,N
2024,立委,區域,高雄市,高雄市第01選區,4,邱議瑩,2,民主進步黨,79567,54.67,Y
2024,立委,區域,臺中市,臺中市第01選區,4,蔡其昌,1,民主進步黨,79884,49.63,Y
2024,立委,區域,桃園市,桃園市第06選區,4,邱若華,2,中國國民黨,81513,40.93,Y
2024,立委,區域,屏東縣,屏東縣第02選區,4,蘇孟淳,1,無黨籍及未經政黨推薦,82147,40.26,N
2024,立委,區域,臺北市,臺北市第06選區,4,羅智強,1,中國國民黨,87973,52.96,Y
2024,立委,區域,臺中市,臺中市第06選區,4,江肇國,1,民主進步黨,88674,44.58,N
2024,立委,區域,新北市,新北市第04選區,4,蔣欣璋,1,中國國民黨,89121,41.52,N
2024,立委,區域,高雄市,高雄市第05選區,4,黃柏霖,1,中國國民黨,90046,41.88,N
2024,立委,區域,新北市,新北市第10選區,4,林金結,1,中國國民黨,95147,46.52,N
2024,立委,區域,桃園市,桃園市第02選區,4,涂權吉,1,中國國民黨,103697,48.19,Y
2024,立委,區域,高雄市,高雄市第03選區,4,李柏毅,1,民主進步黨,108184,49.06,Y
2024,立委,區域,高雄市,高雄市第07選區,4,許智傑,1,民主進步黨,109484,52.65,Y
2024,立委,區域,臺中市,臺中市第05選區,4,黃健豪,1,中國國民黨,134706,51.55,Y
2024,立委,區域,新北市,新北市第01選區,4,洪孟楷,1,中國國民黨,158596,58.71,Y
2024,立委,區域,臺北市,臺北市第01選區,5,張臺勝,1,人民最大黨,161,0.08,N
2024,立委,區域,屏東縣,屏東縣第01選區,5,李孟翰,1,中華統一促進黨,464,0.21,N
2024,立委,區域,新北市,新北市第01選區,5,翁藤原,1,中華統一促進黨,570,0.21,N
2024,立委,區域,臺北市,臺北市第06選區,5,朱翊銘,1,台灣維新,660,0.4,N
2024,立委,區域,臺中市,臺中市第05選區,5,苗豐隆,1,無黨籍及未經政黨推薦,718,0.27,N
2024,立委,區域,臺北市,臺北市第08選區,5,夏萬浪,1,無黨籍及未經政黨推薦,761,0.41,N
2024,立委,區域,臺中市,臺中市第04選區,5,李海碩,1,臺灣雙語無法黨,792,0.33,N
2024,立委,區域,桃園市,桃園市第06選區,5,翁紹庭,2,人民最大黨,890,0.45,N
2024,立委,區域,新北市,新北市第04選區,5,邱吉均,1,制度救世島,1002,0.47,N
2024,立委,區域,新北市,新北市第11選區,5,陳聖,1,中華婦女黨,1029,0.5,N
2024,立委,區域,高雄市,高雄市第03選區,5,張正達,1,無黨籍及未經政黨推薦,1121,0.51,N
2024,立委,區域,臺南市,臺南市第01選區,5,蔡承攸,1,復康聯盟黨,1305,0.81,N
2024,立委,區域,臺北市,臺北市第04選區,5,林秋彤,2,台灣整復師聯盟工黨,1881,0.79,N
2024,立委,區域,臺中市,臺中市第06選區,5,黃千庭,2,中華統一促進黨,2091,1.05,N
2024,立委,區域,南投縣,南投縣第01選區,5,林金潭,1,無黨籍及未經政黨推薦,3373,2.6,N
2024,立委,區域,宜蘭縣,宜蘭縣第01選區,5,林意評,1,台灣基進,6201,2.43,N
2024,立委,區域,臺東縣,臺東縣第01選區,5,黃建賓,1,中國國民黨,25778,34.79,Y
2024,立委,區域,臺北市,臺北市第05選區,5,于美人,2,無黨籍及未經政黨推薦,38913,23.14,N
2024,立委,區域,新竹縣,新竹縣第01選區,5,詹紀緹,2,民主進步黨,45445,29.91,N
2024,立委,區域,嘉義市,嘉義市第01選區,5,張秀華,2,中國國民黨,66822,43.34,N
2024,立委,區域,臺北市,臺北市第02選區,5,游淑慧,2,中國國民黨,69754,37.83,N
2024,立委,區域,嘉義縣,嘉義縣第02選區,5,陳冠廷,1,民主進步黨,73598,49.5,Y
2024,立委,區域,臺北市,臺北市第07選區,5,許淑華,2,民主進步黨,76113,44.64,N
2024,立委,區域,新北市,新北市第12選區,5,賴品妤,2,民主進步黨,81937,45.03,N
2024,立委,區域,新竹市,新竹市第01選區,5,林志潔,2,民主進步黨,83298,31.89,N
2024,立委,區域,雲林縣,雲林縣第01選區,5,丁學忠,1,中國國民黨,84736,47.77,Y
2024,立委,區域,基隆市,基隆市第01選區,5,林沛祥,1,中國國民黨,91986,43.62,Y
2024,立委,區域,桃園市,桃園市第03選區,5,彭俊豪,1,民主進步黨,95581,43.87,N
2024,立委,區域,臺北市,臺北市第03選區,5,王鴻薇,2,中國國民黨,105050,52.52,Y
2024,立委,區域,臺北市,臺北市第01選區,6,胡金城,1,人民最大黨,255,0.13,N
2024,立委,區域,臺北市,臺北市第05選區,6,蘇諍,1,經濟黨,472,0.28,N
2024,立委,區域,嘉義市,嘉義市第01選區,6,蔡松益,1,復康聯盟黨,839,0.54,N
2024,立委,區域,臺北市,臺北市第03選區,6,楊時睿,1,台灣維新,1378,0.69,N
2024,立委,區域,臺中市,臺中市第05選區,6,謝旻汎,1,臺灣雙語無法黨,2113,0.81,N
2024,立委,區域,桃園市,桃園市第06選區,6,劉睿宸,1,復康聯盟黨,2689,1.35,N
2024,立委,區域,臺南市,臺南市第01選區,6,侯陸太,1,無黨籍及未經政黨推薦,2822,1.76,N
2024,立委,區域,雲林縣,雲林縣第01選區,6,陳俊龍,1,無黨籍及未經政黨推薦,5965,3.36,N
2024,立委,區域,臺東縣,臺東縣第01選區,6,劉櫂豪,1,無黨籍及未經政黨推薦,18744,25.29,N
2024,立委,區域,臺北市,臺北市第08選區,6,張其祿,1,台灣民眾黨,28335,15.44,N
2024,立委,區域,新竹市,新竹市第01選區,6,邱顯智,1,時代力量,33023,12.64,N
2024,立委,區域,基隆市,基隆市第01選區,6,鄭文婷,2,民主進步黨,69741,33.07,N
2024,立委,區域,新北市,新北市第11選區,6,曾柏瑜,2,民主進步黨,76237,36.68,N
2024,立委,區域,宜蘭縣,宜蘭縣第01選區,6,黃琤婷,2,中國國民黨,86120,33.7,N
2024,立委,區域,屏東縣,屏東縣第01選區,6,黃明賢,1,中國國民黨,88518,39.41,N
2024,立委,區域,新北市,新北市第12選區,6,廖先翔,1,中國國民黨,92489,50.83,Y
2024,立委,區域,臺北市,臺北市第08選區,7,張維學,1,無黨籍及未經政黨推薦,201,0.11,N
2024,立委,區域,臺北市,臺北市第01選區,7,許盛鋒,1,無黨籍及未經政黨推薦,231,0.12,N
2024,立委,區域,臺北市,臺北市第03選區,7,陳一郎,1,臺灣雙語無法黨,1107,0.55,N
2024,立委,區域,臺北市,臺北市第05選區,7,吳沛憶,2,民主進步黨,66932,39.81,Y
2024,立委,區域,新竹市,新竹市第01選區,7,鄭正鈐,1,中國國民黨,92014,35.22,Y
2024,立委,區域,臺中市,臺中市第05選區,7,莊競程,1,民主進步黨,107357,41.08,N
2024,立委,區域,臺北市,臺北市第08選區,8,胡之壯,1,興中同盟會,136,0.07,N
2024,立委,區域,臺中市,臺中市第05選區,8,林澤培,2,中華統一促進黨,285,0.11,N
2024,立委,區域,臺北市,臺北市第01選區,8,陳執中,1,臺灣雙語無法黨,950,0.49,N
2024,立委,區域,臺北市,臺北市第05選區,8,孫智麗,2,無黨籍及未經政黨推薦,1489,0.89,N
2024,立委,區域,臺北市,臺北市第05選區,9,張華特,1,台灣麻將最大黨,692,0.41,N
2024,立委,區域,臺北市,臺北市第05選區,10,李慧曦,2,司法改革黨,1502,0.89,N
2024,立委,山地原住民,全國,01,1,林世偉,1,無黨籍及未經政黨推薦,6331,4.39,N
2024,立委,山地原住民,全國,01,2,李我要單列族名我的布農族名字是Savungaz Valincinan,2,無黨籍及未經政黨推薦,6840,4.74,N
2024,立委,山地原住民,全國,01,3,盧縣一,1,中國國民黨,22284,15.45,Y
2024,立委,山地原住民,全國,01,4,林果,2,無黨籍及未經政黨推薦,230,0.16,N
2024,立委,山地原住民,全國,01,5,張子孝,1,無黨籍及未經政黨推薦,11726,8.13,N
2024,立委,山地原住民,全國,01,6,胡黃廣文,1,台灣民眾黨,6143,4.26,N
2024,立委,山地原住民,全國,01,7,高畹芯,2,司法改革黨,351,0.24,N
2024,立委,山地原住民,全國,01,8,高金素梅,2,無黨籍及未經政黨推薦,37131,25.75,Y
2024,立委,山地原住民,全國,01,9,孔文吉,1,中國國民黨,21304,14.77,N
2024,立委,山地原住民,全國,01,10,伍麗華 Saidhai．Tahovecahe,2,民主進步黨,31874,22.1,Y
2024,立委,平地原住民,全國,01,1,高美珠,2,無黨籍及未經政黨推薦,6928,5.82,N
2024,立委,平地原住民,全國,01,2,陳瑩,2,民主進步黨,27431,23.04,Y
2024,立委,平地原住民,全國,01,3,陳國榮,1,台灣維新,1055,0.89,N
2024,立委,平地原住民,全國,01,4,陳政宗,1,無黨籍及未經政黨推薦,9823,8.25,N
2024,立委,平地原住民,全國,01,5,忠仁．達祿斯,1,無黨籍及未經政黨推薦,5148,4.32,N
2024,立委,平地原住民,全國,01,6,吳建智咖啡哥,1,無黨籍及未經政黨推薦,2486,2.09,N
2024,立委,平地原住民,全國,01,7,黃仁,1,中國國民黨,20087,16.87,Y
2024,立委,平地原住民,全國,01,8,米甘幹．理佛克,1,新黨,863,0.72,N
2024,立委,平地原住民,全國,01,9,鄭天財 Sra‧Kacaw,1,中國國民黨,45242,38.0,Y
1995,立委,區域,臺北市,臺北市第1選區,1,汪立峽,1,勞動黨,498,0.08,N
1995,立委,區域,臺北市,臺北市第1選區,2,鄭元良,1,無,336,0.06,N
1995,立委,區域,臺北市,臺北市第1選區,3,謝欽宗,1,中國國民黨,45672,7.58,Y
1995,立委,區域,臺北市,臺北市第1選區,4,陳漢強,1,新黨,59575,9.89,Y
1995,立委,區域,臺北市,臺北市第1選區,5,丁守中,1,中國國民黨,57412,9.53,Y
1995,立委,區域,臺北市,臺北市第1選區,6,王仲良,1,無,326,0.05,N
1995,立委,區域,臺北市,臺北市第1選區,7,蕭裕珍,2,民主進步黨,37744,6.27,Y
1995,立委,區域,臺北市,臺北市第1選區,8,張慶源,1,無,401,0.07,N
1995,立委,區域,臺北市,臺北市第1選區,9,王雪峯,2,民主進步黨,70277,11.67,Y
1995,立委,區域,臺北市,臺北市第1選區,10,趙玲玲,2,中國國民黨,29570,4.91,N
1995,立委,區域,臺北市,臺北市第1選區,11,李勝峰,1,無,6773,1.12,N
1995,立委,區域,臺北市,臺北市第1選區,12,吳武明,1,無,768,0.13,N
1995,立委,區域,臺北市,臺北市第1選區,13,陳建銘,1,無,291,0.05,N
1995,立委,區域,臺北市,臺北市第1選區,14,吳寶芬,2,無,2548,0.42,N
1995,立委,區域,臺北市,臺北市第1選區,15,林濁水,1,民主進步黨,46059,7.65,Y
1995,立委,區域,臺北市,臺北市第1選區,16,郝龍斌,1,新黨,61259,10.17,Y
1995,立委,區域,臺北市,臺北市第1選區,17,穆閩珠,2,中國國民黨,30340,5.04,N
1995,立委,區域,臺北市,臺北市第1選區,18,江鵬堅,1,民主進步黨,26055,4.33,N
1995,立委,區域,臺北市,臺北市第1選區,19,江碩平,1,無,13021,2.16,N
1995,立委,區域,臺北市,臺北市第1選區,20,張晉城,1,民主進步黨,34845,5.78,Y
1995,立委,區域,臺北市,臺北市第1選區,21,高惠宇,2,新黨,50833,8.44,Y
1995,立委,區域,臺北市,臺北市第1選區,22,柯賜海,1,無,145,0.02,N
1995,立委,區域,臺北市,臺北市第1選區,23,劉宗明,1,中國國民黨,27602,4.58,N
1995,立委,區域,臺北市,臺北市第2選區,1,黃建源,1,無,510,0.09,N
1995,立委,區域,臺北市,臺北市第2選區,2,王娟萍,2,勞動黨,709,0.12,N
1995,立委,區域,臺北市,臺北市第2選區,3,陳鴻基,1,中國國民黨,41177,7.05,Y
1995,立委,區域,臺北市,臺北市第2選區,4,張智雄,1,無,506,0.09,N
1995,立委,區域,臺北市,臺北市第2選區,5,葛彰台,1,無,138,0.02,N
1995,立委,區域,臺北市,臺北市第2選區,6,沈慶台,1,無,239,0.04,N
1995,立委,區域,臺北市,臺北市第2選區,7,廖立宇,1,無,1846,0.32,N
1995,立委,區域,臺北市,臺北市第2選區,8,潘維剛,2,中國國民黨,53984,9.24,Y
1995,立委,區域,臺北市,臺北市第2選區,9,趙寧,1,中國國民黨,39803,6.81,N
1995,立委,區域,臺北市,臺北市第2選區,10,顏錦福,1,民主進步黨,56848,9.73,Y
1995,立委,區域,臺北市,臺北市第2選區,11,李慶華,1,新黨,52997,9.07,Y
1995,立委,區域,臺北市,臺北市第2選區,12,邱衍明,1,無,324,0.06,N
1995,立委,區域,臺北市,臺北市第2選區,13,謝弘康,1,無,727,0.12,N
1995,立委,區域,臺北市,臺北市第2選區,14,邱彰,2,無,14394,2.46,N
1995,立委,區域,臺北市,臺北市第2選區,15,丘衛邦,1,無,383,0.07,N
1995,立委,區域,臺北市,臺北市第2選區,16,鄭良,2,無,252,0.04,N
1995,立委,區域,臺北市,臺北市第2選區,17,朱惠良,2,新黨,60485,10.35,Y
1995,立委,區域,臺北市,臺北市第2選區,18,楊炯煌,1,無,353,0.06,N
1995,立委,區域,臺北市,臺北市第2選區,19,尤英夫,1,無,2285,0.39,N
1995,立委,區域,臺北市,臺北市第2選區,20,方景鈞,1,無,641,0.11,N
1995,立委,區域,臺北市,臺北市第2選區,21,沈富雄,1,民主進步黨,48275,8.26,Y
1995,立委,區域,臺北市,臺北市第2選區,22,周陽山,1,新黨,54456,9.32,Y
1995,立委,區域,臺北市,臺北市第2選區,23,魏鏞,1,中國國民黨,18188,3.11,N
1995,立委,區域,臺北市,臺北市第2選區,24,羅世和,1,無,885,0.15,N
1995,立委,區域,臺北市,臺北市第2選區,25,黃天福,1,民主進步黨,50072,8.57,Y
1995,立委,區域,臺北市,臺北市第2選區,26,莊松富,1,無,468,0.08,N
1995,立委,區域,臺北市,臺北市第2選區,27,張婉君,2,無,1881,0.32,N
1995,立委,區域,臺北市,臺北市第2選區,28,陳夢榮,1,無,574,0.1,N
1995,立委,區域,臺北市,臺北市第2選區,29,張泮香,1,無,312,0.05,N
1995,立委,區域,臺北市,臺北市第2選區,30,周慶峻,1,無,130,0.02,N
1995,立委,區域,臺北市,臺北市第2選區,31,張世傑,1,無,855,0.15,N
1995,立委,區域,臺北市,臺北市第2選區,32,郇金銓,1,無,1744,0.3,N
1995,立委,區域,臺北市,臺北市第2選區,33,葉菊蘭,2,民主進步黨,56364,9.64,Y
1995,立委,區域,臺北市,臺北市第2選區,34,周金地,1,無,149,0.03,N
1995,立委,區域,臺北市,臺北市第2選區,35,邵宗海,1,中國國民黨,20765,3.55,N
1995,立委,區域,臺北市,臺北市第2選區,36,蔡冠倫,1,無,730,0.12,N
1995,立委,區域,高雄市,高雄市第1選區,1,朱高正,1,新黨,45936,12.7,Y
1995,立委,區域,高雄市,高雄市第1選區,2,黃昭順,2,中國國民黨,42571,11.77,Y
1995,立委,區域,高雄市,高雄市第1選區,3,葉耀鵬,1,無,31670,8.75,N
1995,立委,區域,高雄市,高雄市第1選區,4,趙幸男,1,中國國民黨,25039,6.92,N
1995,立委,區域,高雄市,高雄市第1選區,5,鄭德耀,1,無,2041,0.56,N
1995,立委,區域,高雄市,高雄市第1選區,6,曾景亮,1,無,481,0.13,N
1995,立委,區域,高雄市,高雄市第1選區,7,陳其邁,1,民主進步黨,38367,10.6,Y
1995,立委,區域,高雄市,高雄市第1選區,8,李必賢,1,中國國民黨,55385,15.31,Y
1995,立委,區域,高雄市,高雄市第1選區,9,李慶雄,1,民主進步黨,35009,9.68,N
1995,立委,區域,高雄市,高雄市第1選區,10,朱星羽,1,民主進步黨,37453,10.35,Y
1995,立委,區域,高雄市,高雄市第1選區,11,王天競,1,中國國民黨,38054,10.52,Y
1995,立委,區域,高雄市,高雄市第1選區,12,蘇盈貴,1,無,9822,2.71,N
1995,立委,區域,高雄市,高雄市第2選區,1,王志雄,1,中國國民黨,33903,11.34,Y
1995,立委,區域,高雄市,高雄市第2選區,2,周平德,1,民主進步黨,19653,6.58,N
1995,立委,區域,高雄市,高雄市第2選區,3,王文正,1,中國國民黨,22843,7.64,N
1995,立委,區域,高雄市,高雄市第2選區,4,劉典,1,無,393,0.13,N
1995,立委,區域,高雄市,高雄市第2選區,5,林杰正,1,無,765,0.26,N
1995,立委,區域,高雄市,高雄市第2選區,6,郭金生,1,中國國民黨,27847,9.32,Y
1995,立委,區域,高雄市,高雄市第2選區,7,黃昭輝,1,民主進步黨,24222,8.1,N
1995,立委,區域,高雄市,高雄市第2選區,8,林宏宗,1,無,41234,13.8,Y
1995,立委,區域,高雄市,高雄市第2選區,9,戴勝祝,1,無,364,0.12,N
1995,立委,區域,高雄市,高雄市第2選區,10,張俊雄,1,民主進步黨,29859,9.99,Y
1995,立委,區域,高雄市,高雄市第2選區,11,黃國鐘,1,新黨,28031,9.38,Y
1995,立委,區域,高雄市,高雄市第2選區,12,許曉丹,2,無,16323,5.46,N
1995,立委,區域,高雄市,高雄市第2選區,13,王貴雄,1,無,103,0.03,N
1995,立委,區域,高雄市,高雄市第2選區,14,林景元,1,無,1454,0.49,N
1995,立委,區域,高雄市,高雄市第2選區,15,成樹芬,2,中國國民黨,24520,8.2,N
1995,立委,區域,高雄市,高雄市第2選區,16,陳光復,1,民主進步黨,27381,9.16,Y
1995,立委,區域,臺北縣,臺北縣選舉區,1,廖學廣,1,無,76412,5.4,Y
1995,立委,區域,臺北縣,臺北縣選舉區,2,周荃,2,新黨,70733,5,Y
1995,立委,區域,臺北縣,臺北縣選舉區,3,李顯榮,1,中國國民黨,47115,3.33,Y
1995,立委,區域,臺北縣,臺北縣選舉區,4,林志嘉,1,中國國民黨,58125,4.11,Y
1995,立委,區域,臺北縣,臺北縣選舉區,5,林福田,1,無,1681,0.12,N
1995,立委,區域,臺北縣,臺北縣選舉區,6,董尚中,1,無,587,0.04,N
1995,立委,區域,臺北縣,臺北縣選舉區,7,陳宏昌,1,中國國民黨,47890,3.38,Y
1995,立委,區域,臺北縣,臺北縣選舉區,8,曾宗順,1,無,1851,0.13,N
1995,立委,區域,臺北縣,臺北縣選舉區,9,蔡正揚,1,新黨,50834,3.59,Y
1995,立委,區域,臺北縣,臺北縣選舉區,10,劉盛良,1,中國國民黨,56580,4,Y
1995,立委,區域,臺北縣,臺北縣選舉區,11,吳勇雄,1,無,937,0.07,N
1995,立委,區域,臺北縣,臺北縣選舉區,12,張馥堂,1,新黨,33515,2.37,N
1995,立委,區域,臺北縣,臺北縣選舉區,13,姚江臨,1,中國國民黨,6775,0.48,N
1995,立委,區域,臺北縣,臺北縣選舉區,14,陳金城,1,中國國民黨,8532,0.6,N
1995,立委,區域,臺北縣,臺北縣選舉區,15,陳金德,1,民主進步黨,33862,2.39,N
1995,立委,區域,臺北縣,臺北縣選舉區,16,楊悟空,1,無,14377,1.02,N
1995,立委,區域,臺北縣,臺北縣選舉區,17,劉炳華,1,中國國民黨,40996,2.9,N
1995,立委,區域,臺北縣,臺北縣選舉區,18,洪秀柱,2,中國國民黨,49563,3.5,Y
1995,立委,區域,臺北縣,臺北縣選舉區,19,吳梓,1,無,3438,0.24,N
1995,立委,區域,臺北縣,臺北縣選舉區,20,陳婉真,2,民主進步黨,37715,2.67,N
1995,立委,區域,臺北縣,臺北縣選舉區,21,黃煌雄,1,民主進步黨,30368,2.15,N
1995,立委,區域,臺北縣,臺北縣選舉區,22,盧嘉辰,1,無,9951,0.7,N
1995,立委,區域,臺北縣,臺北縣選舉區,23,邱華康,1,無,830,0.06,N
1995,立委,區域,臺北縣,臺北縣選舉區,24,石瓊文,1,無,687,0.05,N
1995,立委,區域,臺北縣,臺北縣選舉區,25,田永彥,1,無,6578,0.46,N
1995,立委,區域,臺北縣,臺北縣選舉區,26,翁明崧,1,無,504,0.04,N
1995,立委,區域,臺北縣,臺北縣選舉區,27,蔡有全,1,民主進步黨,25274,1.79,N
1995,立委,區域,臺北縣,臺北縣選舉區,28,李應元,1,民主進步黨,51155,3.62,Y
1995,立委,區域,臺北縣,臺北縣選舉區,29,孫安迪,1,無,8771,0.62,N
1995,立委,區域,臺北縣,臺北縣選舉區,30,楊世雄,1,新黨,43329,3.06,N
1995,立委,區域,臺北縣,臺北縣選舉區,31,蔡文賢,1,中國國民黨,35275,2.49,N
1995,立委,區域,臺北縣,臺北縣選舉區,32,羅家康,1,無,345,0.02,N
1995,立委,區域,臺北縣,臺北縣選舉區,33,陳茂男,1,民主進步黨,31754,2.24,N
1995,立委,區域,臺北縣,臺北縣選舉區,34,盧修一,1,民主進步黨,75203,5.31,Y
1995,立委,區域,臺北縣,臺北縣選舉區,35,蘇貞昌,1,民主進步黨,66146,4.67,Y
1995,立委,區域,臺北縣,臺北縣選舉區,36,朱蕾,2,無,2607,0.18,N
1995,立委,區域,臺北縣,臺北縣選舉區,37,羅福助,1,無,51878,3.67,Y
1995,立委,區域,臺北縣,臺北縣選舉區,38,詹裕仁,1,中國國民黨,29214,2.06,N
1995,立委,區域,臺北縣,臺北縣選舉區,39,葉憲修,1,無,34803,2.46,N
1995,立委,區域,臺北縣,臺北縣選舉區,40,陳正忠,1,民主進步黨,5080,0.36,N
1995,立委,區域,臺北縣,臺北縣選舉區,41,張金策,1,無,7930,0.56,N
1995,立委,區域,臺北縣,臺北縣選舉區,42,李錫錕,1,無,3358,0.24,N
1995,立委,區域,臺北縣,臺北縣選舉區,43,周伯倫,1,民主進步黨,47239,3.34,Y
1995,立委,區域,臺北縣,臺北縣選舉區,44,趙永清,1,中國國民黨,54330,3.84,Y
1995,立委,區域,臺北縣,臺北縣選舉區,45,韓國瑜,1,中國國民黨,59109,4.18,Y
1995,立委,區域,臺北縣,臺北縣選舉區,46,鄭逢時,1,中國國民黨,46451,3.28,Y
1995,立委,區域,臺北縣,臺北縣選舉區,47,李日盛,1,無,454,0.03,N
1995,立委,區域,臺北縣,臺北縣選舉區,48,蘇國輝,1,無,834,0.06,N
1995,立委,區域,臺北縣,臺北縣選舉區,49,傅崐成,1,新黨,43643,3.08,Y
1995,立委,區域,臺北縣,臺北縣選舉區,50,吳和順,1,無,328,0.02,N
1995,立委,區域,宜蘭縣,宜蘭縣選舉區,1,林建榮,1,中國國民黨,57565,33.71,Y
1995,立委,區域,宜蘭縣,宜蘭縣選舉區,2,陳定南,1,民主進步黨,93644,54.84,Y
1995,立委,區域,宜蘭縣,宜蘭縣選舉區,3,文祖湘,1,中國國民黨,19558,11.45,N
1995,立委,區域,桃園縣,桃園縣選舉區,1,林啟榮,1,無,3083,0.48,N
1995,立委,區域,桃園縣,桃園縣選舉區,2,彭勝遙,1,無,1839,0.29,N
1995,立委,區域,桃園縣,桃園縣選舉區,3,黃主文,1,中國國民黨,57799,9.06,Y
1995,立委,區域,桃園縣,桃園縣選舉區,4,郁慕明,1,新黨,74119,11.61,Y
1995,立委,區域,桃園縣,桃園縣選舉區,5,翁仁彥,1,無,4347,0.68,N
1995,立委,區域,桃園縣,桃園縣選舉區,6,吳克清,1,中國國民黨,44196,6.92,Y
1995,立委,區域,桃園縣,桃園縣選舉區,7,鄭寶清,1,民主進步黨,46243,7.24,Y
1995,立委,區域,桃園縣,桃園縣選舉區,8,魏廷朝,1,民主進步黨,39767,6.23,N
1995,立委,區域,桃園縣,桃園縣選舉區,9,彭紹瑾,1,民主進步黨,60343,9.45,Y
1995,立委,區域,桃園縣,桃園縣選舉區,10,朱鳳芝,2,中國國民黨,94326,14.78,Y
1995,立委,區域,桃園縣,桃園縣選舉區,11,賴來焜,1,新黨,42318,6.63,Y
1995,立委,區域,桃園縣,桃園縣選舉區,12,邱垂貞,1,民主進步黨,78926,12.37,Y
1995,立委,區域,桃園縣,桃園縣選舉區,13,鍾榮炎,1,無,1022,0.16,N
1995,立委,區域,桃園縣,桃園縣選舉區,14,張昌財,1,中國國民黨,36020,5.64,N
1995,立委,區域,桃園縣,桃園縣選舉區,15,呂新民,1,中國國民黨,40539,6.35,N
1995,立委,區域,桃園縣,桃園縣選舉區,16,唐雲明,1,中國國民黨,13404,2.1,N
1995,立委,區域,新竹縣,新竹縣選舉區,1,鄭永金,1,中國國民黨,63254,37.27,Y
1995,立委,區域,新竹縣,新竹縣選舉區,2,林光華,1,民主進步黨,60249,35.5,Y
1995,立委,區域,新竹縣,新竹縣選舉區,3,徐益權,1,中國國民黨,24859,14.65,N
1995,立委,區域,新竹縣,新竹縣選舉區,4,彭鳳貞,2,新黨,21351,12.58,N
1995,立委,區域,苗栗縣,苗栗縣選舉區,1,陳文輝,1,民主進步黨,61519,22.69,Y
1995,立委,區域,苗栗縣,苗栗縣選舉區,2,劉政鴻,1,中國國民黨,60234,22.22,N
1995,立委,區域,苗栗縣,苗栗縣選舉區,3,徐成焜,1,中國國民黨,66391,24.49,Y
1995,立委,區域,苗栗縣,苗栗縣選舉區,4,吳錦源,1,無,590,0.22,N
1995,立委,區域,苗栗縣,苗栗縣選舉區,5,黃瑞明,1,無,1039,0.38,N
1995,立委,區域,苗栗縣,苗栗縣選舉區,6,朱天衣,2,新黨,19527,7.2,N
1995,立委,區域,苗栗縣,苗栗縣選舉區,7,王素筠,2,中國國民黨,61835,22.81,Y
1995,立委,區域,臺中縣,臺中縣選舉區,1,徐中雄,1,中國國民黨,63439,9.94,Y
1995,立委,區域,臺中縣,臺中縣選舉區,2,陳傑儒,1,中國國民黨,57662,9.03,Y
1995,立委,區域,臺中縣,臺中縣選舉區,3,胡東升,1,無,818,0.13,N
1995,立委,區域,臺中縣,臺中縣選舉區,4,郭政權,1,中國國民黨,74117,11.61,Y
1995,立委,區域,臺中縣,臺中縣選舉區,5,邱瓊玉,2,無,5938,0.93,N
1995,立委,區域,臺中縣,臺中縣選舉區,6,張文儀,1,中國國民黨,61142,9.58,Y
1995,立委,區域,臺中縣,臺中縣選舉區,7,林豐喜,1,民主進步黨,66411,10.4,Y
1995,立委,區域,臺中縣,臺中縣選舉區,8,周家齊,1,民主進步黨,53681,8.41,N
1995,立委,區域,臺中縣,臺中縣選舉區,9,林耀興,1,中國國民黨,78894,12.36,Y
1995,立委,區域,臺中縣,臺中縣選舉區,10,廖永來,1,民主進步黨,55812,8.74,N
1995,立委,區域,臺中縣,臺中縣選舉區,11,劉劍成,1,中國國民黨,44383,6.95,N
1995,立委,區域,臺中縣,臺中縣選舉區,12,馮定國,1,新黨,75300,11.79,Y
1995,立委,區域,臺中縣,臺中縣選舉區,13,楊慶霖,1,無,905,0.14,N
1995,立委,區域,彰化縣,彰化縣選舉區,1,洪英花,2,無,8324,1.4,N
1995,立委,區域,彰化縣,彰化縣選舉區,2,王顯明,1,中國國民黨,67266,11.34,Y
1995,立委,區域,彰化縣,彰化縣選舉區,3,謝聰敏,1,民主進步黨,56414,9.51,Y
1995,立委,區域,彰化縣,彰化縣選舉區,4,翁金珠,2,民主進步黨,93687,15.79,Y
1995,立委,區域,彰化縣,彰化縣選舉區,5,劉榮東,1,無,7940,1.34,N
1995,立委,區域,彰化縣,彰化縣選舉區,6,姚嘉文,1,民主進步黨,35859,6.04,N
1995,立委,區域,彰化縣,彰化縣選舉區,7,張世良,1,無,18970,3.2,N
1995,立委,區域,彰化縣,彰化縣選舉區,8,游淮銀,1,中國國民黨,65190,10.99,Y
1995,立委,區域,彰化縣,彰化縣選舉區,9,陳朝容,1,中國國民黨,67176,11.32,Y
1995,立委,區域,彰化縣,彰化縣選舉區,10,林錫山,1,中國國民黨,62668,10.56,Y
1995,立委,區域,彰化縣,彰化縣選舉區,11,李炳南,1,新黨,28055,4.73,N
1995,立委,區域,彰化縣,彰化縣選舉區,12,謝政穎,1,無,20127,3.39,N
1995,立委,區域,彰化縣,彰化縣選舉區,13,洪性榮,1,中國國民黨,61566,10.38,Y
1995,立委,區域,南投縣,南投縣選舉區,1,賴英芳,1,中國國民黨,39676,17.94,N
1995,立委,區域,南投縣,南投縣選舉區,2,余武龍,1,無,12087,5.47,N
1995,立委,區域,南投縣,南投縣選舉區,3,蔡煌瑯,1,民主進步黨,43688,19.76,Y
1995,立委,區域,南投縣,南投縣選舉區,4,李志苔,1,新黨,15937,7.21,N
1995,立委,區域,南投縣,南投縣選舉區,5,陳志彬,1,中國國民黨,40167,18.17,Y
1995,立委,區域,南投縣,南投縣選舉區,6,賴衡垚,1,無,1150,0.52,N
1995,立委,區域,南投縣,南投縣選舉區,7,彭百顯,1,民主進步黨,68397,30.93,Y
1995,立委,區域,雲林縣,雲林縣選舉區,1,廖大林,1,民主進步黨,52106,15.13,Y
1995,立委,區域,雲林縣,雲林縣選舉區,2,廖福本,1,中國國民黨,65261,18.95,Y
1995,立委,區域,雲林縣,雲林縣選舉區,3,林明義,1,中國國民黨,65726,19.08,Y
1995,立委,區域,雲林縣,雲林縣選舉區,4,吳修榮,1,中國國民黨,22417,6.51,N
1995,立委,區域,雲林縣,雲林縣選舉區,5,蘇洪月嬌,2,無,14075,4.09,N
1995,立委,區域,雲林縣,雲林縣選舉區,6,許舒博,1,中國國民黨,67076,19.47,Y
1995,立委,區域,雲林縣,雲林縣選舉區,7,林國華,1,民主進步黨,49294,14.31,N
1995,立委,區域,雲林縣,雲林縣選舉區,8,藍照慶,1,新黨,8471,2.46,N
1995,立委,區域,嘉義縣,嘉義縣選舉區,1,曾振農,1,中國國民黨,65841,28.18,Y
1995,立委,區域,嘉義縣,嘉義縣選舉區,2,賈惠承,1,新黨,6822,2.92,N
1995,立委,區域,嘉義縣,嘉義縣選舉區,3,翁重鈞,1,中國國民黨,74142,31.73,Y
1995,立委,區域,嘉義縣,嘉義縣選舉區,4,蔡得佑,1,無,814,0.35,N
1995,立委,區域,嘉義縣,嘉義縣選舉區,5,蔡式淵,1,民主進步黨,73797,31.58,Y
1995,立委,區域,嘉義縣,嘉義縣選舉區,6,侯海熊,1,無,11762,5.03,N
1995,立委,區域,嘉義縣,嘉義縣選舉區,7,湯桂賢,1,無,469,0.2,N
1995,立委,區域,臺南縣,臺南縣選舉區,1,黃來鎰,1,中國國民黨,38678,7.8,N
1995,立委,區域,臺南縣,臺南縣選舉區,2,蘇煥智,1,民主進步黨,78445,15.83,Y
1995,立委,區域,臺南縣,臺南縣選舉區,3,謝錦川,1,民主進步黨,43835,8.84,Y
1995,立委,區域,臺南縣,臺南縣選舉區,4,李俊毅,1,民主進步黨,48587,9.8,Y
1995,立委,區域,臺南縣,臺南縣選舉區,5,黃秀孟,2,中國國民黨,62241,12.56,Y
1995,立委,區域,臺南縣,臺南縣選舉區,6,仉桂美,2,新黨,23395,4.72,N
1995,立委,區域,臺南縣,臺南縣選舉區,7,曾金兆,1,無,661,0.13,N
1995,立委,區域,臺南縣,臺南縣選舉區,8,洪玉欽,1,中國國民黨,70618,14.25,Y
1995,立委,區域,臺南縣,臺南縣選舉區,9,高育仁,1,中國國民黨,47340,9.55,Y
1995,立委,區域,臺南縣,臺南縣選舉區,10,吳啟章,1,無,7545,1.52,N
1995,立委,區域,臺南縣,臺南縣選舉區,11,楊澤泉,1,民主進步黨,34777,7.02,N
1995,立委,區域,臺南縣,臺南縣選舉區,12,蘇火燈,1,中國國民黨,37765,7.62,N
1995,立委,區域,臺南縣,臺南縣選舉區,13,劉明瑞,1,無,1747,0.35,N
1995,立委,區域,高雄縣,高雄縣選舉區,1,吳木村,1,無,913,0.17,N
1995,立委,區域,高雄縣,高雄縣選舉區,2,許朝燊,1,無,575,0.11,N
1995,立委,區域,高雄縣,高雄縣選舉區,3,余玲雅,2,民主進步黨,65820,12.09,Y
1995,立委,區域,高雄縣,高雄縣選舉區,4,尤宏,1,民主進步黨,51635,9.49,Y
1995,立委,區域,高雄縣,高雄縣選舉區,5,陳三思,1,民主進步黨,40799,7.5,N
1995,立委,區域,高雄縣,高雄縣選舉區,6,王金平,1,中國國民黨,106656,19.6,Y
1995,立委,區域,高雄縣,高雄縣選舉區,7,葉發欉,1,無,19471,3.58,N
1995,立委,區域,高雄縣,高雄縣選舉區,8,戴進吉,1,無,5709,1.05,N
1995,立委,區域,高雄縣,高雄縣選舉區,9,鍾肇瓊,1,無,797,0.15,N
1995,立委,區域,高雄縣,高雄縣選舉區,10,戴振耀,1,民主進步黨,38496,7.07,N
1995,立委,區域,高雄縣,高雄縣選舉區,11,蕭金蘭,2,中國國民黨,51404,9.45,Y
1995,立委,區域,高雄縣,高雄縣選舉區,12,姚立明,1,新黨,42490,7.81,Y
1995,立委,區域,高雄縣,高雄縣選舉區,13,胡建新,1,無,333,0.06,N
1995,立委,區域,高雄縣,高雄縣選舉區,14,林志隆,1,中國國民黨,36872,6.78,N
1995,立委,區域,高雄縣,高雄縣選舉區,15,林源山,1,中國國民黨,46372,8.52,Y
1995,立委,區域,高雄縣,高雄縣選舉區,16,錢漢清,1,無,542,0.1,N
1995,立委,區域,高雄縣,高雄縣選舉區,17,李嘉俊,1,中國國民黨,35324,6.49,N
1995,立委,區域,屏東縣,屏東縣選舉區,1,林國龍,1,中國國民黨,64648,16.61,Y
1995,立委,區域,屏東縣,屏東縣選舉區,2,曾永權,1,中國國民黨,82168,21.11,Y
1995,立委,區域,屏東縣,屏東縣選舉區,3,亓允文,1,新黨,17532,4.5,N
1995,立委,區域,屏東縣,屏東縣選舉區,4,郭廷才,1,中國國民黨,46271,11.89,Y
1995,立委,區域,屏東縣,屏東縣選舉區,5,李景雯,1,無,9982,2.56,N
1995,立委,區域,屏東縣,屏東縣選舉區,6,蘇嘉全,1,民主進步黨,85156,21.88,Y
1995,立委,區域,屏東縣,屏東縣選舉區,7,鄭朝明,1,民主進步黨,53615,13.78,Y
1995,立委,區域,屏東縣,屏東縣選舉區,8,邱子正,1,民主進步黨,29802,7.66,N
1995,立委,區域,臺東縣,臺東縣選舉區,1,唐明超,1,新黨,1631,2.36,N
1995,立委,區域,臺東縣,臺東縣選舉區,2,蘇玉龍,1,無,18177,26.29,N
1995,立委,區域,臺東縣,臺東縣選舉區,3,賴坤成,1,民主進步黨,20330,29.41,N
1995,立委,區域,臺東縣,臺東縣選舉區,4,饒穎奇,1,中國國民黨,28999,41.94,Y
1995,立委,區域,花蓮縣,花蓮縣選舉區,1,張靜,1,中國國民黨,2357,2.1,N
1995,立委,區域,花蓮縣,花蓮縣選舉區,2,徐正邦,1,新黨,5764,5.14,N
1995,立委,區域,花蓮縣,花蓮縣選舉區,3,簡德隆,1,無,404,0.36,N
1995,立委,區域,花蓮縣,花蓮縣選舉區,4,鍾利德,1,中國國民黨,29885,26.65,Y
1995,立委,區域,花蓮縣,花蓮縣選舉區,5,許兆麟,2,中國國民黨,5475,4.88,N
1995,立委,區域,花蓮縣,花蓮縣選舉區,6,張偉,1,無,21896,19.52,N
1995,立委,區域,花蓮縣,花蓮縣選舉區,7,陳清水,1,中國國民黨,6170,5.5,N
1995,立委,區域,花蓮縣,花蓮縣選舉區,8,陳永興,1,民主進步黨,28503,25.42,Y
1995,立委,區域,花蓮縣,花蓮縣選舉區,9,魏東河,1,中國國民黨,11695,10.43,N
1995,立委,區域,澎湖縣,澎湖縣選舉區,1,林炳坤,1,中國國民黨,26055,65.85,Y
1995,立委,區域,澎湖縣,澎湖縣選舉區,2,蕭丁苑,1,新黨,2052,5.19,N
1995,立委,區域,澎湖縣,澎湖縣選舉區,3,高燁珍,1,全國民主非政黨聯盟,517,1.31,N
1995,立委,區域,澎湖縣,澎湖縣選舉區,4,鄭紹良,1,民主進步黨,10942,27.66,N
1995,立委,區域,基隆市,基隆市選舉區,1,李進勇,1,民主進步黨,38900,24.25,Y
1995,立委,區域,基隆市,基隆市選舉區,2,楊思勤,1,中國國民黨,19463,12.13,N
1995,立委,區域,基隆市,基隆市選舉區,3,徐少萍,2,中國國民黨,31037,19.35,Y
1995,立委,區域,基隆市,基隆市選舉區,4,何聖隆,1,無,11442,7.13,N
1995,立委,區域,基隆市,基隆市選舉區,5,李彌,1,新黨,30891,19.26,N
1995,立委,區域,基隆市,基隆市選舉區,6,林建隆,1,民主進步黨,18967,11.82,N
1995,立委,區域,基隆市,基隆市選舉區,7,林則奘,1,無,9712,6.05,N
1995,立委,區域,新竹市,新竹市選舉區,1,王榮德,1,無,1724,1.31,N
1995,立委,區域,新竹市,新竹市選舉區,2,高新武,1,新黨,30460,23.16,N
1995,立委,區域,新竹市,新竹市選舉區,3,林政則,1,中國國民黨,56842,43.23,Y
1995,立委,區域,新竹市,新竹市選舉區,4,柯建銘,1,民主進步黨,42476,32.3,Y
1995,立委,區域,臺中市,臺中市選舉區,1,邱潤容,2,無,3075,0.87,N
1995,立委,區域,臺中市,臺中市選舉區,2,朱梅,2,無,397,0.11,N
1995,立委,區域,臺中市,臺中市選舉區,3,黃顯洲,1,中國國民黨,43805,12.39,N
1995,立委,區域,臺中市,臺中市選舉區,4,洪昭男,1,中國國民黨,53170,15.04,Y
1995,立委,區域,臺中市,臺中市選舉區,5,蔡明憲,1,民主進步黨,57911,16.39,Y
1995,立委,區域,臺中市,臺中市選舉區,6,沈智慧,2,中國國民黨,57920,16.39,Y
1995,立委,區域,臺中市,臺中市選舉區,7,許世楷,1,民主進步黨,21970,6.22,N
1995,立委,區域,臺中市,臺中市選舉區,8,林忠勝,1,無,454,0.13,N
1995,立委,區域,臺中市,臺中市選舉區,9,謝啟大,2,新黨,80771,22.85,Y
1995,立委,區域,臺中市,臺中市選舉區,10,劉文慶,1,民主進步黨,33943,9.6,N
1995,立委,區域,嘉義市,嘉義市選舉區,1,趙少平,1,新黨,3749,2.89,N
1995,立委,區域,嘉義市,嘉義市選舉區,2,蕭萬長,1,中國國民黨,67029,51.71,Y
1995,立委,區域,嘉義市,嘉義市選舉區,3,蔡同榮,1,民主進步黨,58848,45.4,N
1995,立委,區域,臺南市,臺南市選舉區,1,劉偉達,1,無,1132,0.35,N
1995,立委,區域,臺南市,臺南市選舉區,2,毛大福,1,無,719,0.23,N
1995,立委,區域,臺南市,臺南市選舉區,3,張燦鍙,1,民主進步黨,32075,10.05,N
1995,立委,區域,臺南市,臺南市選舉區,4,陳進成,1,新黨,24837,7.78,N
1995,立委,區域,臺南市,臺南市選舉區,5,許添財,1,無,64069,20.07,Y
1995,立委,區域,臺南市,臺南市選舉區,6,施台生,1,中國國民黨,47942,15.02,Y
1995,立委,區域,臺南市,臺南市選舉區,7,施明德,1,民主進步黨,60042,18.81,Y
1995,立委,區域,臺南市,臺南市選舉區,8,蘇囿戩,1,無,4998,1.57,N
1995,立委,區域,臺南市,臺南市選舉區,9,王滔夫,1,無,20359,6.38,N
1995,立委,區域,臺南市,臺南市選舉區,10,杜振榮,1,中國國民黨,39743,12.45,Y
1995,立委,區域,臺南市,臺南市選舉區,11,吳再福,1,中國國民黨,23287,7.3,N
1995,立委,區域,金門縣,金門縣選舉區,1,陳允火,1,無,1854,8.86,N
1995,立委,區域,金門縣,金門縣選舉區,2,陳清寶,1,中國國民黨,11041,52.74,Y
1995,立委,區域,金門縣,金門縣選舉區,3,吳成典,1,新黨,6996,33.42,N
1995,立委,區域,金門縣,金門縣選舉區,4,張天欽,1,民主進步黨,578,2.76,N
1995,立委,區域,金門縣,金門縣選舉區,5,許水增,1,無,465,2.22,N
1995,立委,區域,連江縣,連江縣選舉區,1,陳源奇,1,無,5,0.16,N
1995,立委,區域,連江縣,連江縣選舉區,2,魏耀乾,1,民主進步黨,33,1.06,N
1995,立委,區域,連江縣,連江縣選舉區,3,曹爾忠,1,中國國民黨,1743,55.99,Y
1995,立委,區域,連江縣,連江縣選舉區,4,曹原彰,1,新黨,1332,42.79,N
1995,立委,山地原住民,全國,01,1,溫梅桂,2,新黨,3505,4.74,N
1995,立委,山地原住民,全國,01,2,林建二,1,中國國民黨,8985,12.16,N
1995,立委,山地原住民,全國,01,3,高揚昇,1,中國國民黨,10664,14.43,Y
1995,立委,山地原住民,全國,01,4,鍾思錦,1,民主進步黨,1982,2.68,N
1995,立委,山地原住民,全國,01,5,瓦歷斯．貝林,1,中國國民黨,13119,17.75,Y
1995,立委,山地原住民,全國,01,6,林清良,1,中國國民黨,9929,13.44,N
1995,立委,山地原住民,全國,01,7,翁文德,1,中國台灣原住民黨,5707,7.72,N
1995,立委,山地原住民,全國,01,8,全文盛,1,中國國民黨,11000,14.89,Y
1995,立委,山地原住民,全國,01,9,馬賴．古麥,1,中國國民黨,9004,12.18,N
1995,立委,平地原住民,全國,01,1,章仁香,2,中國國民黨,9923,17.45,Y
1995,立委,平地原住民,全國,01,2,王清堅,1,無,7568,13.31,N
1995,立委,平地原住民,全國,01,3,莊金生,1,中國國民黨,10162,17.87,Y
1995,立委,平地原住民,全國,01,4,林榮元,1,民主進步黨,1573,2.77,N
1995,立委,平地原住民,全國,01,5,高巍和,1,中國國民黨,8480,14.91,N
1995,立委,平地原住民,全國,01,6,連飛雄,1,無,947,1.67,N
1995,立委,平地原住民,全國,01,7,蔡中涵,1,中國國民黨,9389,16.51,Y
1995,立委,平地原住民,全國,01,8,馬賢生,1,無,5320,9.35,N
1995,立委,平地原住民,全國,01,9,李景崇,1,無,3512,6.18,N
1998,立委,區域,臺北市,臺北市第1選區,1,卓榮泰,1,民主進步黨,57362,7.59,Y
1998,立委,區域,臺北市,臺北市第1選區,2,林重謨,1,民主進步黨,39767,5.26,Y
1998,立委,區域,臺北市,臺北市第1選區,3,姜厚任,1,全國民主非政黨聯盟,8694,1.15,N
1998,立委,區域,臺北市,臺北市第1選區,4,許主峰,1,建國黨,5102,0.67,N
1998,立委,區域,臺北市,臺北市第1選區,5,林忠山,1,新黨,22368,2.96,N
1998,立委,區域,臺北市,臺北市第1選區,6,陳建銘,1,無,1111,0.15,N
1998,立委,區域,臺北市,臺北市第1選區,7,謝欽宗,1,中國國民黨,39418,5.21,N
1998,立委,區域,臺北市,臺北市第1選區,8,丁守中,1,中國國民黨,75773,10.02,Y
1998,立委,區域,臺北市,臺北市第1選區,9,高惠宇,2,新黨,37670,4.98,N
1998,立委,區域,臺北市,臺北市第1選區,10,郝龍斌,1,新黨,79422,10.5,Y
1998,立委,區域,臺北市,臺北市第1選區,11,秦慧珠,2,中國國民黨,81556,10.79,Y
1998,立委,區域,臺北市,臺北市第1選區,12,林瑞圖,1,無,52842,6.99,Y
1998,立委,區域,臺北市,臺北市第1選區,13,楊悟空,1,無,4565,0.6,N
1998,立委,區域,臺北市,臺北市第1選區,14,施明德,1,民主進步黨,53199,7.04,Y
1998,立委,區域,臺北市,臺北市第1選區,15,王雪峯,2,民主進步黨,80978,10.71,Y
1998,立委,區域,臺北市,臺北市第1選區,16,林濁水,1,民主進步黨,54260,7.18,Y
1998,立委,區域,臺北市,臺北市第1選區,17,蔡明華,2,新國家連線,20289,2.68,N
1998,立委,區域,臺北市,臺北市第1選區,18,穆閩珠,2,中國國民黨,41766,5.52,Y
1998,立委,區域,臺北市,臺北市第2選區,1,方景鈞,1,無,1864,0.26,N
1998,立委,區域,臺北市,臺北市第2選區,2,馮定亞,2,無,2613,0.36,N
1998,立委,區域,臺北市,臺北市第2選區,3,洪奇昌,1,民主進步黨,57430,7.95,Y
1998,立委,區域,臺北市,臺北市第2選區,4,朱高正,1,無,15738,2.18,N
1998,立委,區域,臺北市,臺北市第2選區,5,白瑄,1,無,6979,0.97,N
1998,立委,區域,臺北市,臺北市第2選區,6,張耀元,1,無,2175,0.3,N
1998,立委,區域,臺北市,臺北市第2選區,7,沈富雄,1,民主進步黨,86900,12.03,Y
1998,立委,區域,臺北市,臺北市第2選區,8,鄭良,2,無,963,0.13,N
1998,立委,區域,臺北市,臺北市第2選區,9,陳鴻基,1,中國國民黨,43759,6.06,Y
1998,立委,區域,臺北市,臺北市第2選區,10,朱惠良,2,新黨,45714,6.33,Y
1998,立委,區域,臺北市,臺北市第2選區,11,劉義鈞,1,無,4474,0.62,N
1998,立委,區域,臺北市,臺北市第2選區,12,馮滬祥,1,新黨,40069,5.55,Y
1998,立委,區域,臺北市,臺北市第2選區,13,陳漢強,1,民主聯盟,3880,0.54,N
1998,立委,區域,臺北市,臺北市第2選區,14,黃天福,1,民主進步黨,28179,3.9,N
1998,立委,區域,臺北市,臺北市第2選區,15,李慶安,2,中國國民黨,86878,12.03,Y
1998,立委,區域,臺北市,臺北市第2選區,16,蕭裕珍,2,新國家連線,11894,1.65,N
1998,立委,區域,臺北市,臺北市第2選區,17,林正杰,1,無,5958,0.82,N
1998,立委,區域,臺北市,臺北市第2選區,18,陳學聖,1,中國國民黨,64490,8.93,Y
1998,立委,區域,臺北市,臺北市第2選區,19,潘維剛,2,中國國民黨,82816,11.47,Y
1998,立委,區域,臺北市,臺北市第2選區,20,郭來富,2,建國黨,1978,0.27,N
1998,立委,區域,臺北市,臺北市第2選區,21,方則揚,1,無,248,0.03,N
1998,立委,區域,臺北市,臺北市第2選區,22,譚清連,1,無,1391,0.19,N
1998,立委,區域,臺北市,臺北市第2選區,23,邱衍明,1,無,281,0.04,N
1998,立委,區域,臺北市,臺北市第2選區,24,佡家隆,1,無,242,0.03,N
1998,立委,區域,臺北市,臺北市第2選區,25,葉菊蘭,2,民主進步黨,78630,10.89,Y
1998,立委,區域,臺北市,臺北市第2選區,26,黃建源,1,國家民主黨,342,0.05,N
1998,立委,區域,臺北市,臺北市第2選區,27,賴士葆,1,新黨,30503,4.22,Y
1998,立委,區域,臺北市,臺北市第2選區,28,魏鏞,1,無,4712,0.65,N
1998,立委,區域,臺北市,臺北市第2選區,29,高成炎,1,綠色本土清新黨,8089,1.12,N
1998,立委,區域,臺北市,臺北市第2選區,30,陳適庸,1,無,3035,0.42,N
1998,立委,區域,高雄市,高雄市第1選區,1,王天競,1,中國國民黨,51982,11.84,Y
1998,立委,區域,高雄市,高雄市第1選區,2,劉憲同,1,中國國民黨,52343,11.92,Y
1998,立委,區域,高雄市,高雄市第1選區,3,陳其邁,1,民主進步黨,98553,22.44,Y
1998,立委,區域,高雄市,高雄市第1選區,4,盧慶瑞,1,無,1628,0.37,N
1998,立委,區域,高雄市,高雄市第1選區,5,李慶雄,1,建國黨,48182,10.97,Y
1998,立委,區域,高雄市,高雄市第1選區,6,姚立明,1,無,8637,1.97,N
1998,立委,區域,高雄市,高雄市第1選區,7,黃昭順,2,中國國民黨,72328,16.47,Y
1998,立委,區域,高雄市,高雄市第1選區,8,朱星羽,1,民主進步黨,57619,13.12,Y
1998,立委,區域,高雄市,高雄市第1選區,9,朱建華,1,無,4148,0.94,N
1998,立委,區域,高雄市,高雄市第1選區,10,劉瑞山,1,無,535,0.12,N
1998,立委,區域,高雄市,高雄市第1選區,11,林郁方,1,新黨,43159,9.83,N
1998,立委,區域,高雄市,高雄市第2選區,1,于樹潔,2,新黨,16771,4.79,N
1998,立委,區域,高雄市,高雄市第2選區,2,羅志明,1,中國國民黨,40204,11.48,N
1998,立委,區域,高雄市,高雄市第2選區,3,陳光復,1,建國黨,17898,5.11,N
1998,立委,區域,高雄市,高雄市第2選區,4,張俊雄,1,民主進步黨,49505,14.13,Y
1998,立委,區域,高雄市,高雄市第2選區,5,林宏志,1,無,1325,0.38,N
1998,立委,區域,高雄市,高雄市第2選區,6,林宏宗,1,無,58061,16.57,Y
1998,立委,區域,高雄市,高雄市第2選區,7,林景元,1,無,4146,1.18,N
1998,立委,區域,高雄市,高雄市第2選區,8,江綺雯,2,中國國民黨,41137,11.74,Y
1998,立委,區域,高雄市,高雄市第2選區,9,蘇順國,1,無,566,0.16,N
1998,立委,區域,高雄市,高雄市第2選區,10,郭金生,1,中國國民黨,30435,8.69,N
1998,立委,區域,高雄市,高雄市第2選區,11,湯金全,1,民主進步黨,43188,12.33,Y
1998,立委,區域,高雄市,高雄市第2選區,12,朱陸泉,1,無,673,0.19,N
1998,立委,區域,高雄市,高雄市第2選區,13,梁牧養,1,民主進步黨,44328,12.65,Y
1998,立委,區域,高雄市,高雄市第2選區,14,蔡信德,1,無,2084,0.59,N
1998,立委,區域,臺北縣,臺北縣第1選區,1,廖進貴,1,無,22512,5.44,N
1998,立委,區域,臺北縣,臺北縣第1選區,2,李文忠,1,民主進步黨,33513,8.1,Y
1998,立委,區域,臺北縣,臺北縣第1選區,3,陳婉真,2,新國家連線,10423,2.52,N
1998,立委,區域,臺北縣,臺北縣第1選區,4,周伯倫,1,民主進步黨,38571,9.32,Y
1998,立委,區域,臺北縣,臺北縣第1選區,5,傅崑成,1,新黨,17926,4.33,N
1998,立委,區域,臺北縣,臺北縣第1選區,6,李嘉進,1,中國國民黨,37748,9.12,Y
1998,立委,區域,臺北縣,臺北縣第1選區,7,石翊靖,1,無,403,0.1,N
1998,立委,區域,臺北縣,臺北縣第1選區,8,吳清池,1,中國國民黨,34736,8.39,Y
1998,立委,區域,臺北縣,臺北縣第1選區,9,周錫瑋,1,中國國民黨,41295,9.98,Y
1998,立委,區域,臺北縣,臺北縣第1選區,10,張清芳,1,民主進步黨,30405,7.35,Y
1998,立委,區域,臺北縣,臺北縣第1選區,11,葉憲修,1,全國民主非政黨聯盟,26864,6.49,Y
1998,立委,區域,臺北縣,臺北縣第1選區,12,賴振昌,1,無,4787,1.16,N
1998,立委,區域,臺北縣,臺北縣第1選區,13,黃聲鏞,1,無,1908,0.46,N
1998,立委,區域,臺北縣,臺北縣第1選區,14,尤清,1,民主進步黨,23250,5.62,N
1998,立委,區域,臺北縣,臺北縣第1選區,15,黃忠信,1,無,461,0.11,N
1998,立委,區域,臺北縣,臺北縣第1選區,16,廖裕德,1,民主聯盟,23742,5.74,N
1998,立委,區域,臺北縣,臺北縣第1選區,17,陳明雄,1,無,12680,3.06,N
1998,立委,區域,臺北縣,臺北縣第1選區,18,謝明輝,1,新黨,9918,2.4,N
1998,立委,區域,臺北縣,臺北縣第1選區,19,陳誠鈞,1,無,161,0.04,N
1998,立委,區域,臺北縣,臺北縣第1選區,20,周朝陽,1,建國黨,1555,0.38,N
1998,立委,區域,臺北縣,臺北縣第1選區,21,李偉群,1,無,3264,0.79,N
1998,立委,區域,臺北縣,臺北縣第1選區,22,劉炳偉,1,中國國民黨,37100,8.97,Y
1998,立委,區域,臺北縣,臺北縣第1選區,23,蕭富庭,1,無,564,0.14,N
1998,立委,區域,臺北縣,臺北縣第2選區,1,朱世紀,1,無,333,0.07,N
1998,立委,區域,臺北縣,臺北縣第2選區,2,郭照文,1,無,694,0.14,N
1998,立委,區域,臺北縣,臺北縣第2選區,3,吳樂天,1,無,2690,0.53,N
1998,立委,區域,臺北縣,臺北縣第2選區,4,陳宏昌,1,中國國民黨,38723,7.63,Y
1998,立委,區域,臺北縣,臺北縣第2選區,5,張國慶,1,新國家連線,3267,0.64,N
1998,立委,區域,臺北縣,臺北縣第2選區,6,鄭余鎮,1,民主進步黨,31868,6.28,N
1998,立委,區域,臺北縣,臺北縣第2選區,7,李應元,1,民主進步黨,41277,8.13,Y
1998,立委,區域,臺北縣,臺北縣第2選區,8,李志煌,1,無,313,0.06,N
1998,立委,區域,臺北縣,臺北縣第2選區,9,李先仁,1,中國國民黨,36375,7.17,Y
1998,立委,區域,臺北縣,臺北縣第2選區,10,江文如,2,無,3362,0.66,N
1998,立委,區域,臺北縣,臺北縣第2選區,11,羅福助,1,無,35504,6.99,Y
1998,立委,區域,臺北縣,臺北縣第2選區,12,許榮棋,1,無,7769,1.53,N
1998,立委,區域,臺北縣,臺北縣第2選區,13,李日煌,1,無,4122,0.81,N
1998,立委,區域,臺北縣,臺北縣第2選區,14,林志嘉,1,民主聯盟,41276,8.13,Y
1998,立委,區域,臺北縣,臺北縣第2選區,15,郭素春,2,中國國民黨,32216,6.35,Y
1998,立委,區域,臺北縣,臺北縣第2選區,16,陳景峻,1,民主進步黨,47813,9.42,Y
1998,立委,區域,臺北縣,臺北縣第2選區,17,周荃,2,無,12912,2.54,N
1998,立委,區域,臺北縣,臺北縣第2選區,18,劉銘龍,1,新黨,17546,3.46,N
1998,立委,區域,臺北縣,臺北縣第2選區,19,蔡家福,1,中國國民黨,46598,9.18,Y
1998,立委,區域,臺北縣,臺北縣第2選區,20,李顯榮,1,中國國民黨,37166,7.32,Y
1998,立委,區域,臺北縣,臺北縣第2選區,21,周慧瑛,2,民主進步黨,38076,7.5,Y
1998,立委,區域,臺北縣,臺北縣第2選區,22,高金郎,1,建國黨,1977,0.39,N
1998,立委,區域,臺北縣,臺北縣第2選區,23,蕭正用,1,無,763,0.15,N
1998,立委,區域,臺北縣,臺北縣第2選區,24,陳照郎,1,中國國民黨,24257,4.78,N
1998,立委,區域,臺北縣,臺北縣第2選區,25,簡吉元,1,中國青年黨,723,0.14,N
1998,立委,區域,臺北縣,臺北縣第3選區,1,童永雄,1,中國國民黨,20894,4.45,N
1998,立委,區域,臺北縣,臺北縣第3選區,2,吳善九,1,新黨,23449,4.99,N
1998,立委,區域,臺北縣,臺北縣第3選區,3,鄭三元,1,中國國民黨,23663,5.04,N
1998,立委,區域,臺北縣,臺北縣第3選區,4,周雅淑,2,民主進步黨,48955,10.42,Y
1998,立委,區域,臺北縣,臺北縣第3選區,5,韓國瑜,1,中國國民黨,46650,9.93,Y
1998,立委,區域,臺北縣,臺北縣第3選區,6,劉盛良,1,中國國民黨,41810,8.9,Y
1998,立委,區域,臺北縣,臺北縣第3選區,7,廖學廣,1,無,26300,5.6,Y
1998,立委,區域,臺北縣,臺北縣第3選區,8,李勝峰,1,新黨,14281,3.04,N
1998,立委,區域,臺北縣,臺北縣第3選區,9,吳東融,1,無,571,0.12,N
1998,立委,區域,臺北縣,臺北縣第3選區,10,詹正義,1,無,1759,0.37,N
1998,立委,區域,臺北縣,臺北縣第3選區,11,張正修,1,新國家連線,4601,0.98,N
1998,立委,區域,臺北縣,臺北縣第3選區,12,宋艾克,1,民主聯盟,7041,1.5,N
1998,立委,區域,臺北縣,臺北縣第3選區,13,趙永清,1,中國國民黨,50711,10.8,Y
1998,立委,區域,臺北縣,臺北縣第3選區,14,曾心儀,2,建國黨,2400,0.51,N
1998,立委,區域,臺北縣,臺北縣第3選區,15,羅明才,1,中國國民黨,43298,9.22,Y
1998,立委,區域,臺北縣,臺北縣第3選區,16,李慶華,1,新黨,39295,8.37,Y
1998,立委,區域,臺北縣,臺北縣第3選區,17,金介壽,1,無,3922,0.84,N
1998,立委,區域,臺北縣,臺北縣第3選區,18,王兆釧,1,民主進步黨,33422,7.12,Y
1998,立委,區域,臺北縣,臺北縣第3選區,19,賴勁麟,1,民主進步黨,36664,7.81,Y
1998,立委,區域,宜蘭縣,宜蘭縣選舉區,1,盧逸峰,1,中國國民黨,43284,23.46,Y
1998,立委,區域,宜蘭縣,宜蘭縣選舉區,2,楊世雄,1,新黨,3334,1.81,N
1998,立委,區域,宜蘭縣,宜蘭縣選舉區,3,林建榮,1,中國國民黨,47927,25.97,Y
1998,立委,區域,宜蘭縣,宜蘭縣選舉區,4,陳金德,1,民主進步黨,22798,12.35,N
1998,立委,區域,宜蘭縣,宜蘭縣選舉區,5,張川田,1,民主進步黨,25098,13.6,Y
1998,立委,區域,宜蘭縣,宜蘭縣選舉區,6,陳定南,1,民主進步黨,42099,22.81,Y
1998,立委,區域,桃園縣,桃園縣選舉區,1,朱鳳芝,2,中國國民黨,56235,8.38,Y
1998,立委,區域,桃園縣,桃園縣選舉區,2,陳根德,1,中國國民黨,61014,9.09,Y
1998,立委,區域,桃園縣,桃園縣選舉區,3,許鍾碧霞,2,民主進步黨,41752,6.22,Y
1998,立委,區域,桃園縣,桃園縣選舉區,4,邱創良,1,無,38180,5.69,Y
1998,立委,區域,桃園縣,桃園縣選舉區,5,郁慕明,1,新黨,24459,3.65,N
1998,立委,區域,桃園縣,桃園縣選舉區,6,藍照慶,1,無,644,0.1,N
1998,立委,區域,桃園縣,桃園縣選舉區,7,關介福,1,無,499,0.07,N
1998,立委,區域,桃園縣,桃園縣選舉區,8,鄭寶清,1,民主進步黨,37386,5.57,Y
1998,立委,區域,桃園縣,桃園縣選舉區,9,徐鴻進,1,中國國民黨,27432,4.09,N
1998,立委,區域,桃園縣,桃園縣選舉區,10,曾茂興,1,無,9335,1.39,N
1998,立委,區域,桃園縣,桃園縣選舉區,11,鄭金玲,2,中國國民黨,36361,5.42,Y
1998,立委,區域,桃園縣,桃園縣選舉區,12,戴浙,1,無,1953,0.29,N
1998,立委,區域,桃園縣,桃園縣選舉區,13,彭添富,1,民主進步黨,28895,4.31,N
1998,立委,區域,桃園縣,桃園縣選舉區,14,黃智銘,1,無,14137,2.11,N
1998,立委,區域,桃園縣,桃園縣選舉區,15,呂新民,1,中國國民黨,42277,6.3,Y
1998,立委,區域,桃園縣,桃園縣選舉區,16,吳克清,1,中國國民黨,30089,4.48,Y
1998,立委,區域,桃園縣,桃園縣選舉區,17,李光源,1,無,2055,0.31,N
1998,立委,區域,桃園縣,桃園縣選舉區,18,余惠南,1,無,527,0.08,N
1998,立委,區域,桃園縣,桃園縣選舉區,19,朱立倫,1,中國國民黨,34971,5.21,Y
1998,立委,區域,桃園縣,桃園縣選舉區,20,張慶惠,2,民主進步黨,16297,2.43,N
1998,立委,區域,桃園縣,桃園縣選舉區,21,黃木添,1,中國國民黨,28926,4.31,Y
1998,立委,區域,桃園縣,桃園縣選舉區,22,彭紹瑾,1,民主進步黨,46331,6.9,Y
1998,立委,區域,桃園縣,桃園縣選舉區,23,賴來焜,1,新黨,23101,3.44,N
1998,立委,區域,桃園縣,桃園縣選舉區,24,黃玉嬌,2,無,1885,0.28,N
1998,立委,區域,桃園縣,桃園縣選舉區,25,邱垂貞,1,民主進步黨,45855,6.83,Y
1998,立委,區域,桃園縣,桃園縣選舉區,26,陳鄭權,1,無,20385,3.04,N
1998,立委,區域,新竹縣,新竹縣選舉區,1,鄭永金,1,中國國民黨,46176,27.69,Y
1998,立委,區域,新竹縣,新竹縣選舉區,2,田昭容,2,新黨,13121,7.87,N
1998,立委,區域,新竹縣,新竹縣選舉區,3,葉國全,1,建國黨,882,0.53,N
1998,立委,區域,新竹縣,新竹縣選舉區,4,張學舜,1,民主進步黨,47172,28.29,Y
1998,立委,區域,新竹縣,新竹縣選舉區,5,邱鏡淳,1,中國國民黨,49688,29.8,Y
1998,立委,區域,新竹縣,新竹縣選舉區,6,羅世洞,1,民主聯盟,9282,5.57,N
1998,立委,區域,新竹縣,新竹縣選舉區,7,徐能安,1,無,430,0.26,N
1998,立委,區域,苗栗縣,苗栗縣選舉區,1,劉政鴻,1,中國國民黨,57521,21.65,Y
1998,立委,區域,苗栗縣,苗栗縣選舉區,2,吳錦源,1,無,404,0.15,N
1998,立委,區域,苗栗縣,苗栗縣選舉區,3,何智輝,1,中國國民黨,50375,18.96,Y
1998,立委,區域,苗栗縣,苗栗縣選舉區,4,楊雲燦,1,無,356,0.13,N
1998,立委,區域,苗栗縣,苗栗縣選舉區,5,林久翔,1,中國國民黨,28323,10.66,N
1998,立委,區域,苗栗縣,苗栗縣選舉區,6,王培珠,2,新黨,11829,4.45,N
1998,立委,區域,苗栗縣,苗栗縣選舉區,7,陳超明,1,無,46776,17.61,Y
1998,立委,區域,苗栗縣,苗栗縣選舉區,8,杜文卿,1,民主進步黨,20216,7.61,N
1998,立委,區域,苗栗縣,苗栗縣選舉區,9,江炳輝,1,無,395,0.15,N
1998,立委,區域,苗栗縣,苗栗縣選舉區,10,陳文輝,1,建國黨,10421,3.92,N
1998,立委,區域,苗栗縣,苗栗縣選舉區,11,徐成焜,1,民主聯盟,39012,14.69,Y
1998,立委,區域,臺中縣,臺中縣選舉區,1,劉松藩,1,中國國民黨,59972,9.03,Y
1998,立委,區域,臺中縣,臺中縣選舉區,2,楊文欣,1,中國國民黨,54483,8.2,Y
1998,立委,區域,臺中縣,臺中縣選舉區,3,徐中雄,1,中國國民黨,40353,6.07,Y
1998,立委,區域,臺中縣,臺中縣選舉區,4,邱太三,1,民主進步黨,50529,7.61,Y
1998,立委,區域,臺中縣,臺中縣選舉區,5,馮定國,1,新黨,37593,5.66,Y
1998,立委,區域,臺中縣,臺中縣選舉區,6,楊瓊瓔,2,中國國民黨,32947,4.96,Y
1998,立委,區域,臺中縣,臺中縣選舉區,7,林克謨,1,民主聯盟,7779,1.17,N
1998,立委,區域,臺中縣,臺中縣選舉區,8,許莊錦珠,2,無,1032,0.16,N
1998,立委,區域,臺中縣,臺中縣選舉區,9,張文儀,1,中國國民黨,38356,5.77,Y
1998,立委,區域,臺中縣,臺中縣選舉區,10,徐宜生,1,民主進步黨,13889,2.09,N
1998,立委,區域,臺中縣,臺中縣選舉區,11,陳欽隆,1,新國家連線,1970,0.3,N
1998,立委,區域,臺中縣,臺中縣選舉區,12,羅述佳,2,無,891,0.13,N
1998,立委,區域,臺中縣,臺中縣選舉區,13,林耀興,1,中國國民黨,51932,7.82,Y
1998,立委,區域,臺中縣,臺中縣選舉區,14,何郁青,2,民主聯盟,27499,4.14,N
1998,立委,區域,臺中縣,臺中縣選舉區,15,潘至誠,1,中國國民黨,29045,4.37,N
1998,立委,區域,臺中縣,臺中縣選舉區,16,林豐喜,1,民主進步黨,39544,5.95,Y
1998,立委,區域,臺中縣,臺中縣選舉區,17,田再庭,1,建國黨,6631,1,N
1998,立委,區域,臺中縣,臺中縣選舉區,18,李正舜,1,無,21625,3.26,N
1998,立委,區域,臺中縣,臺中縣選舉區,19,郭榮振,1,中國國民黨,42376,6.38,Y
1998,立委,區域,臺中縣,臺中縣選舉區,20,郭俊銘,1,民主進步黨,35351,5.32,N
1998,立委,區域,臺中縣,臺中縣選舉區,21,劉八郎,1,全國民主非政黨聯盟,9342,1.41,N
1998,立委,區域,臺中縣,臺中縣選舉區,22,劉銓忠,1,無,61175,9.21,Y
1998,立委,區域,彰化縣,彰化縣選舉區,1,楊天錫,1,無,3996,0.6,N
1998,立委,區域,彰化縣,彰化縣選舉區,2,謝啟光,1,無,2714,0.41,N
1998,立委,區域,彰化縣,彰化縣選舉區,3,謝章捷,1,中國國民黨,46652,7.04,Y
1998,立委,區域,彰化縣,彰化縣選舉區,4,李炳南,1,新黨,10207,1.54,N
1998,立委,區域,彰化縣,彰化縣選舉區,5,邱創進,1,民主進步黨,29391,4.44,N
1998,立委,區域,彰化縣,彰化縣選舉區,6,陳進丁,1,民主聯盟,46889,7.08,Y
1998,立委,區域,彰化縣,彰化縣選舉區,7,林進春,1,中國國民黨,56129,8.47,Y
1998,立委,區域,彰化縣,彰化縣選舉區,8,翁金珠,2,民主進步黨,59843,9.03,Y
1998,立委,區域,彰化縣,彰化縣選舉區,9,姚嘉文,1,民主進步黨,25938,3.92,N
1998,立委,區域,彰化縣,彰化縣選舉區,10,陳明秋,1,建國黨,1512,0.23,N
1998,立委,區域,彰化縣,彰化縣選舉區,11,林錫山,1,中國國民黨,42766,6.46,N
1998,立委,區域,彰化縣,彰化縣選舉區,12,洪性榮,1,中國國民黨,44897,6.78,Y
1998,立委,區域,彰化縣,彰化縣選舉區,13,謝言信,1,中國國民黨,54455,8.22,Y
1998,立委,區域,彰化縣,彰化縣選舉區,14,黃明和,1,無,49121,7.41,Y
1998,立委,區域,彰化縣,彰化縣選舉區,15,陳振雄,1,中國國民黨,49898,7.53,Y
1998,立委,區域,彰化縣,彰化縣選舉區,16,游月霞,2,中國國民黨,49621,7.49,Y
1998,立委,區域,彰化縣,彰化縣選舉區,17,謝聰敏,1,民主進步黨,21444,3.24,N
1998,立委,區域,彰化縣,彰化縣選舉區,18,洪錦松,1,無,2348,0.35,N
1998,立委,區域,彰化縣,彰化縣選舉區,19,陳朝容,1,中國國民黨,49310,7.44,Y
1998,立委,區域,彰化縣,彰化縣選舉區,20,黃偉峰,1,無,15333,2.31,N
1998,立委,區域,南投縣,南投縣選舉區,1,藍文俊,1,無,327,0.14,N
1998,立委,區域,南投縣,南投縣選舉區,2,楊靜華,2,新國家連線,18075,7.5,N
1998,立委,區域,南投縣,南投縣選舉區,3,吳國重,1,中國國民黨,29184,12.1,N
1998,立委,區域,南投縣,南投縣選舉區,4,林宗男,1,民主進步黨,34750,14.41,Y
1998,立委,區域,南投縣,南投縣選舉區,5,陳振盛,1,無,41154,17.07,Y
1998,立委,區域,南投縣,南投縣選舉區,6,陳啟吉,1,民主聯盟,29184,12.1,N
1998,立委,區域,南投縣,南投縣選舉區,7,張明雄,1,中國國民黨,30114,12.49,Y
1998,立委,區域,南投縣,南投縣選舉區,8,羅富田,1,中國國民黨,24522,10.17,N
1998,立委,區域,南投縣,南投縣選舉區,9,黃玉炎,1,建國黨,2363,0.98,N
1998,立委,區域,南投縣,南投縣選舉區,10,陳柱松,1,新黨,1368,0.57,N
1998,立委,區域,南投縣,南投縣選舉區,11,蔡煌瑯,1,民主進步黨,30071,12.47,Y
1998,立委,區域,雲林縣,雲林縣選舉區,1,侯惠仙,2,中國國民黨,45288,12.72,Y
1998,立委,區域,雲林縣,雲林縣選舉區,2,許舒博,1,中國國民黨,45648,12.82,Y
1998,立委,區域,雲林縣,雲林縣選舉區,3,高孟定,1,民主聯盟,36099,10.14,N
1998,立委,區域,雲林縣,雲林縣選舉區,4,曾蔡美佐,2,中國國民黨,46216,12.98,Y
1998,立委,區域,雲林縣,雲林縣選舉區,5,林國華,1,民主進步黨,42985,12.07,Y
1998,立委,區域,雲林縣,雲林縣選舉區,6,蘇治洋,2,無,13854,3.89,N
1998,立委,區域,雲林縣,雲林縣選舉區,7,廖大林,1,民主進步黨,32037,9,N
1998,立委,區域,雲林縣,雲林縣選舉區,8,王俊傑,1,新國家連線,751,0.21,N
1998,立委,區域,雲林縣,雲林縣選舉區,9,廖福本,1,中國國民黨,36395,10.22,Y
1998,立委,區域,雲林縣,雲林縣選舉區,10,林明義,1,中國國民黨,53115,14.92,Y
1998,立委,區域,雲林縣,雲林縣選舉區,11,楊鳳珠,2,無,1090,0.31,N
1998,立委,區域,雲林縣,雲林縣選舉區,12,廖中浩,1,新黨,2640,0.74,N
1998,立委,區域,嘉義縣,嘉義縣選舉區,1,黃塗德,1,無,1612,0.59,N
1998,立委,區域,嘉義縣,嘉義縣選舉區,2,陳建瑋,1,新黨,1690,0.62,N
1998,立委,區域,嘉義縣,嘉義縣選舉區,3,許登宮,1,中國國民黨,70709,25.93,Y
1998,立委,區域,嘉義縣,嘉義縣選舉區,4,黃永聰,1,新國家連線,13074,4.79,N
1998,立委,區域,嘉義縣,嘉義縣選舉區,5,何嘉榮,1,民主進步黨,40424,14.82,Y
1998,立委,區域,嘉義縣,嘉義縣選舉區,6,羅逢春,1,建國黨,845,0.31,N
1998,立委,區域,嘉義縣,嘉義縣選舉區,7,簡長卿,1,民主聯盟,397,0.15,N
1998,立委,區域,嘉義縣,嘉義縣選舉區,8,蕭苑瑜,2,中國國民黨,56790,20.82,Y
1998,立委,區域,嘉義縣,嘉義縣選舉區,9,蔡式淵,1,民主進步黨,33155,12.16,N
1998,立委,區域,嘉義縣,嘉義縣選舉區,10,陳明文,1,中國國民黨,54043,19.81,Y
1998,立委,區域,臺南縣,臺南縣選舉區,1,徐志仁,1,新黨,3059,0.61,N
1998,立委,區域,臺南縣,臺南縣選舉區,2,王幸男,1,民主進步黨,38597,7.75,Y
1998,立委,區域,臺南縣,臺南縣選舉區,3,李俊毅,1,民主進步黨,37138,7.46,Y
1998,立委,區域,臺南縣,臺南縣選舉區,4,劉清田,1,無,6328,1.27,N
1998,立委,區域,臺南縣,臺南縣選舉區,5,楊石龍,1,無,387,0.08,N
1998,立委,區域,臺南縣,臺南縣選舉區,6,謝宗霖,1,民主進步黨,34146,6.86,N
1998,立委,區域,臺南縣,臺南縣選舉區,7,方醫良,1,中國國民黨,46090,9.26,Y
1998,立委,區域,臺南縣,臺南縣選舉區,8,蘇煥智,1,民主進步黨,54972,11.04,Y
1998,立委,區域,臺南縣,臺南縣選舉區,9,葉宜津,2,民主進步黨,36013,7.23,Y
1998,立委,區域,臺南縣,臺南縣選舉區,10,謝鈞惠,1,中國國民黨,34204,6.87,N
1998,立委,區域,臺南縣,臺南縣選舉區,11,楊榮明,1,民主聯盟,4648,0.93,N
1998,立委,區域,臺南縣,臺南縣選舉區,12,洪玉欽,1,中國國民黨,55988,11.24,Y
1998,立委,區域,臺南縣,臺南縣選舉區,13,周五六,1,中國國民黨,48226,9.68,Y
1998,立委,區域,臺南縣,臺南縣選舉區,14,謝錦川,1,無,19137,3.84,N
1998,立委,區域,臺南縣,臺南縣選舉區,15,宋煦光,2,中國國民黨,38569,7.75,Y
1998,立委,區域,臺南縣,臺南縣選舉區,16,黃秀孟,2,中國國民黨,40467,8.13,Y
1998,立委,區域,高雄縣,高雄縣選舉區,1,吳光訓,1,中國國民黨,56259,9.61,Y
1998,立委,區域,高雄縣,高雄縣選舉區,2,陳三思,1,新國家連線,22520,3.85,N
1998,立委,區域,高雄縣,高雄縣選舉區,3,尤宏,1,民主進步黨,24537,4.19,N
1998,立委,區域,高雄縣,高雄縣選舉區,4,蕭金蘭,2,中國國民黨,50945,8.7,Y
1998,立委,區域,高雄縣,高雄縣選舉區,5,楊秋興,1,民主進步黨,54204,9.26,Y
1998,立委,區域,高雄縣,高雄縣選舉區,6,郭倍宏,1,建國黨,12446,2.13,N
1998,立委,區域,高雄縣,高雄縣選舉區,7,林益世,1,中國國民黨,42281,7.22,Y
1998,立委,區域,高雄縣,高雄縣選舉區,8,余玲雅,2,民主進步黨,33320,5.69,N
1998,立委,區域,高雄縣,高雄縣選舉區,9,鍾紹和,1,中國國民黨,51866,8.86,Y
1998,立委,區域,高雄縣,高雄縣選舉區,10,徐志明,1,民主進步黨,34427,5.88,Y
1998,立委,區域,高雄縣,高雄縣選舉區,11,林志隆,1,民主聯盟,23899,4.08,N
1998,立委,區域,高雄縣,高雄縣選舉區,12,趙良燕,2,新黨,21680,3.7,N
1998,立委,區域,高雄縣,高雄縣選舉區,13,林源山,1,中國國民黨,38856,6.64,Y
1998,立委,區域,高雄縣,高雄縣選舉區,14,余政道,1,民主進步黨,36979,6.32,Y
1998,立委,區域,高雄縣,高雄縣選舉區,15,王金平,1,中國國民黨,81050,13.85,Y
1998,立委,區域,屏東縣,屏東縣選舉區,1,林淼塘,1,無,3871,0.95,N
1998,立委,區域,屏東縣,屏東縣選舉區,2,鄭朝明,1,民主進步黨,35007,8.57,Y
1998,立委,區域,屏東縣,屏東縣選舉區,3,劉煜基,1,建國黨,1789,0.44,N
1998,立委,區域,屏東縣,屏東縣選舉區,4,李景雯,1,無,13293,3.25,N
1998,立委,區域,屏東縣,屏東縣選舉區,5,廖婉汝,2,中國國民黨,40426,9.89,Y
1998,立委,區域,屏東縣,屏東縣選舉區,6,伍澤元,1,無,50164,12.28,Y
1998,立委,區域,屏東縣,屏東縣選舉區,7,邱彰,2,民主進步黨,28852,7.06,N
1998,立委,區域,屏東縣,屏東縣選舉區,8,邱茂男,1,民主進步黨,28532,6.98,N
1998,立委,區域,屏東縣,屏東縣選舉區,9,曾永權,1,中國國民黨,50432,12.34,Y
1998,立委,區域,屏東縣,屏東縣選舉區,10,曹啟鴻,1,民主進步黨,41431,10.14,Y
1998,立委,區域,屏東縣,屏東縣選舉區,11,林淵熙,1,民主聯盟,18005,4.41,N
1998,立委,區域,屏東縣,屏東縣選舉區,12,林正家,1,無,557,0.14,N
1998,立委,區域,屏東縣,屏東縣選舉區,13,郭廷才,1,中國國民黨,43309,10.6,Y
1998,立委,區域,屏東縣,屏東縣選舉區,14,蔡豪,1,無,32427,7.94,Y
1998,立委,區域,屏東縣,屏東縣選舉區,15,亓允文,1,新黨,2718,0.67,N
1998,立委,區域,屏東縣,屏東縣選舉區,16,余慎,2,中國國民黨,17839,4.37,N
1998,立委,區域,臺東縣,臺東縣選舉區,1,徐慶元,1,民主聯盟,31913,42.45,Y
1998,立委,區域,臺東縣,臺東縣選舉區,2,吳秉叡,1,民主進步黨,16366,21.77,N
1998,立委,區域,臺東縣,臺東縣選舉區,3,晋志宏,1,新黨,647,0.86,N
1998,立委,區域,臺東縣,臺東縣選舉區,4,粱俊良,1,中國國民黨,26254,34.92,N
1998,立委,區域,花蓮縣,花蓮縣選舉區,1,鍾利德,1,中國國民黨,32575,30.57,Y
1998,立委,區域,花蓮縣,花蓮縣選舉區,2,游盈隆,1,民主進步黨,20970,19.68,N
1998,立委,區域,花蓮縣,花蓮縣選舉區,3,陳永興,1,新國家連線,16001,15.02,N
1998,立委,區域,花蓮縣,花蓮縣選舉區,4,張福興,1,中國國民黨,27856,26.14,Y
1998,立委,區域,花蓮縣,花蓮縣選舉區,5,徐國士,1,新黨,3665,3.44,N
1998,立委,區域,花蓮縣,花蓮縣選舉區,6,張偉,1,無,5499,5.16,N
1998,立委,區域,澎湖縣,澎湖縣選舉區,1,林炳坤,1,中國國民黨,22342,62.78,Y
1998,立委,區域,澎湖縣,澎湖縣選舉區,2,許丕龍,1,民主進步黨,11079,31.13,N
1998,立委,區域,澎湖縣,澎湖縣選舉區,3,陳成家,1,無,2169,6.09,N
1998,立委,區域,基隆市,基隆市選舉區,1,江鑒育,1,無,8794,6.36,N
1998,立委,區域,基隆市,基隆市選舉區,2,王拓,1,民主進步黨,35884,25.97,Y
1998,立委,區域,基隆市,基隆市選舉區,3,徐少萍,2,中國國民黨,25142,18.2,Y
1998,立委,區域,基隆市,基隆市選舉區,4,劉文雄,1,中國國民黨,44245,32.02,Y
1998,立委,區域,基隆市,基隆市選舉區,5,李彌,1,新黨,24108,17.45,N
1998,立委,區域,新竹市,新竹市選舉區,1,林政則,1,中國國民黨,32800,27.14,Y
1998,立委,區域,新竹市,新竹市選舉區,2,周陽山,1,新黨,21321,17.64,N
1998,立委,區域,新竹市,新竹市選舉區,4,王榮德,1,無,634,0.52,N
1998,立委,區域,新竹市,新竹市選舉區,5,柯建銘,1,民主進步黨,35948,29.75,Y
1998,立委,區域,新竹市,新竹市選舉區,6,張蔡美,2,中國國民黨,28731,23.78,Y
1998,立委,區域,新竹市,新竹市選舉區,7,黃中媄,2,無,409,0.34,N
1998,立委,區域,新竹市,新竹市選舉區,8,曾義豐,1,無,1001,0.83,N
1998,立委,區域,臺中市,臺中市選舉區,1,蔡明憲,1,民主進步黨,47382,12.97,Y
1998,立委,區域,臺中市,臺中市選舉區,2,鄭邦鎮,1,建國黨,7830,2.14,N
1998,立委,區域,臺中市,臺中市選舉區,3,余松俊,1,無,1491,0.41,N
1998,立委,區域,臺中市,臺中市選舉區,4,劉家驥,1,無,3475,0.95,N
1998,立委,區域,臺中市,臺中市選舉區,5,侯輝俊,1,無,444,0.12,N
1998,立委,區域,臺中市,臺中市選舉區,6,黃顯洲,1,中國國民黨,27688,7.58,Y
1998,立委,區域,臺中市,臺中市選舉區,7,黃啟晁,1,民主聯盟,1169,0.32,N
1998,立委,區域,臺中市,臺中市選舉區,8,陳演廷,1,無,17600,4.82,N
1998,立委,區域,臺中市,臺中市選舉區,9,許幸惠,2,中國國民黨,23553,6.45,N
1998,立委,區域,臺中市,臺中市選舉區,10,沈智慧,2,中國國民黨,40113,10.98,Y
1998,立委,區域,臺中市,臺中市選舉區,11,謝啟大,2,新黨,38333,10.49,Y
1998,立委,區域,臺中市,臺中市選舉區,12,沈顯堂,1,民主進步黨,15585,4.26,N
1998,立委,區域,臺中市,臺中市選舉區,13,廖文章,1,民主聯盟,5543,1.52,N
1998,立委,區域,臺中市,臺中市選舉區,14,王世勛,1,民主進步黨,34451,9.43,Y
1998,立委,區域,臺中市,臺中市選舉區,15,鐘先助,1,無,18262,5,N
1998,立委,區域,臺中市,臺中市選舉區,16,盧秀燕,2,中國國民黨,41898,11.47,Y
1998,立委,區域,臺中市,臺中市選舉區,17,黃義交,1,無,27229,7.45,Y
1998,立委,區域,臺中市,臺中市選舉區,18,陳坤湖,1,無,3596,0.98,N
1998,立委,區域,臺中市,臺中市選舉區,19,常照倫,1,新黨,9500,2.6,N
1998,立委,區域,臺中市,臺中市選舉區,20,陳錫秦,1,無,276,0.08,N
1998,立委,區域,嘉義市,嘉義市選舉區,1,黃鴻鈞,1,新黨,1963,1.88,N
1998,立委,區域,嘉義市,嘉義市選舉區,2,許文德,1,無,1826,1.75,N
1998,立委,區域,嘉義市,嘉義市選舉區,3,張文英,2,無,16587,15.91,N
1998,立委,區域,嘉義市,嘉義市選舉區,4,黃敏惠,2,中國國民黨,40877,39.2,Y
1998,立委,區域,嘉義市,嘉義市選舉區,5,陳韋迪,1,無,7684,7.37,N
1998,立委,區域,嘉義市,嘉義市選舉區,6,蔡同榮,1,民主進步黨,35349,33.9,Y
1998,立委,區域,臺南市,臺南市選舉區,1,邱文明,1,民主進步黨,8300,2.81,N
1998,立委,區域,臺南市,臺南市選舉區,2,杜振榮,1,民主聯盟,8910,3.02,N
1998,立委,區域,臺南市,臺南市選舉區,3,許添財,1,新國家連線,34961,11.84,Y
1998,立委,區域,臺南市,臺南市選舉區,4,陳榮盛,1,中國國民黨,36494,12.36,Y
1998,立委,區域,臺南市,臺南市選舉區,5,錢林慧君,2,建國黨,21307,7.22,N
1998,立委,區域,臺南市,臺南市選舉區,6,王昱婷,2,中國國民黨,31264,10.59,Y
1998,立委,區域,臺南市,臺南市選舉區,7,唐碧娥,2,民主進步黨,30224,10.24,Y
1998,立委,區域,臺南市,臺南市選舉區,8,黃昭凱,1,民主進步黨,19207,6.51,N
1998,立委,區域,臺南市,臺南市選舉區,9,蘇裕夫,1,民主聯盟,2351,0.8,N
1998,立委,區域,臺南市,臺南市選舉區,10,施台生,1,中國國民黨,23022,7.8,N
1998,立委,區域,臺南市,臺南市選舉區,11,陳癸淼,1,新黨,12892,4.37,N
1998,立委,區域,臺南市,臺南市選舉區,12,賴清德,1,民主進步黨,31296,10.6,Y
1998,立委,區域,臺南市,臺南市選舉區,13,林南生,1,中國國民黨,34960,11.84,Y
1998,立委,區域,金門縣,金門縣選舉區,1,陳國堯,1,無,364,1.79,N
1998,立委,區域,金門縣,金門縣選舉區,2,李成義,1,無,7931,39.02,N
1998,立委,區域,金門縣,金門縣選舉區,3,陳清寶,1,中國國民黨,9097,44.76,Y
1998,立委,區域,金門縣,金門縣選舉區,4,陳耀煇,1,新黨,1146,5.64,N
1998,立委,區域,金門縣,金門縣選舉區,5,許金土,1,無,1786,8.79,N
1998,立委,區域,連江縣,連江縣選舉區,1,曹爾忠,1,中國國民黨,2443,100,Y
1998,立委,山地原住民,全國,01,1,吳文明,1,中國台灣原住民黨,1171,1.54,N
1998,立委,山地原住民,全國,01,2,瓦歷斯‧貝林,1,全國民主非政黨聯盟,12175,15.99,Y
1998,立委,山地原住民,全國,01,3,羅法尼耀學海,1,無,229,0.30,N
1998,立委,山地原住民,全國,01,4,全文盛,1,中國國民黨,9703,12.74,N
1998,立委,山地原住民,全國,01,5,尤哈尼‧伊斯卡卡夫特,1,民主進步黨,5742,7.54,N
1998,立委,山地原住民,全國,01,6,葉神保,1,民主聯盟,6600,8.67,N
1998,立委,山地原住民,全國,01,7,高揚昇,1,中國國民黨,12932,16.99,Y
1998,立委,山地原住民,全國,01,8,曾華德,1,中國國民黨,15818,20.78,Y
1998,立委,山地原住民,全國,01,9,林春德,1,中國國民黨,11764,15.45,Y
1998,立委,平地原住民,全國,01,1,莊金生,1,中國國民黨,8617,14.30,N
1998,立委,平地原住民,全國,01,2,章仁香,2,中國國民黨,13069,21.69,Y
1998,立委,平地原住民,全國,01,3,楊仁福,1,中國國民黨,14493,24.05,Y
1998,立委,平地原住民,全國,01,4,林正二,1,中國國民黨,11182,18.56,Y
1998,立委,平地原住民,全國,01,5,馬耀‧谷木,1,民主進步黨,3934,6.53,N
1998,立委,平地原住民,全國,01,6,蔡中涵,1,全國民主非政黨聯盟,8958,14.87,Y
2001,立委,區域,臺北市,臺北市第1選舉區,1,李永萍,2,親民黨,55029,8.89,Y
2001,立委,區域,臺北市,臺北市第1選舉區,2,陳建銘,1,台灣團結聯盟,40412,6.53,Y
2001,立委,區域,臺北市,臺北市第1選舉區,3,鄭雅文,2,無,404,0.07,N
2001,立委,區域,臺北市,臺北市第1選舉區,4,柯賜海,1,無,1504,0.24,N
2001,立委,區域,臺北市,臺北市第1選舉區,5,魏憶龍,1,無,2712,0.44,N
2001,立委,區域,臺北市,臺北市第1選舉區,6,施台生,1,無,451,0.07,N
2001,立委,區域,臺北市,臺北市第1選舉區,7,郁慕明,1,新黨,26214,4.23,N
2001,立委,區域,臺北市,臺北市第1選舉區,8,陳池,1,無,361,0.06,N
2001,立委,區域,臺北市,臺北市第1選舉區,9,高惠宇,2,新黨,6868,1.11,N
2001,立委,區域,臺北市,臺北市第1選舉區,10,蔡正元,1,中國國民黨,40075,6.47,Y
2001,立委,區域,臺北市,臺北市第1選舉區,11,林瑞圖,1,無,23720,3.83,N
2001,立委,區域,臺北市,臺北市第1選舉區,12,雷源澎,1,無,152,0.02,N
2001,立委,區域,臺北市,臺北市第1選舉區,13,藍世聰,1,民主進步黨,31935,5.16,N
2001,立委,區域,臺北市,臺北市第1選舉區,14,羅文嘉,1,民主進步黨,56911,9.19,Y
2001,立委,區域,臺北市,臺北市第1選舉區,15,陳雪芬,2,中國國民黨,17095,2.76,N
2001,立委,區域,臺北市,臺北市第1選舉區,16,黃松雄,1,親民黨,3755,0.61,N
2001,立委,區域,臺北市,臺北市第1選舉區,17,丁守中,1,中國國民黨,35175,5.68,N
2001,立委,區域,臺北市,臺北市第1選舉區,18,卓榮泰,1,民主進步黨,42660,6.89,Y
2001,立委,區域,臺北市,臺北市第1選舉區,19,陳建銘,1,無,592,0.10,N
2001,立委,區域,臺北市,臺北市第1選舉區,20,費鴻泰,1,新黨,9905,1.60,N
2001,立委,區域,臺北市,臺北市第1選舉區,21,謝聰敏,1,無,3453,0.56,N
2001,立委,區域,臺北市,臺北市第1選舉區,22,李錫真,1,無,76,0.01,N
2001,立委,區域,臺北市,臺北市第1選舉區,23,許淵國,1,親民黨,37251,6.02,Y
2001,立委,區域,臺北市,臺北市第1選舉區,24,王雪峰,2,民主進步黨,35271,5.70,Y
2001,立委,區域,臺北市,臺北市第1選舉區,25,穆閩珠,2,中國國民黨,36175,5.84,Y
2001,立委,區域,臺北市,臺北市第1選舉區,26,施明德,1,無,24925,4.03,N
2001,立委,區域,臺北市,臺北市第1選舉區,27,徐恒忠,1,無,62,0.01,N
2001,立委,區域,臺北市,臺北市第1選舉區,28,周振堅,1,無,85,0.01,N
2001,立委,區域,臺北市,臺北市第1選舉區,29,楊炳文,1,無,205,0.03,N
2001,立委,區域,臺北市,臺北市第1選舉區,30,林重謨,1,民主進步黨,48270,7.80,Y
2001,立委,區域,臺北市,臺北市第1選舉區,31,陳達成,1,建國黨,434,0.07,N
2001,立委,區域,臺北市,臺北市第1選舉區,32,秦慧珠,2,親民黨,36965,5.97,Y
2001,立委,區域,臺北市,臺北市第2選舉區,1,沈銀和,1,無,1334,0.22,N
2001,立委,區域,臺北市,臺北市第2選舉區,2,張玲,2,無,643,0.11,N
2001,立委,區域,臺北市,臺北市第2選舉區,3,賴士葆,1,新黨,23116,3.84,N
2001,立委,區域,臺北市,臺北市第2選舉區,4,吳茂雄,1,台灣團結聯盟,8181,1.36,N
2001,立委,區域,臺北市,臺北市第2選舉區,5,馮滬祥,1,新黨,30298,5.03,N
2001,立委,區域,臺北市,臺北市第2選舉區,6,龐建國,1,親民黨,35767,5.94,Y
2001,立委,區域,臺北市,臺北市第2選舉區,7,周柏雅,1,民主進步黨,34251,5.69,N
2001,立委,區域,臺北市,臺北市第2選舉區,8,劉昌崙,1,無,3073,0.51,N
2001,立委,區域,臺北市,臺北市第2選舉區,9,陳夢榮,1,無,268,0.04,N
2001,立委,區域,臺北市,臺北市第2選舉區,10,林郁方,1,親民黨,53229,8.84,Y
2001,立委,區域,臺北市,臺北市第2選舉區,11,章孝嚴,1,中國國民黨,46263,7.68,Y
2001,立委,區域,臺北市,臺北市第2選舉區,12,方景鈞,1,無,311,0.05,N
2001,立委,區域,臺北市,臺北市第2選舉區,13,王筱嬋,2,無,390,0.06,N
2001,立委,區域,臺北市,臺北市第2選舉區,14,陳文茜,2,無,40108,6.66,Y
2001,立委,區域,臺北市,臺北市第2選舉區,15,段宜康,1,民主進步黨,42617,7.08,Y
2001,立委,區域,臺北市,臺北市第2選舉區,16,林信賢,1,無,263,0.04,N
2001,立委,區域,臺北市,臺北市第2選舉區,17,秦儷舫,2,新黨,5499,0.91,N
2001,立委,區域,臺北市,臺北市第2選舉區,18,廖唯懿,1,無,211,0.04,N
2001,立委,區域,臺北市,臺北市第2選舉區,19,鄭良,2,無,270,0.04,N
2001,立委,區域,臺北市,臺北市第2選舉區,20,李慶安,2,親民黨,38154,6.34,Y
2001,立委,區域,臺北市,臺北市第2選舉區,21,沈富雄,1,民主進步黨,39350,6.53,Y
2001,立委,區域,臺北市,臺北市第2選舉區,22,邱國昌,1,台灣團結聯盟,11823,1.96,N
2001,立委,區域,臺北市,臺北市第2選舉區,23,梁熾誠,1,無,180,0.03,N
2001,立委,區域,臺北市,臺北市第2選舉區,24,陳學聖,1,中國國民黨,34915,5.80,Y
2001,立委,區域,臺北市,臺北市第2選舉區,25,蔡重吉,1,台灣團結聯盟,5403,0.90,N
2001,立委,區域,臺北市,臺北市第2選舉區,26,潘維剛,2,中國國民黨,26373,4.38,N
2001,立委,區域,臺北市,臺北市第2選舉區,27,張佑如,2,無,1196,0.20,N
2001,立委,區域,臺北市,臺北市第2選舉區,28,陳鴻基,1,中國國民黨,20053,3.33,N
2001,立委,區域,臺北市,臺北市第2選舉區,29,張耀元,1,無,500,0.08,N
2001,立委,區域,臺北市,臺北市第2選舉區,30,黃玉炎,1,建國黨,550,0.09,N
2001,立委,區域,臺北市,臺北市第2選舉區,31,傅雲欽,1,無,1679,0.28,N
2001,立委,區域,臺北市,臺北市第2選舉區,32,高成炎,1,綠黨,1045,0.17,N
2001,立委,區域,臺北市,臺北市第2選舉區,33,白瑄,1,無,210,0.03,N
2001,立委,區域,臺北市,臺北市第2選舉區,34,林慶隆,1,親民黨,9850,1.64,N
2001,立委,區域,臺北市,臺北市第2選舉區,35,陳文彥,1,無,449,0.07,N
2001,立委,區域,臺北市,臺北市第2選舉區,36,郭正亮,1,民主進步黨,46297,7.69,Y
2001,立委,區域,臺北市,臺北市第2選舉區,37,藍美津,2,民主進步黨,38081,6.32,Y
2001,立委,區域,高雄市,高雄市第1選區,1,林進興,1,民主進步黨,58019,14.87,Y
2001,立委,區域,高雄市,高雄市第1選區,2,蘇盈貴,1,台灣團結聯盟,44415,11.38,Y
2001,立委,區域,高雄市,高雄市第1選區,3,謝啟大,2,新黨,15172,3.89,N
2001,立委,區域,高雄市,高雄市第1選區,4,林錦煌,2,無,4168,1.07,N
2001,立委,區域,高雄市,高雄市第1選區,5,曾長發,1,中國國民黨,23507,6.02,N
2001,立委,區域,高雄市,高雄市第1選區,6,趙念渭,1,無,971,0.25,N
2001,立委,區域,高雄市,高雄市第1選區,7,江綺雯,2,中國國民黨,31108,7.97,Y
2001,立委,區域,高雄市,高雄市第1選區,8,陳其邁,1,民主進步黨,56550,14.49,Y
2001,立委,區域,高雄市,高雄市第1選區,9,楊色玉,2,親民黨,26887,6.89,N
2001,立委,區域,高雄市,高雄市第1選區,10,羅世雄,1,中國國民黨,33517,8.59,Y
2001,立委,區域,高雄市,高雄市第1選區,11,林壽山,1,親民黨,25906,6.64,N
2001,立委,區域,高雄市,高雄市第1選區,12,劉明松,1,建國黨,398,0.10,N
2001,立委,區域,高雄市,高雄市第1選區,13,朱星羽,1,民主進步黨,29198,7.48,Y
2001,立委,區域,高雄市,高雄市第1選區,14,葉耀鵬,1,無,9569,2.45,N
2001,立委,區域,高雄市,高雄市第1選區,15,王天競,1,無,7827,2.01,N
2001,立委,區域,高雄市,高雄市第1選區,16,黃萬閎,1,無,5029,1.29,N
2001,立委,區域,高雄市,高雄市第1選區,17,梅再興,1,親民黨,17949,4.60,N
2001,立委,區域,高雄市,高雄市第2選區,1,林宏宗,1,中國國民黨,23662,7.79,N
2001,立委,區域,高雄市,高雄市第2選區,2,蔡媽福,1,無,4266,1.40,N
2001,立委,區域,高雄市,高雄市第2選區,3,楊尹星雯,2,無,383,0.13,N
2001,立委,區域,高雄市,高雄市第2選區,4,翁本山,1,無,175,0.06,N
2001,立委,區域,高雄市,高雄市第2選區,5,羅志明,1,台灣團結聯盟,37612,12.38,Y
2001,立委,區域,高雄市,高雄市第2選區,6,林崑海,1,無,25705,8.46,N
2001,立委,區域,高雄市,高雄市第2選區,7,邱毅,1,親民黨,39038,12.85,Y
2001,立委,區域,高雄市,高雄市第2選區,8,姚高橋,1,中國國民黨,28392,9.34,N
2001,立委,區域,高雄市,高雄市第2選區,9,詹銘洲,1,無,298,0.10,N
2001,立委,區域,高雄市,高雄市第2選區,10,高新武,1,新黨,4700,1.55,N
2001,立委,區域,高雄市,高雄市第2選區,11,林景元,1,無,1363,0.45,N
2001,立委,區域,高雄市,高雄市第2選區,12,梁牧養,1,民主進步黨,30593,10.07,Y
2001,立委,區域,高雄市,高雄市第2選區,13,鄒約翰,1,無,113,0.04,N
2001,立委,區域,高雄市,高雄市第2選區,14,李復興,1,中國國民黨,23440,7.71,N
2001,立委,區域,高雄市,高雄市第2選區,15,洪玲俐,2,無,206,0.07,N
2001,立委,區域,高雄市,高雄市第2選區,16,朱高正,1,無,2510,0.83,N
2001,立委,區域,高雄市,高雄市第2選區,17,湯金全,1,民主進步黨,39774,13.09,Y
2001,立委,區域,高雄市,高雄市第2選區,18,郭玟成,1,民主進步黨,41503,13.66,Y
2001,立委,區域,高雄市,高雄市第2選區,19,陳政吉,1,無,171,0.06,N
2001,立委,區域,臺北縣,臺北縣第1選區,1,劉朝金,1,無,17905,3.59,N
2001,立委,區域,臺北縣,臺北縣第1選區,2,葉賜華,1,無,266,0.05,N
2001,立委,區域,臺北縣,臺北縣第1選區,3,張清芳,1,民主進步黨,40921,8.21,Y
2001,立委,區域,臺北縣,臺北縣第1選區,4,陳清田,1,無,672,0.13,N
2001,立委,區域,臺北縣,臺北縣第1選區,5,蕭貫譽,1,台灣團結聯盟,14421,2.89,N
2001,立委,區域,臺北縣,臺北縣第1選區,6,傅琨成,1,新黨,8580,1.72,N
2001,立委,區域,臺北縣,臺北縣第1選區,7,陳誠鈞,1,無,195,0.04,N
2001,立委,區域,臺北縣,臺北縣第1選區,8,劉炳偉,1,中國國民黨,14133,2.84,N
2001,立委,區域,臺北縣,臺北縣第1選區,9,林仁崑,1,無,626,0.13,N
2001,立委,區域,臺北縣,臺北縣第1選區,10,吳清池,1,中國國民黨,26273,5.27,N
2001,立委,區域,臺北縣,臺北縣第1選區,11,鄭志龍,1,親民黨,45447,9.12,Y
2001,立委,區域,臺北縣,臺北縣第1選區,12,周錫瑋,1,親民黨,66337,13.31,Y
2001,立委,區域,臺北縣,臺北縣第1選區,13,簡意鴻,2,臺灣慧行志工黨,3224,0.65,N
2001,立委,區域,臺北縣,臺北縣第1選區,14,王淑慧,2,民主進步黨,48371,9.71,Y
2001,立委,區域,臺北縣,臺北縣第1選區,15,李嘉進,1,中國國民黨,39426,7.91,Y
2001,立委,區域,臺北縣,臺北縣第1選區,16,江惠貞,2,中國國民黨,24125,4.84,N
2001,立委,區域,臺北縣,臺北縣第1選區,17,廖本煙,1,台灣團結聯盟,35606,7.15,Y
2001,立委,區域,臺北縣,臺北縣第1選區,18,葉憲修,1,全國民主非政黨聯盟,22784,4.57,N
2001,立委,區域,臺北縣,臺北縣第1選區,19,吳善誠,1,無,196,0.04,N
2001,立委,區域,臺北縣,臺北縣第1選區,20,李文忠,1,民主進步黨,41657,8.36,Y
2001,立委,區域,臺北縣,臺北縣第1選區,21,黃忠信,1,無,15911,3.19,N
2001,立委,區域,臺北縣,臺北縣第1選區,22,周伯倫,1,民主進步黨,26709,5.36,Y
2001,立委,區域,臺北縣,臺北縣第1選區,23,王美月,2,無,4477,0.90,N
2001,立委,區域,臺北縣,臺北縣第2選區,1,羅恩敏,2,無,1238,0.21,N
2001,立委,區域,臺北縣,臺北縣第2選區,2,鄭余鎮,1,民主進步黨,67710,11.27,Y
2001,立委,區域,臺北縣,臺北縣第2選區,3,蔡家福,1,中國國民黨,37656,6.27,Y
2001,立委,區域,臺北縣,臺北縣第2選區,4,郭金龍,1,無,863,0.14,N
2001,立委,區域,臺北縣,臺北縣第2選區,5,郭素春,2,中國國民黨,32155,5.35,N
2001,立委,區域,臺北縣,臺北縣第2選區,6,陳景峻,1,民主進步黨,41999,6.99,Y
2001,立委,區域,臺北縣,臺北縣第2選區,7,仉桂美,2,新黨,7584,1.26,N
2001,立委,區域,臺北縣,臺北縣第2選區,8,王政雄,1,無,326,0.05,N
2001,立委,區域,臺北縣,臺北縣第2選區,9,李日煌,1,台灣團結聯盟,8107,1.35,N
2001,立委,區域,臺北縣,臺北縣第2選區,10,李先仁,1,中國國民黨,22262,3.70,N
2001,立委,區域,臺北縣,臺北縣第2選區,11,周慧瑛,2,民主進步黨,42754,7.11,Y
2001,立委,區域,臺北縣,臺北縣第2選區,12,李鴻鈞,1,親民黨,60624,10.09,Y
2001,立委,區域,臺北縣,臺北縣第2選區,13,柯淑敏,2,親民黨,38799,6.46,Y
2001,立委,區域,臺北縣,臺北縣第2選區,14,李顯榮,1,中國國民黨,36816,6.13,Y
2001,立委,區域,臺北縣,臺北縣第2選區,15,陳宏昌,1,中國國民黨,36611,6.09,Y
2001,立委,區域,臺北縣,臺北縣第2選區,16,林志嘉,1,無,31470,5.24,N
2001,立委,區域,臺北縣,臺北縣第2選區,17,呂鈞鴻,1,親民黨,17363,2.89,N
2001,立委,區域,臺北縣,臺北縣第2選區,18,陳茂男,1,民主進步黨,76101,12.66,Y
2001,立委,區域,臺北縣,臺北縣第2選區,19,許登宮,1,台灣團結聯盟,40521,6.74,Y
2001,立委,區域,臺北縣,臺北縣第3選區,1,雷倩,2,新黨,32665,5.56,N
2001,立委,區域,臺北縣,臺北縣第3選區,2,周荃,2,無,7117,1.21,N
2001,立委,區域,臺北縣,臺北縣第3選區,3,洪秀柱,2,中國國民黨,38884,6.62,Y
2001,立委,區域,臺北縣,臺北縣第3選區,4,陳鵬宇,1,無,436,0.07,N
2001,立委,區域,臺北縣,臺北縣第3選區,5,胡國忠,1,無,298,0.05,N
2001,立委,區域,臺北縣,臺北縣第3選區,6,楊悟空,1,台灣團結聯盟,1600,0.27,N
2001,立委,區域,臺北縣,臺北縣第3選區,7,周雅淑,2,民主進步黨,48274,8.22,Y
2001,立委,區域,臺北縣,臺北縣第3選區,8,趙永清,1,無,36774,6.26,Y
2001,立委,區域,臺北縣,臺北縣第3選區,9,傅台安,1,無,157,0.03,N
2001,立委,區域,臺北縣,臺北縣第3選區,10,呂學圖,1,中國國民黨,33024,5.62,N
2001,立委,區域,臺北縣,臺北縣第3選區,11,劉盛良,1,中國國民黨,31173,5.31,N
2001,立委,區域,臺北縣,臺北縣第3選區,12,李淑文,2,無,617,0.11,N
2001,立委,區域,臺北縣,臺北縣第3選區,13,羅明才,1,中國國民黨,34845,5.93,Y
2001,立委,區域,臺北縣,臺北縣第3選區,14,李慶華,1,親民黨,61112,10.41,Y
2001,立委,區域,臺北縣,臺北縣第3選區,15,陳朝龍,1,民主進步黨,54213,9.23,Y
2001,立委,區域,臺北縣,臺北縣第3選區,16,陳治男,1,無,18143,3.09,N
2001,立委,區域,臺北縣,臺北縣第3選區,17,賴勁麟,1,民主進步黨,42398,7.22,Y
2001,立委,區域,臺北縣,臺北縣第3選區,18,吳軾子,1,無,1411,0.24,N
2001,立委,區域,臺北縣,臺北縣第3選區,19,張正修,1,台灣團結聯盟,18648,3.18,N
2001,立委,區域,臺北縣,臺北縣第3選區,20,鄭三元,1,親民黨,50400,8.58,Y
2001,立委,區域,臺北縣,臺北縣第3選區,21,楊士興,1,無,330,0.06,N
2001,立委,區域,臺北縣,臺北縣第3選區,22,杜震華,1,新黨,6362,1.08,N
2001,立委,區域,臺北縣,臺北縣第3選區,23,吳梅壽,1,親民黨,10291,1.75,N
2001,立委,區域,臺北縣,臺北縣第3選區,24,林德福,1,親民黨,44773,7.62,Y
2001,立委,區域,臺北縣,臺北縣第3選區,25,廖學廣,1,無,12022,2.05,N
2001,立委,區域,臺北縣,臺北縣第3選區,26,王昭增,1,大中華統一陣線,332,0.06,N
2001,立委,區域,臺北縣,臺北縣第3選區,27,周武榮,1,無,953,0.16,N
2001,立委,區域,宜蘭縣,宜蘭縣選舉區,1,林逸民,1,台灣團結聯盟,8416,4.12,N
2001,立委,區域,宜蘭縣,宜蘭縣選舉區,2,楊政誠,1,無,6618,3.24,N
2001,立委,區域,宜蘭縣,宜蘭縣選舉區,3,許松勇,1,無,687,0.34,N
2001,立委,區域,宜蘭縣,宜蘭縣選舉區,4,張川田,1,民主進步黨,34991,17.15,Y
2001,立委,區域,宜蘭縣,宜蘭縣選舉區,5,廖風德,1,中國國民黨,38485,18.86,Y
2001,立委,區域,宜蘭縣,宜蘭縣選舉區,6,鄭美蘭,2,親民黨,27359,13.41,Y
2001,立委,區域,宜蘭縣,宜蘭縣選舉區,7,陳歐珀,1,民主進步黨,22516,11.03,N
2001,立委,區域,宜蘭縣,宜蘭縣選舉區,8,陳世慶,1,無,249,0.12,N
2001,立委,區域,宜蘭縣,宜蘭縣選舉區,9,陳金德,1,民主進步黨,39951,19.58,Y
2001,立委,區域,宜蘭縣,宜蘭縣選舉區,10,林建榮,1,中國國民黨,24774,12.14,N
2001,立委,區域,桃園縣,桃園縣選舉區,1,孫大千,1,親民黨,90344,11.48,Y
2001,立委,區域,桃園縣,桃園縣選舉區,2,邱創良,1,親民黨,38258,4.86,Y
2001,立委,區域,桃園縣,桃園縣選舉區,3,黃金德,1,台灣團結聯盟,23326,2.97,N
2001,立委,區域,桃園縣,桃園縣選舉區,4,王啟盛,1,無,384,0.05,N
2001,立委,區域,桃園縣,桃園縣選舉區,5,李鎮楠,1,民主進步黨,35613,4.53,Y
2001,立委,區域,桃園縣,桃園縣選舉區,6,陳宗義,1,民主進步黨,39110,4.97,Y
2001,立委,區域,桃園縣,桃園縣選舉區,7,曾茂興,1,無,18758,2.38,N
2001,立委,區域,桃園縣,桃園縣選舉區,8,呂新民,1,中國國民黨,30911,3.93,Y
2001,立委,區域,桃園縣,桃園縣選舉區,9,鄭金玲,2,親民黨,37666,4.79,Y
2001,立委,區域,桃園縣,桃園縣選舉區,10,劉東隆,1,中國國民黨,21149,2.69,N
2001,立委,區域,桃園縣,桃園縣選舉區,11,彭添富,1,民主進步黨,68758,8.74,Y
2001,立委,區域,桃園縣,桃園縣選舉區,12,吳克清,1,中國國民黨,29281,3.72,N
2001,立委,區域,桃園縣,桃園縣選舉區,13,李文明,1,無,505,0.06,N
2001,立委,區域,桃園縣,桃園縣選舉區,14,吳振寰,1,親民黨,6778,0.86,N
2001,立委,區域,桃園縣,桃園縣選舉區,15,林哲藝,1,台灣團結聯盟,30561,3.88,N
2001,立委,區域,桃園縣,桃園縣選舉區,16,邱垂貞,1,民主進步黨,54351,6.91,Y
2001,立委,區域,桃園縣,桃園縣選舉區,17,張昌財,1,中國國民黨,32938,4.19,Y
2001,立委,區域,桃園縣,桃園縣選舉區,18,邱奕彬,1,台灣團結聯盟,6674,0.85,N
2001,立委,區域,桃園縣,桃園縣選舉區,19,呂志明,1,親民黨,10503,1.34,N
2001,立委,區域,桃園縣,桃園縣選舉區,20,楊麗環,2,中國國民黨,32870,4.18,Y
2001,立委,區域,桃園縣,桃園縣選舉區,21,許鍾碧霞,2,民主進步黨,28864,3.67,N
2001,立委,區域,桃園縣,桃園縣選舉區,22,李新,1,新黨,15408,1.96,N
2001,立委,區域,桃園縣,桃園縣選舉區,23,郭榮宗,1,民主進步黨,43482,5.53,Y
2001,立委,區域,桃園縣,桃園縣選舉區,24,朱鳳芝,2,中國國民黨,46027,5.85,Y
2001,立委,區域,桃園縣,桃園縣選舉區,25,陳根德,1,中國國民黨,41449,5.27,Y
2001,立委,區域,桃園縣,桃園縣選舉區,26,黃雅琴,2,無,2674,0.34,N
2001,立委,區域,新竹縣,新竹縣選舉區,1,邱鏡淳,1,中國國民黨,64673,31.69,Y
2001,立委,區域,新竹縣,新竹縣選舉區,2,張學舜,1,民主進步黨,52175,25.56,Y
2001,立委,區域,新竹縣,新竹縣選舉區,3,田昭容,2,無,20376,9.98,N
2001,立委,區域,新竹縣,新竹縣選舉區,4,黃煥吉,1,台灣團結聯盟,23307,11.42,N
2001,立委,區域,新竹縣,新竹縣選舉區,5,陳進興,1,親民黨,40842,20.01,Y
2001,立委,區域,新竹縣,新竹縣選舉區,6,潘懷宗,1,新黨,2734,1.34,N
2001,立委,區域,苗栗縣,苗栗縣選舉區,1,何智輝,1,中國國民黨,36781,14.19,Y
2001,立委,區域,苗栗縣,苗栗縣選舉區,2,劉政鴻,1,中國國民黨,41493,16.01,Y
2001,立委,區域,苗栗縣,苗栗縣選舉區,3,黃達業,1,台灣團結聯盟,17859,6.89,N
2001,立委,區域,苗栗縣,苗栗縣選舉區,4,杜文卿,1,民主進步黨,35307,13.63,Y
2001,立委,區域,苗栗縣,苗栗縣選舉區,5,王培珠,2,無,5376,2.07,N
2001,立委,區域,苗栗縣,苗栗縣選舉區,6,禹耀東,1,新黨,5827,2.25,N
2001,立委,區域,苗栗縣,苗栗縣選舉區,7,陳超明,1,無,33531,12.94,N
2001,立委,區域,苗栗縣,苗栗縣選舉區,8,顏培元,1,無,845,0.33,N
2001,立委,區域,苗栗縣,苗栗縣選舉區,9,林久翔,1,中國國民黨,24497,9.45,N
2001,立委,區域,苗栗縣,苗栗縣選舉區,10,邱紹俊,1,無,13166,5.08,N
2001,立委,區域,苗栗縣,苗栗縣選舉區,11,徐耀昌,1,親民黨,44432,17.15,Y
2001,立委,區域,臺中縣,臺中縣選舉區,1,楊文欣,1,中國國民黨,32841,4.96,Y
2001,立委,區域,臺中縣,臺中縣選舉區,2,馮定國,1,親民黨,56020,8.47,Y
2001,立委,區域,臺中縣,臺中縣選舉區,3,徐中雄,1,中國國民黨,40987,6.19,Y
2001,立委,區域,臺中縣,臺中縣選舉區,4,楊瓊瓔,2,中國國民黨,41223,6.23,Y
2001,立委,區域,臺中縣,臺中縣選舉區,5,顏清標,1,無,34003,5.14,Y
2001,立委,區域,臺中縣,臺中縣選舉區,6,林耀興,1,中國國民黨,29832,4.51,N
2001,立委,區域,臺中縣,臺中縣選舉區,7,吳清溪,1,無,880,0.13,N
2001,立委,區域,臺中縣,臺中縣選舉區,8,劉銓忠,1,中國國民黨,32954,4.98,Y
2001,立委,區域,臺中縣,臺中縣選舉區,9,張立傑,1,親民黨,24283,3.67,N
2001,立委,區域,臺中縣,臺中縣選舉區,10,林豐喜,1,民主進步黨,40530,6.13,Y
2001,立委,區域,臺中縣,臺中縣選舉區,11,邱太三,1,民主進步黨,42048,6.35,Y
2001,立委,區域,臺中縣,臺中縣選舉區,12,王戴春滿,2,台灣團結聯盟,30361,4.59,N
2001,立委,區域,臺中縣,臺中縣選舉區,13,紀國棟,1,中國國民黨,30821,4.66,Y
2001,立委,區域,臺中縣,臺中縣選舉區,14,簡肇棟,1,民主進步黨,38791,5.86,Y
2001,立委,區域,臺中縣,臺中縣選舉區,15,王麗萍,2,民主進步黨,29910,4.52,N
2001,立委,區域,臺中縣,臺中縣選舉區,16,郭榮振,1,無,23689,3.58,N
2001,立委,區域,臺中縣,臺中縣選舉區,17,廖昭雄,1,無,314,0.05,N
2001,立委,區域,臺中縣,臺中縣選舉區,18,李慶元,1,新黨,10446,1.58,N
2001,立委,區域,臺中縣,臺中縣選舉區,19,吳鶴鵬,1,親民黨,24048,3.63,N
2001,立委,區域,臺中縣,臺中縣選舉區,20,何郁青,2,親民黨,19068,2.88,N
2001,立委,區域,臺中縣,臺中縣選舉區,21,郭俊銘,1,民主進步黨,78620,11.88,Y
2001,立委,區域,彰化縣,彰化縣選舉區,1,陳諸讚,1,親民黨,27150,4.42,N
2001,立委,區域,彰化縣,彰化縣選舉區,2,魏明谷,1,民主進步黨,55559,9.04,Y
2001,立委,區域,彰化縣,彰化縣選舉區,3,游月霞,2,中國國民黨,59590,9.70,Y
2001,立委,區域,彰化縣,彰化縣選舉區,4,江昭儀,1,民主進步黨,35333,5.75,Y
2001,立委,區域,彰化縣,彰化縣選舉區,5,卓伯源,1,中國國民黨,39680,6.46,Y
2001,立委,區域,彰化縣,彰化縣選舉區,6,陳陽德,1,台灣團結聯盟,21904,3.56,N
2001,立委,區域,彰化縣,彰化縣選舉區,7,張世良,1,新黨,3072,0.50,N
2001,立委,區域,彰化縣,彰化縣選舉區,8,陳杰,1,中國國民黨,37452,6.10,Y
2001,立委,區域,彰化縣,彰化縣選舉區,9,邱創進,1,民主進步黨,46835,7.62,Y
2001,立委,區域,彰化縣,彰化縣選舉區,10,陳朝容,1,親民黨,32116,5.23,N
2001,立委,區域,彰化縣,彰化縣選舉區,11,洪性榮,1,中國國民黨,26117,4.25,N
2001,立委,區域,彰化縣,彰化縣選舉區,12,周清玉,2,民主進步黨,43896,7.14,Y
2001,立委,區域,彰化縣,彰化縣選舉區,13,謝友吉,1,中國國民黨,520,0.08,N
2001,立委,區域,彰化縣,彰化縣選舉區,14,謝章捷,1,親民黨,42977,6.99,Y
2001,立委,區域,彰化縣,彰化縣選舉區,15,陳振雄,1,中國國民黨,21103,3.43,N
2001,立委,區域,彰化縣,彰化縣選舉區,16,林進春,1,中國國民黨,44812,7.29,Y
2001,立委,區域,彰化縣,彰化縣選舉區,17,洪茂澤,1,台灣團結聯盟,27152,4.42,N
2001,立委,區域,彰化縣,彰化縣選舉區,18,劉榮東,1,無,16471,2.68,N
2001,立委,區域,彰化縣,彰化縣選舉區,19,陳進丁,1,無,32691,5.32,Y
2001,立委,區域,南投縣,南投縣選舉區,1,王崇維,1,新黨,960,0.39,N
2001,立委,區域,南投縣,南投縣選舉區,2,石進芳,1,無,2806,1.13,N
2001,立委,區域,南投縣,南投縣選舉區,3,蔡煌瑯,1,民主進步黨,57700,23.34,Y
2001,立委,區域,南投縣,南投縣選舉區,4,吳敦義,1,中國國民黨,75042,30.35,Y
2001,立委,區域,南投縣,南投縣選舉區,5,陳啟吉,1,台灣團結聯盟,21549,8.72,N
2001,立委,區域,南投縣,南投縣選舉區,6,湯火聖,1,民主進步黨,32233,13.04,Y
2001,立委,區域,南投縣,南投縣選舉區,7,簡慈慧,2,無,4412,1.78,N
2001,立委,區域,南投縣,南投縣選舉區,8,熊俊平,1,中國國民黨,20455,8.27,N
2001,立委,區域,南投縣,南投縣選舉區,9,簡志龍,1,無,1905,0.77,N
2001,立委,區域,南投縣,南投縣選舉區,10,劉雨忠,1,無,1185,0.48,N
2001,立委,區域,南投縣,南投縣選舉區,11,陳志彬,1,親民黨,29007,11.73,Y
2001,立委,區域,雲林縣,雲林縣選舉區,1,陳劍松,1,親民黨,35612,10.52,Y
2001,立委,區域,雲林縣,雲林縣選舉區,2,高孟定,1,無,33961,10.04,Y
2001,立委,區域,雲林縣,雲林縣選舉區,3,廖大林,1,民主進步黨,22613,6.68,N
2001,立委,區域,雲林縣,雲林縣選舉區,4,蘇治芬,2,民主進步黨,58960,17.42,Y
2001,立委,區域,雲林縣,雲林縣選舉區,5,林國華,1,民主進步黨,37231,11.00,Y
2001,立委,區域,雲林縣,雲林縣選舉區,6,曾蔡美佐,2,中國國民黨,38012,11.23,Y
2001,立委,區域,雲林縣,雲林縣選舉區,7,蔡桓生,1,無,1232,0.36,N
2001,立委,區域,雲林縣,雲林縣選舉區,8,侯惠仙,2,中國國民黨,27353,8.08,N
2001,立委,區域,雲林縣,雲林縣選舉區,9,許舒博,1,中國國民黨,31886,9.42,Y
2001,立委,區域,雲林縣,雲林縣選舉區,10,林明義,1,中國國民黨,29530,8.73,N
2001,立委,區域,雲林縣,雲林縣選舉區,11,何振盛,1,新黨,1183,0.35,N
2001,立委,區域,雲林縣,雲林縣選舉區,12,李建昇,1,台灣團結聯盟,20851,6.16,N
2001,立委,區域,嘉義縣,嘉義縣選舉區,1,蔡政崇,1,新黨,829,0.32,N
2001,立委,區域,嘉義縣,嘉義縣選舉區,2,張淳美,2,無,23637,9.03,N
2001,立委,區域,嘉義縣,嘉義縣選舉區,3,羅哲文,1,無,1140,0.44,N
2001,立委,區域,嘉義縣,嘉義縣選舉區,4,陳適庸,1,親民黨,23201,8.87,N
2001,立委,區域,嘉義縣,嘉義縣選舉區,5,李雅景,1,中國國民黨,49710,19.00,Y
2001,立委,區域,嘉義縣,嘉義縣選舉區,6,張花冠,2,無,36101,13.79,Y
2001,立委,區域,嘉義縣,嘉義縣選舉區,7,蔡吉輝,1,中國國民黨,27829,10.63,N
2001,立委,區域,嘉義縣,嘉義縣選舉區,8,蔡啟芳,1,民主進步黨,43824,16.75,Y
2001,立委,區域,嘉義縣,嘉義縣選舉區,9,黃譯輝,1,台灣團結聯盟,22728,8.68,N
2001,立委,區域,嘉義縣,嘉義縣選舉區,10,何金松,1,民主進步黨,32701,12.50,Y
2001,立委,區域,臺南縣,臺南縣選舉區,1,曾文錡,1,無,12139,2.28,N
2001,立委,區域,臺南縣,臺南縣選舉區,2,葉宜津,2,民主進步黨,53896,10.11,Y
2001,立委,區域,臺南縣,臺南縣選舉區,3,楊順權,1,新黨,1015,0.19,N
2001,立委,區域,臺南縣,臺南縣選舉區,4,林清吉,1,台灣團結聯盟,4837,0.91,N
2001,立委,區域,臺南縣,臺南縣選舉區,5,謝鈞惠,1,親民黨,37645,7.06,Y
2001,立委,區域,臺南縣,臺南縣選舉區,6,郭添財,1,中國國民黨,45035,8.45,Y
2001,立委,區域,臺南縣,臺南縣選舉區,7,周五六,1,中國國民黨,31511,5.91,N
2001,立委,區域,臺南縣,臺南縣選舉區,8,黃仙井,1,台灣團結聯盟,2740,0.51,N
2001,立委,區域,臺南縣,臺南縣選舉區,9,謝錦川,1,台灣團結聯盟,14110,2.65,N
2001,立委,區域,臺南縣,臺南縣選舉區,10,陳唐山,1,民主進步黨,60654,11.38,Y
2001,立委,區域,臺南縣,臺南縣選舉區,11,李全教,1,中國國民黨,38351,7.20,Y
2001,立委,區域,臺南縣,臺南縣選舉區,12,洪玉欽,1,中國國民黨,35818,6.72,N
2001,立委,區域,臺南縣,臺南縣選舉區,13,方醫良,1,中國國民黨,33165,6.22,N
2001,立委,區域,臺南縣,臺南縣選舉區,14,李俊毅,1,民主進步黨,52279,9.81,Y
2001,立委,區域,臺南縣,臺南縣選舉區,15,侯水盛,1,民主進步黨,35876,6.73,Y
2001,立委,區域,臺南縣,臺南縣選舉區,16,鄭國忠,1,民主進步黨,41300,7.75,Y
2001,立委,區域,臺南縣,臺南縣選舉區,17,盧憶萱,2,無,1407,0.26,N
2001,立委,區域,臺南縣,臺南縣選舉區,18,宋煦光,2,中國國民黨,27091,5.08,N
2001,立委,區域,臺南縣,臺南縣選舉區,19,陳春福,1,無,3008,0.56,N
2001,立委,區域,臺南縣,臺南縣選舉區,20,毛大福,1,無,980,0.18,N
2001,立委,區域,高雄縣,高雄縣選舉區,1,林岱樺,2,民主進步黨,72609,12.55,Y
2001,立委,區域,高雄縣,高雄縣選舉區,2,陳麗惠,2,中國國民黨,32599,5.63,Y
2001,立委,區域,高雄縣,高雄縣選舉區,3,趙良燕,2,親民黨,36449,6.30,Y
2001,立委,區域,高雄縣,高雄縣選舉區,4,黃國銘,1,無,2542,0.44,N
2001,立委,區域,高雄縣,高雄縣選舉區,5,余政道,1,民主進步黨,36812,6.36,Y
2001,立委,區域,高雄縣,高雄縣選舉區,6,林志隆,1,台灣團結聯盟,52604,9.09,Y
2001,立委,區域,高雄縣,高雄縣選舉區,7,韓黎明,2,新黨,1997,0.35,N
2001,立委,區域,高雄縣,高雄縣選舉區,8,林源山,1,中國國民黨,23868,4.12,N
2001,立委,區域,高雄縣,高雄縣選舉區,9,葉發欉,1,無,23587,4.08,N
2001,立委,區域,高雄縣,高雄縣選舉區,10,尤宏,1,民主進步黨,31441,5.43,N
2001,立委,區域,高雄縣,高雄縣選舉區,11,蔡明欽,1,無,921,0.16,N
2001,立委,區域,高雄縣,高雄縣選舉區,12,王金雄,1,民主進步黨,26043,4.50,N
2001,立委,區域,高雄縣,高雄縣選舉區,13,林益世,1,中國國民黨,33583,5.80,Y
2001,立委,區域,高雄縣,高雄縣選舉區,14,簡富松,1,無,1916,0.33,N
2001,立委,區域,高雄縣,高雄縣選舉區,15,徐志明,1,民主進步黨,37260,6.44,Y
2001,立委,區域,高雄縣,高雄縣選舉區,16,蕭金蘭,2,中國國民黨,30220,5.22,N
2001,立委,區域,高雄縣,高雄縣選舉區,17,王金平,1,中國國民黨,59100,10.21,Y
2001,立委,區域,高雄縣,高雄縣選舉區,18,鍾紹和,1,親民黨,47252,8.16,Y
2001,立委,區域,高雄縣,高雄縣選舉區,19,黃萬全,1,台灣團結聯盟,27927,4.83,N
2001,立委,區域,屏東縣,屏東縣選舉區,1,曾永權,1,中國國民黨,41037,10.01,Y
2001,立委,區域,屏東縣,屏東縣選舉區,2,藍群傑,1,台灣團結聯盟,30457,7.43,N
2001,立委,區域,屏東縣,屏東縣選舉區,3,林國龍,1,無,14922,3.64,N
2001,立委,區域,屏東縣,屏東縣選舉區,4,劉義鈞,1,親民黨,29849,7.28,N
2001,立委,區域,屏東縣,屏東縣選舉區,5,林育生,1,民主進步黨,44698,10.91,Y
2001,立委,區域,屏東縣,屏東縣選舉區,6,伍澤元,1,無,26025,6.35,N
2001,立委,區域,屏東縣,屏東縣選舉區,7,廖婉汝,2,中國國民黨,35742,8.72,Y
2001,立委,區域,屏東縣,屏東縣選舉區,8,郭廷才,1,無,15712,3.83,N
2001,立委,區域,屏東縣,屏東縣選舉區,9,曹啟鴻,1,民主進步黨,43228,10.55,Y
2001,立委,區域,屏東縣,屏東縣選舉區,10,劉儒霖,1,無,1917,0.47,N
2001,立委,區域,屏東縣,屏東縣選舉區,11,蔡豪,1,無,40929,9.99,Y
2001,立委,區域,屏東縣,屏東縣選舉區,12,洪秋雲,1,無,344,0.08,N
2001,立委,區域,屏東縣,屏東縣選舉區,13,鄭朝明,1,民主進步黨,34669,8.46,Y
2001,立委,區域,屏東縣,屏東縣選舉區,14,劉國珍,2,新黨,493,0.12,N
2001,立委,區域,屏東縣,屏東縣選舉區,15,邱議瑩,2,民主進步黨,49752,12.14,Y
2001,立委,區域,臺東縣,臺東縣選舉區,1,黃健庭,1,中國國民黨,30255,42.52,Y
2001,立委,區域,臺東縣,臺東縣選舉區,2,田永彥,1,民主進步黨,21866,30.73,N
2001,立委,區域,臺東縣,臺東縣選舉區,3,許瑞貴,1,親民黨,16660,23.41,N
2001,立委,區域,臺東縣,臺東縣選舉區,4,詹幸雄,1,台灣團結聯盟,1945,2.73,N
2001,立委,區域,臺東縣,臺東縣選舉區,5,晉志宏,1,新黨,430,0.60,N
2001,立委,區域,花蓮縣,花蓮縣選舉區,1,傅崐萁,1,親民黨,31779,26.94,Y
2001,立委,區域,花蓮縣,花蓮縣選舉區,2,林仁德,1,台灣團結聯盟,3900,3.31,N
2001,立委,區域,花蓮縣,花蓮縣選舉區,3,葉耀輝,1,中國國民黨,19780,16.77,N
2001,立委,區域,花蓮縣,花蓮縣選舉區,4,鍾利德,1,中國國民黨,24842,21.06,N
2001,立委,區域,花蓮縣,花蓮縣選舉區,5,徐正邦,1,新黨,1851,1.57,N
2001,立委,區域,花蓮縣,花蓮縣選舉區,6,盧博基,1,民主進步黨,35795,30.35,Y
2001,立委,區域,澎湖縣,澎湖縣選舉區,1,呂文義,1,親民黨,5519,13.79,N
2001,立委,區域,澎湖縣,澎湖縣選舉區,2,林素妹,2,無,1022,2.55,N
2001,立委,區域,澎湖縣,澎湖縣選舉區,3,林炳坤,1,無,21534,53.81,Y
2001,立委,區域,澎湖縣,澎湖縣選舉區,4,張應中,1,新黨,330,0.82,N
2001,立委,區域,澎湖縣,澎湖縣選舉區,5,楊曜,1,民主進步黨,11617,29.03,N
2001,立委,區域,基隆市,基隆市選舉區,1,鄭龍水,1,新黨,10743,6.24,N
2001,立委,區域,基隆市,基隆市選舉區,2,楊思勤,1,台灣團結聯盟,15535,9.03,N
2001,立委,區域,基隆市,基隆市選舉區,3,何聖隆,1,無,9818,5.71,N
2001,立委,區域,基隆市,基隆市選舉區,4,王拓,1,民主進步黨,40783,23.70,Y
2001,立委,區域,基隆市,基隆市選舉區,5,林振國,1,無,13366,7.77,N
2001,立委,區域,基隆市,基隆市選舉區,6,劉文雄,1,親民黨,52778,30.67,Y
2001,立委,區域,基隆市,基隆市選舉區,7,徐少萍,2,中國國民黨,29051,16.88,Y
2001,立委,區域,新竹市,新竹市選舉區,1,蕭志潔,2,中國國民黨,10478,6.48,N
2001,立委,區域,新竹市,新竹市選舉區,2,朱惠良,2,新黨,10139,6.27,N
2001,立委,區域,新竹市,新竹市選舉區,3,鄭勵堅,1,親民黨,10113,6.25,N
2001,立委,區域,新竹市,新竹市選舉區,4,施乃元,1,無,2074,1.28,N
2001,立委,區域,新竹市,新竹市選舉區,5,王榮德,1,無,319,0.20,N
2001,立委,區域,新竹市,新竹市選舉區,6,張蔡美,2,中國國民黨,24145,14.93,Y
2001,立委,區域,新竹市,新竹市選舉區,7,曾如美,2,台灣團結聯盟,21531,13.31,N
2001,立委,區域,新竹市,新竹市選舉區,8,呂學樟,1,親民黨,36075,22.30,Y
2001,立委,區域,新竹市,新竹市選舉區,9,彭燦德,1,無,428,0.26,N
2001,立委,區域,新竹市,新竹市選舉區,10,陳憲聰,1,中國國民黨,6592,4.07,N
2001,立委,區域,新竹市,新竹市選舉區,11,柯建銘,1,民主進步黨,39874,24.65,Y
2001,立委,區域,臺中市,臺中市選舉區,1,黃坤錫,1,無,1818,0.42,N
2001,立委,區域,臺中市,臺中市選舉區,2,何敏豪,1,台灣團結聯盟,42114,9.74,Y
2001,立委,區域,臺中市,臺中市選舉區,3,李明憲,1,民主進步黨,61067,14.12,Y
2001,立委,區域,臺中市,臺中市選舉區,4,沈懷一,1,無,1097,0.25,N
2001,立委,區域,臺中市,臺中市選舉區,5,張志銘,1,無,2547,0.59,N
2001,立委,區域,臺中市,臺中市選舉區,6,曾穩達,1,無,1020,0.24,N
2001,立委,區域,臺中市,臺中市選舉區,7,謝明源,1,民主進步黨,48148,11.13,Y
2001,立委,區域,臺中市,臺中市選舉區,8,沈智慧,2,親民黨,52698,12.18,Y
2001,立委,區域,臺中市,臺中市選舉區,9,林國瑩,1,無,281,0.06,N
2001,立委,區域,臺中市,臺中市選舉區,10,璩美鳳,2,新黨,12792,2.96,N
2001,立委,區域,臺中市,臺中市選舉區,11,賴注醒,1,無,571,0.13,N
2001,立委,區域,臺中市,臺中市選舉區,12,陳貴安,1,無,182,0.04,N
2001,立委,區域,臺中市,臺中市選舉區,13,魏吉助,1,台灣吾黨,1804,0.42,N
2001,立委,區域,臺中市,臺中市選舉區,14,林厚寰,1,無,124,0.03,N
2001,立委,區域,臺中市,臺中市選舉區,15,廖啟陽,1,無,376,0.09,N
2001,立委,區域,臺中市,臺中市選舉區,16,黃顯洲,1,中國國民黨,34164,7.90,N
2001,立委,區域,臺中市,臺中市選舉區,17,盧秀燕,2,中國國民黨,42463,9.82,Y
2001,立委,區域,臺中市,臺中市選舉區,18,陳大鈞,1,民主進步黨,32038,7.41,N
2001,立委,區域,臺中市,臺中市選舉區,19,洪昭男,1,中國國民黨,35320,8.17,Y
2001,立委,區域,臺中市,臺中市選舉區,20,黃義交,1,親民黨,61948,14.32,Y
2001,立委,區域,嘉義市,嘉義市選舉區,1,蔡同榮,1,民主進步黨,38043,31.71,Y
2001,立委,區域,嘉義市,嘉義市選舉區,2,陳秀麗,2,台灣團結聯盟,16822,14.02,N
2001,立委,區域,嘉義市,嘉義市選舉區,3,趙少平,1,新黨,576,0.48,N
2001,立委,區域,嘉義市,嘉義市選舉區,4,廖文章,1,親民黨,14097,11.75,N
2001,立委,區域,嘉義市,嘉義市選舉區,5,黃敏惠,2,中國國民黨,36730,30.62,Y
2001,立委,區域,嘉義市,嘉義市選舉區,6,蕭登獅,1,無,13702,11.42,N
2001,立委,區域,臺南市,臺南市選舉區,1,錢林慧君,2,台灣團結聯盟,37141,11.31,Y
2001,立委,區域,臺南市,臺南市選舉區,2,唐碧娥,2,民主進步黨,36877,11.23,Y
2001,立委,區域,臺南市,臺南市選舉區,3,洪中,1,台灣吾黨,1919,0.58,N
2001,立委,區域,臺南市,臺南市選舉區,4,林南生,1,中國國民黨,40858,12.45,Y
2001,立委,區域,臺南市,臺南市選舉區,5,王昱婷,2,中國國民黨,38056,11.59,Y
2001,立委,區域,臺南市,臺南市選舉區,6,周乃昉,1,新黨,1540,0.47,N
2001,立委,區域,臺南市,臺南市選舉區,7,查名邦,1,親民黨,23527,7.17,N
2001,立委,區域,臺南市,臺南市選舉區,8,施治明,1,無,15548,4.74,N
2001,立委,區域,臺南市,臺南市選舉區,9,林正國,1,親民黨,25842,7.87,N
2001,立委,區域,臺南市,臺南市選舉區,10,楊澤泉,1,無,1666,0.51,N
2001,立委,區域,臺南市,臺南市選舉區,11,賴清德,1,民主進步黨,45899,13.98,Y
2001,立委,區域,臺南市,臺南市選舉區,12,張財旺,1,無,9964,3.04,N
2001,立委,區域,臺南市,臺南市選舉區,13,王幸男,1,民主進步黨,49466,15.07,Y
2001,立委,區域,金門縣,金門縣選舉區,1,陳滄江,1,民主進步黨,1413,5.65,N
2001,立委,區域,金門縣,金門縣選舉區,2,陳清寶,1,中國國民黨,3923,15.68,N
2001,立委,區域,金門縣,金門縣選舉區,3,楊肅元,1,親民黨,5874,23.47,N
2001,立委,區域,金門縣,金門縣選舉區,4,吳成典,1,新黨,10292,41.13,Y
2001,立委,區域,金門縣,金門縣選舉區,5,陳水在,1,無,3523,14.08,N
2001,立委,區域,連江縣,連江縣選舉區,1,曹原彰,1,親民黨,2566,56.37,Y
2001,立委,區域,連江縣,連江縣選舉區,2,曹爾忠,1,中國國民黨,1986,43.63,N
2001,立委,山地原住民,全國,01,1,高金素梅,2,無,8909,10.42,Y
2001,立委,山地原住民,全國,01,2,李文來,1,親民黨,8259,9.66,N
2001,立委,山地原住民,全國,01,3,何信軍,1,中國國民黨,8530,9.97,N
2001,立委,山地原住民,全國,01,4,余夢蝶,1,親民黨,5132,6,N
2001,立委,山地原住民,全國,01,5,伊掃魯刀,1,中國台灣原住民黨,790,0.92,N
2001,立委,山地原住民,全國,01,6,全文盛,1,中國國民黨,6318,7.39,N
2001,立委,山地原住民,全國,01,7,瓦歷斯‧貝林,1,台灣吾黨,9194,10.75,Y
2001,立委,山地原住民,全國,01,8,高揚昇,1,中國國民黨,7104,8.31,N
2001,立委,山地原住民,全國,01,9,林文生,1,台灣團結聯盟,4092,4.78,N
2001,立委,山地原住民,全國,01,10,林春德,1,親民黨,8647,10.11,Y
2001,立委,山地原住民,全國,01,11,巴燕‧達魯,1,民主進步黨,4567,5.34,N
2001,立委,山地原住民,全國,01,12,曾華德,1,中國國民黨,13982,16.35,Y
2001,立委,平地原住民,全國,01,1,章仁香,2,中國國民黨,11311,16.55,Y
2001,立委,平地原住民,全國,01,2,莊金生,1,中國國民黨,7007,10.26,N
2001,立委,平地原住民,全國,01,3,李泰康,1,無,476,0.7,N
2001,立委,平地原住民,全國,01,4,楊仁福,1,中國國民黨,9501,13.91,Y
2001,立委,平地原住民,全國,01,5,林正二,1,親民黨,13385,19.59,Y
2001,立委,平地原住民,全國,01,6,楊德金,1,親民黨,7152,10.47,N
2001,立委,平地原住民,全國,01,7,楊仁煌,1,台灣團結聯盟,4368,6.39,N
2001,立委,平地原住民,全國,01,8,廖國棟,1,中國國民黨,9645,14.12,Y
2001,立委,平地原住民,全國,01,9,陳義信,1,民主進步黨,5481,8.02,N
2009,立委,區域,苗栗縣,第1選舉區,1,康世儒,1,無,41696,50.98,N
2009,立委,區域,苗栗縣,第1選舉區,2,陳鑾英,2,中國國民黨,40096,49.02,N
2010,立委,區域,臺中縣,第3選舉區,1,余文欽,1,中國國民黨,51776,44.98,N
2010,立委,區域,臺中縣,第3選舉區,2,簡肇棟,1,民主進步黨,63335,55.02,Y
2010,立委,區域,新竹縣,新竹縣,1,彭紹瑾,1,民主進步黨,71625,55.97,Y
2010,立委,區域,新竹縣,新竹縣,2,鄭永堂,1,中國國民黨,56342,44.03,N
2010,立委,區域,桃園縣,第2選舉區,1,陳麗玲,2,中國國民黨,36989,40.04,N
2010,立委,區域,桃園縣,第2選舉區,2,彭添富,1,無,1760,1.90,N
2010,立委,區域,桃園縣,第2選舉區,3,郭榮宗,1,民主進步黨,53633,58.06,Y
2010,立委,區域,桃園縣,第3選舉區,1,陳學聖,1,中國國民黨,42600,44.37,N
2010,立委,區域,桃園縣,第3選舉區,2,吳餘東,1,無,4424,4.61,N
2010,立委,區域,桃園縣,第3選舉區,3,黃仁杼,1,民主進步黨,45363,47.25,Y
2010,立委,區域,桃園縣,第3選舉區,4,林香美,2,無,3617,3.77,N
2015,立委,區域,南投縣,第2選舉區,1,湯火聖,1,民主進步黨,34938,46.16,N
2015,立委,區域,南投縣,第2選舉區,2,石晉方,1,無,2060,2.72,N
2015,立委,區域,南投縣,第2選舉區,3,許淑華,2,中國國民黨,38694,51.12,Y
2015,立委,區域,臺中市,第6選舉區,1,黃國書,1,民主進步黨,45143,57.83,Y
2015,立委,區域,臺中市,第6選舉區,2,蕭家淇,1,中國國民黨,32917,42.17,N
2015,立委,區域,屏東縣,第3選舉區,1,蔡宗融,1,無,1448,2.22,N
2015,立委,區域,屏東縣,第3選舉區,2,吳甲第,1,無,193,0.30,N
2015,立委,區域,屏東縣,第3選舉區,3,廖婉汝,2,中國國民黨,20627,31.61,N
2015,立委,區域,屏東縣,第3選舉區,4,莊瑞雄,1,民主進步黨,42988,65.88,Y
2015,立委,區域,彰化縣,第4選舉區,1,陳素月,2,民主進步黨,51907,53.61,Y
2015,立委,區域,彰化縣,第4選舉區,2,洪麗娜,2,無,9774,10.09,N
2015,立委,區域,彰化縣,第4選舉區,3,卓伯源,1,中國國民黨,34707,35.84,N
2015,立委,區域,彰化縣,第4選舉區,4,張春男,1,無,443,0.46,N
2015,立委,區域,苗栗縣,第2選舉區,1,吳宜臻,2,民主進步黨,32966,40.74,N
2015,立委,區域,苗栗縣,第2選舉區,2,徐志榮,1,中國國民黨,47105,58.21,Y
2015,立委,區域,苗栗縣,第2選舉區,3,陳淑芬,2,無,851,1.05,N
立委補選,立委,區域,南投縣,第1選舉區,1,馬文君,2,中國國民黨,65922,55.26,N
立委補選,立委,區域,南投縣,第1選舉區,2,林耘生,1,民主進步黨,53362,44.74,N
立委補選,立委,區域,臺中市,第2選舉區,1,顏寬恒,1,中國國民黨,66457,49.95,Y
立委補選,立委,區域,臺中市,第2選舉區,2,余思家,2,全民的黨,1283,0.96,N
立委補選,立委,區域,臺中市,第2選舉區,3,陳世凱,1,民主進步黨,65319,49.09,N
立委補選,立委,區域,臺北市,第6選舉區,1,周柏雅,1,民主進步黨,36465,38.72,N
立委補選,立委,區域,臺北市,第6選舉區,2,劉義鈞,1,無,645,0.68,N
立委補選,立委,區域,臺北市,第6選舉區,3,蔣乃辛,1,中國國民黨,46065,48.91,Y
立委補選,立委,區域,臺北市,第6選舉區,4,陳源奇,1,無,39,0.04,N
立委補選,立委,區域,臺北市,第6選舉區,5,姚立明,1,無,9868,10.48,N
立委補選,立委,區域,臺北市,第6選舉區,6,溫炳原,1,綠黨,1058,1.12,N
立委補選,立委,區域,臺北市,第6選舉區,7,趙衍慶,1,無,46,0.05,N
立委補選,立委,區域,臺南市,第4選舉區,1,陳源奇,1,無,503,0.63,N
立委補選,立委,區域,臺南市,第4選舉區,2,許添財,1,民主進步黨,49002,61.25,Y
立委補選,立委,區域,臺南市,第4選舉區,3,陳淑慧,2,中國國民黨,30504,38.13,N
立委補選,立委,區域,嘉義縣,第2選舉區,1,陳明文,1,民主進步黨,57451,67.92,Y
立委補選,立委,區域,嘉義縣,第2選舉區,2,林德瑞,1,中國國民黨,27138,32.08,N
立委補選,立委,區域,臺東縣,臺東縣,1,洪銘堅,1,無,2482,5.29,N
立委補選,立委,區域,臺東縣,臺東縣,2,賴坤成,1,民主進步黨,23190,49.46,N
立委補選,立委,區域,臺東縣,臺東縣,3,鄺麗貞,2,中國國民黨,21215,45.25,Y
立委補選,立委,區域,花蓮縣,花蓮縣,1,施勝郎,1,無,8863,10.88,N
立委補選,立委,區域,花蓮縣,花蓮縣,2,蕭美琴,2,民主進步黨,33249,40.80,N
立委補選,立委,區域,花蓮縣,花蓮縣,3,王廷升,1,中國國民黨,39379,48.32,Y
立委補選,立委,區域,雲林縣,第2選舉區,1,張輝元,1,無,22747,18.01,N
立委補選,立委,區域,雲林縣,第2選舉區,2,張艮輝,1,中國國民黨,29278,23.18,N
立委補選,立委,區域,雲林縣,第2選舉區,3,劉建國,1,民主進步黨,74272,58.81,Y
立委補選,立委,區域,高雄市,第4選舉區,1,徐慶煌,1,中國國民黨,23409,30.31,N
立委補選,立委,區域,高雄市,第4選舉區,2,林岱樺,2,民主進步黨,53833,69.69,N
